track_id,track_popularity
6f807x0ima9a1j3VPbc7VN,66
0r7CVbZTWZgbTCYdfa2P31,67
1z1Hg7Vb0AhHDiEmnDE79l,70
75FpbthrwQmzHlBJLuGdC7,60
1e8PAfcKUYoKkxPhrHqw4x,69
7fvUMiyapMsRRxr07cU8Ef,67
2OAylPUDDfwRGfe0lYqlCQ,62
6b1RNvAcJjQH73eZO4BLAB,69
7bF6tCO3gFb8INrEDcjNT5,68
1IXGILkPm0tOCNeq00kCPa,67
3eFJI470ALf1EYjywPRsJy,58
3iJeF2izF1QcpCgUc97BLl,67
6e0CvGZf7CouOpYF8toXHC,67
3eLdNmnRWr9gIyBcqTSSti,68
55nMnifaQWKe3f9cbwOXwx,63
1EJgymgJHcjSOGSHcYaxvW,66
5WaXMQMlQpq8pwIdaFP43L,60
3TjLsDgL0bTbSQIF6M5Ki8,65
0GfS3y8Jd7SHWd9R51s7Fo,69
2v3DuCVBbopteJqdM7aKQK,35
4QAUGy6k7c3IOAhgWz52r7,70
3Ciaf6WgvG95TGRGxQ1yO8,64
1mC2UjWt25Oixtqu7C6suL,62
2wenGTypSYHXl1sN1pNC7X,70
4sqABRRGU7CzcHXCyxUzFw,58
5dy3WUywjZcalTno1io8TQ,63
2M9GeaCQXrV12J0wzBxIwi,66
1zzOMDmkRZy0g9f4JTAZKn,8
4OFFY6L5ywYM1TwhXX69wQ,62
1hr5Y2i4NlE3LPvQZ9Q5Ao,30
1aT7vltGhkjyMI3F3aO3A4,56
4YaU1EjXIkdRdkOI4cCZys,56
0Fc9QSMX6fgEBgDjUax7t7,58
7AasLZ4TYgh7dbJXZxcZVE,60
7p4jpmyBnOpqQ3rSGJzZ7w,60
4sLtguRBis05qfsBgJ1IdN,55
508lUjbGcPrL0CfvHC7UvI,59
7FDaS1k08rwMoAThmzUkOZ,63
6m8SIT10j41SPpPFOknTmP,67
5Vwgf4MVO0vLv8fbxaGGiW,55
5scxjvcdozadBoRRN0UMaM,56
6oJ6le65B3SEqPwMRNXWjY,87
2tilX6FUl0IwFgiOYjuc6V,62
3yNZ5r3LKfdmjoS3gkhUCT,83
478QYNLw6dhTTx4oEkhBeq,55
3C4fzUgIP3ahkhOBdP38GM,61
2k4c9ZAlIYHyXiJ4i20FO7,56
79zGYOcAe2VmJsyQiJX31a,57
6B2NRQjtSOtqi67d72r5cx,56
08rBIlTMXlF5uEHobZglxv,53
1BmdqDrBU5eohtRwHBls6C,56
5rxKInBVj0QE87KenyDiLf,34
3kgKVcBpBGuSeaEC0AZGlb,74
5qCrT9lVmIGxqB8i6bb83P,46
3Lv3frZVXU7Q0JEFvLIzWW,63
2bZYJvVRN5EqIvAUFhUNls,55
3utdq3dPLVD4r7Vv9BnCAI,52
1ppOGANOzMT01Cxh9jx4hN,67
5Shjuje8PRcX7ueEVajrLH,63
6wKJjrWWP4qpzYbE8oQkc4,60
6EDH26ppl7R8oV4tGilCkS,45
4RaN7556EogBfF80klMEX2,58
1nwoWaqzB30bD4IPqRNuex,51
4fDBElPGDqZQ3rJorZTm2w,58
6AZ21kPj2a0INgf3uCviVu,56
3uXHSf9sSIpOJWuC1H8DiU,60
4Q9iBGT9b9CVTtDwsgQWnl,48
6LCsZ8ARrIq0n9nr6gM2ru,56
27F9FlipD657qYRQT3qxFm,56
6B9cqNooxIyPfr3P5EB8LA,65
05CwHjIk71RXVU40boRMnR,39
0qc4QlcCxVTGyShurEv1UU,83
5icOoE6VgqFKohjWWNp0Ac,83
6GIRtKNXokeu25nn7U6Hu8,71
4PkIDTPGedm0enzdvilLNd,81
5PYQUBXc7NYeI1obMKSJK0,85
4Gcv5SsxnQWpmOnUI19EJk,76
5YkmS18BehACOhIIeUqe6l,71
3vQhEd4lOg4mAV6CHCgoHW,65
6wo37KVqFJhtuxPTpLCcfe,67
3OTSBoYKO7HzGVj8Bu2OH9,74
4NSW0Km5ZG60L8FthUebPJ,81
1xK7enJZVdv37fnnxoZlPq,71
1z1XegUChLLQfcbtIK8ABn,75
6aoGtdWXBkYQ2O2wnyIz2x,73
5tAa8Uaqr4VvA3693mbIhU,79
18W92Zm1KjLCbUIszOhpkD,74
3D37T7euWvVJ45evRmriIh,63
3y3brCCecHC3Db18aIOnny,79
6XqvFyJGdUD5IWee02ARKU,16
575NJxNUVDqwJGdzBrlLbv,75
70YPzqSEwJvAIQ6nMs1cjY,75
7Ht0v0LWBCOEjmNQ0iMpNr,55
6nDKrPlXdpomGBgAlO7UdP,30
2b1BwUGGyKq0CoJd8G1B6M,62
09IStsImFySgyp0pIQdqAc,84
1lGVyEkGHUz7Pg78QGaS4a,70
6ksMjdec8b6C45TUawkAdu,37
1vsQb8n0icvMsFnL9663LM,70
6pooRNiLyYpxZeIA5kJ5EX,74
5WHTFyqSii0lmT9R21abT8,85
1pBO9JDqh1y3TbCKEO1OvG,36
1LjxmkW3xRQP2HzswhYyyc,52
7FCZhkhzEUVNUAlGauNKIe,58
2JoIjuzRplpYGvvLpSW2on,72
4PUWpNtDejQwwa80LjvxXl,64
1nufXiTCTTAeJfO9hLHvO8,63
1NDxZ7cFAo481dtYWdrUnR,77
1ahVFh0ViDZr8LvkEVlq3B,76
0Ev562zA4pmUsBqjxsxxdx,74
5l8AUgBTWuOECwVgYtaUyE,56
35MKhw2YBKApmD7fAnPERC,77
3Kuu5vASpXK8oRsxOvau6P,71
7KW3XQV5Or5CF57MYVj5h4,64
3M9Apu4OZfylLTFKvgEtKa,82
5N4erncE7kuUccm7zEmwzk,81
6QcrReLyoun4xrPVsZ5OJE,41
1kQhi22kyluRCnIPAXtxEZ,62
5cE201rNvIkryS8N1dJ5nR,5
4AkCyd9Nlbt8JprQq9V6o2,72
48GmVZwvkoVC5StfMLfNJE,24
01iyINEYgPQ7ThMZuHUsqS,58
6BwClo5W3VvTzJv8bvZXDD,65
108r6pnZHStBIktpyyps9w,64
24Hzd4FPhz0HPx9jhM9cap,53
4aTtHoSBB0CuQGA6vXBNyp,72
0gIZLyF3MWQVcspzrLWYod,39
6y1UtRcHQU07aUs3oxZ8Yn,75
54z0kLF0skj0Hdb9wCqPJt,60
6mPstbtzhyqKmwefY4eVWD,18
6uBhi9gBXWjanegOb2Phh0,79
1Pe3Tnahd3nNcKrTvNvNvW,60
4w8niZpiMy6qz1mntFA5uM,83
7BKLCZ1jbUBVqRi2FVlTVw,85
2IDHoSlbG0CKH9rhq68wTb,47
60wwxj6Dd9NJlirf84wr2c,74
6kPJZM97LwdG9QIsT7khp6,80
3ebXMykcMXOcLeJ9xZ17XH,81
7iNIg7XDEaYECfWD5dJ9Va,76
6cy3ki60hLwimwIje7tALf,96
5N5k9nd479b1xpDZ4usjrg,84
0qaWEvPkts34WF68r8Dzx9,86
6jq6rcOikCZAmjliAgAmfT,68
762UXiwEHYY97VL45sAUPR,66
6RUKPb4LETWmmr3iAEQktW,83
7ef4DlsgrMEH11cDZd32M6,85
3zU9rdflI65tK4dkkNSp77,73
12GEpg2XOPyqk03JZEZnJs,69
4kte3OcW800TPvOVgrLLj8,69
0lYBSQXN6rCTvUZvg9S0lU,81
3vv9phIu6Y1vX3jcqaGz5Z,73
2QtJA4gbwe1AcanB2p21aP,61
1BltsyC5W3SAABdxyrDXwi,19
3tTYxjYYcXFqFXA0AZ1Fav,57
09CtPGIpYB4BrO8qb1RGsF,81
0azC730Exh71aQlOt9Zj3y,79
4h8VwCb1MTGoLKueQ1WgbD,84
0E9ZjEAyAwOXZ7wJC0PD33,84
0lHAMNU8RGiIObScrsRgmP,66
0n8ob8S72lvznoVfiwz4qL,8
4r6eNCsrZnQWJzzvFh4nlg,64
0GzmMQizDeA2NVMUaZksv0,61
1MlAkYV0nbRKWhhfvTt3zc,27
1WkMMavIMc4JZ8cfMmxHkI,74
7C7yqFTM0ncyJ04GIKrxdV,57
0WfKDYeUAoLA3vdvLKKWMW,69
22mek4IiqubGD9ctzxc69s,77
61ZM92T2zaXIVsqncThQzC,74
6TnxdnJcZIwCWiCHq5Qds0,5
2aFAmDBycyEnj3lcS95JMe,57
0Npijoc6ZcUe1devUugKvI,68
5gwLIRjGFf3hXuHoKEsWLg,65
3d4lc8esnUl7Bx9J9d9oty,58
0U6bQIAh6MCGo1xjbIIx2S,81
3oIVK7arAFuUOCGafPLxSC,68
2I4jAMEOEUQD5V1byYCqNS,43
59QmL8ygKtVfMHmPx3GaBX,57
5EdYlCWou17k0N1PADLKfO,58
5MvsfUN0H79C24t3fPepeL,58
7CHi4DtfK4heMlQaudCuHK,91
1CW7tYkpJ95c7bQkRf6CcK,67
4bSFPMXKYaCoBhzJv276zl,42
5AFrctm65wWIqJsjHPPx85,70
3DsjHcLYMExprXJECT4QQP,64
7FjZU7XFs7P9jHI9Z0yRhK,79
5ijpy4l0nKZPIKHui6SQfE,48
6j8eH9frh703HaGBaSRS6u,53
79Vz5MNH7Qe4F7hPKT8tPz,75
65mOk4n0tfrMysFXu12ufx,46
4w5Grfxx5Rpup6mo5v6bW0,67
3uiQZlSlSDRduWLFBTSEot,65
29ikXeGM6kScvhvqfvgiwO,56
2Eld7kejX6FH9OptVyKQak,42
3BOcWxFUURAomDXRSDFve4,58
4YhN72dRYL2Z3MsaKyT7rS,74
7DQ5CZjAQdhgDgdnSXxJ7Z,65
2aXA9aQfrqaOi1Wy3NfSZI,64
62XCV3AmCMkPa9X5mCim8O,51
5llPdGZJjJFJv9aL6ZaiLY,63
7pWK1kMgHy5lNNiIfuRbkP,83
2W9pBY75aWOV39S73mqqbn,55
1JxQmgCEipmHCUiJS568pE,39
6pu5jQqenr37n0z6eBKOh0,48
3RBk0P36O7wCMxF263jRJL,59
4uRx3SdWG2cNVfRNVPwHDS,64
3ZRgqoTb7pVO11IxcKGtMo,42
0DhkTGjEaIHaSxTfC14BFm,70
4nx4h17pRj1ikT0hZecR8z,57
1tq4UL9BB7BHuT6eorlX3X,21
4TIkSdsNSfqpuq6ZYvCjAz,68
4P7F3kb2Ze1YleD6lUYwJo,63
3qeJ84Y6PRS9LtliOuT94Z,54
7sYAS4CpbV90oSemgaEQat,79
1CRy08G60mS5jvhB27xMpS,72
02itaCXOdC54J0ISjqqFAp,80
52EB2Gk1nkxZmbomJOXUde,47
4Jwp3yjIQfudmjuctLQlfJ,19
7N06jo3EnV792VFaG8vuW6,79
517cAnPxsaxfrkKHHY41wB,59
3GT2CBmJWIEdCpHiB31WYK,68
7fPuWrlpwDcHm5aHCH5D9t,72
1rRWFc2p77FYyb67m5YeVO,66
1LDDUVvutZ3qxvnOrulCBM,59
2wOVXsIRIoniqipE9I5ZVx,64
0byab45cmZntz74RxcASrf,9
4ciBIS83LHQpKf4noVKP51,41
19TOAlTFq0NDHvUPQR0tkr,69
6VP3410weACXiPCVLKSkOb,66
5ql2mP9FUhB3SgMzv2akuO,68
3jwQwGVERUXo7eaAgL1xAo,66
46W9iEjOg5nkMvb6lo4Jwz,63
0GRoERSBBky3YgdKW2w2Vc,68
3sHuIjfAzluc6S9cXoqfqC,23
4fK2NU9UyQJV74ZGiSVYsr,67
0jlpHhGUFn4aAWLsRRnwep,62
2pMntGuRgHAHVtrpC6kgGy,9
7EHCt2jdVwHp557sfMPosf,59
5YN0zHycJ0Yxz31A5QsVov,71
14nIFzHQf1OBWf6VHVR8DF,21
14sOS5L36385FJ3OL8hew4,81
23FHa9lYnG6Dr8OzombPkS,69
06BrHnTVDOydsfg0LZ6mQb,56
1YSwQvw1NrEPfA0j1iY8eV,56
1FlIzyCvRFQUE4pc7PiaIo,60
3eW2EDwNRAiQKkgom96dUa,40
1k08GK7ox8SDmEMvn81TwU,57
4raMIjIjMc8JohHth7l9lG,70
52Y5nYBQgqawttJxxtUv1e,63
4R7ZSlYoJOIaxHJFHszQCR,65
3N9YuL395rE4qNyHMsvOWC,56
6dX62wjTHi9F1srVTjV89X,2
0JumfyG7GUshFjxouEXwhw,53
3Iee2uf8UXOrOupQzfs1z5,11
6jreFSOTUAViWjKyzOC4Kg,77
5Qnk8vP5g9l5SDQKU3qyYQ,56
3Mong1BzxMKwTZ0SbfLdcQ,65
4huh5oqBz9RkgpzAkyuEAs,34
4Nu8sEejt46770gDUvFcrF,54
1IjuevPDJ8Sa97wFwQ5j4V,51
4d3cCNTG3PUgWhPButc4N7,50
7r4nPsLToVIPdsiEeZKF6Y,52
4Tvw0lweq9l2JPQKFbpbBQ,76
1yAPglN5AGf7UoLK062ZYq,75
4IAd7Vdwcc1E86P15tXjca,52
5qiQbOa6AFEO3P111y9Jry,62
7nbVbGjifh0m2fhPYqcI1R,65
5NeFmsnXBy6xVbz8pesM5l,62
6fvbl9D9VjMtLRQsuWPyYt,10
1MgpEKnO6sgMTb5zumAsgn,55
06Z7Hy2LUzbcSFmWzwkun1,49
0EdgK7ASb4kfRkW8pVMN02,70
2gqzTQEn4g5ly0n5ScdMx0,61
36orMWv2PgvnzXsd5CJ0yL,75
6DuE8kXIDJ3oiCibWXmgeN,60
5up5uXChMJLKyuop9HwtCb,63
4AMY0oGSt7vZwgxDnHCJBr,73
0VQUyufAldw4Eitv71TPmg,60
0EQeui6OBMzqJ3Z3wCOzZh,62
1o9D0rUusi2V5idyOEOPII,67
2neq77lIMkitQwBwy1EDng,61
5ow0sNF1zSqp71Ix5jEXWU,71
0vrmHPfoBadXVr2n0m1aqZ,80
0o9bHFc8Lt5tZFvTjNZTNf,68
3oN9prOZJ8jR6rFP4YMJF9,60
0Qew3aYvQPGPjfL7gbe6x1,66
5naYe7rLMZcLfO1DKg48MK,75
3LaQ1GajOXoUeiTA9UAcCK,58
3DGar7krWlmrXRFHBcQF6z,74
5VGBgPVFO3e0lWz4WHYntQ,68
6sYJuVcEu4gFHmeTLdHzRz,72
3eS1VMcEmq2IUgpaeDysCb,70
4fCAOaMs0PYL58OijKp2IS,58
2mSIu1ZPo22Ihx3EwS4E6h,67
31OqWK8Lc6GnUbnLG3GqPX,62
7rpyHKSH3dkrsKEgv1eNgv,56
5CpkVOosLFc83LbwqO6hnI,65
3cJEgWbsBmGkvXz906tgut,51
3ZqKbMO9UasuKgQeGT7QZS,54
5mYNWSc1AE7pWS3Ax4e8Dl,61
6SRWhUJcD2YKahCwHavz3X,76
7Feaw9WAEREY0DUOSXJLOM,83
7K7MUBCnzgBAvMVW2RTWNs,63
47dABAPyBgKB3iQCrC4Vrv,70
6vRCKJDtnrJEcyyzIMa0w0,70
4BM4ml3TgBFALLaCaJtVhi,56
4D3o6Hh3GydRpTTlyLP3D9,65
3R6dPfF2yBO8mHySW1XDAa,61
164C9bSF4ryqWXI4XgxTE0,60
4fC6tDEFmSBBCRBUOPeQ8b,63
7lPo7aUbqNz5qmcan9Oj3F,54
1HvCFAUIWQsWV9zud3UhDl,70
76WNl0hDHHxTUhfLrEIBSm,6
6xTU6B6nFwKKTSZ9ySXS80,70
0jvqmWRCyv7xnxqrtinbHJ,54
5itOtNx0WxtJmi1TQ3RuRd,83
1uuUnsWpJwqBh5GRQ8uxla,53
4DfxFGwreu9BquiLRClwh8,55
6Pgkp4qUoTmJIPn7ReaGxL,81
3R8lr1Y1kPgXEbnXkcMMlT,58
4ESPuOrSsRcBISzcMlzmY5,75
0Zbbxnx4SGGHoIow4PpISP,73
72gv4zhNvRVdQA0eOenCal,73
2kLf4myxQME1Nd0voeKZri,57
4q8PHoRsPUB52LFylX8Ulz,25
2devxXJUTEIFmgt8cXaqmO,55
0ct6r3EGTcMLPtrXHDvVjc,80
7dOeiXeTSfA1ixaYmQcWu7,69
7jEyX4bqaCSdMN4D4JNnVj,74
6ULQ6ZRc7JuVutRMy6gfgc,65
0FlnsBDwPglenLJoQjPd4K,50
4Vbz3osCh6DwHYv5gVv5H2,66
4OgwXdylh75fHfwUzJTUqg,71
4kWO6O1BUXcZmaxitpVUwp,79
0A5gdlrpAuQqZ2iFgnqBFW,76
0BiGd2FNDQ0eh79ZHfp6tS,55
25sgk305KZfyuqVBQIahim,87
3xE7LrW7P54CYNQYqLhl6J,35
4ut5G4rgB1ClpMTMfjoIuy,77
0uUNN1nSoUx1A4fkDCWDQ7,83
1byydVLDAt7An5Pk3SuL5j,51
1RxlBxlaJpSEVnLk4Gtvym,2
7IWTIkiWGWNQyYfOLdMrGD,68
67FPUOM5Q2sSvS3iqLxSFs,50
0Qmqhtqco9ifi7ScZh1095,42
2Fxmhks0bxGSBdJ92vM42m,95
0FC7eAz8CW9HAWnBr8Yo42,50
7LYMT7ZaJC6KaKaXod9qNq,21
6fIgsZFtGXiIvxb2Y6oCc7,63
47knrBbYhqtrggWYSkU6h1,56
46x4SztssOJ1KzRjPqVUPk,2
0AKxkfd5NLlWMXCVgH6a6X,2
43ZeyBuql1TboyWE3ElHXj,49
3EKKIR8be1kfAAwaz1fzyS,60
4u6chQOq3h6g03cnPzAxcz,45
5UaEBgRvUPFf5CEDhaTdp7,56
6wigvUlHft5QfkbxmAG5uC,41
3b0cJPguhWOh2hjY6Lu192,70
3QC33AxvY2sdxq22ym3aSL,57
6nsLzJfvp5OLd4mgqUJkpq,16
1fN2cemf6ByT2WKqtumwR5,48
6RnkFd8Fqqgk1Uni8RgqCQ,72
5fEpuvcNvERP7EHtLe28Zy,2
45NYp6HaMbhHNtn8sTnztn,2
7HdHOGbA7uyepn1jbPKqOx,66
49ziHtycEUnbFQtE8e8slt,60
3kGfazcbVvVkuZunzlLgTD,68
2ZEqEHPOhJdkI9pCCW9pBD,50
35ARq65zezGBwA7EHBXm2w,39
1N4n7soiQQ8TRsntrkItyA,1
0XOFJ634crTl8z9N5Gxh2S,4
2OlWBmSjf1aUPGLNf0UI5A,16
6UiDiFJUGEDzkGpZBL8IYq,58
5WvAo7DNuPRmk4APhdPzi8,77
4b2tcjrG1qUkSdsqEFP2dB,71
0KsB4TwgATg88aXCMBoO3Y,65
23L5CiUhw2jV1OIMwthR3S,80
3OEF72iu0qSN75kiw0qP1o,1
4zdQmfTLWgGd5mAX4MUIaX,67
5KVxCdOVauTncDKgK426XN,28
4suDPyEfKYtqDR2OGblbTi,48
7tegFBOVAZADytMG3YIR9o,39
1eIl9qFUGihchPAfSF258T,60
71jxHnEfeDyolLb6Kr2DdS,29
4eycOo0qKubeGx3g29dcHZ,21
0xTWI6HrzKHJ6LK11f8jGO,40
07uivRw9i8NFjQbxZQu6g7,37
1QNoGbedAra3cbGcQAwBRQ,38
3gMJMSrU2QETbsILNuybIh,17
6EfsZW2pPBBDkiBMTGglEi,30
1gdrNesoUadTXNdVaKS2t3,31
0j6HZwmFLvxSoYUrg29IgP,37
2MbrVxNKpsg0bu9LMlPiri,35
2gApWgkuisXedOcS9Tligs,49
5Zjge6yCThuBMdnJdOBp9A,42
34S5Vg3Jxqtjb3dosDWHpH,23
2qpuYv59RVgLKcA0DPl9Tt,34
1SV5ys0BGnN6aEsbS7prwt,27
3t5I7uoAOyRtzkAVaHgmfL,60
1g89JASxN75856KEYGmZTt,53
56FtGMGdOoONvc0XpP4Bm6,30
0HGSn0eFH5LF1MWdE9FOUC,41
2WSYYbEdxtGGo0VVP4jNjb,29
3fzCO5mdnxKvxOT03Ao0RI,54
7Bh4dzYrbYtXbbuvK8M8yE,21
6nfiboYmeoHMxPU05yEQvg,21
4ccp9ytoMerEU0967Okhu6,40
6cAaLUV2fc1b3Qpgc0z3k2,26
6dKOpmTOzAVnaHqq7hqkJa,26
1HDrG1CAVROV1BclXs400N,36
74P2i9IIx0nkki1GVQqx3R,32
3CLKvDKiVgbgfWj3fyyibl,34
00bc7A2CLjp40XNd6ZPZNa,21
7Gb3OZFw2IiNk08fSN7MrR,36
5SubtShpNoLYiVG4oLSpOG,36
5VBMFkU9emR1HDLPoXuOUQ,42
0S1lconF5qUvqUrovZDmSA,49
5QOg6uut1ybakHajEfBL8K,12
7auKfEOsSVCeYHn2pOu6uY,16
64XUlDULbJtK6xDL4mEB0Q,27
0FVUs7Kb4KKl3vsssgZCud,44
0lHYQoSwhIKqUjUsbQygyl,21
0azhsizFhBepOGgcQ3EKaL,41
3b1TJu58AWEiGvnUwDdhag,44
2TFJVb9LL54V5W53qGWDSv,39
7EdnZLYzleCTG6eVJnZbR8,21
1JSkwWA4e3OXlnOEcn0MXf,35
1RJPz4eFFP7N6VVKMYUS7O,16
6GvK5IObiZJs4PyTFJTELk,27
0qnp1W6FnL9qoadgaQdsT8,37
3pzrOuq7Zn1WlL1qes8I57,30
4vid1h1wAzoZoEKJVXoUgB,35
34Yb5ldkgXMieDcFIRQPdh,26
7MsgiyWoerebFF0zaahmCr,30
4EyjvMJ6llJ5stWDlwo8v6,40
5L3FE4WEDdQ0xZYVdN7uvE,31
63f9E8ZTvtcEdqZKHj5Vzv,27
2KJPYFHskvDeuAZ1sbbBys,31
5uHl2eYaITSX6xEX8bmaXy,74
1PNb8pRsZGa8XN1m5nJe70,59
3v5BOhyPrVQN7PYE6JnY7j,63
7JCi89HGiURxFpr6NITY7q,73
6k67RdkVjTZj79c1cRz7IQ,72
7b8YOVV5quZcSKEijDgyWB,68
1Jr8RbuOnvMHsMHcWgZ9Do,58
3IdPtyJHB1WVPM4eCiCAKM,72
42tFTth2jcF7iSo0RBjfJF,70
1UThkKR8w3WnA6lWCRhOJn,59
5WrEilrRI5cIW0DxMvQYPZ,75
24nK8tW7Pt3Inh2utttuoG,81
3BPoSr2pO34Aan6alFfVto,70
00emjlCv9azBN0fzuuyLqy,65
5sbooPcNgIE22DwO0VNGUJ,75
06mzeP9GQNSHWd1Nh2C5FM,69
5KawlOMHjWeUjQtnuRs22c,85
06Pvy98db25O7wlfFFFIRM,72
6E7jAJN2e3znSHyPCdQqx8,72
2AIWoHr9DF6y4KALCBKWQS,75
7Ed6BkggCS2KaKY5YlINaF,65
27kB4qLUCV8nZd2eOgj1Tk,63
7LJjWqhqK594nN7qJzLVXE,2
4WuKHgxdCJsaOBIh7yndty,71
3rOEipqoZpjyn8PtOMeV8k,48
0ErzcmZ2gIwX7X0xSMQPix,68
2naEVOadudtXHwtZNfjMDM,65
5Z4aqpT39KpY8gbHoJWdou,70
2U6RSyXFnDVNYoD9iUgi09,66
5SE57ljOIUJ1ybL9U6CuBH,71
6DIW7GJbuGZdHolRcPWprP,2
1S6zXoXhfalX2ETKo337Md,7
1q3C6brbmRrULTyo2mseKF,69
7gr57cYekMWriyJYbT7oZ4,66
7Cd4glTUgV0vr0DBncEg8S,1
7w3mCZJZbfXzNebD5vktMI,64
4Is1b37KJY9XVCgzp81FBW,66
3nXUfNbkv8ikaSdHwEp0oY,60
5MaDeMdqsPsZTxNWdEZPVH,67
1gsb4CFzUMERAkfzAKwrZu,0
0xHgclG2TeqIzB8N3Wb5rP,66
5gA9Xn8oPts2aewPgxVkPD,62
3NxuezMdSLgt4OwHzBoUhL,66
5unCIQfJLMtcsiU6MP5zmB,61
0dSE54vYYvRNWzVTxE2xTL,61
3sygLAUhHsJsQ0cBk6fxRd,61
1LShDXXs40R8bQFNBBupI3,58
0aLG42zaidNkblhiQgJknP,63
7qDbAc6xMW07T7yyMnQqS8,67
4lt4QTuoYOEEOhrNDZJ1o8,57
381g0b6QZxC13SzA2HRMIc,65
6sWd8ZAH5bWWyjwb7ZV2Zb,70
1IzuuPDzqh3dfKxilHbGYU,40
4knqZHNHlEBBEmfETcpTyr,55
0dHWWPN5XGWotUnM57QQZK,54
0m3W71Oliiv3gQWXi2YAmJ,63
0gxkqxGiLg1ylKzgToCcHY,56
2WDhYlm5gBepkMZHBk0LN7,60
3eOrrreH5zbp4xpfiFqy2D,56
4tYLk5axtAxynbehhU4uJn,42
7yT71nE6bb9vzdYz78iITu,45
63BGyvr6NuhA0q5NimghaG,54
1ZtG48NtqQdyN1AnXiiYL0,30
6u8epWzzk3CsJ05sqExF6T,64
7K0trO4bMEWjSiFGPG5LTQ,52
0PCRR19Pf4iiuvSrPxtQ0x,54
6TgLQJ87xq6adrAU6HzaTW,16
3pWcj8hxj3fsb9TDAcMpEl,13
4sh506lJZac1T4o4NqtIuS,58
7a4aFs6bW7TUySQviVERSI,61
4aJdmCHGL6KrrvuSXgr8Jp,24
6WbADFqMvR8N5u0BvtsWQE,27
50RJdoxw8iajGNtHQe6QeS,56
2V65y3PX4DkRhy1djlxd9p,77
5gjhnWVBIBgoWzv3SIQdwW,2
6iC7vapdKp0XlKhxOkp8QJ,70
5kOWncnXJOC1LRH0rk8SGy,9
69zxj1EFDfAouZu9JDmQld,65
5EwwwdsQfKI8ZnFG93j5Zu,62
2M1mqcNUBIAfRoD2Puhejf,64
0FDzzruyVECATHXKHFs9eJ,78
15BlympuVSfZFROojEMY2M,64
6xUy203RnyyOfbqf96Nven,69
5Iy2Jj87Ha0C0IBlNE1I4y,67
1vvNmPOiUuyCbgWmtc6yfm,77
11Fo4dAH31K7UZHGqCkCmE,7
4keoy2fqgwGnbWlm3ZVZFa,80
0kHyKhJMukHEPfeh8s7rdM,75
2tpWsVSb9UEmDRxAl1zhX1,80
36Z5wae28KlrJ4wL3KuGOe,36
2AVredtzre1KADDXWoGd4I,48
5hw9RzFpyZqkW7ADN2NKeO,49
5ypiGNhYY1GUoVB1kVZmc8,7
5GjnIpUlLGEIYk052ISOw9,65
1YDJ2f1JuKzYWZpRYiBYHu,44
6F1kPSgdnlSzZRfskE9vaV,2
07nH4ifBxUB4lZcsf44Brn,75
2i2zYdN4KCkTCDscdMYr87,47
2BVVmJQZv4fOPWavI9mkIj,10
5L2l7mI8J1USMzhsmdjat9,69
24tVqMiAtv8jmpNPhBEsDY,57
1sh6lL6cmlcwhqZKGiKBua,66
3P7qStX3ECFOLfjrXuLzbc,4
0bMbDctzMmTyK2j74j3nF3,85
3TKpJrY9q49Mj1JOsM9zGL,85
6Fvhy9aaBvsLBzC7vDEhIr,50
2a3dopgTF1q4rMVDJ1rwBU,66
7C1trmcQQ5n5RNy4l6ziCv,63
2sxjVSDvymkn264oDZCrl2,43
24Yi9hE78yPEbZ4kxyoXAI,88
6j3MJ0jtsReAgwRwqsHC7T,56
1mzARUs2kMMxcKh1ome5aX,63
0JIcWmxwEpv740agHLbVB5,61
35mMXfym6C9VOTUVrcKKZp,76
06mg22JLouk02orwxz0UfD,50
2kJIiIqbzYVtv2iTpbQts9,66
3UIGE2FXaUUcYWA31Og0XO,64
3KKrA8p6gzpYC44JmThaEq,59
7vLR7NDAadIXfWjl2nw5Nr,64
4dSS4hwl81hvbfMsIogJGZ,56
7M9w4C8WenlvWfNRAulZOX,77
5MvLsT03RBp67RLoeISCdl,17
7CthsM57gIgD2S8xyL8coq,38
4esEsg9IxiTAGMBQLe9XOu,66
3wWRbRa3OFIFRs4gNywkdd,30
5TgS4dcUAU8EEb506d8wAT,72
05P4BYqVauVxy0w9g6w2D9,58
3XEdqQtGHAM5huMrs3RaKN,65
1Pz3QmQFBFuI60rxCQBeW6,12
0SDgPPSjRPdGD3hyrCTG2S,48
035IYcHuQxZHBknOMWGAnI,41
7hzjWGFi2HKUGOXp1LiQ3V,59
1LZbNPkZE39WeytrhcoVD2,38
18KjYhghq6K3ZmfcewWDp6,68
2qv6LU59qyGRzm4X2TFYMl,41
5yzzy7Hevww3RDntQM5mG1,5
3O0e0LHTpza0rYVDbZfQ4r,75
4n7jnSxVLd8QioibtTDBDq,83
4466tjT4xLDhIdmsMymUHk,61
7hrnaeVvXFAkvQOmjHJglY,58
5OJJF2HA089n5T0ugmXCrk,48
7aQeWViSfRWSEwtJD86Eq0,69
1TVEPho7uQub2pMJyzO8JD,55
1WSGTYKLEpKfNQYYW5Oymt,79
2VDTgXwf3F6kcpX4HI0BKy,62
6TaqooOXAEcijL6G1AWS2K,74
6Qs4SXO9dwPj5GKvVOv8Ki,87
4jp4Z02kzzg8gK0NmDGgml,78
2Fap2zMMINCLylSCSGQLEa,40
0nrWZWkJM62ftQJSI8fDc0,69
15vzANxN8G9wWfwAJLLMCg,75
5masKPHeAOVNgxdLebIcK7,75
5CMjjywI0eZMixPeqNd75R,71
0YammaEkYSeo9vQYZ1OwS6,78
4jin3VK3FfPc7l3LFLxt0e,54
4qqArAiTPueDxIp7cf87h7,71
43tgC5pTYJpc5D3C9HRwEg,55
7vFoFDWqTX0mHzLfrF1Cfy,76
0WVAQaxrT0wsGEG4BCVSn2,64
13qqdlSeF8FcxsRyapDMZ0,39
79T9m6YkRCgP0955CE4UCd,55
6hmhG1b4LEyNuashVvuIAo,76
7b4vbqgzMhbFa0wdjfftQJ,66
5bcTCxgc7xVfSaMV3RuVke,76
6LCrqs85q61pfZCXYvW63B,62
4M8x1TR36VMQMFMbGCdoyA,72
6gpcs5eMhJwax4mIfKDYQk,74
2Foc5Q5nqNiosCNqttzHof,76
7ew2yVscivQRemp0MPPWtS,38
15DwFznkBJir7AK9PyMyRR,69
5xzCzOAOfRi4DOttSzvznR,66
11cDEev79fPKi6uJCjUhu8,23
0M0FvSNRZmDz0Z769rewlI,70
16q3ZjCy9TFLKReke8ul1I,42
4UuGBDjt8gLXsANZqZxMBz,67
3fNuYHHay5uUISA3fePcTH,46
5FhYGAbUG4fgK0Q8eQZocT,51
2wuDt464E6oTVNHq48fEVP,41
492edpLhOflovry0RJRQ4J,47
7dkhaBy2KuMGR9SDtUyXZ1,45
3JmyDWiGoQ37jZlU7tU9Pu,54
7dLOOzJGQnsgqFcflWiEcZ,54
1O7LD3kX8b75oLmHdCvGRb,47
4Gy6pnhY9GGE3nqD3d0CmU,66
36pYPsbeDZTNLFhDJbVv9b,61
4h2ohOfzR74qDhUmeYE2za,53
3g1MMelMBxLjtKwcIVFe0N,63
5QWsDMeukgzBiUYAVlZvhA,44
2bR6LkOC10pZ3udHdZiENF,62
5X73AYzzEE5Di0JwcQKt9N,70
66SfFlsxFNT1NI6PZDN9oy,49
4eMKEM3m4sO62SUVCxqnVI,44
2s1tFUAu7atdMKuThwOJu7,50
721s1WVdSDXkTIo1WYR8jW,44
5IxHVYf5BRnwcAUtgI4Hvy,34
1cGmFQQ2YtFFeRDZdDPvR8,57
2TZ9kaTiLewawHZK7yylSC,60
430efk5Jc5wGay4EWP4snS,76
6stXqwqZiO3JUYe6Sb1oPp,49
33PZBbcUCJkXIEzalNdnG2,55
2Lh9Vp6Bi83hNe5RFYh8SA,49
6XeMrBUyR2aNGI93l9Z27u,54
4dIrGLTW8OJ0pJNLMJG2vJ,45
0iBOGfVW1T08dRqtqnMYK0,62
0mRDCsoHDP9vbEK9MOuY7n,50
1i3zEm2BKa6N2aCtPx8br3,37
6U6gLFgQVsZKybsknbxtdZ,44
2pkYhGilLJDAX4jGGOsE8f,53
5VlYmXVnGycwv2eaDpyS5Q,34
2tnVG71enUj33Ic2nFN6kZ,94
7K4qs6xArR9izybon4i4gW,48
2OEr2lzItRFTQvtzXT0wOm,51
12gG0QAqYFNZNVi5YAruLB,55
292wwhfpjg2mA7PIyh2RjM,58
4BX9utrulgT68sAqwWjrkZ,60
5YYNdXrzjuhHe9PDPKyPq2,37
1x1tGzVEM8m3cPVcn5lXHw,45
263vZeewsC57W2EYZfzejA,52
71UYuIZf0TeXAjyy72COVr,57
48X9IcdoKdIlNIzHLtZ8D5,32
4xEgZDzeVtQqZhamdBpXDN,40
4qYpRB4HChh1T9GPIrgYJw,54
72MNORxPoYqbnaEKJArZod,41
1wsT0yP7uhXJ26ZqtgpEhW,42
0rIAC4PXANcKmitJfoqmVm,83
1MI3mljRwv2P9Nt3devOTF,40
3zysdGd91RB2oMEkSQVYno,52
4hPpVbbakQNv8YTHYaOJP4,85
1S7hEPenrIVKVTuEjtXKz9,66
1lrxKnhETdtGBk5BecESRD,58
7o9SNYNMZTLtWo5W0IH6PI,45
35FIDQv0u26DSknDahmcdz,41
2Q3uUxPpTKY4MjY5SRFSHK,55
1Pu0gOLF3enqyti4alKaad,22
58tYBkyFprVpfe0HtJqH27,47
33WaAIUnrgkyeosXb0iXNu,38
43JztBwps5nHk69OqYOv9D,51
7ka24WdTm5OWlE9FmzgfTw,28
2Wb7cfgUCj3C95H5vCrsGg,38
7Lw5FXm8nhQPvezIpA6jK5,65
6D4pMSbaW3eBTdONRoYPQr,31
56JyMaElW79S7TDWh1Zw1m,70
0EPqqVrZZw00uLDTB0pxs6,46
1aSarrHE1TK9vSmyozuo4K,63
35v112YYfNoXGOggxVlp40,39
7979U8R0HwkgpuRjcDpch2,35
5CQ6McE86ztNSOhQwRwgSf,44
5lAMOiZhF8pq4wO3uHREaY,47
2adBJEXBiScnmdgqZe5OMM,45
0XO1KK7qiUGVK8t3FZdM4w,48
7k4t7uLgtOxPwTpFmtJNTY,98
5Cbo7oz78gqkzV3EAM63VA,81
3ZCTVFBt2Brf31RLEnCkWJ,97
5fmXWEFh8vMXzKTHN9ezKV,66
6RyuoOJXNzlVWpfC5xQyeI,82
671sG3ETDxC3L6qcGIrHRM,77
3mQ6SLdxxaL52Yte7KF2Ks,82
41L3O37CECZt3N7ziG2z7l,95
6RyaV7owmVU6fzEPE17sF1,90
2usxQITOSDqvkYiI0oIwao,86
4punHldq7Jfx0Plu7SdjQ0,49
59s0s39NFWScuHDbHytI14,88
0OP1RzrglC008kj79Httv3,77
5QXQy0f2q8wJNpPwJtjifx,80
4wNIkl5XGiAACjFBlDWuSd,73
2ksOAxtIxY8yElEWw8RhgK,93
60TClTKDePeUjKyfotkLEg,57
0rsRJOlDJxfNPNTEALa2t3,73
0Cn8NxJZz7zUlsaA3rXoIU,81
7FIWs0pqAYbP91WWM0vlTQ,79
3jbT1Y5MoPwEIpZndDDwVq,90
2rc7BkzO8qepMFAxHtOrXc,88
0TK2YIli7K1leLovkQiNik,93
1sviDBcAqVOxMXq4xITVEs,84
2b8fOow8UzyDFAE27YhOZM,98
2g2N78BH9x4iAzeSvjG7dU,18
6uzGmmQ4CuG9HvZktEy0LF,72
0uW9gZMn6SVBSVp39umUy7,51
7nHUD2xhqkehsYk3PT6QDs,71
0sf12qNH5qcw8qpgymFOqD,98
7bsqRe39lKOYX45FZpzP9o,74
7qEHsqek33rTcFNT9PFqLf,94
4piZ5m1vZGDkfyHga5U97m,70
6Gg1gjgKi2AK4e0qzsR7sd,92
4500Dr4dVfnQiMjaTC4oIq,69
7IzbHY75UhGztauT7U5eKb,69
4VginDwYTP2eaHJzO0QMjG,49
6Nqi1fWKYXrVXmF3RtQbSf,70
0fea68AdmYNygeTGI4RC18,91
3mN2DtljBhnrIpc3Nu2pJ8,77
2qON8SpeBDBSoWCvDKuwbU,70
3cphb8kdsjElYR7r5icK3H,87
7tQ24skemknA6PPh6gwFi1,75
57vxBYXtHMk6H1aD29V7PU,93
4AyvLHET4Zl794yQiQvxmp,56
5w9c2J52mkdntKOmRLeM2m,87
0gcOnIUKIG6JF56iFUfE0p,78
1CPAiHBpTTtHPAlOcVWIwT,62
3i9UVldZOE0aD0JnyfAZZ0,85
4R0sTxCaskwCPbzkfXHfWg,65
7BuSE9uTIw931wtZYzvZcQ,80
5o3pP3SWueoHRCytmwaL52,50
1HfMVBKM75vxSfsQ5VefZ5,93
3dWpRjCmaHbroNahuSeX11,78
1WMfmBKlRTUGafwEjtJIhN,57
7ce20yLkzuXXLUhzIDoZih,90
5O3uMYHZpppwOrAglPoydO,59
1c0hsvHLELX6y8qymnpLKL,85
7zH4rnKKGm5vACoSEXBEDe,59
6uW0PIRcyZLvkoonm763xD,79
3a94DkjR4idw3bp8yzai59,10
24CXuh2WNpgeSYUOvz14jk,61
77j9HOrxUpWcjwra9jgvio,51
6rQ9qJPvInEqSzlh89LsPJ,18
5FgtdSf7I5lClThz2ptWvl,16
2ZCTP54O2dMSbVrdsg60to,5
2ahnofp2LbBWDXcJbMaSTu,70
0wP3e5PzSxafy2TRtlayq9,10
7cG3wfohoNDSp2M8FWrgTg,59
1bttWPpJQmn9zdi951BcAZ,13
7znm8mn8oac6FKfmLuvPZa,48
3MjUtNVVq3C8Fn0MP3zhXa,75
5dle7lDSqNS2AcFtbvgkud,12
0MhkdVUCf8ZttUXzZ3J9J6,2
5rDsAMjmB4Qa5WNciJPsfK,53
12BbMJsJi65mxneq6c9Lm7,16
3L9RIFcNF9IDGPRE96EO7N,56
270MuyUHPJJUXWApRk2Py8,38
2goLsvvODILDzeeiT4dAoR,76
36sAHywEsh50kaM6CpENHp,2
3DYVWvPh3kGwPasp7yjahc,55
6YZpyZ4gmK4VQWvN6230A2,49
4RybvT8lyLLjkWXqmAuZnX,50
4q7HqgwzTAK332xEbzuBVm,3
6JFyoWiWW69dTjPrJ0RxQ1,55
4yEXem27DzCg8xytvvO3E9,0
5a6WvCvpzP3flz3ZG0aAMp,44
5p0rUHicpwMZil8RlNGGth,52
6xjmujeAeuBznFjdKhZQNY,35
0kwENjv9F98MZLPEN3gCQT,2
0XVikcHfkoBvJ5ZU8xQBWn,41
4wtR6HB3XekEengMX17cpc,67
4lDKORchTM8Rd0PFQFXTLX,55
12DVGoYMPBebItALnmaNdT,38
5jOvmh1DYmaiBPETL6HCRY,55
4Fqm5rqB0WMx0hPOwgRjFr,61
1vuz46T61qINYeGeN93AKZ,27
1Je1IMUlBXcx1Fz0WE7oPT,79
6X5nB9TR6EK9ABabYAzcQ8,2
0b8PKDeFc2T5u9cRbLLv2r,60
2wz5weI4PREzpexKfrKgwv,62
2es5efbIHrLOLcdmBmpoiR,45
2Ld2LehpgQNREMxl9LlIzm,62
0JXXm3RqxU8EKzX4P8M0n3,60
40WzXFabdkT1KCgRYwoz8X,1
0ibYVniVLMJWvc3eNfYk8T,49
0DURckDH8F3pzTz7KKFLz7,33
5LskeIhrR7YqlbrPWZJRLe,40
1GwdUrz7DujSedNxnzVfqI,4
4mSRaJAwIZOhdxFQF4ryZa,27
7kWmT6l911OFlkhhSV6KlM,48
6JXghpembwocSY1Ky0TxTt,48
69jRUfC6ZjhiY88OySXqoj,40
32PCjJw8mk1FrJT2FcqRtT,2
7vHkU1H73z5NVbGTIyI1DG,0
0weAUscowxeqDtpCgtbpgp,70
5Jcv891JICGnMkkP7Lr3Ju,5
71Cid4UeolaHRzdbmMDAVb,60
3f2pJ9Mb9EcaCLJjm1aevz,4
3XVozq1aeqsJwpXrEZrDJ9,70
1B95cw0Rjg96AKLfxxUSnb,39
0yx5eBLk3AGOH5EruCqLDx,57
72lAIcldZMBgaeF6XwjAnC,3
3DdCb7EyPUcUD0LKWkJ0L7,2
2foOeJLKSvepjHEkb4NR8N,59
2QbuqnxPaHCsYnlbAZDxvV,48
4KjXkB31IrgmVimunoVrts,46
5YTMRAT4yKgFrepF8Hi3mY,54
5hDPWrf12qJQ2pFGTbputX,45
1gyaphIqlNbfhlQTUJ8iNr,6
4kFmRFE9YzjKnUCbXQKnag,47
34zbPJOhBLVd4sYbHSV7nr,49
6PUzxtIHkv346yP89NzP9X,47
4cjHy6TwppuNZ05yrP8Fic,50
2Biy0tRkZTGxGH8axDwnqP,50
1CJbLAkUiPXrttszpQhnO6,7
1SssFw74DdHVjRa6ADggdD,70
7dIa8yS7HIPKkBvOmERSZ7,46
44o1MQVbm8S827avRs4RHc,50
1M9HkdNJ9ArhHc4ueJ5tVm,48
09nxdcY2oYo57fJrG6CCCT,8
3cOnQmSQuEUie603kZp82h,43
0KT6DLAELYSbgfUemzwGPX,64
5unmsMTn84dE2kb3kz4wfe,5
3vV2Gu4JlRaeHfJxg2Z1dk,43
5Klo65Y9uouLjNVDV3pqh7,63
1ohbjkuczl6hEoYEo931PH,21
1pUFYb9peWkK8m1WCKNRjp,57
5npMYgysWSKOIVXj2szeLn,51
6FP4peicCGnib7asns71fs,53
5WtbtCmPbr8a9TkFSCx7nF,20
4cqiLvFRDuV8ClE61eMmZx,55
1IWzfq3sLedGQ3fb2hAMBA,57
3v1W3lS40jrAyGerzF3igy,61
6dugx9WBSS8TDxbKqp9zmj,54
2rTYgHxgcndkUrRoU7x0Sv,54
0FkLMOUTkSTPSAYkIXQ579,69
0nQLxiNGbbUoSGrxksETLm,59
12N5Qmt5TAs881z17sWUvV,53
4RADreHMvMkZwsPgPr9z5c,67
65RTyZesurf9xxf7FZVL1u,43
3skkHSk5KA7akip3Ey6Xjx,52
2sCLhumJK6miHTPJvl3IHE,33
4773u67p3U4PKaWtm5vlcj,34
0jrDmug9eevza5OnEarhgA,31
5cdVjOTp2QPOmYlFuCtkAP,32
6v1Hgn7yTvz7vQkJiRBESz,46
22gFNeEYuXuElY2QsLeMqx,36
3x4q0AuhGdiPi1jvCIFACQ,21
3tPJHHygrSqPgZPoAxON8B,38
5X54DpGquhkONi2RbkUvsH,41
5q6iykOAJ0N2fe7wvj0r3A,39
3LEiqJm0Q2iwUNZ8t5PDqe,40
0m8YMp4kDDFVATJCVIdhOv,31
4BqQrDNmfGfujQ4wPRb5tS,38
36J64RkkFvdrJNKfiwY0iB,38
0EJlpO8Z5Vqy4phgcqU84V,32
1c8q7CBtCpGs30KOpWFrDA,31
3CMc5c4Ex3OMy1rzk5oIXs,39
0nJgXVtgMwXsVspxOoVzP1,29
4uQcfhLIZNpiWJKS9nPz3z,53
1I2NEALPO5AC8mhgiXyBuV,27
7xirNNSKhl1H9U9TKRNSYL,30
5x0YfwtrTBCxjVuiVuW7fw,40
3A1etA4fcClRWiPCRhbY9l,54
0ReSY5XOCFXFRooRS7hPxk,52
3ihK0bdxDfJmsxLHmK74kR,35
43S4LXQySI1N2Zmnkdzh6j,33
4mTSFX7iAk4JN3IHu1qghA,30
3u8YEAVRbJEozzWp9WZLVR,35
5iCVQdYhIJYSbBPe1XazGk,28
7AQxzmkhwBJwgSYr0qQTVf,34
67uQCds7ugUZn3TZUhc5dB,39
04BZvpVvpJKPWXVfnWr6a3,33
3LxnSVRPRzPZdhNlu3d6W9,27
0shptsB4Efvi4T5zNKjeuO,43
3decfgk2pFkvCzYUFj6ssf,0
18tCFWknS0gTJBBRLCuI0T,37
51fJSFDs5Lnu7n7HfFR4qk,35
5pGOK0d3Ls6ikio9oQYkLC,31
5nS1Qzp6og3WIDj66VaE9V,2
35WxT8FX7Y3i7Tc4VX7yR3,5
384MzPWC7HLmPNYDrkYlj8,33
511Q7DOLFifvVhCfPO1tgp,33
48r9VGBsm0WhLf5k8EuEcU,27
1HXkhm3VgTwqtHUDzKT3GY,37
5e7LO2aDWOUlYa5QUhGyhE,30
6O3GXI34itpMqZbBYHNgoX,43
6ZkeEVV8OVRuhZfzB28DlD,38
0R8tMSvCvkHpiz7DjnBsAw,43
7tOL3KPed2xaNyDIYBo45p,38
467Ka8djftrhQIZTkYJar0,29
4rFKp5rDJS3bldnga3QDLY,43
7v4qvJHhz314Fcq0sLmyvR,50
50Y5DKzkMsTws48NvpuN5s,44
1MNDmPabVMFhgKy8aqT2V5,25
7EixVppWsnZOvJJ4ZqET14,47
1cloJnP4gDul2IiDqCwGNh,46
6ox0BtzYRNG5RmuWvHQeGE,4
3EnzqTwdFWe68x0OTxR9T5,25
2MaU0zb75fuPS5DVKd0jqh,27
1XmVcaQPI9yWpKVbIiL14L,33
5mGfNohrEXnZOXRiA6wnXS,39
2NwLHtXx1LDo3wmjDbQVUH,27
7FifQY094jXA1y2Z34caaC,35
1rT1mXm67dRJPY64AC10Th,3
4YkMADiCB98XqOGQb0P1aT,29
4f1lXCkLLZV7K2zJhAAMwZ,6
6NxyQGdameCyJwJNko3xkF,33
2oTLO5bUVaNMuZYaevh0yf,36
64WGFpBr68nqhKHahymiyZ,29
7t7DIWoyU902Qn5YNaKG84,27
0bs6tC9MHag57CQU3A0Im1,38
1nA0NiBT62ZUdL5bvV3rRn,38
5yZpJTy5l9RllZbapSLp5Z,20
5ZULALImTm80tzUbYQYM9d,92
53CNDHcrOI23OATSulqwJz,32
2du5gCpnDxNp8DZwvbVixv,28
58D6VqvfGiVvPkNQstmdUj,18
4PshELHcjnTZQ2lBscyz8Q,29
1bSO9nzT5h55OrJO7BbHL2,38
7HxbtxmdOIM0mttc9sBLzI,33
2ll2DFDKBbjxZ3YFSWemMn,38
2EDHz4tC3pZDkxAJln2sB3,37
2ljYzOcJBuvjadNQXrW1Mg,40
6B4H7k0ANCSCribJM3Z0VP,31
1A80HRxJMhn6YAxqRup4BQ,37
5KHbu2Go6NBryS0h0TpTNJ,0
7mpcmYoOCeI5gh5azJSnWY,0
1ECSiX5La6LjrV4a3YSn61,38
16oJQyfFenUOV6Mit7tMlo,28
6fGTmOLGyOYvBN7RZcPMLC,38
2b9nc02c0lN7BRupiZpUZd,28
2MAaPdiUD0bkWNhlfrLC3F,32
5Qsgy4BNNR8ZKIsGGhb8lv,21
1admfyWHefYAHbwjKdro8b,30
1kSEroHstaZPoBMouyCbHU,31
2oIc3yUshnfNpy4NjJFAWO,21
5jyLJ77yatsz5KfW2zXLvO,33
2NUIaPZQ0FvyRsmPbLvyno,18
75V4H4EmBmzUVjjcPorCzC,19
21X8grU7IMAVa2elySGIRR,33
0Hg7Cuf6iv7G5CDfxZqwxQ,39
6LISuoA3ejKIjbfgFdVYoe,29
2uSfFZG8Bfrfo7Q2bm98JC,42
6or5lT9sFZHGqjr9waVqTA,18
6ol2reMXoUuIZE0TA5FfvU,33
0UZqdhKxrGxVLPVkTrCZ2d,32
633nrOG7ExXrw3Dnj9DJ5U,31
2DSDxFmWjyoKmCamYexX4b,19
4OgitSyiGyLiRKdw8Q0ueX,24
3xJx0XcOK0tfVquoP1TY1i,36
3NPvE7siGFFFB1lwTBwF3F,32
5wPlp34kFeUY2zgcIOxyks,31
6oZQUfZVGOwKmb9Zsjd0vx,44
7q8O26YXHhmaYRuHoFP8WA,20
5pTo16mj3CEmY5ZeaBfSxx,19
2EtqqczcLNk5A61lGXfqfk,41
4idB0v45onZipVsuVPmNYF,30
0TXDJf4CYjDJ06TmNa2JFo,34
48jHHmb5clst09XAbv4kXx,24
2ZUpK7zEZHyewSn6b57AHW,24
6gjJnkvucgBtEyGkKQVBd0,30
1kDoUhdifstUonl3rPqALE,20
5LY8939uhRCLuTBZptxtZK,24
2nvpSQh1Qn65nwX0Ssc7sP,28
48fLPV7iCWxVoOqHdMrmc7,28
4nT4O9xTNvHX7Zwt2bq4nn,23
1bu2fXNStlVDr7CMj5klhw,18
2jcYSJGmvhpYn3D6IVzS0S,41
745LUoE5rQZ51Tz4WnBoNp,60
3aY4mGFsRJJmZeqkagYFCB,13
7d7i3Qm7awL2gJPcYoQ0hn,54
3sluZvJ5lmSBe8yYVYbZSH,35
11dhySFZw0ZslqkOYnPqak,55
4ZOt1OugofXuARJ9Y6eGl6,41
1mQ6oxC6caPHPY1siLKNzO,51
6Uht61EmIs80U7aNc7yzjh,2
3m71siVDw8qXKAdpO9zLiT,45
2uiAa5m82aeHbtOFA3x58m,49
4TANuW9cpKCGqH499rr9re,59
03ShCBJrWXSp3vogMeCIxz,54
1GYW5YnYuoWiPw4ZB4V1lD,56
1niO3yUZuPOkcgzaQSKAJx,35
1nYWmABuAHNjdRdAcasmQv,49
25vBQdSHICUlEX14WwuNM9,14
7yaMJeDKiDCGC35LrP6EYU,58
5ZH1dljg1FkK3n8wmZOXlJ,33
0ZX44GyxjAWC4dbi9MmiUS,40
323eANs4Kha72cH6LjR10A,40
3ODZO5cBfM9S0wQSMhBSjg,25
1RbgdZhU9FOKFbDZZKOMrv,44
7yQuDwalzZvPiA94r0mlRY,40
7ubEV4AIzzuaGKnl23GhjR,61
7KVogt1437zlFZzsP0srqs,45
1ztOeR0UMNFGj6B6b1sAi4,50
5PKIJnx0ywPYniTl41W2w7,31
4StaGKzRGlYxAq1eXpsMr5,45
0ePV5nJT0v9wFHjKvt9fNV,48
4Wbr1qIj5QtzYETxuXQrV7,20
62tXupybKJWVLgWY9TeBxP,54
3OM1HwAQZsgF53AGGbnRSG,15
5PQSCIKSPuvkDIrvxG9sFY,36
1hQhtw3bZSaFDjhaOCNjkR,23
6QVsSS5tTqI5ZXGIdnU8hg,39
0C3QADQBYFjcSeU8bY7Oex,55
0PNcP6f0d89QuhYvibiW2t,26
4rWZxGhyaNnKwkxkTlxfhg,33
1IFVf0aClnuhHPh2UwVt0f,39
4pbSyrdQOlIDaYz7B6ynmu,31
26fhQbuzry0XWjNmmaKdcr,24
6Fv9M9nUKvuMD7roafIm8j,49
47IPlYJZ0iglPj2Nmwwr8O,32
5T4A9KTYaUtJlEUCHIK61J,42
3VM1WBA5RfhvBIAlXtrwxC,29
1zUz9l0UbmB6Y3ie7AZTaG,28
1rlz0e2Co8c9ez198e1y5U,31
2UeUOkNWgb1DkVUZcACduO,41
7HscxMMboSPj6sTbQKLWFk,30
6XMn5TmDgJe8alhChPpuL8,30
6c1r8SoG4gp3T2mOrIDQmW,26
2VzUh85tCLAZeOoOJ70ecg,42
008rk8F6ZxspZT4bUlkIQG,38
5VRtz5coFkV9EqVLGEsg6k,37
4jI04cbC5SjsuNUNWYXca7,29
7uTyLdHB3Ypl38uEoh1EbW,27
1kLnF1k6W0NuJLvukYbRBo,29
3Cvh49XTvOeWOeMCL7qI07,36
5lCuGJZNJH7x9vfwBGv5VB,40
6ckFK2ksVUNpfeUqRDtirQ,36
4D9QMZ3n8OupOPdxU0MMBS,45
2Bxy4HTb0GvzdPtBUeGBOk,18
4HTljKa4yPq5uIYFJa3a9N,27
0ahbzg4GCq3wJzUM3cjS3N,67
6G7DuXoSGeAf6BZivJdEjF,52
6GwzaIVJL5DEimt18lokq9,54
47PRHkkBim9N2vdhJHoYel,29
23J9Dkf9HBm91mjJalvGn5,26
2Db0OROohi3gR8lmhHrYGk,28
2SSySqj3PyoeAW1XT83qQ3,55
3Lhrv49JFkwVF1Sl9L1rfp,0
6qpjGjY3k77AaQ886JLuHr,38
7oE8bNwZhJdcAJZBKNsi28,37
5COO2JgOmHIJ2jsXFwflz8,65
5YkOuhqiQWvcTk2kvyver4,48
3dbZ20KRvbye5m9bd9NWtj,36
7GEBsTTF3o7QW4DuxkGcnE,45
5EIja1dtKLUL5mQwXwGm2a,24
5zDfFSfXPpyFow3BOTiRgZ,45
1O259SGmDCaaAtux8bZzNE,25
3WbyRFgA2L8VqG7RgVfe8V,28
5RupfK0xmLqyniW7PJ0Ltb,26
2K2B8GdtUfpYfbhOdYxICk,34
0x06Qi9pXK8h1SYdvG1iuY,22
3vYVTsZfXFnywCHlgBbWB8,30
1CT1dgsDKm4n0ykVyoBj3R,34
0JOyq6so0bYNZB4RAkjg4m,26
3TWfEEzcdrkR0CSvWqyUlX,58
6DkOqFoA3gk9c5N8VLokPF,37
6sXFJCJ69nPCgQW100fY5f,37
7CfwMm7x2HLQ1bllMosD9k,31
3Rc2ajBMInxeNGVkMPC92Y,61
41X9To0bQ4fpoSRri4NHiI,66
0PHwCbA310LLIMcSDpQbgF,58
5by7gtiDrxe4n2qQQunL8S,55
52WTLETEHs5jwCr7LCq0VW,58
3xKsf9qdS1CyvXSMEid6g8,77
4sCYKMatyhazyy6r2N7Hp2,60
2X485T9Z5Ly0xyaghN73ed,75
6V5nMvQwsiyW7rEyZq3gfQ,57
3BpUZB0tw4zNmG3Iw1mclL,61
3t87C08isN6yw2DnWOorLm,62
4uQ7wYsuL0DryknoDc11Hk,70
2dLLR6qlu5UJ5gk0dKz0h3,78
4fbvXwMTXPWaFyaMWUm9CR,70
5uZLsGY9fknBd5Rxr7AIss,64
33pDmPx2pkJ7JCAQpRDQ9B,64
2NRRrr8ylDK38KD3Ffbw4K,58
1eyzqe2QqGZUmfcPZtrIyt,71
328F2sC7uw6wdkWLggOAQ2,48
5dcZUsgcMW57ju0A379O7c,58
3l9eg9RtisizG12a1D6nZl,66
6u0dQik0aif7FQlrhycG1L,70
5I6y1KWmUoV5YCaIEcs1qs,65
66q3yNMEO2tOsiFny1IPQW,60
2Kn3xgaDCM4aHuHK7FApgC,62
0U0p8weaMIbIFMJ0CPlvHV,63
6UFivO2zqqPFPoQYsEMuCc,70
3LueS3mbuB1yaJNN0Ale6U,59
2IqjKEBiz0CdLKdkXhxw84,67
0ZAhJvqW67Epg4IsLIaSTR,54
71jGGLe5VtEHjIk5dU2W3S,65
5CPqOpKSk0QcJ3dGdaWcRB,65
6JvfBzqZmSiEG5MjM7OcSY,63
5UVBumEwdUnzvqxrXOYLFA,58
601KiLiZtBJRTXBrTjeieP,63
2TyCAfhwu5tRqFW8VnGMIL,61
4UkynNKM3QAFnYukL8Udi6,59
65wx71brAmEQz66GXXF8gI,9
2WMRd3xAb9FwXopCRNWDq1,62
5JAWf4omEzwccQNE8Y6kvn,47
4UADR6fNQfx4fxkiRQvSy2,60
3PFaFVWq5wucLu6s4baj9D,67
0LtOwyZoSNZKJWHqjzADpW,75
5VarZFY00sO54HErJ3TPCI,68
4HfLQJtVT1KiX1eVedDyTm,69
0kwBATkVUAG7JRMEosNUUs,57
7KA4W4McWYRpgf0fWsJZWB,79
3D1P3oPecqAQy2u33gAhsM,54
6HG1JWEbfuf8y1ZhLVq9L3,46
4gRAniZdYF2zVrDUsNC9tU,65
3NEeKJm8LcdaDG98oZwSZx,57
336ZYcU6poBWi3s8yzRcAD,62
4zMmqb0pYwX6b0qc0slCoT,67
5oK98mpTJSU0iqLHN1hZ3y,59
2eg2gvPXuwZ9FyrPaLgrXi,60
5EYi2rH4LYs6M21ZLOyQTx,80
5zOnoB8FdZudDcPX4O8WqF,63
6LxcPUqx6noURdA5qc4BAT,67
0MpsyFvt1KaxNYBYw2aanq,54
7vcNp4cj4uF4AyX5aKY4Ps,63
38ydcsbayM4oX21Hhu84DT,63
6wMTeVootJ8RdCLNOZy5Km,53
56dIfld2EW00CPbB3zA6GE,49
2os0aK782bakCPmjow0SU0,60
1uDrIgjVtFsrrWWctCxoBL,60
6WmIyn2fx1PKQ0XDpYj4VR,73
6plT7nFGiXKSBP9HFSI4ef,67
2qKTOaX1ZeMWn3aKhpxkz5,57
6WVheb5G29cbDOzF4qMfli,60
6CTG85NJI1Wm60pxTSRNwL,60
6cqXhzuVIH4Hm2CkF7ZN21,56
68rdZO4AcPakdi2zaS7kPI,44
2W3EgJst61RLZtPPm3EQim,64
5iK8GmW2uiPuUc5CtkZrIK,53
297rZsBEjFw9d0Gl3iBLnd,45
6qsArsTq6WoqtUFUe1e15W,49
17eu2pSgSUpIG1GFWBnODv,62
6bTn1ovliI0OkjUNkiMBJq,67
1CLmFKW99S8eJrebO3GB04,65
71cUqXJ3h1r0Ees6YdENLU,61
2sZtaJ4RFbRAAOBKWEeR4H,7
2JiVVU7qv1YeD1yabpIyoX,48
3j5DVpcCELigVZrmwGOw3X,55
7DfFc7a6Rwfi3YQMRbDMau,75
7GdGBGwFMg21mY9kNpNKXI,58
781V2Y5LPtcpgONEOadadE,58
6golelYKuy85o3u0cxIxFK,60
3GbjOImkNo5nFT2GQxVr11,56
7IzJ7EGpIpq2vW3ylVTtMh,62
2pE0CMK1fE3mfU0eEOHhKw,61
5HLes17mwCwKt81mi0Tk35,62
4QHKR48C18rwlpSYW6rH7p,59
3oyf4dalm17kzTE8LJDbgR,76
1cWVUrMhaVcLLW8nRz1wgR,40
2QuvT46pnd93GDBYCpSlBf,37
0mYslGmbnkbxuyr0ISIYtB,63
5KeyVNymqfqac1wLDseK8v,60
07tOsOR7E9zW89v2FqzsdG,53
7HMmFQsKsljwTw8bS7lu19,88
6v3KW9xbzN5yKLt9YKDYA2,88
77GqDUCd6ciLsbkBRMYsM8,46
5YvcUK2eXJ2OllqDuEg18S,79
0TrIO6sENZNH0yYGhNyLdK,46
2r1s81MJDMIdinV9cWwXZV,23
6ZpX80KeWliOS2xBiQiaN4,29
3i1vXYRRXvQlluChlosjgr,37
2UzKsOZR20UMcry381W7eh,27
3w6C0XDfOkE2Pkzxi9LFJl,42
34ovdd3zsT969nPt84xeHV,39
35zavrJ9AAnYNzHWk7pfey,38
1cwkOoHqYe9uBPu1q40QUT,29
1M4qEo4HE3PRaCOM7EXNJq,91
7dvVA4KPIaqCHyHdgLHAmZ,33
6MJgjQrhJmVxTGkJc4J2W5,27
29MOOOmMRPeWyPwKQFoF5t,78
2FprtMSRbULu3uo09CWBYY,21
3yT9qgwUHuH2tIAblw8O1d,36
6OVQs5XqHMGclfnUsMD4ah,29
41o7hnySdC33otkgYzQiEJ,31
47TkNd4UYUI7yd0m9gBfNc,42
4wBuczTEAgIJ0Ce9IFIEsd,43
0afEXSeJYJJEhPSQonZtIe,39
7MxPKKqDRIJja7kMMfksFx,38
7dg1I4ZyqF2jkQB9Oi3prY,28
37S16UKtClsjKKl5BiqggZ,33
4j7zS5GLS1nl5TBu0CFISZ,42
1p3kwiqQiDy0AjSJAP5VY0,23
4DjHWjHMYNOXwJ8cfXGzaB,38
0i60OX4Ba7Bm3r5ikTK4Mc,32
6bUuH7MNP1u63HtbpQqBkJ,24
1nihX7AXe5qdt3OmDcstTb,41
7wh14WfsQ5zbURhm33hXYL,38
221XjUujzRVflke8Ed7wdn,32
5ltWkl8BJnmY7AbTfS5eTR,27
5CXF4x2kZI2ftIogOuhXYN,26
329ZotUK1Kbj9Fj8aASXud,38
6xPVnZ5WcK9sh9FyYIkiW3,13
3WbIpsZLokLA1qahPaO3rm,43
27SdWb2rFzO6GWiYDBTD9j,77
6xCNYRfzZtoQRo1xruPmNq,9
365NFpqKShIPDEC6fxnUNp,16
5FqL5YY9Siw30iQHx7NVE9,44
0ofbQMrRDsUaVKq2mGLEAb,26
4tCtwWceOPWzenK2HAIJSb,78
7tr2za8SQg2CI8EDgrdtNl,69
6JV2JOEocMgcZxYSZelKcc,78
7gHs73wELdeycvS48JfIos,77
3up1JsYa4JNZBakiWP41s0,34
6QPKYGnAW9QozVz2dSWqRg,79
1dNIEtp7AY3oDAKCGg2XkH,76
7qiZfU4dY1lWllzX7mPBI3,86
072GuDuz8KUCpTOx1fDTTt,49
0rzNMzZsubFcXSEh7dnem7,75
4VrWlk8IQxevMvERoX08iC,79
0YJrARfGtHicUWxVgr4CKF,42
2cGxRwrMyEAp8dEbuZaVv6,75
2W4yABdLc4Jnds67Poi5Nl,89
0871vn05d33xTvZllwVWKq,41
7w87IxuO7BDcJ3YUqCyMTT,83
2y4lAQpi5VTNLu2ldeTdUH,77
7msanQSPzDtRboYSinCW5o,43
3U4isOIWM3VvDubwSI3y7a,85
40nPimvmG05WYS7983bawZ,73
24LS4lQShWyixJ0ZrJXfJ5,71
3cCfCaMqeAnTekr6sf2rX6,48
70eDxAyAraNTiD6lx2ZEnH,73
0aHWQ6E8E4YejHS1P3D8t6,34
1i1fxkWeaMmKEB4T7zqbzK,81
7x5xYW5W42OGPAdHUyyguy,73
7xTdTWhpmOtHbdpAvkUIVy,50
1Cv1YLb4q0RzL6pybtaMLo,81
1rIKgCH4H52lrvDcz50hS8,76
7tyCCjJJ28l8QVZ72URf8h,42
32OlwWuMpZ6b0aN2RZOeMS,82
59nWq4kIuL20RaNdCnnbJ9,43
4JehYebiI9JE8sR8MisGVb,77
4IIUaKqGMElZ3rGtuvYlNc,15
4esOae7i4rqTbAu9o5Pxco,75
3hC1y7tJyOOIt4PpxTslmq,42
7LzouaWGFCy4tkXDOOnEyM,87
6g1NlCpW7fgqDnWbCCDrHl,25
6RtPijgfPKROxEzTHNRiDp,78
73ZZzbMmdKcraxMjqXZLxr,40
1mKXFLRA179hdOWQBwUk9e,80
6N22FZs2ZhPBYi3b9XPajV,75
5jE48hhRu8E6zBDPRSkEq7,70
4nVBt6MZDDP6tRVdQTgxJg,80
2ekn2ttSfGqwhhate0LSR0,83
3cHyrEgdyYRjgJKSOiOtcS,76
56LdO5geVLy9oOezeTT7HW,53
1j4kHkkpqZRBwE0A4CN4Yv,81
5yVIlYEHZxQVLyInCdldoS,76
1HpzOCZbNWzxvvXfSGtSrX,74
6xEDixvjEi2ou3by2cmkvz,44
1uXbwHHfgsXcUKfSZw5ZJ0,75
45Egmo7icyopuzJN0oMEdk,79
5PKWUDfQFtc5qqo8cs1gQp,74
44zoniDjX4tfoAeYrnA5XX,66
0PDUDa38GO8lMxLCRc4lL1,78
0HPD5WQqrq7wPWR7P7Dw1i,80
3bH4HzoZZFq8UpZmI2AMgV,80
19qn6oU2t0E72ENA0aWNsX,15
27rdGxbavYJeBphck5MZAF,79
7xHWNBFm6ObGEQPaUxHuKO,74
6Vc5wAMmXdKIAM7WUoEb7N,78
3MOECVkNshqHYTPt5DZcdN,68
2habSXqcJGExM6JJyskY7O,21
72Q0FQQo32KJloivv5xge2,18
0KpfYajJVVGgQ32Dby7e9i,27
4rHZZAmHpZrA3iH5zx8frV,77
7vGuf3Y35N4wmASOKLUVVU,81
4T3fNx3CgwDRRYgmFCbD4J,76
3AFfyUXTfj12PgrOkZiiJo,11
0l0CvurVUrr2w3Jj1hOVFc,69
6Ep6BzIOB9tz3P4sWqiiAB,16
31MkGwj0SWgZaTvEt5Hgxv,65
7GJClzimvMSghjcrKxuf1M,76
6DNtNfH8hXkqOX1sjqmI7p,19
1XGmzt0PVuFgQYYnV2It7A,78
1Pw5C4N6Fn5E4mGCxmbbVa,76
4iLqG9SeJSnt0cSPICSjxv,23
5aUSEPNd3m5xliFK4pn5mU,82
6cPqEHMMAbcZHhH3yRBK7O,45
4nK5YrxbMGZstTLbvj6Gxw,67
7h0aDiDivgCQj2sBbvuPhJ,13
0RX4shen8SAXV4ZdKlTOPu,49
6zdFOrqnrLzd8r99ZnMJSC,17
6NmBxhsmVjv0PMgh8aJhuw,6
7cDBUr6mlP58oJXvIO1JGy,21
3GJ4hzg4lrGwU51Y3VARbF,79
1rgnBhdG2JDFTbYkYRZAku,79
1HfMVBKM75vxSfsQ5VefZ5,93
2b8fOow8UzyDFAE27YhOZM,98
21jGcNKet2qwijlDFuPiPb,98
6WrI0LAC5M1Rw2MnX2ZvEg,97
3eekarcy7kvN4yt5ZFzltW,94
7qEHsqek33rTcFNT9PFqLf,94
6v3KW9xbzN5yKLt9YKDYA2,88
7aiClxsDWFRQ0Kzk5KI5ku,94
6cy3ki60hLwimwIje7tALf,96
2QpGZOhTCHHiKmpSO9FW4h,85
2wrJq5XKLnmhRXHIAf9xBa,91
2tnVG71enUj33Ic2nFN6kZ,94
70eFcWOvlMObDhURTqT4Fv,85
1ZPWWSwCkxKfqdp4H0RFCo,71
4yI3HpbSFSgFZtJP2kDe5m,86
6b2RcmUt1g9N9mQ3CbjX2Y,91
2plLJpUcYPFrl1sW2pMG63,74
2Fxmhks0bxGSBdJ92vM42m,95
6Gg1gjgKi2AK4e0qzsR7sd,92
2ksOAxtIxY8yElEWw8RhgK,93
1iQDltZqI7BXnHrFy4Qo1k,90
4vUmTMuQqjdnvlZmAH61Qk,91
7LzouaWGFCy4tkXDOOnEyM,87
6vBdBCoOhKHiYDDOcorfNo,51
0hVXuCcriWRGvwMV1r5Yn9,84
51Fjme0JiitpyXKuyQiCDo,91
0RiRZpuVRbi7oqRdSMwhQY,87
56AMYGJzxBO6p8v0wEe9de,86
07Oz5StQ7GRoygNLaXs2pd,89
3jbT1Y5MoPwEIpZndDDwVq,90
1lOe9qE0vR9zwWQAOk6CoO,90
0fea68AdmYNygeTGI4RC18,91
6moU77g9RQyMzHNuKEaQKq,68
6V9fHiv84WlVTg7CSnIVY2,87
2TH65lNHgvLxCKXM3apjxI,90
1000nHvUdawXuUHgBod4Wv,79
7vJS1DPc3FzBtqBs8n3mW5,76
7CZyCXKG6d5ALeq41sLzbw,87
7CHi4DtfK4heMlQaudCuHK,91
4R8BJggjosTswLxtkw8V7P,86
6mAN61JH0dzyZpWslS11jy,92
6wo37KVqFJhtuxPTpLCcfe,67
6osaMSJh9NguagEDQcZaKx,88
4sjiIpEv617LDXaidKioOI,85
5hDAT527wXWNBnJlujhuUs,64
6Y4PDQv4XjYjHLeLmvyOt0,88
6RyaV7owmVU6fzEPE17sF1,90
2YpeDb67231RjR0MgVLzsG,90
7BlBVFwvbWvcwNcUarQmjk,88
4VginDwYTP2eaHJzO0QMjG,49
421leiR6jKlH5KDdwLYrOs,43
5aUSEPNd3m5xliFK4pn5mU,82
0Z26mbSHJ1dkUu7g9DDgif,80
3cphb8kdsjElYR7r5icK3H,87
314ZkcV7oLWG8yWE7LABvH,83
4fwo6czG5nvOQMzhOto1ya,80
46D0hYb1B7qiU33VtXt21W,78
5nCthAh3jt4xKuLJAifAaR,78
0rIAC4PXANcKmitJfoqmVm,83
4evmHXcjt3bTUHD1cvny97,89
0y675KDleCZEudjoeL1sQQ,81
4Of7rzpRpV1mWRbhp5rAqG,86
5a6pdCHlWS2ekOOQ70QnAr,88
0rFQ5cKYJ9WtHSKp9sxVYt,82
6fTt0CH2t0mdeB2N9XFG5r,84
4R9ATNRRl1uth17i5qDCc0,33
6muOWhMh7Tf0UFUtMDBhUR,78
1HimGOB6BjOaCQYMIF1xtU,79
1JRK7srBWUtAW7dPabKBwJ,80
6UjZ2Yx2g2a52XxiA8ONxZ,80
2xyx0o4xNOLLjBSbOOdcbA,80
1ahVFh0ViDZr8LvkEVlq3B,76
3y3brCCecHC3Db18aIOnny,79
5p1ex0pXv6jSPJ6QbumQpD,30
4Tvw0lweq9l2JPQKFbpbBQ,76
7p4tetW3qNwSCz92PLGJg5,69
18KjYhghq6K3ZmfcewWDp6,68
5icOoE6VgqFKohjWWNp0Ac,83
6WkJ2OK163XXS2oARUC9JM,84
1pfgsjmxVZhoZpeDx6POKv,77
14sOS5L36385FJ3OL8hew4,81
3O83h4LS797N23DpweeRAa,21
0vrmHPfoBadXVr2n0m1aqZ,80
5EpR6BqAnwR9PPl6sIrzGy,64
2dpaYNEQHiRxtZbfNsse99,89
3Kuu5vASpXK8oRsxOvau6P,71
0GRoERSBBky3YgdKW2w2Vc,68
4ut5G4rgB1ClpMTMfjoIuy,77
2xyIwHKujL7tSgkK2Waj2s,62
1rCcsYnmqbMYdkG7kS9GC5,78
0M0FvSNRZmDz0Z769rewlI,70
2EdT0divbyKeaurz7KgPm1,61
5N4erncE7kuUccm7zEmwzk,81
7MRghgE1RnubxFJBfUEPwt,16
4Jwp3yjIQfudmjuctLQlfJ,19
7FjZU7XFs7P9jHI9Z0yRhK,79
5itOtNx0WxtJmi1TQ3RuRd,83
40nPimvmG05WYS7983bawZ,73
322tcqPhma7F6hfCeLisx0,84
0laYHRpNTS6i8FXdupHkJ4,75
43wzy7JxMEfvCh8ZFeZKYk,73
4tCtwWceOPWzenK2HAIJSb,78
22vgEDb5hykfaTwLuskFGD,87
7gvd8xj4QgPqbQSsn5pV7d,80
2SPEg45ZaUFJCg9GwNmRvw,68
1HwpWwa6bnqqRhK8agG4RS,72
5xvUgoVED1F4mBu8FL0HaW,68
0YEsfwQpG7ofdIiHWA0dHi,71
0yVAi0bRRQjgKSrBsnB8R9,61
44ADyYoY5liaRa3EOAl4uf,81
3hc7PLcmuZbJGPjhIore1i,66
4GAFlFLouTialsJv1kiKaC,56
07HPV6hzecJmMJwsIX8YVU,65
1g1Jor1zrllXn2ogj8KGAH,51
2cOpRVjsE4qZLZbFOB47VJ,54
7EGhmltmWJHCHobd3g8Hnw,63
4rkUEE5iTzG0szS8k8QzqR,72
2TZ1apxMDlubCGMsOxcTbT,55
3WefHNGtjexZvi66ZEx9u4,75
1nInOsHbtotAmEOQhtvnzP,73
73qbBlEAcm2HfnAaSnP1II,56
7m97u5zpSWqkDjN4uwY2LP,58
1rKBOL9kJfX1Y4C3QaOvRH,62
4JIo8RztBbELr2gWJ5OGK6,77
2i0AUcEnsDm3dsqLrFWUCq,74
5yDL13y5giogKs2fSNf7sj,71
0LcNMuOiULmxJK3bdHTfDF,74
3q3pZHncNkvIWJebMeuQqQ,60
7d1CFwrBmH34gmS0Hkbfbt,67
0YonII18xBlXaIEy2wd4mh,34
00Z0GIRi0l7WqQnQJCo5S2,75
11dxtPJKR4E0wlSr0A0t47,61
76hfruVvmfQbw0eYn1nmeC,80
0HPD5WQqrq7wPWR7P7Dw1i,80
3WVhkjB7Y4xFruqoCAajBb,75
4D3IIkBWnpL097OkljGnRW,71
20I6sIOMTCkB6w7ryavxtO,76
7HMmFQsKsljwTw8bS7lu19,88
4nVBt6MZDDP6tRVdQTgxJg,80
72Bz4ciRZPBcVSw0nrZDHi,74
21pySLskKIKrhDziCX5ojQ,70
6IvOCyrwW7VuCjQFCD7h7r,51
4KLp7sKY2YCzaSQelZZjZr,62
6E37j4b44JGpdk297urpKM,73
6FE2iI43OZnszFLuLtvvmg,77
5FuqMHyesm7ofmkMFYD7eY,44
2tOOcDDYkh0PSjr6GwPEAJ,78
1j4kHkkpqZRBwE0A4CN4Yv,81
2wWboDFZJPWXVNlHUbdSVQ,67
5xEM5hIgJ1jjgcEBfpkt2F,77
6YXG34IWbilypPwjBTOrUC,67
5Gu0PDLN4YJeW75PpBSg9p,81
5Fla3zyOCcIRqrDoKLU0DP,72
7wVHizRrYy5LCX7QfwsxNJ,57
5PYQUBXc7NYeI1obMKSJK0,85
4WzhjxvLP95y7AMDy0Atwb,78
4tNXntkAzQ5A2dfYRYGIIQ,81
0QVAlchLCx15ZLSoR9Wg1B,57
3Q4WeJmzxuDpzMu9QjQqbM,74
4wCD0qOFNRu1Q6O3N6ycm4,70
51xUartdwQzXmtrwHyXRVp,65
0QsKEPcviDIqoOdtZvbixA,44
5WtfUKzXircvW8l5aaVZWT,78
1Fx9aiORwv0cx5mFEBasHo,57
3yOlyBJuViE2YSGn3nVE1K,94
6I9VzXrHxO9rA9A5euc8Ak,78
1oew3nFNY3vMacJAsvry0S,76
53xAT6jud1w0NqlBjSW4VB,66
1ZhIyWSMyEWkoQCGmEPQ40,55
3je88Q4OvTqIx7BFRFYvRA,76
3QmOiZF7IzJJkHnahh5Ea0,62
1wF2QB0bAAYQdPUIn0L0VE,40
3Nbcx1svCSzmyYG2I81YCZ,68
2YlZnw2ikdb837oKMKjBkW,78
41L3O37CECZt3N7ziG2z7l,95
5tAa8Uaqr4VvA3693mbIhU,79
5WWOmIdScv25SOKm8yknqh,38
7hzlzoOwCZ4D3Ow5YZK4kj,75
7wZUrN8oemZfsEd1CGkbXE,77
0x4GHzCjY5MGQ960CHnVHz,58
4cZ3UsiKd1kUQIaq4BFIj2,79
04ZTP5KsCypmtCmQg5tH9R,80
3K01q0jtSNHeqx5gs97HH2,50
6RjW45KHJ6kgI2xQ1aFa52,63
7pAq1IXYZpL42HchCminu6,56
2GJEMlKxt3GL2rJMOTET6Z,36
7JTg1KbHm4FXeKL8vSmTqP,71
1NDxZ7cFAo481dtYWdrUnR,77
6lanRgr6wXibZr8KgzXxBl,79
3KnjerEPMolLapVo2wdgz6,50
44aN5xKL3kGHvQ5bXVk6B8,65
65YX6qx31L6SOQlrSMGYeM,49
2v00WuRHH1WdnXxlHnyURi,68
6kex4EBAj0WHXDKZMEJaaF,76
0X5p2uVpPIbHIMzyH7ky3V,45
61e03HSUanPGL3M3WSiJgE,43
5FNS5Vj69AhRGJWjhrAd01,78
24aMOBYVHE58Y33RIwkT0L,45
4qEoqyPbLYnLOii6mKlIjI,64
5lz0NiPw32Gq4kMIUJvuw2,56
1rM0CnyUiiw6A9CHJRXjZA,65
744ZuzjXQmoJmOdk2I1ym9,52
6VcKAd94eVxNyudlWN91GH,41
3TcL0dyCMyr0kyTTc4NLgI,74
1UXBbmjIrxjckrbv5EfSVT,59
0hnHoQbEQOL4YUZ4SO6xbe,47
48qKqo6HgIG8VLN4CpYb37,47
4TSxpQC5oY6XBkUSLPYM6G,47
5y6pj7OeBFF0CVgZKhRbOG,76
2n3CaPGPLYnYAvTEwKCX8t,64
4d2xzqxnNCEetIzMwRqhMK,37
33oVWYegPgHz4xes1bYUpk,32
3vrw4MWkszWdFlCmJfpkv2,41
0WSO4MJCg5nCW261pGQHao,37
5AJlZB3pgR7fM3DWTeL6WT,27
38J1ihEp0kRsuRboyoKXhN,26
54NI0COc4wjNVTW9rnOEfI,33
5Xw4HulgAYsJaB9VXOMVLH,37
0zqY0ttERCqwSfgzfMWMNG,37
6orRFPOpyksp2Hgh7KDehQ,47
7Hjr124CfhS8HYAHJitVO4,40
2E1V6nbjINpLpiMaWMSYZ4,43
58HtLMKqU6MOr3cw0P6QEm,40
5Alb26b1yQSaZtNxYKhZFC,52
2y8rZoB5iJBt233kASCihn,49
0q6ku8ljaOYoxs80gYrW8r,44
6uqpHCbXPceYgS4KdzaOdU,38
5ef1YfcBRyWqKZ5t9ZUYe0,42
6RC5tEJEye1m0ilNfzjf3K,45
2JQRlt3HpTCpRvcfDsbwic,50
5LiW25vFN2BzrceU27R8qy,35
6xg61PHNCLvQClEJrT9p0V,31
0CNuwuX6yEMcQYsCnwUfaV,35
0unE30Ni1mCtJ3ouixiwlB,44
34iOdwktu3ZDhujxpsAqe7,39
7vmiKOPQuGBV3Q2z3He5e9,55
0cppqb4vQycORHNMxr8DGd,70
5WEAZtjEufELtaxqYcqCJg,69
4poybupy26pTWPr9zY1i7h,81
5VGBgPVFO3e0lWz4WHYntQ,68
2JtuQZHQAtNO13O8KLQSxE,69
33NUt06BeLIeJyf4YJtGoh,41
2y8iBf0QRqCKFtePi9Rl2H,68
0iwsQWgtjSq2kUXuZwTDAL,73
0L1IszgjzIZRBENyHJTQms,75
5naYe7rLMZcLfO1DKg48MK,75
7lqsmY0ifoZsqBU6DpbCIq,54
5kApwSRDqF5CKclVLw1FBM,61
1mJYgCniedO0tBpAGCL1vO,54
3ZCTVFBt2Brf31RLEnCkWJ,97
1ioqD1XvFGDomjXkKNCBQB,66
2nMeu6UenVvwUktBCpLMK9,75
2XU0oxnq2qxCpomAAuJY8K,100
76bvw5EDyhm1b3dfsOToYG,69
0JQ5MbyriK6ruD3t6RZ7ix,84
7BooBD8k8ABLTFLzgxcT5G,71
4kRT3cCwp0uYEqh4hHvxZS,68
0kF0fz89HNJ1afzJ1IE1rP,57
2kJwzbxV2ppxnQoYw4GLBZ,88
5fmBkJa4mTezkJq8B1TgSn,67
7DoNtK2gVFRwJh0hkHe5wQ,73
4HBvwhhYo7YiYXkUDrOHzS,65
073ILU1C3APNRGF66VhtyA,77
6N29ryH844QydR2Q3ULSdC,70
2ogKhhoMClkFXek7ZgxAhN,73
1mpD5Q8IM32I4bF6eCpU74,87
0G7Ik0gmxJBFJKAmK2p1k9,60
6l7lX8hJXVIUyPrTaabpqk,77
5DqdesEfbRyOlSS3Tf6c29,89
1cL3ucXzG2hj3XOUPIWdvZ,69
3Lp8Xd2K7TwlY32SPvXkvF,75
5i2JGF65pHKSfMEjSMrBC3,77
7vLR7NDAadIXfWjl2nw5Nr,64
2GdxQw8NwoeH8tKySg6nym,81
7vgv8KZBSo0TPzyIWG9yzV,80
7uYIX9O9DY6l1D3HiwHR1J,76
25sgk305KZfyuqVBQIahim,87
0uUNN1nSoUx1A4fkDCWDQ7,83
3gJ6t0HKTMto4Aq3sXJVk2,62
2wenGTypSYHXl1sN1pNC7X,70
3g0mEQx3NTanacLseoP0Gw,85
2gMXnyrvIjhVBUZwvLZDMP,83
4wopYJ5wpYOM6ogm2Jugnw,70
2I43coEbzFSTMGO3kCjLMB,10
1D1nixOVWOxvNfWi0UD7VX,76
05SBRd4fXgn8FX7bf8BCAE,69
0xMd5bcWTbyXS7wPrBtZA6,65
5ka2ajep9OAvU5Sgduhiex,70
0QkWikH5Z3U0f79T9iuF6c,56
5sv9s4Ru1FbFv8BnNr3vww,23
1uXbwHHfgsXcUKfSZw5ZJ0,75
4h8VwCb1MTGoLKueQ1WgbD,84
4RXpgGM7A4Hg7cFBoH5KyF,77
07nH4ifBxUB4lZcsf44Brn,75
6Z8R6UsFuGXGtiIxiD8ISb,77
3LlAyCYU26dvFZBDUIMb7a,72
5Sf3GyLEAzJXxZ5mbCPXTu,76
7IohFKIwrb75c4XaqX7WWo,60
3cHyrEgdyYRjgJKSOiOtcS,76
7EQGXaVSyEDsCWKmUcfpLk,73
4QNpBfC0zvjKqPJcyqBy9W,79
1oHNvJVbFkexQc0BpQp7Y4,69
1MtUq6Wp1eQ8PC6BbPCj8P,73
7lxKUx67JrEoxjayHCb0Xr,48
3gbBpTdY8lnQwqxNCcf795,70
6BtmXhTJMM9sBTHeYYASGz,66
0sf12qNH5qcw8qpgymFOqD,98
6TfeXwJihJRuBW3mFpib6J,76
0eQJy4VAW7AkhKIHzXx3jG,67
60bUT3XY15CTg8ZRNrSbqO,63
1Ff71LUQO0KBk5Slu3K6Vu,70
3gicyfiEVMGONgzygpWjNT,73
1e9oZCCiX42nJl0AcqriVo,90
5VkHTogGhpdkLv0bOtlVjt,35
53xSIYBcFnltfPf6ZyQ4je,0
5PmPW1JYDmwPtamsOTgkzu,0
3ouugfdFz6exFXUxu7wRvD,65
1wFRkVclQWfMQQcaVLjmBE,60
5M9kio8FEFiNKyTDGqksy2,49
58dRar8dH64xLu0Nw339wJ,45
7einafMX858EoeJpqpzz7R,38
3OkhW6KkSI7CUdBkuKPldQ,40
1x8IGM8FYl6uqn806QWdW0,42
42Da622nCy4WpuIR3cO2Ue,38
4GMCZUi6cVQJ5wPWwJ36rW,55
4dCF1HnN064YMR6b8t85wL,38
1rs92hJj00BrqjuyroOv6g,38
3jzsSb4XeObErKwaq11wtO,42
5JsnpXdskRuuncQD8VNFG7,37
6w2Jll6iJTKVst9x9VCdlx,37
6GH9BAxbNjCmBVTh8wUxkb,42
25HI5hXVP2pbD5fF9TdKPE,0
7xo14jx9x5AQZtEHUY1OsA,0
7C3rfIBnbBOyRl9J9V5dne,0
1j9WiYut0demY3Md2B4gcV,0
3pe7reLGU42Wemf4UMjrYH,0
1kN9NWN4usLoogG70iJQuN,0
14PCAzWN1tK8zTDZoWv76M,0
3ksHcN1MdKel3q3gvWn0ej,0
3NtDqzqX4xF5ZCf5Bvr7NP,0
6YhnPGViiGL970zCcpg3gh,0
2V98yEHrGuNclS6TRmuVfG,0
4HSD7R7gdVaprM52HQbAkh,0
5LJIg1xBUJ4A4pMm25YkVj,0
0LQPolEDu7pkJnIIAnKhE2,19
6oOmH4d2nUgsDqb8T3b32Y,22
1PIEN1VajHbFGWTD6GB6M4,28
11JveNq3GfTOMwTglV1MPK,0
1dNuytXEaK1gpZMOJHuJxC,8
7j7r8g91pMGpIqzSR7mcWt,0
7MyLZa5CPNFFfpqDXkZZmW,0
2soeSOXg6lO7NA1crYT78x,0
3CzB4Vtjldto22GYhSi8G7,0
7hgQ3cGFUjVmQRWvTIabs5,0
2FTj8pmH8Knv821458tZSq,0
52UKAGhxfKuctrJOpymVtr,0
3B0LP4YpvtPNyLV98I740L,0
6x3kWTpIhi8Rrte9BrYWJ5,0
1nIi1HOE4MdaoOIBVGabCg,0
3U4LgrkH4QBt2rv6hyUliD,0
3TIJkJgwWSAXb8zyOV6q5a,0
0gYkWzRcwMTs9YXWl0Rghm,0
16lcrdbVr0n73F8zYcGAow,0
6Qrb0gtCCZoL6hZDJOoRmo,0
79xbVOzorykiNjTB6VV6zx,0
6KxWEKZT63q9ioV38MuZxZ,12
7xdIAQ121eRRfprV8IZQGd,13
5t3KWr8w3yGrAUEqCfizlD,27
2dpy9FSzqKGLZfr0JJZJWl,31
6FaHStqRlwqJc2mxeEuFog,25
5M7OvJqw8FvIr4jLJLwCi1,44
2ZfRaS9IbIDgMXAc2j4KCS,43
3xVC56rIYsxy1bMuf5ijpA,42
1bOoGwUyHrkG1DqQm5GPMa,38
3ZjnFYlal0fXN6t61wdxhl,59
7iko4woUrA2MbenSv2UaM7,45
7EbUzSDb2R7EgyO3uGN1Oz,44
0ZJuph19Yj6fruShoU5muF,37
2OYTFaOB4D1bWLXaT5mrfH,50
7qZdLKPA5TXDxpd10AGpf0,49
4erEEDn3ePjsUycruIf6My,21
6hNb6q0DhKIV0hwscYGVC8,31
4DOC75w7NMw8bsiVQ7rw4S,29
63QPrB9P5VoLNztjlSep0G,37
6B4HHb1bgnSiNHOyub6Vqq,20
2FmCupFDdyGlADn2sDsHZD,31
4j2Z0fivH9kDUhqG69Z3Aa,51
6qTvF9L5uVSx4F1C5gTLjx,38
2nZH4dHaL48ljy2uBLZWTk,38
2cnHXrjjom19DW3sbZ8jap,32
59CvJK1sftyil2pvJRayYp,13
0wT0uzGiU6KlN83RLtLS7g,13
3BiCACahsj2ast2ni4X8Iy,16
77AerlmvC399D6kF731DTQ,14
5PGUEbAkoTqUp5aUysRQJe,0
0GE84jMHPkH9GfBh67DyYL,0
0RQEDIV1tgkz66llhdUqJi,0
5d7o3xXERxQGzqk4oMBeiZ,0
2rBzfaCpJzGjZ0sXVwoiAI,0
6sNs67OYo6O7HBVwr0ugl3,0
7zHRcLHhkdkVDSwR0CKdLB,42
73IFtNOdL6gTXhQzvR69b5,1
3dcpXrvJczwaALgcy8f8IN,0
2L9LE3tQ97iouD4ELWCH8n,0
0QDTcZ2mK5v9KQbfG01jlc,24
1ZH8NFVtXb6K6zOsAnlyOF,18
26Fyue2izXj2tPUYOO0WhC,26
1UX6IpGYtIOP7J40NeY5pp,16
1hWrl3T1kIH5b9zRHLfCOn,13
12qZHAeOyTf93YAWvGDTat,17
74Zp9QiDrFZpBV949AMbUs,3
626yIpah5wJb9pcja3QgO2,1
4UuHWIkAWnN176A2rx7YFB,59
1rfofaqEpACxVEHIZBJe6W,84
3zkWCteF82vJwv0hRLba76,77
2fZQIJew3nkNe99s2PKzul,73
10GJQkjRJcZhGTLagFOC62,76
3OtMnyUaiipcAT23A8liyi,71
4Ro98RCK90oHqqSZUnTFq5,74
2zFF6jG5hQArbzcXz3KUWk,70
09CtPGIpYB4BrO8qb1RGsF,81
1u8c2t2Cy7UBoG4ArRcF5g,78
3QGsuHI8jO1Rx4JWLUh9jd,83
6ZANrVuAMp2rpjhfbOuJly,68
3e9HZxeyfWwjeyPAMmWSSQ,87
5jrdCoLpJSvHHorevXBATy,77
2DpCdPMg1BADE4HDnxt3Rd,59
3E7dfMvvCLUddWissuqMwr,78
4VrWlk8IQxevMvERoX08iC,79
34oB5r0lcN3fYWCs2uA1k5,70
5T7ZFtCcOgkpjxcuaeZbw0,72
2cOUlop2ZakjOKe4WinesN,77
7BKLCZ1jbUBVqRi2FVlTVw,85
2y4lAQpi5VTNLu2ldeTdUH,77
2qT1uLXPVPzGgFOx4jtEuo,83
7fa9MBXhVfQ8P8Df9OEbD8,80
036GQb6SETOJJG8BxJTNxc,51
32OlwWuMpZ6b0aN2RZOeMS,82
5EbX5xL3O2xT8FxCpYzgUO,70
7ef4DlsgrMEH11cDZd32M6,85
6QicTxeiSaRkPnkGDUvYOs,59
3qRHCvn70YpVFFkx3lrAYf,62
5WHTFyqSii0lmT9R21abT8,85
0lYS1tJg3r6ATe9bRPB0Hu,61
7vGuf3Y35N4wmASOKLUVVU,81
0tBbt8CrmxbjRP0pueQkyU,82
19hh7DkfRBrpRGYfKlw7jb,66
59mrqUmhpmcfUns8BKkV30,55
4RCWB3V8V0dignt99LZ8vH,80
3U4isOIWM3VvDubwSI3y7a,85
7xoUc6faLbCqZO6fQEYprd,79
5uCax9HTNlzGybIStD3vDh,85
2habSXqcJGExM6JJyskY7O,21
2MfOcbtgz2yTsiznFmVZUN,66
49FYlytm3dAAraYgpoJZux,80
7w87IxuO7BDcJ3YUqCyMTT,83
3cfOd4CMv2snFaKAnMdnvK,79
7iyKbBjb2fmTnTfCjCh7ER,61
6GzApXoBQiiAjak3tOQfV3,77
3C0nOe05EIt1390bVABLyN,68
0kzw2tRyuL9rzipi5ntlIy,82
5YhAAlelWek228jZzxgEfr,55
3KkXRkHbMCARz0aVfEt68P,88
24lMtPOCzP5g4hrg3NklLa,20
0mUyMawtxj1CJ76kn9gIZK,76
6e40mgJiCid5HRAGrbpGA6,76
1qDrWA6lyx8cLECdZE7TV7,77
0aOluBqXYd0rFSCsgDyAWX,24
6tXjP6xgPJ7Xr1igrO6bOE,17
5XsMz0YfEaHZE0MTb1aujs,26
0qcr5FMsEO85NAQjrlDRKo,75
5eWgDlp3k6Tb5RD8690s6I,12
7uolkTLavH97itenLjNmx9,3
1awcbkmzafwSmo0cgyMFio,2
1HNkqx9Ahdgi1Ixy2xkKkL,84
5unfeZUhKhICP73CDYBW4N,10
0TDLuuLlV54CkRRUOahJb4,79
1sYSP7gKa5kdKIfhANfori,69
5Hroj5K7vLpIG4FNCRIjbP,76
3dYD57lRAUcMHufyqn9GcI,80
4l0Mvzj72xxOpRrp6h8nHi,85
7GCVboEDzfL3NKp1NrAgHR,79
3jjujdWJ72nww5eGnfs2E7,88
6ocbgoVGwYJhOv1GgI9NsF,90
26wLOs3ZuHJa2Ihhx6QIE6,77
5p7ujcrUXASCNwRaWNHR1C,88
2BgEsaKNfHUdlh97KmvFyo,83
1rW6UUZRQWW34j4zCQDkfX,39
6RRNNciQGZEXnqk8SQ9yv5,86
4e4fqjx0Izh4svvTef1z7e,71
0prNGof3XqfTvNDxHonvdK,73
222B3aljXx6fFwKmFjuBED,76
0gJvqi9QyASOCtJu99tytc,71
2U4tbK3U9DFdZvhLNagF5V,71
630sXRhIcfwr2e4RdNtjKN,74
6kls8cSlUyHW2BUOkDJIZE,88
2BWWsCwuHAZFE1scLyP6Qe,64
5BHWQ78pw9yIjIWa6p1z6G,16
1wjzFQodRWrPcQ0AnYnvQ9,83
3fuC2ffmtIWdmi86asWZj5,31
1BZquLvuXZMig4HCDmHCI9,0
5mGVGSGpyrR3FsFnYQTWyh,49
1ydmI439o0pHe0e2TLpHUv,0
7uzmGiiJyRfuViKKK3lVmR,81
5EnCFISDzoIMWMaicJxxX9,50
3DmW6y7wTEYHJZlLo1r6XJ,74
0AkQbXGN4KG34TS7xLrM68,72
6mnjcTmK8TewHfyOp3fC9C,15
1Je1IMUlBXcx1Fz0WE7oPT,79
6aGjEZ7kq3YXgD0EDt80O5,70
455AfCsOhhLPRc68sE01D8,74
3MFQiTzOI5txaTQlybipNx,0
1mQRQlbf1nXbazPEuSyij8,0
7hFFPcCgh0IAW2lQSm8qyg,0
5zTzDqrEmseqL2G8ElgBu7,14
5jlsg7onynIipVy5krMaRZ,64
2fQxE0jVrjNMT9oJAXtSJR,69
6epn3r7S14KUqlReYr77hA,76
5YY6Z7YnjGOPxYy8ooZmLC,51
1Vk6binioVDRup8aSqS53T,0
1rN55j78K87LEfRKZsSFYm,1
4JaLkM90MJutDAl5jD9BZX,67
6SjCa7LhEpPNiCxe3bLln4,59
6kFPBOtSOIlrleJNkZ6ESF,56
00OKDIsSQbx8rd5Al7fKNw,33
12wSL3tGk3MtbDEhfG7xy3,58
5RhxBpoCwX2vLBcSJzYa5j,52
2eKYRRrNhXXr7SSzE3X99F,55
3lGogNtjAv1C0PHCxe3oyj,51
03yWftlC0np4NshtX9RAUy,55
6DswnRwL3rihiXeTGYPZ2m,0
7gkqWcT5ClmJC6pjKNMrpW,41
3Ij3K23D4G2bceNtgxlmLn,47
33CRyMYBzFaiTfqF9aXjIg,51
4DTrKnvkHtwQN6kBu4XXIF,66
6Z0F3Mqj7tq1CBZo5qMlUg,58
6pwQEpLOlwclrsjgEOHEp0,55
37Q5anxoGWYdRsyeXkkNoI,70
4qexD6ObR5nzpFJNpvQxIr,62
2E3QWynzpQgo1PHsVIq7ao,56
6JnIPakIq3nMFwCmjuxixG,48
3bBknFVxhFjBIFX91HcneQ,53
7q0aQpiLv5tIsupcgQ3Ny4,67
6XcfKZvJio9Z0fQy11GnNX,74
0RAWnqcWbkXp5XJlTGH3Si,52
1N7Aep1OewK9diaN9WbuuR,60
1UqhkbzB1kuFwt2iy4h29Q,70
3U1TuSqHIubBA10cVP7Sk6,68
2usxQITOSDqvkYiI0oIwao,86
6HYjvr40KaQCZXdDv5vhrs,2
78QR3Wp35dqAhFEc2qAGjE,84
63cd4JkwGgYJrbOizbfmsp,31
6nUIkq1NXj5AUQwdrMwq3s,3
1jVqz3kYRpy9DTmtgJ4WwA,1
0FZ4Dmg8jJJAPJnvBIzD9z,83
5C5dJBpIYjqKjAsYRO6Ypn,1
2Uf5NuVf3EKE3uuSqYFCnw,4
68wQyJJHCqzpP4qygn3qn7,5
1wJRveJZLSb1rjhnUHQiv6,85
19IyokUbppHwGcDJOAfHS6,3
7dt6x5M1jzdTEt8oCbisTK,87
0NzPjQlqN0zsj3R4zwp5ij,0
3oh6SCCeLuXhFpEyepla6G,78
1O0JFJ4RCWcKM4DjB7h3Dy,1
2t8yVaLvJ0RenpXUIAC52d,81
5ZmkVc8fMPzmDJCEtn9f6z,5
75VUdLOrm9c5H1FB7dIldu,1
0PG9fbaaHFHfre2gUVo7AN,79
4w8niZpiMy6qz1mntFA5uM,83
1NdII08SJOCkWIYKZ8wn39,0
3Ol2xnObFdKV9pmRD2t9x8,81
2xLMifQCjDGFmkHkpNLD9h,87
2tYm3tFCc8aXMlZ3pablEB,5
2IRZnDFmlqMuOrYOLnZZyc,85
6FyRXC8tJUh863JCkyWqtk,79
3Y3gChJoEUTqrtuqJCIPQk,59
4DvhkX2ic4zWkQeWMwQ2qf,68
3Zwu2K0Qa5sT6teCCHPShP,76
1etiUDkISHELzQGMY79ryt,66
5MsZIaCYY6Tsdph0LiB0hE,60
1mea3bSkSGXuIRvnydlB5b,78
53AuxddsgPSlqM619nJhSd,62
2LEF1A8DOZ9wRYikWgVlZ8,73
4gbVRS8gloEluzf0GzDOFc,76
7BrsBU0BAytRDvROM4yCbn,11
5VKSZDsidOFHrtlJb33Syo,9
4VgEM12OeaN3GyBV487Me7,67
5GorCbAP4aL0EJ16frG2hd,74
6TfBA04WJ3X1d1wXhaCFVT,77
6L89mwZXSOwYl76YXfX13s,79
0CAfXk7DXMnon4gLudAp7J,79
1DqdF42leyFIzqNDv9CjId,71
6Ac4NVYYl2U73QiTt11ZKd,75
5IMtdHjJ1OtkxbGe4zfUxQ,71
7ewT0nLFkMD8ONbRibePr9,59
5PUawWFG1oIS2NwEcyHaCr,69
4qSsjDGXplb6422X2INvFW,50
1zB4vmk8tFRmM9UULNzbLB,85
6nTiIhLmQ3FWhvrGafw2zj,78
04aAxqtGp5pv12UXAg4pkq,79
3Te8uLyit6X3ncNW8Fp3K2,73
2iUXsYOEPhVqEBwsqP70rE,84
6N0AnkdDFZUetw8KAGHV7e,62
18ESXa5mEm1V4Pkt5GSXWx,60
00qOE7OjRl0BpYiCiweZB2,67
35k31HZI4z9PbBOioaI4dZ,66
4CJVkjo5WpmUAKp3R44LNb,27
78lgmZwycJ3nzsdgmPPGNx,77
64yrDBpcdwEdNY9loyEGbX,75
3kZoay4ANo86ehb6s4RwS9,69
67hbP9PFQZrb4XZc3TzB0s,59
4356Typ82hUiFAynbLYbPn,78
4DMKwE2E2iYDKY01C335Uw,74
5WpNa4vUaruzh0KISY4NkN,50
46RVKt5Edm1zl0rXhPJZxz,73
16Of7eeW44kt0a1M0nitHM,66
2Z8WuEywRWYTKe1NybPQEW,81
4G8gkOterJn0Ywt6uhqbhp,73
7s0lDK7y3XLmI7tcsRAbW0,68
3znPiywA0q1VK2jgAZFDoI,64
46Kcradxrva9Dny4lHU1b3,68
6Qn5zhYkTa37e91HC1D7lb,81
7HGTkn2aX7MNdKs7nV2xBt,69
7LcfRTgAVTs5pQGEQgUEzN,70
0IkKz2J93C94Ei4BvDop7P,67
67wABU4SjBlnDHB0KiU3HL,51
0PdM2a6oIjqepoEfcJo0RO,74
0gV0Ogr3400hgZrWOG7Di1,61
0upLyFR8Rr52ZpMp5esQoq,64
4aVuWgvD0X63hcOCnZtNFA,75
43eBgYRTmu5BJnCJDBU5Hb,61
0PP933bHgvV0eD19dG3ms5,19
27L8sESb3KR79asDUBu8nW,73
4BP3uh0hFLFRb5cjsgLqDh,80
7azo4rpSUh8nXgtonC6Pkq,68
5qFPs70nZD1fQZOi7u7cIZ,54
1Mxl69ygEVGdc155dYiHmr,46
3ctoHckjyd13eBi2IDw2Ip,15
3KYiA4vq6RPO1dE2XROXd8,16
66S14BkJDxgkYxLl5DCqOz,74
7HX9f8AMBl0vQxAoAzLqhS,66
6t6oULCRS6hnI7rm0h5gwl,70
0i5el041vd6nxrGEU8QRxy,70
3528IXKpbb7OMjdjWYlbfD,65
57bgtoPSgt236HzfBOd8kj,81
1fBl642IhJOE5U319Gy2Go,68
0XIvZ82aDF7JiSi3ZE320u,14
71SvEDmsOwIWw1IozsZoMA,71
72ahyckBJfTigJCFCviVN7,70
4ECNtOnqzxutZkXP4TE3n3,67
59CLe8stbcx4XYBWdsfbwK,55
2xYlyywNgefLCRDG8hlxZq,44
49rpdsNYJirTTf6p6mMvag,64
2bL2gyO6kBdLkNSkxXNh6x,75
7M68YTelBnT9P1eO1idOOs,58
3FCto7hnn1shUyZL42YgfO,70
1RwwmiVtLAtPmxAqKVfwgG,53
29hBRadFZf9QTGRHZmxm65,69
1hlveB9M6ijHZRbzZ2teyh,73
0YPXkQthLWrhNGoKTbwCJ8,68
7hQJA50XrCWABAu5v6QZ4i,75
1QEEqeFIZktqIpPI4jSVSF,78
1OOtq8tRnDM8kG2gqUPjAj,77
31AOj9sFz2gM0O3hMARRBx,81
5dRQUolXAVX3BbCiIxmSsf,70
5Q41NLTmGbVPozwHKK7bk2,16
08mG3Y1vljYA6bvDt4Wqkj,83
0J6mQxEZnlRt9ymzFntA6z,24
7DVzPVfsZsItLxOBPrz5Hh,35
7lQWRAjyhTpCWFC0jmclT4,80
1D2L6MefbXon28PzIk9I3r,74
59JtQ8mThUAnRGValaExhc,62
44anLRFhwsFuwG5T7JvOWY,47
5cInnHweXJJrRsHxwihgkK,51
3CQqY9BxLZE6HmieR7fvNM,64
3MTk8zTFCHgMei64ycr6GH,60
7sJwGtoWgkVRwzujlyT3cp,55
2hZX3Q6LFqTqfKowIthBhE,41
1jhKwtdCZ7qFoTYTtZQxxB,39
18nA47glcIiZkFJZXghTnn,61
6ZahaGPhyiXTi1pLEtGM6e,66
12wAQ0HNbJWVrVJA3woXDb,61
1ydOxBgLmEMfWffu6t4H5x,69
4IhKLu7Vk3j2TLmnFPl6To,78
4L4c5BHrDWFucpAv8uO1kr,26
4NfXgo4x0UACKhLL1RkTnE,16
75ylrnob5O80WTKi9ugZ1Z,72
3j6UBmJfSgecyUA2yXQF4M,33
1qbXrxctv75pm1lWCn6Zw3,71
610Al36tfn77Ywq226UZ59,12
4ccKliPoo6GU5qCVbss4rt,38
6PFyGdWw0qnstR8KJAWrrr,71
4ghhaqVoXMuoruwM4PfJl5,28
53HUxlAstNtpgKVU6VV2JL,14
06ZIzHhJFWf0mDyEylIPf0,52
0lchLc0vSyRRqKSPIkFtJI,66
5Dppch79zXwS5tby41izQM,42
0cVaY6PNGxCPi1gOIapr26,46
3mTEYjm3kIm4YzJ5zxJZjs,59
4I7JZeUvLMf83q6qIztQB4,45
69XfuvMn6utux2Qd7uSyrA,24
6Fqt1uyiOdKrCCR3mBSGTy,31
3kE5NmMUCPLw5sbWxUQToU,33
0ruIkQUmeazYSLkoNQOTJv,34
2uN2mZSuco0qklwUJgvwwd,36
2y3urHFZrNxndGp2tDKgoG,33
4Kfz0zXPH8VcZyqKX27xQU,40
6IeueXSreqvmsS724iNuZQ,6
2dgrDGAgqmV0bPKKz7sWld,29
6yWj4eeqBg8krCLRleanPG,32
5lBP49wdNHz8eMTIbi3bfb,61
587KkUDbQ0XHigC1fdFOFk,51
6USr5TbC0KUgCgj540HWwS,24
0ulX0SQ58c1OGrwya6AnRB,55
0qBug5X3DaJv2zgXtp55wn,58
19BYIOXaBbcvnJYNWKRwqN,31
56LdO5geVLy9oOezeTT7HW,53
3IpYb4BekvsgmZKwI2ZDu0,61
2deLi2PFpCOYv68KuFmiFW,23
77o1HdXHm1hLd7Ebe9ygd0,66
6cjSh516BbrNUs213jDAGm,82
7hJCwbaLSp0cDraXG91oAW,44
20JtELGPfOAMq7FpUt8eSM,62
7KQ8sdFIWCCDXIcQDEeuzC,44
0BlcnJ36zeJTr1wn2OCYnt,45
3IqwOIVNLdBs7av6n8Plrt,60
28z5NTRP3n4O0zkZ5WY2sZ,57
5jR7e3KPKVq54PC63Bcgky,56
4PMLEEYw4mblYsPlDSHKyu,67
37ihcbpKwRGlZqmSeLx0Gx,44
4JV1uisNtkANI5qsIv0k7n,64
0rbUh0I28jFr3uXf5MOXEU,36
2a3dopgTF1q4rMVDJ1rwBU,66
0UFIw542loJPZV4q8pFqdT,52
4nKVDs33yIuL1OhOBfzH65,42
0QNmyQRKrAZ15vdi9QUnXp,34
2x3HyOx0Jd9MnlnAQRtIL3,74
5IHtXUJu5Wqu3vwsjSzWBU,38
3eorMV6czNJXcThtrtVpxf,40
77OweUKV2752QnHqq9mMOE,63
71Y7iZlkbQU9dyflFPJDCO,47
7w8ny8jC7EtDyl5g35JmZX,38
6FtCJnJB1NefRXvOTOPsop,51
3zjw3EZfvgjuR4AQhVlNq7,61
1MijKOgtIl3uK70qYrZnoy,63
3KZbkri5QEz6VUUzk8PrgF,38
20hGTzgOu6U8WPgYg9AtXr,61
3GRSqlALWISqLeNncZMbpX,85
3AHqaOkEFKZ6zEHdiplIv7,73
7EGAB9F26KVQ6TQCy4G6eW,29
1xOk2APOzMfBBGUpMIUgve,27
6k0eaZimYD82ZfYXxg9s9E,46
21Inw73u4UXeKZpdjYNvZz,29
7ojcE2P8pXoM3lB5DG5iTy,24
1xNJMrHwYGKX4esmYxkPUY,51
478J9iKJwF4ZGOFYEYz8s9,19
3I1dBcU36DdnR9cjK0li2I,38
3Ae2o4djhhgBJ7R1gkJpZv,48
1aorpj6PO7NFDjWwDF8AG3,32
1F4d5gMbJu7JIINZUqRnS6,36
06wxsDleir1dIlqeNv6m2M,30
78yJRJeR6frnaW4C2UdrQF,37
0MB1SdL3rOWOchIQOSOmAu,30
5x5JM1BSB6vollcIzDocqT,72
1YaVmBh7EAeR54FIjuFcb5,63
6sDP4912wjwB7BJhbSnjS1,65
0SiywuOBRcynK0uKGWdCnn,78
6FB3v4YcR57y4tXFcdxI1E,76
6naxalmIoLFWR0siv8dnQQ,76
45hOioMDJktr86iKDHC8gr,72
5InWRmnfgjVwQWoXHNBATu,62
2dLLR6qlu5UJ5gk0dKz0h3,78
4LyvsPgJtjUQQtw0FJ6Jys,67
2hrUO4drrO63i7FYbCLBl2,69
4w1lzcaoZ1IC2K5TwjalRP,76
37f4ITSlgPX81ad2EvmVQr,79
6otiaV2fagE3s8IvP6WkwG,70
1JURww012QnWAw0zZXi6Aa,59
6SpLc7EXZIPpy0sVko0aoU,71
0M9VqYG0wVun054JIdwFO8,59
3MjUtNVVq3C8Fn0MP3zhXa,75
1QV6tiMFM6fSOKOGLMHYYg,76
2OsEJFTfzfjG4oC92cuP2c,62
6MmGGt46TqCOVFHuahd5Ai,59
3SMxd9vNy41n9Xk4UFw36S,60
4bb2UdCvi9LynD4rWvE06T,56
6YoYLN155MLavQcl3bHmvY,55
4PFAm88FBkY7IFtvCaGctZ,61
1mKXFLRA179hdOWQBwUk9e,80
43H3q2NWT9LCuYS1B5IUvV,61
0KztjtD3ytzgYjUKIVfBnW,62
4cluDES4hQEUhmXj6TXkSo,78
3DamFFqW32WihKkTVlwTYQ,78
1hGy2eLcmC8eKx7qr1tOqx,77
4HlFJV71xXKIGcU3kRyttv,82
0qOnSQQF0yzuPWsXrQ9paz,77
3S0OXQeoh0w6AY8WQVckRW,71
4llK75pXNWZz6KAho2Gp16,80
7x5xYW5W42OGPAdHUyyguy,73
386RUes7n1uM1yfzgeUuwp,73
2CEgGE6aESpnmtfiZwYlbV,77
7lWUJpax919G4JdaFEVmCy,61
1lkvpmrCaXK8QtliFDcHBO,71
0K1M6vTh1VvhwtGgQj3uNq,48
4Oz9NAlujs00kYGL4WTUNw,49
3ZFTkvIE7kyPt6Nu3PEa7V,80
6VrLYoQKdhu1Jruei06t65,69
6M6lsQB4OhqL41eld29PeC,65
7xWbvQCz53GlVL4xSXKqPy,44
4g3Ax56IslQkI6XVfYKVc5,18
5u7JGFtQNT0Zj7TOykBS7s,50
2WfaOiMkCvy7F5fcp2zZ8L,83
7723JnKU2R15Iv4T7OJrly,70
6HA97v4wEGQ5TUClRM0XLc,24
1eRqy8jW4ZLMJR6dl3xsgI,17
5QRAfvKPyQpwt897Jc0glg,64
4FP0feSGbkdt7DfT6YTM69,47
1TfqLAPs4K3s2rJMoCokcS,81
2WpCr1ls4bjL54NAcN5DAA,56
0dCr3qIupWh36ilLjRHi4P,13
0b9oOr2ZgvyQu88wzixux9,76
2ypT0w7jeCwcEQQvNE5o92,11
5OMwQFBcte0aWFJFqrr5oj,15
6RX5iL93VZ5fKmyvNXvF1r,72
3JA9Jsuxr4xgHXEawAdCp4,70
0tBRo4P60DgKmg4jt48upm,7
3TjgJxFacZYhKorTBvL1xf,22
5bPvKo7mH5ZETLSbdP1oHo,54
3B23etXBXxq1aCmFB8dby9,53
0TwBtDAWpkpM3srywFVOV5,69
6YZdkObH88npeKrrkb8Ggf,72
1dzQoRqT5ucxXVaAhTcT0J,73
02XnQdf7sipaKBBHixz3Zp,69
5P5cGNzqh6A353N3ShDK6Y,19
44XBLYMVEt5vJcb5qXfQ7V,8
70vvnTUamBXOc0vRk7BBDu,55
2Y2ud3awMZHDxOCpDebiv3,15
5BoIP8Eha5hwmRVURkC2Us,64
6xCNYRfzZtoQRo1xruPmNq,9
5YuZQg9r1qdAgF86TnrIHy,5
7pNC5ZIKtwUK0ReSpM3P9f,64
2Oaq2Q6JFS1xIXGL9TVryY,55
5vlEg2fT4cFWAqU5QptIpQ,72
6G41AeVgQkpvEbTxN5fNkW,57
636vdFAufIda3oSxnafrDI,3
7LqjznQwfrax7MjQXmxqdQ,65
0azC730Exh71aQlOt9Zj3y,79
3twQx3psUMJKj4wna5d1zU,48
76P07ei8drjrenqtvDbefy,0
0ofbQMrRDsUaVKq2mGLEAb,26
3wPPWcVuinAU7dXcJXtCID,67
1sfHrhNl6yvVsPlbh3e7fg,42
4J4fFMrP25pj6uKOyTIpcG,0
1waTVUMM4yAMG09Z1kw9LU,0
4KuS9s0fuqLznp9AJTqTm7,55
0SmGNsRrydgF19xlWl1UpB,28
7lMolzqOLrv0J0R8yjy1cU,23
59h79itmIRXyUXemC3z9Hf,8
2MDEiwNwrXkZzx0LRjcF3g,11
4m5n2dnmOyaMJhrivbJWRt,50
0idc0XRnLRovVqpWnGQ6hC,14
0tICYNayWWhH9GPeFrfjfD,20
7ltEDsGu3Zggmpay2RFCOL,0
3ybxat8TsO193VjQKjo5aM,10
5HFPfp2p6V4pycGKaIMlIH,52
0Dtwxkkn8fJKtqtea7fd1C,34
67lnQ6r4oWKZcM8VxSwHq2,6
4jLjklc4xQOqKH4SCWFIfj,24
5rgy6ghBq1eRApCkeUdJXf,75
2NjhV99ncY4A5lSkTHvTtU,55
2SDx0PooHZI1SQKR0y44bs,67
00lNx0OcTJrS3MKHcB80HY,14
22wKQbMH8n7wZfso2VcLJL,57
69uxyAqqPIsUyTO8txoP2M,74
61dCUoMCg28qEBzrW6htYM,70
0XzkemXSiXJa7VgDFPfU4S,18
3RiPr603aXAoi4GHyXx0uy,77
3dhjNA0jGA8vHBQ1VdD6vV,80
6nek1Nin9q48AVZcWs9e9D,77
32DGGj6KlNuBr6WaqRxpxi,17
7bre6yd84LZ6MFoTppmHja,7
3fCicSFX1SFnFK8sfRdArh,1
7ujx3NYtwO2LkmKGz59mXp,12
0zMxL4BTjSqCsUtfdlcL8G,4
3gVaOBlP4CaRqfUttZ4Avd,1
5hsA5ceZSbJcb0JKrIIHEo,0
05bXOQTUxou0BaZ6XteJo0,6
6rZssCJPEdQnyeEdNLKsr8,4
1vffte5WTHIik37ePfJdo4,10
45oDOw8InylWBtszEH8pWm,1
4qEwtfyeCZkAsqLIkSFxO3,2
2WRFD9WczJ975X2K1Y9YVs,66
6kwAbEjseqBob48jCus7Sz,72
3gNNXc7GUgKRPR15W77eDR,14
6CO62sXA0V1JhdgE7E2VeW,5
5afHIkEcVhCF1Z1CTqMUXB,19
085XpQzAKm4nAfcfRp2get,4
7FESgYLcOufHqKlwrvJN60,66
1WGUqMaTj8MN7QYZErtsVv,0
0xOsIqxmLswEsKFGLwE5c5,0
3CRDbSIZ4r5MsZ0YwxuEkn,83
1n0VqMms2yoTGVvunXenQA,39
76cy1WJvNGJTj78UqeA5zr,82
2K87XMYnUMqLcX3zvtAF4G,76
7JJmb5XwzOO8jgpou264Ml,82
2P91MQbaiQOfbiz9VqhqKQ,79
5cF0dROlMOK5uNZtivgu50,82
6Qs4SXO9dwPj5GKvVOv8Ki,87
72gv4zhNvRVdQA0eOenCal,73
09IStsImFySgyp0pIQdqAc,84
1JbR9RDP3ogVNEWFgNXAjh,74
6gj08XDlv9Duc2fPOxUmVD,67
27SdWb2rFzO6GWiYDBTD9j,77
3W3KtDwAIg3mAruSpnfG3Q,69
3eng6TJxpqjvDkxRpnfnhB,80
0KKkJNfGyhkQ5aFogxQAPU,82
4NiehSBQthimPzRsVeOgCT,75
0PDUDa38GO8lMxLCRc4lL1,78
1rqqCSm0Qe4I9rUvWncaom,86
7F9vK8hNFMml4GtHsaXui6,74
5Z3GHaZ6ec9bsiI5BenrbY,83
6ie2Bw3xLj2JcGowOlcMhb,73
13P5rwmk2EsoFRIz9UCeh9,70
7jEyX4bqaCSdMN4D4JNnVj,74
3BwR5psKNxcyqWoc80eOuq,54
1NEV2pt7AJSHWadhfCZ48t,5
1CQ2cMfrmFM1YdfmjENKVE,69
2NjO87HyT80fsgejd3PLYW,74
1RGcxEKlVL5TSMHqV13etr,58
1mXuMM6zjPgjL4asbBsgnt,67
6tS3XVuOyu10897O3ae7bi,71
60XMmxciP1qewvkcD16qKQ,53
732x2Fy6jbt7qC70Zg463q,50
1DfASEEKVByFKTgCArlkS5,46
4rHmKlFRiFzabiVO6e9w2e,67
7qvxFz3JodM0A7xEM7k3YD,71
6EzuVdWmzgOBmqHpzbbzfQ,52
7BZSIG9TyowrVzSdZJpmeI,49
6HtHyWKAzwFwrSnnTunDMl,41
1e4rwBPVI32vZtTJu7mJ4J,72
3tqwKg0W8XfYORNrP4aIhu,55
5SwEgzUFDHwpWHKrbnP32Z,11
5sbooPcNgIE22DwO0VNGUJ,75
73ucpKq91TuejrLHgzDNHK,60
1ChPiAIS5RGNUQY4ohyfXG,46
5sT3app9Wcu4FAGnNs9oZR,40
4wZqeCVR3fwS5MFoRtAnia,40
0Tf9Mwk7DwysEajSNGa8n2,39
6NPK12AruoBw2PPBQuku95,36
14msK75pk3pA33pzPVNtBF,30
1xWH8zYtDeS9mW1JJG23VZ,69
12WvaS3V4dPRBU2o37vX69,67
5F66aRuoZMrrvc7U7eTR1y,39
02Qo5DFgoGTiBGo4ZUvjXm,36
1rNNOKF4kiaNmdkpIKNsvd,35
4uTvPEr01pjTbZgl7jcKBD,76
2vdBo4ALPYbHRUPKgtE5iC,73
4kV4N9D1iKVxx1KLvtTpjS,84
39LmTF9RgyakzSYX8txrow,76
7evPpWWu01Klxi0KlPxR17,18
7CKR3FcBqSsGcgce0ECe1z,55
70khXICDeTTxgYtw3EysKH,70
2uNre8fPMLoYIVj1P93qVE,44
6euozmIGRL6aVin2ksJEJ2,36
2adTfABiJJQpZWlujYO3Qo,57
5zZJ9yrJw4bxoPTLoRXfIl,46
51NrdlQOSTeq0d6U7xRKsz,53
1UtGcsbiqHtzxaTe3OgvlG,52
6ItQEfwYvHRHABIiPBL5N1,44
5vTPxzm4h2bY9rYyVrGEU5,69
2Bs4jQEGMycglOfWPBqrVG,73
6LoQHIo74tOzQ8EsLEkhgF,69
4pbrp5dxpqjfaf4GiS6YuO,57
5qgAvjSTbjkTfICvUMH9WS,40
6Pkr54WuIlay68ljfFKpwe,38
7krtdt69mHq3MNAzRDpep9,61
03teNQu8rWlFnNzF1ULXIq,55
5ecZWU5uQOiCVSnPxBZNmT,61
1YekSxsAlGlYvm9zjLsKdh,59
1nIDYHvLaZnD5lEf66SH80,47
1GBknQ67DCfKTPms1dw9EW,56
4EnwhEyuVrC1CgvSur5YL4,61
4QjtDLNwfcniKaGrQNOtlZ,52
4Xt0OKNJtbyqx5GEX2XpVF,51
5e3UWcbvTaF5CJWu81MqlQ,64
75a5fcQSduYyC93gXtgGhk,55
6gDPf8eJIRQ73rUktH17P3,53
0IvaxIhE6z3QGtQZoDDfFl,39
5eEmVNuqo4oKDh9MDeCAmt,50
1oLcpJA9TfwwejiEM9C5gi,50
74tQaH4CxM5Rs9BzerEbHr,67
3RuXekS5criwismaaj87iF,58
6p6TjiJHc1kJQt5dXzkdrs,60
0oo5zVjH4CyTsm5FctRlnL,34
7smCjIc7MoUM4ay55LQrdu,52
6jyXQ8HGI7ikECGA0670uo,58
6SyPnh5ysbRjmZHIlOKp4r,53
0Jcnr8HUGQdaOiSkqpdEKX,54
29j9n05zrPl5ZXwfKiA0Jx,37
2desihxwutc3Mfjb0dRG8y,58
3cU2wBxuV6nFiuf6PJZNlC,71
18vVJsD68uh386vlZWwO3d,58
5avDeYm5YWTj3xj2ysccWu,30
0hOAqVCzjzNpZgZZmt30HE,21
1bFY36a62kXGJqNcN5aJkW,53
1Owj3xBILXYdVfSXp23EL2,43
41JVdEgTBhLaTc1Vca5pFy,32
6B7PtnEt7ClcEPtNv1kNoT,27
2yDmQbe1no8CHP386Oltyl,39
5hK2Ks25jW6aMmUAHpAN3F,59
5gXDkRhBRe29vJeafMPNlM,46
1mRBJdpIgc3jZH8C3cN2WV,64
5lEsM6qpuzuZwij6jIZPvP,57
1r299qCKBLgUS9XJ9m1kEx,61
6ECp64rv50XVz93WvxXMGF,76
2ihCaVdNZmnHZWt0fvAM7B,75
6cpk00i5TxCqSeqNi2HuIe,72
2tpWsVSb9UEmDRxAl1zhX1,80
7qiZfU4dY1lWllzX7mPBI3,86
14iN3o8ptQ8cFVZTEmyQRV,69
1nZzRJbFvCEct3uzu04ZoL,70
6wJwkMo278iWVlWl1XQ4WA,70
6T27IN7Ai94BeDv6PPCmoC,64
2fTsFCKRFQ5M0igJgabnLA,70
31QRCKy7JIwPBaQl9ArGBz,49
4jOtC832PyIXlCVPRElfQu,59
3s4U7OHV7gnj42VV72eSZ6,72
3oDFtOhcN08qeDPAK6MEQG,68
6jizk5lOUnfpaZXYMdfeC6,68
4XmzLwV6BIiJJci4O1J4pc,38
1NkwZ9TnIs8js6G0M6M7RU,65
02pf9lLM8Nb8l4u4ts1GWb,69
7MXVkk9YMctZqd1Srtv4MB,84
0VwNdo84DaVYLIkbVO86ND,74
6VrAgFXBbRX2PkT92lAoKK,66
7FYH5AW3bVfZHJIQpq3UOA,75
60nZcImufyMA1MKQY3dcCH,79
5GXAXm5YOmYT0kL5jHvYBt,70
0UQAkAVNk3tubJYlOHyG3q,55
0pwYLVXVknPSGUQb39cePC,72
6ce41JVa6KFaryfmC2bu2W,68
2GgxS8bUT5G25QJTsfSv0R,70
0Cy7wt6IlRfBPHXXjmZbcP,64
72C7aUQECOhNtnD0AC36ua,77
7Lf7oSEVdzZqTA0kEDSlS5,74
52vS7mJ0a70Z4uRCfl8SjH,53
127uq83uGFapbddqiMUKky,72
13plQdOoWSSXPRUSZc5FuM,63
2a1o6ZejUi8U3wzzOtCOYw,75
36JWGQRW85mJYLXvnryEzL,50
3zrYNl1aMdFrQkcOjKVr5u,57
7wMq5n8mYSKlQIGECKUgTX,78
3bidbhpOYeV4knp8AIu8Xn,83
7cWNahjynBEP4wuXXhU0m6,60
4YMqbFcDIFiCBd02PzUBcM,71
7mitXLIMCflkhZiD34uEQI,71
77ePeF9L2QKvKrSsWpJXBF,54
2iJuuzV8P9Yz0VSurttIV5,73
3LZWJX8I30bnAUv9IEP6y3,34
71vsEyBd4X1D5BUmLdFSVH,66
2bZMOs3RjmhhGca6MEzjyl,60
0eqH0ALoDQevq59YcQ53KE,69
1nAGuIZXz6vb8XW0xiMqic,57
40YcuQysJ0KlGQTeGUosTC,77
3bC1ahPIYt1btJzSSEyyrF,76
6habFhsOp2NvshLv26DqMb,79
4lCv7b86sLynZbXhfScfm2,73
6vc2Jq2vaGu8z326kSrw92,68
2HjSNjbx7XiFMmrRl3LirT,16
6tS57D4PHqnkbIN2LSIJG2,24
0HgIbfeOw6dLuGmPippTlh,46
2iuZJX9X9P0GKaE93xcPjk,80
5HOpkTTVcmZHnthgyxrIL8,65
6T689Jvh5KrSXyaPtUWZtQ,67
4iLqG9SeJSnt0cSPICSjxv,23
7xapw9Oy21WpfEcib2ErSA,84
1lgN0A2Vki2FTON5PYq42m,68
1V6gIisPpYqgFeWbMLI0bA,74
1ulXmqjktxSdrdT1bzc69H,55
6JY1IdkZGeIcPegKxjSKeb,68
0Ryd8975WihbObpp5cPW1t,84
5OCJzvD7sykQEKHH7qAC3C,80
1pKeFVVUOPjFsOABub0OaV,79
6F5c58TMEs1byxUstkzVeM,77
1P17dC1amhFzptugyAO7Il,68
0OwX5aROoW1Iip8FV51Efg,65
7BqBn9nzAq8spo5e7cZ0dJ,80
6RtPijgfPKROxEzTHNRiDp,78
4esOae7i4rqTbAu9o5Pxco,75
2oENJa1T33GJ0w8dC167G4,69
3avYqdwHKEq8beXbeWCKqJ,65
4rHZZAmHpZrA3iH5zx8frV,77
1Slwb6dOYkBlWal1PGtnNg,67
5jE48hhRu8E6zBDPRSkEq7,70
1z9kQ14XBSN0r2v6fx4IdG,66
67T6l4q3zVjC5nZZPXByU8,66
5NQJnRpJHRaupdegphntQT,69
1gugDOSMREb34Xo0c1PlxM,69
5b88tNINg4Q4nrRbrCXUmg,54
7oGZAicScQt96OAW4AruYy,76
22VdIZQfgXJea34mQxlt81,80
34ceTg8ChN5HjrqiIYCn9Q,68
1gv4xPanImH17bKZ9rOveR,76
5rb9QrpfcKFHM1EUbSIurX,79
0iYebKFUSfF72fUu2OW6ZT,71
6ebkx7Q5tTxrCxKq4GYj0Y,72
7LP4Es66zdY7CyjepqmvAg,76
5jzX4dWVQeBTtfBaXnMRt5,68
1ARJhjuI6TNYZCxYygFQ4F,66
06EL94D0TA27Ik0Ke5usbj,67
17tDv8WA8IhqE8qzuQn707,61
695iHg9s9rzNh1yk0YKk0V,46
7yXibbAYi4to5oQTeO738f,54
11mwFrKvLXCbcVGNxffGyP,71
1u0l8zWpQeMYStFkc2mLD7,64
5jzKL4BDMClWqRguW5qZvh,64
1gZ7i4qxXkHZb1r6eioaAP,66
2VEsmoek0sol9MnJFyoG9e,71
02jcEwywffn3Tsb48fXmlW,66
0jTTjg6q4jsd2RhuHwTvLj,53
635mzxhITS1xY3AVSLKgyD,53
4z4PB23xYTg1oANmyZovsw,55
7ijMo6K6uLdgJqGdj9H7nG,42
3LUWWox8YYykohBbHUrrxd,71
7uYl7xgDeAOHP98obvrJvB,69
2lnzGkdtDj5mtlcOW2yRtG,71
1d6KS9GH06JAd19uiBy9IE,70
4zP7ADsgJgHGY6VzxbNp1z,68
6GyFP1nfCDB8lbD2bG0Hq9,74
5O6pHvBKgAKX8FyhE6vwon,32
3m71siVDw8qXKAdpO9zLiT,45
3FtYbEfBqAlGO46NUDQSAt,77
7D8FSBD6E2KT2DvRgMbycS,41
6h9pD79iUxNJxce6BBuuQK,38
0R2HfrviMaDTkM0u9GUXYV,26
0u7jABgfx6EHQHxpFOeyNS,39
6BwR8E925bOoGHFPS5tEOE,56
0RNZpZIzKcR0UOpxlXznNj,32
5yM5T514epudM57zi4jlL0,12
2vyACbL11HoiWTcA6Ri7wU,45
59njiesB9hjz0i9JRKYbkT,34
52AWuNH7rgcyRdEM0lQzPz,45
5n1vrINZxJdumoHrj73FXU,20
2DIz72LR20nQMxbamMMore,34
60zL77NbhjuCrbjqmaSHrq,23
7ACCDmXvdV7alpC7Cb0ush,25
6HwXuMnv69uBUKUjm66Kek,39
2B9xGEfOdM5meCXc2KM7Ij,34
7MKz0cVNK5cGImTwxyECkm,0
3EirtNjVMXgkR3zbrdE2FD,38
7842zYQFXX4Usx3HkSq4Sm,12
0LzkyidnSi4N2k4CVm9Jrn,18
3ZWJpOtUrMh67QRLXEkqGF,36
4qJ7uMWsNAKWbBB6w5IIlu,24
4nDgDOKfK1MFJymFNPwiDX,41
7lxw3IBFL1tzODZr3KFHa8,36
4VyZJLK6KWv2SYCYxCqafR,37
0MiVpeOfOLGgrEoxWzsaFl,23
1CmpcrpU2E5SzjxntU8KM7,0
1lrspG06rzOUUGpdX3DrN1,37
5o7gm4RXsakRzue0iRcAlv,38
1R5hsuowHJztnQE2lvLTJq,36
1NT0GM48rhAQLYXQbCj5oH,33
4e1PkxNMtK2BXBJBgzsNTl,24
3euEV5zHI4OBlxeGhtP1br,23
77BIrjVC4G4YRXUlc51Awl,19
6X1u2k9iPrVzspBwXgAXyr,0
5bqwpjoSR0rvWWp7QZuXfi,44
0e6hcK4XocCDoOg32qoSif,18
66xHLqlEzRamQdzlUouQt0,42
7r8rJ2J9JJcR7KE40PM6Pl,20
2GcFA2lRvsiq83UnWMGGeB,46
4V7yVMtfa4dHlnhCgU3TQC,33
5Oht1y0p7y0c1QMZfUg5Xa,20
2AY0DkXUfA4Q7YQJtEryJN,29
2BVjchpnuivyc9rG0macnn,18
4TWAV0boWqxniFSWjfXA7Z,47
068LmtzI6xJJDPfPnMje0U,12
1i1fxkWeaMmKEB4T7zqbzK,81
7BKLCZ1jbUBVqRi2FVlTVw,85
3ScJy88F8KqGDfWu8XJhHx,67
7gHs73wELdeycvS48JfIos,77
40MkEbKzuSW9ET6HBngqnK,8
5knuzwU65gJK7IF5yJsuaW,77
1xznGGDReH1oQq0xzbwXa3,20
1QNoKVgA758HFLu3TW2q7R,63
6lcSHIwCOopIcW5cT5NXHI,10
5pD9x23lsoQr464mlmaKNJ,9
1pKeFVVUOPjFsOABub0OaV,79
4Ce37cRWvM1vIGGynKcs22,77
4tCtwWceOPWzenK2HAIJSb,78
46lFttIf5hnUZMGvjK0Wxo,74
1dNIEtp7AY3oDAKCGg2XkH,76
61dCUoMCg28qEBzrW6htYM,70
3bT5PDBhVj4ifU11zQvGP2,5
5ndfVSDyPq90jaIUhNPeby,14
3NdDpSvN911VPGivFlV5d0,22
2HNcNd5RPZ7DSRNbIl6JsP,6
3cFsmM51N5zMAuu1nNY4Tw,16
0tICYNayWWhH9GPeFrfjfD,20
0AKejOKlGdiB53QpwAeenO,11
1ssmjAYSU5PbmsjLq5yrNH,67
5IpKZbfJNefqY6nMejBHjr,9
19RevBdb9MKUaBIvxSbGd4,7
2fTsFCKRFQ5M0igJgabnLA,70
2Gl0FzuLxflY6nPifJp5Dr,69
1ox2Drazo4RGeEEA2COaOL,0
7oY3KqKUERINrawkzIqTgx,0
1FUViuNSldssMIawrOXF2i,62
5CtI0qwDJkDQGwXD1H1cLb,24
6F5c58TMEs1byxUstkzVeM,77
4z8ssgZfs5TzKiO8HaGWXO,65
6XOYVSmNDjKUNMXooU4s4z,10
6Alp0TKptNKc1vkdr8LvVJ,4
2CPqh63wRVscbceKcPxwvv,73
7nD9nN3jord9wWcfW3Gkcm,66
2Fjz5ZC5BvFdCqcnTZ3ilH,61
6JV2JOEocMgcZxYSZelKcc,78
0JiVRyTJcJnmlwCZ854K4p,70
5aAx2yezTd8zXrkmtKl66Z,16
6kex4EBAj0WHXDKZMEJaaF,76
0fg8CqpjdojMyXLNzM2PaJ,7
3A7qX2QjDlPnazUsRk5y0M,71
0Oa9mHOnH14GZ4toWwkf4c,65
3eR23VReFzcdmS7TYCrhCe,78
79cuOz3SPQTuFrp8WgftAu,25
6g1NlCpW7fgqDnWbCCDrHl,25
0JhKJg5ejeQ8jq89UQtnw8,22
5UJshy5HDHdNEVqlJwzsQB,63
2Oj5BXOY01EDuJhVYNlEoq,13
2Fn3coxd0xAZ09JtrgcgHa,9
11KJSRSgaDxqydKYiD2Jew,12
1sNSG13fsK6KPKKNIQXXrh,9
3Eid8tDXUjwPDXgWqKR26D,47
4IWAyPf1KMq7JCyGeCjTeH,18
16NOHRm0OEjmg55OZAxVmV,5
22mek4IiqubGD9ctzxc69s,77
0azC730Exh71aQlOt9Zj3y,79
7MmG8p0F9N3C4AXdK6o6Eb,74
1gihuPhrLraKYrJMAEONyc,75
4mxWSdf71VFO52qFeY0fZt,16
2VoJe7vkKkigs7C3CGnSXL,6
2ZiDfw6UdzDu754cBiwgEG,7
0Vh3WTuakZ6SSwmZqyLqGO,45
2jghFigDjVie6Ogwt2hVGb,0
1NpW5kyvO4XrNJ3rnfcNy3,76
1AguHaKOuggrVTebp7cZEI,65
0TDLuuLlV54CkRRUOahJb4,79
5WfhXulggG0c6WoVeMPA8N,18
0le79px2kIBXQDxUe8ZUGP,14
3D4QFgYa3P9P0gjmv4eX6I,54
0Wv5wuenRLI3BcwgT3HPIP,9
3w3y8KPTfNeOKPiqUTakBh,78
0KKkJNfGyhkQ5aFogxQAPU,82
5jrdCoLpJSvHHorevXBATy,77
5OOkp4U9P9oL23maHFHL1h,6
6D5pfooPP6hi99RaXjkDsP,11
2ekn2ttSfGqwhhate0LSR0,83
3ebXMykcMXOcLeJ9xZ17XH,81
6BaCraQ9xeLYg4Sb9TBT2X,66
4xlrALxuaCf9yZBHJeTSG6,20
0W363qrIc4GwuwOqa0WAEO,3
2ZyTRSsgglwv1hyoZzX02Z,0
5ysBPkopQGiMIl6zDYGZTn,51
3hBBKuWJfxlIlnd9QFoC8k,16
7w87IxuO7BDcJ3YUqCyMTT,83
5tf1VVWniHgryyumXyJM7w,76
27SdWb2rFzO6GWiYDBTD9j,77
5NetSTs4dgiR6GLrZOQcwJ,56
1MtUq6Wp1eQ8PC6BbPCj8P,73
2bKhIGdMdcqCqQ2ZhSv5nE,8
42ftjU4cTN5UTRksyqBKZJ,10
6YUTL4dYpB9xZO5qExPf05,79
66hayvUbTotekKU3H4ta1f,76
1Qg9jWGDkKAGZXj5v2OG59,7
3N03MS9KHbonPzDQAZ5kfM,19
53Y0kdCa1CZ9gRqEuknfwy,64
6kyhJvTKWQzlcYywNZRDsy,50
7dt6x5M1jzdTEt8oCbisTK,87
2rPE9A1vEgShuZxxzR2tZH,28
1A6OTy97kk0mMdm78rHsm8,24
15kQGEy89K8deJcZVFEn0N,22
2rYyq0b3XWwmWl0k727OVG,55
5N4erncE7kuUccm7zEmwzk,81
2oljJbP2VVGt057AlH9MtU,0
6zeeWid2sgw4lap2jV61PZ,81
4OafepJy2teCjYJbvFE60J,78
2Ig1hAuqb0dsBJ20cRd6EK,46
5p7ujcrUXASCNwRaWNHR1C,88
7vGuf3Y35N4wmASOKLUVVU,81
2dpaYNEQHiRxtZbfNsse99,89
0d2iYfpKoM0QCKvcLCkBao,84
0E8WJOFs2eWD67USh7C6Qd,69
5N5k9nd479b1xpDZ4usjrg,84
1wcoDQxo1D3cUVS0JdCeWQ,42
6xtcFXSo8H9BZN637BMVKS,72
6rrTr2HEAzlpC4KWZxF3S1,70
5JEx7HbmvHQQswJCsoo9rA,82
4ut5G4rgB1ClpMTMfjoIuy,77
5itOtNx0WxtJmi1TQ3RuRd,83
47OVNnZJzIkrsEiZ4n187p,68
7wFybC8jBH3zE139OpCtpG,20
6MWtB6iiXyIwun0YzU6DFP,44
6Qs4SXO9dwPj5GKvVOv8Ki,87
7y7fPt0Tbv7IW4NLjrIpG4,58
5mTJcvxRxq3uF5wUjjciDw,6
4BiiOzZCrXEzHRLYcYFiD5,74
1erDNx55IWAE9OYuBTRYgc,13
27rdGxbavYJeBphck5MZAF,79
3KTVQGLS2np8dWe5s4F9EN,17
49ATdDBSasXb6wsHdrB2xQ,4
5lzHDkFLN01bKatvKQC0lO,61
3WDIhWoRWVcaHdRwMEHkkS,71
61sqsOPon94ecMskeEXwev,51
1t3HCpt49x27PE1uuy06md,53
1uru26I2JKd2mQZt0MDCUe,72
5sdb5pMhcK44SSLsj1moUh,71
6fZpcVRr45Z6fLtciswBBU,69
6lZe9DbvrcHZ3Ot2O9BPRc,63
4gnZPWL9c1ZunZuqc8Asbu,3
4XAxQKMOR9scxNT43lBGgL,12
2L1CvihtseniGV9XsDnNZj,46
7KY4hAPXXg9aeYczem8JBo,53
2okVT9JU7CLQKy1vtDcCo2,49
5600nq7TiBraBX2jobyJ3l,70
155EsNGoXo7XSVF84oTPam,72
2ZrM2IfZelBZMZoBq9y4kj,38
4qaa8K8DVVRR50Fnwugiil,36
6KQxGfOdjHMh5wT15t0gJj,60
4AhSkRYioEIfGvCV19peYN,65
7COXchtUOMd6uIT6HvmRaI,83
23OXdR7YuUBVWh5hSnYJau,79
3gicyfiEVMGONgzygpWjNT,73
1pfgsjmxVZhoZpeDx6POKv,77
29R1IMTTbDDA3VNlk6UEW5,65
7e4KQkp5ZR1gXCAalRjX6B,13
1gdMKFGWrI34ZTO8k7Hfg6,60
0cge96qsW6ifXppeiiRIGd,61
3SEupjP7CBdIoNPrFrMozG,59
7FjZU7XFs7P9jHI9Z0yRhK,79
0todbbT9g5uQGbeFCiBf2F,11
14sOS5L36385FJ3OL8hew4,81
3Iqbhajo4nRQJU7ThH77Rt,51
25sgk305KZfyuqVBQIahim,87
2dLxWmivrCHjJbYAkVNFyH,49
09yhMTRqQ1I1dniu3PoIQi,67
0lG6QM1jjbbX5UUn3DPmrZ,71
2A06KcgNNc493lQELJypJF,46
11cDEev79fPKi6uJCjUhu8,23
1rCcsYnmqbMYdkG7kS9GC5,78
6kPJZM97LwdG9QIsT7khp6,80
4VUwkH455At9kENOfzTqmF,81
3u1S1OmAUhx5DRlLrXqyp3,76
05mAIVLkIWc2d1UBYZBCp8,71
43wzy7JxMEfvCh8ZFeZKYk,73
2rZfKyWzXoxQe2DBlvZ2sP,59
4keoy2fqgwGnbWlm3ZVZFa,80
5Z6JNzQNHrBFdi31XAbAR4,38
28nrOocj11pS0UVH2VM6b5,54
6LEdMwnQo6sZAhN5rTSQ9l,44
6uThor8zg7TzTFNDj5q0mO,2
38yBBH2jacvDxrznF7h08J,14
5SHhPFh68OhUmuRPymKX9d,24
1GxHeBvQ9935Dd3cSfsfBa,72
3T4UodGkfZObJ43RtA5KFU,70
67UemSl8cVyWC9mFKUEhJj,28
6AkFxZzBfyzV5RF7mGkASM,11
4Tvw0lweq9l2JPQKFbpbBQ,76
1ahVFh0ViDZr8LvkEVlq3B,76
72b0ANL1ZiV71OiZRs0Lny,21
5WHTFyqSii0lmT9R21abT8,85
6tsOcBnaKgzK22yEiqRh8P,72
2AaF78iCWISMWYog5RnSi5,67
53hNIcq8OLj9OUNvQ4ulFM,60
25OE5Bx7Vjo3aVmQjJWXGG,24
4q0eobn8Fm4b3NLRUX7hIi,0
73CwTBSXNt4ORdXYD5dbUJ,0
23L5CiUhw2jV1OIMwthR3S,80
7KxhSJOYiqCDclXDBNlFSZ,69
0HVj61S4pQJdQhgZP61G65,8
2cGxRwrMyEAp8dEbuZaVv6,75
1uWqDjZATn502optPrBt4S,2
0DiWol3AO6WpXZgp0goxAV,74
6WLS56xiRrXjSm9RSdL3zD,14
1kiEueR1jHSW2dD4LSD6X0,45
3VAeTjREoKPY1exOXR4oBm,13
7lQqaqZu0vjxzpdATOIsDt,15
378iszndTZAR4dH8kwsLC6,63
06KyNuuMOX1ROXRhj787tj,79
0uqPG793dkDDN7sCUJJIVC,20
46NBoIAHrmR7qcUGCIFEjR,68
6lDo13SSgTv0WbyUQKgnjk,52
6DNtNfH8hXkqOX1sjqmI7p,19
0r4SsYcwvd8URat6AS2m6f,20
2jfmh71b4cFtelf8KOJT60,1
0gb1J5UrTpzaU1s3nupgCd,72
6i0V12jOa3mr6uu4WYhUBr,81
7K5dzhGda2vRTaAWYI3hrb,70
4dASQiO1Eoo3RJvt74FtXB,77
0z8yrlXSjnI29Rv30RssNI,15
26rdOwwjC2UnweK3xeS58u,68
3vv9phIu6Y1vX3jcqaGz5Z,73
0PDUDa38GO8lMxLCRc4lL1,78
46THN9jjPWhSqFUu6YsBhv,11
02M6vucOvmRfMxTXDUwRXu,71
0JoaFxLgrqbWutREzcZBzS,12
7r15j439zkGhA3KRksbwuv,2
7pqgMEKsDMOHUdFQ7n0N9K,66
6Ep6BzIOB9tz3P4sWqiiAB,16
40YcuQysJ0KlGQTeGUosTC,77
7KIbDUwumrpG5f30kEYW1v,12
4BHzQ9C00ceJxfG16AlNWb,71
1SgdUjvppHnIp6L7DZSnwc,67
31RuuWQ8XpyLNp5iKMyxWq,43
07nH4ifBxUB4lZcsf44Brn,75
6nsLzJfvp5OLd4mgqUJkpq,16
6eIacmhkE82vZlMDnGS7aP,65
4oyWrvyORD6uCSYCLSRF6W,4
7oGZAicScQt96OAW4AruYy,76
17Fd6Yb7mSbinKG8LoWfFl,17
1brwdYwjltrJo7WHpIvbYt,20
2Aa1wE8ofs2tu59TOQrZKW,15
7x5xYW5W42OGPAdHUyyguy,73
63CSozvYUEudPp12679UVF,66
4VrWlk8IQxevMvERoX08iC,79
2bJvI42r8EF3wxjOuDav4r,77
1B3t5xC2jzTgjDOwawchu8,18
3CRDbSIZ4r5MsZ0YwxuEkn,83
4f3uZW3Wc1uO2cN4WJs5nu,55
6qVXkG01rBYGfxIndGOQ3z,60
6RsWqX8zABZLhZydXxEFOm,18
4kgsK0fftHtg9gZOzkU5T2,13
285HeuLxsngjFn4GGegGNm,71
6nek1Nin9q48AVZcWs9e9D,77
7ks6AZmFcm3Y6PGGxGSmlB,69
5YHR8wBR5jXfGtP766NiAT,60
0SJPThTy7ynySPF4euczx7,13
3zHq9ouUJQFQRf3cm1rRLu,77
2Z8WuEywRWYTKe1NybPQEW,81
6OZh916QF8XNunWaP97WEZ,22
1UfBAJfmofTffrae5ls6DA,10
3rKYiySCDMUKTw5kGVVhaa,63
6UcTHiP25meOD9ox8Rspgx,10
2FiSTH0GYpIioUgjfzMIja,62
6s3GEN8wK0OMzzzZbXj0fu,71
4WjH9Bzt3kx7z8kl0awxh4,13
2P61EK6DMGyVyssLWS4fKy,71
7HW01sQy5UOxyezzZg98nd,6
4eLSCSELtKxZwXnFbNLXT5,19
3OwPSJu609AMzotCEyoMiO,13
5a7NdkF09AfD0H607eiOkX,64
05SBRd4fXgn8FX7bf8BCAE,69
2GgxS8bUT5G25QJTsfSv0R,70
2bRXehD283NioREYxlohc4,9
5XzmZjXhMjDHr7ZfJ6DELQ,21
4QNpBfC0zvjKqPJcyqBy9W,79
4Y7XAxTANhu3lmnLAzhWJW,65
1kSfJ6FTfXou4dAw51xbc1,1
1eiDotla9wv9hYQlYT7YcU,0
4gObdragjvGLJgIaWE3SuG,0
0NiI7OybxWYrAtTTzKx9Yl,37
1XmOeniR3n1685OGZrXLtX,0
2LGxHl5fWiCTjkRv9vIGUD,0
0uNXGT1QyWLb9fyteWopRb,0
1OBD6ZyBF8oYm4PRHt42zv,40
0SibPl0V9rpSmaqx4mXzmV,35
1Km67XnxHrmFchlhwI7kKr,0
7sKMSfuvMyVNVwc3YhWifk,0
2HzMIJjLgXGbfSWzQlrKtZ,0
2q6uZVUxOUIoYTufzsiyHW,0
46SLrzs7kkBROQpgpWPOTo,0
3SADw9igVOXqZkvyrjfYiq,0
0mG5rhH4TE9Gkb1BHqahJR,0
4s9daMgGFI0uvCIygEnkU8,31
09Y1WTdCYfvdJegsPte1A2,0
0PZVhSVqZz9kyTHjPaMRtU,27
4OIUiGAPgvkfMpR0MDaaTi,26
6z23ntQL96zhacGOqQO87c,26
2qJn3uK8F2OQ7PyKGDk7AM,26
2sZG75vxCe2L2ReZPz48kj,0
49ET87ppwodJiY7TVafBDx,0
4m7NFWPPmR5Lk2F0KLDKUL,0
0QRSW7kFbDloM7ksDqWMjM,0
5Kfa5hAXdQ6YoK0eSJmuaB,0
5HOu1kvCt19iZsfO6VSalZ,26
57Xc3ZPLp3TPMxzUCOSmSc,0
1udmmE0jgD8xLIDW3Bb7Y5,0
2WlhuSMAqGiuApjY0XU5WG,0
2Bt71zKOpBZWPA5vhrc0E8,0
2y2sEBR4Jby9NYkh8Sqp89,25
4Qz67YCR3wSW6xf15x45aA,0
38rSSynmRf2kxslXKS50u8,0
6tDZTggJtaF6nwAmvmABEw,19
0dtSNgQP0hY5Ar5XvJ6WMv,23
0uQN3WSDQIRXHlAe7odEri,0
5mwDZftg2j8k0fKZGbZjVc,0
67LgNrbDlweZBZ8EtIpHgu,33
3BASVV5qZWarRhl9IhAiA7,31
5JtCyvuNSFF7p5y5rC0LLp,0
20KUYM6olLYPmbzLaGHfyD,0
2iK285C3qHKjlVd2sstkTT,0
4QVklFvCXMu4rLEGHJ46Ua,18
6bH8JA6yLDH5gAbSBKTvlh,0
5XMQVjropZM9sjmxCo2UnR,17
257netJMcq74uicLY08DNB,28
56BUKn55eYo6V5gqzSgmAX,5
43XPrpHjKSkCgVQgerQkvn,18
3WRQUvzRvBDr4AxMWhXc5E,72
500mvzh7TRZ0YdnVeHhj8b,68
3FWPoYBDserKdzcattMFGa,63
6RUKPb4LETWmmr3iAEQktW,83
7crMiinWx373rNBZBaVske,62
6Fba9RZtC6vTY814JToDtP,56
2E01JGJGMa5gW1PmqAWYXG,51
0g5EKLgdKvNlln7TNqBByK,76
1I8tHoNBFTuoJAlh4hfVVE,77
6mDTcLsheIzu5tvaF25kl4,9
2KHGTpNTXeD9Z9GjaKTwAV,56
6uBhi9gBXWjanegOb2Phh0,79
1ZXffPGPbWP81GL6J4c6jD,32
76hfruVvmfQbw0eYn1nmeC,80
3PTao61OJ8S09gxWLsXT6e,34
1NHmcD7dVRn3RAB98wcgIa,54
1oIdcFtf58sZbS7QyZQJ2P,60
4scpF6J5uMBvoh6sFB7EL1,74
6WkJ2OK163XXS2oARUC9JM,84
0tZkVZ9DeAa0MNK2gY5NtV,71
3P3pw6C19j31Rnzgo3JG7o,76
1louJpMmzEicAn7lzDalPW,73
0lYBSQXN6rCTvUZvg9S0lU,81
6h5PAsRni4IRlxWr6uDPTP,80
4b2tcjrG1qUkSdsqEFP2dB,71
3NuK5xMlSlB6K2Qp16zf3h,73
1A8j067qyiNwQnZT0bzUpZ,78
6Skaff5sYdMaqq7p3Cx2Zm,41
7JJmb5XwzOO8jgpou264Ml,82
5cF0dROlMOK5uNZtivgu50,82
3DXncPQOG4VBw3QHh3S817,76
1zB4vmk8tFRmM9UULNzbLB,85
7qiZfU4dY1lWllzX7mPBI3,86
5bcTCxgc7xVfSaMV3RuVke,76
1SN1vSPsr4V4tIUTR3s8YW,74
0tBbt8CrmxbjRP0pueQkyU,82
0afhq8XCExXpqazXczTSve,80
4qqArAiTPueDxIp7cf87h7,71
39cmB3ZoTOLwOTq7tMNqKa,75
5Gu0PDLN4YJeW75PpBSg9p,81
1wgqttlPacpvmX5DKVboOa,71
67YkHJvLYOR1mKdpQSTsUr,55
4coVboSNkToRTBRqxXk4vr,53
1e8g8Zypak1hTK8l12olYd,58
7zsXy7vlHdItvUSH8EwQss,69
7boPPE857KEqCIHNwFkDop,16
5masKPHeAOVNgxdLebIcK7,75
1Sl3njkhhz8nrSPZroDQ82,66
4B2kkxg3wKSTZw5JPaUtzQ,71
5NmENli4oodYuWrI0vSGK4,65
2bL2gyO6kBdLkNSkxXNh6x,75
6ce17pZwsMcYNab5IaC5MQ,66
2rizacJSyD9S1IQUxUxnsK,70
3aLWuWKHaTV4Ok7LKvXRYn,66
1rIKgCH4H52lrvDcz50hS8,76
2P4OICZRVAQcYAV2JReRfj,78
5dyDkXi1bnQKSyIdO0JXp8,64
3RiPr603aXAoi4GHyXx0uy,77
0OlnLZY4cmQzT6ZGttvWBM,72
1CkvWZme3pRgbzaxZnTl5X,75
3nc420PXjTdBV5TN0gCFkS,76
76cy1WJvNGJTj78UqeA5zr,82
2dBA6iMhxf29tkaHjiQzuq,1
3YJlTDtUXu1sGh8lunblkG,8
1zi7xx7UVEFkmKfv06H8x0,83
41Fflg7qHiVOD6dEPvsCzO,74
1NhPKVLsHhFUHIOZ32QnS2,76
6T27IN7Ai94BeDv6PPCmoC,64
6YwLgicpvVuMt1eE2OldwQ,70
6UW9S0skvWZ9PUvLti7aZP,54
4iLqG9SeJSnt0cSPICSjxv,23
3caMfJGFp53NAH2TuigdNj,8
0dA2Mk56wEzDgegdC6R17g,17
5MvLsT03RBp67RLoeISCdl,17
2dRvMEW4EwySxRUtEamSfG,66
1SBj3BmNJ5SNCoC0VtlR9Z,27
4J7CKHCF3mdL4diUsmW8lq,72
2BJiH5COSZTEmadUV1xRQ0,43
2iuZJX9X9P0GKaE93xcPjk,80
5NHn7UwIgpLQls7LhwF955,46
66BjcDhhwWCcQIBxHMpKXh,68
008MceT31RotUANsKuzy3L,24
5uImkHXfTLkNYwemtGH7kB,19
4Wnuuio7FS5u69EYM0mD4o,20
4pdPtRcBmOSQDlJ3Fk945m,21
31xtjNp79v34J5YLFUsVfH,0
6w1hZMlo2SVuq29liebhb8,6
32DGGj6KlNuBr6WaqRxpxi,17
6O20JhBJPePEkBdrB5sqRx,74
1aKsg5b9sOngINaQXbB0P7,9
2J0X46UkpfLlWbuCXFgDLr,49
3LxFqieGoMcJSnDVHokSLp,35
16pwlVsypm4aDKMhXdOuXg,64
4PdJSsESm34djLfBde9Pr2,64
2Oehrcv4Kov0SuIgWyQY9e,20
6HUeSTt2RaKYIiJrnjzaCd,4
5YdDUZDac60DEHfaGlGBIh,5
7pYfyrMNPn3wtoCyqcTVoI,76
16Cs9KsHzgunxaEfGrXysG,66
70cTMpcgWMcR18t9MRJFjB,20
3cHyrEgdyYRjgJKSOiOtcS,76
5qxULZVAM943gPjtMaH5NX,44
7LpT54RUvN0IvDGIxiwHwS,3
7mitXLIMCflkhZiD34uEQI,71
55VzNhbcf0Gxf6qRCUAV01,58
5l3CML2OnzfNs5RfVgbcLt,67
3AFfyUXTfj12PgrOkZiiJo,11
6jA8HL9i4QGzsj6fjoxp8Y,74
5nUJym1qItTzwWx2zfSxUb,38
1Zr7O3ECzDlfLpF6XCv7wO,12
6nLctpnQJiPTxkaSgbPKiw,61
35HNMw0QuZdapDulrvLch5,19
7iORJqhbZUXC8WAXK6geT0,35
2Y0yBNDLT7BXPGRd96aBd2,37
3R6dPfF2yBO8mHySW1XDAa,61
5MFzQMkrl1FOOng9tq6R9r,15
3dhjNA0jGA8vHBQ1VdD6vV,80
62yjOWjA3tb65zgQWdFNx7,44
48nmKZkd67ATPI8ROOJhkK,3
1D3ODoXHBLpdxolZRHWV1j,9
1cG0umU5TKStygKsPFZ9pY,65
5edBgVtRD0fvWk140Sl21T,16
0Zxswuv5xzIhxDnsKJLq82,9
7L97R04c6ZaPlU8xSxibQp,48
4CoM21pk8SxQh4L7ijqhRu,48
5nASGGi1QarKyMmGg2fhaB,39
79GsUxLyzxgnN4I1E11dtO,52
1tAoLzNNXRabfHHzSqdk3R,37
1ljzHUgt2SU2ADkhfa9eBC,56
5rgy6ghBq1eRApCkeUdJXf,75
3HW030T8eqPs8wpsgZqCGM,54
3IJCSQoLF4YzPAKaxq2JLb,55
5al9is1AQnaI3lTi20DUG6,44
3JI2mIJto0JuYbrq87aFqu,57
5dzV75f9qVXVvdXLTqIG4L,53
5xok0LRntz8qY9ljEwPV9L,47
5eKwaeINlNEX3aMlfpmUtw,41
4WehxcnPTxouLdfQhqANb3,38
69vzkewKl2LPquyEiqD8BB,48
1GavpIO07KcErSjy84IejT,38
4t18Py5qQvK6DriDoPkPrO,40
06I6iDFVtZDGcRu9BgHraA,36
3dUMuxNadGxCE3qXuhCwqa,45
5ich6a21YmjkV62EHpQ90O,31
5zdljOuxFgbkVgVgOXbSIE,39
4F1ODe06Zg6i276BkNtkGg,34
4BDb93hwHyVwWbci7CzeDE,38
5Y3d8TTZXRfhrGGVoKAeNP,41
5v6suM7KET9x01oE8T1snC,38
0DgOmXeyDY7mMqcjelEqse,30
3vSQ77N9hFsXQDG9OqmEJK,37
40EUCFbvUNtqZSA6YcWlUB,33
3SOYvrYaTvK803DD6saJ7H,42
6hHDO5Pk0Dh8k3U0F7bdXG,30
3nbi8TqJu1eLHYWJefcJp4,39
4THeHY8ygdtjShn2NHOh0S,31
0S9xsXyJUk0MlUjWdFyKDm,35
5oE58M5Yvljoz1zUtQf1XX,30
5Ouiwst9S16DLzDinM0J4R,40
4qwD0NoxEl2xKbYxx2vhcg,37
1tSARQ02QRdFAkd4oMQNbc,35
24b8gSiQEgo1XFdwM04AbX,30
1f8qvpRcmCIDavCcgi2wFI,31
5cM2ZqITAAPPfTfs3s5Ngp,27
63ouCvRO1W9dpCl4D9Iotz,30
0FDzzruyVECATHXKHFs9eJ,78
69uxyAqqPIsUyTO8txoP2M,74
7tr2za8SQg2CI8EDgrdtNl,69
2YWjW3wwQIBLNhxWKBQd16,75
1pjvlYOMIg1NhGQbM6iwrY,72
6Bjtr3tPdto5nyuLYf61sN,58
7rfiXyFb5M9BqdkvKvVEiB,64
7LJkGyL4vVrtn1mho7BmtA,57
7FCfMXYTIiQ9b4hDYs4Iol,68
0VgkVdmE4gld66l8iyGjgx,81
2G7V7zsVDxg1yRsu7Ew9RJ,83
6DCZcSspjsKoFjzjrWoCdn,86
0Zbbxnx4SGGHoIow4PpISP,73
19SEn5eUuuixwxFPNtrq7D,51
6Z8R6UsFuGXGtiIxiD8ISb,77
1leXuBiWQMgbvOIIedqbLB,64
57p8CBvPOxrvyCbn6ttl5r,67
65ES1qwOB577ZnTkizMXJJ,72
6JyuJFedEvPmdWQW0PkbGJ,72
3UgSQu6WwrXfKKDq019IHE,63
2RpKh7kXSdO8NLrW9VQ46p,61
48bSfSZaq9Aizbu4AWn4st,57
6RnkFd8Fqqgk1Uni8RgqCQ,72
08bNPGLD8AhKpnnERrAc6G,83
4EAV2cKiqKP5UPZmY6dejk,77
12mGwph2YzDIlChtq3EdXP,20
3ZbJMlEL4Kcme0ONRO7Slx,63
7fEfIU4ZVvB5Wb6xg2zcvx,52
0P6AWOA4LG1XOctzaVu5tt,76
5xcXVUm3JiXR3OAuZHqW04,45
1UZOjK1BwmwWU14Erba9CZ,77
6m3ZWIXhjoV76syT1j2oE9,62
3oZoXyU0SkDldgS7AcN4y4,64
1wTx8XqC5HnsppDY3sWWaE,32
3PmTsGAtqKSjWGC2J68wGx,26
2nsORFTaQPlc9FBqXuNYSW,42
6kK9Z4lWFzxeINjzcr90Nr,4
3R8lr1Y1kPgXEbnXkcMMlT,58
1hVb2D8BQCuwh1YPopmUQS,25
6jq6rcOikCZAmjliAgAmfT,68
5mC4THighaz8No4EYw59ZC,61
4V8rSuUKDUK6fUukbr1Ah6,22
10APf4gHZ7oLusw6oBteLQ,60
48QmG1dfvMuYLxMPt7KSRA,76
4Y3mmrkY9ChgPGlOUvUhBA,1
7uSZPbd8DxdkmSauCKnITY,63
4AqH4V7PEC5BTK29FVmXQd,56
12VWzyPDBCc8fqeWCAfNwR,68
0GxQ1A5L9xnMOytbP6eKBG,77
7hDc8b7IXETo14hHIHdnhd,15
4llK75pXNWZz6KAho2Gp16,80
4gbVRS8gloEluzf0GzDOFc,76
3AJwUDP919kvQ9QcozQPxg,81
7LVHVU3tWfcxj5aiPFEW4Q,81
1mea3bSkSGXuIRvnydlB5b,78
4m0q0xQ2BNl9SCAGKyfiGZ,73
3O8NlPh2LByMU9lSRSHedm,73
4PTPZeJlK1rYlYr6bf11hk,56
1x5sYLZiu9r5E43kMlt9f8,78
2xmrfQpmS2iJExTlklLoAL,23
2LD2gT7gwAurzdQDQtILds,62
1pKYYY0dkg23sQQXi0Q5zN,70
5CMjjywI0eZMixPeqNd75R,71
2Foc5Q5nqNiosCNqttzHof,76
69kOkLUCkxIZYexIgSG8rq,73
4h8VwCb1MTGoLKueQ1WgbD,84
6Pgkp4qUoTmJIPn7ReaGxL,81
75NhhYjHO43mvZgYtnXgti,73
0ct6r3EGTcMLPtrXHDvVjc,80
1CKtxKqyFsFITCH4SpDrWj,67
7kbTZWt7DnzIzbkyzFE1PW,66
5GayeBzzXIEl6fY0cP42Z1,69
5IZg7Ngm3CTOj9l00YSrt9,53
3H3cOQ6LBLSvmcaV7QkZEu,59
2VEZx7NWsZ1D0eJ4uv5Fym,64
5W3cjX2J3tjhG8zb6u0qHn,70
1TfqLAPs4K3s2rJMoCokcS,81
78RIER8V6EhrqVPOBi2GYa,62
78CKs2sQgviSRHygJHrhEh,0
0YvxEWGDqNacGa2RuPqD4H,3
3AuZWQOfnRt6xS4iAj9MWO,1
0SsPcietYXn1Mns3zpW4C2,0
6vYK729O29XnvQqPWyLPfe,38
07ABETRdek3ACMpRPvQuaT,70
5Klo65Y9uouLjNVDV3pqh7,63
3BZGi1yUqQyCNC868AqUGG,65
1K3RzyzlBhMzOZtR0yepeb,11
39lSeqnyjZJejRuaREfyLL,71
2WfaOiMkCvy7F5fcp2zZ8L,83
0ULPav7qqKTHn7vgi9v42k,58
0qi4b1l0eT3jpzeNHeFXDT,71
72a9JWKqJ8SGo0OdyCS12P,56
0ZfM5XfJTtFPhOxAERRnNY,72
12BbMJsJi65mxneq6c9Lm7,16
0hrBpAOgrt8RXigk83LLNE,68
3dTmgecC7MCMbteWjf8Ls7,69
6uBDgLalRT3Ume0WyYae8f,39
1y4jsQt7MjnZhiD1L6qFBC,78
3bnVBN67NBEzedqQuWrpP4,73
6WaogiItGdUTm490XN4QKJ,66
5dW1VZPcFqB4n0P08rGDgm,52
3NzAZukAwo4cb6h04glIA3,53
68poZGRClFTzLdeRz9X0M2,13
0y1QJc3SJVPKJ1OvFmFqe6,76
4lYxJPxy3jMEADaFhtcWRV,57
1rqqCSm0Qe4I9rUvWncaom,86
53CJANUxooaqGOtdsBTh7O,33
3hENlPbIlUZXQ3MiosF87Q,61
2v5JTeM6hSmi5wWy7jiwrI,76
4kWO6O1BUXcZmaxitpVUwp,79
64pTtwiDSYx4Y8ozBc38jo,32
1MhWIYwoOZM8SWDKzdNrrL,60
4ZLzoOkj0MPWrTLvooIuaa,86
2R81XYNFqkLyemIxYb9aF7,60
2MaLYAd1Uy8284d47Aj6cz,54
62RSes0whPp11JG2lfQ3QK,40
7DtU5wN2b4dgOvcb5HNtxI,42
52ybDGOqIOFiV1Qr4lJV51,59
4KZmeozm1jZ3nr0zfylVqb,61
43Xz4flGpXV5JUc5jH7Q05,43
0bXAswe1VUws7gog2mKF8c,39
5UEmKZKhsC9SizDy7xn2lT,44
2PnFla1dCxZuMOUvVdW6Pz,52
1V8c3uV6p7uTsfQof5oRXg,62
79bj6j7yTkU13sFA1yNjzV,64
2xzqIuW15EVWvLB3yP6jkI,52
3Q3myFA7q4Op95DOpHplaY,79
7aiClxsDWFRQ0Kzk5KI5ku,94
4ZD0AEXiF152JlPZRj4mzL,55
1nMYtxDrONcoGnKRvxTwPv,74
13JyykwyYQ3T5QxxL34ukQ,71
1AKGJQIHP3dIPuhOjdxD6a,71
7jzldCBnJjpJM3epzJ85KE,78
6gBFPUFcJLzWGx4lenP6h2,86
1VJwtWR6z7SpZRwipI12be,85
5ln5yQdUywVbf8HhFsOcd6,74
4JuZQeSRYJfLCqBgBIxxrR,73
4sHR2dZb1GkdgLHS2zTxrm,54
7JAGL0wjf2lHoPUJ2oZF7w,50
5C0ivQMxes2lWuOANhvVAm,77
7MiZjKawmXTsTNePyTfPyL,81
0IK8y0vAO0sM630HsxwLht,66
0AUyNF6iFxMNQsNx2nhtrw,73
4KymXbJweU4DZGKLy3JR0p,60
01vv2AjxgP4uUyb8waYO5Y,70
1DkX0AcEDzuFeh4TEAl143,68
5HXTSRCFYcLtxnOzp9FHiH,45
60rSrsvqRE26YFruTLr0UG,37
0wErDMQQMhwO1DTbE6kpkt,46
7EJV4G8HLzJvuQjRGWrnqD,40
1Rpj9CZE7cGSXUCfiBf0eA,58
3iARls5EH6Q4fks2tWJStQ,59
2iLGveANIUf2UmYTKENlm6,57
00WIXhVVhswHuS6dlkScuw,51
3cuW0sgJND4ZkdN1m7m7Gg,61
3BtA1koBtnClfirgg4BpjI,68
15tmP0QsT9Vv8eQBbj7ZZi,49
56LYsQITV7nEggGBVuu846,63
68rVGSTnCiFOET9k5Vd8Se,75
4fc8mRy5dOvy4H6YiVXzKC,38
6Nle9hKrkL1wQpwNfEkxjh,82
3V9cM3nCH2G66afoDi0snu,62
7GX5flRQZVHRAGd6B4TmDO,84
3y6ugr45Zgutz2nHMKecyT,28
0rRjGruFonCGOt0S5zAJNQ,68
6TqoydI7ZJdRkwBgPYy7eb,59
6UVZo6UKUZC1J2KPP3IIwQ,61
5feuWfAXA4rEKH9pXCjOV2,69
1ZPWWSwCkxKfqdp4H0RFCo,71
0Fc7ESmkM02PDH5NnPaS5S,61
4dZTZbmJBCCofAExHwefda,79
3gZUflBBfgS3QiTSTg0hk0,67
2W4smyeMF0Zhr2KZhAsl99,71
59pC3ONM6ggVn0CYi0l1KD,60
6E37j4b44JGpdk297urpKM,73
2N3U8uTYhjX2KwGT0pf5x0,74
4ZT9FnbFu1PaBfV3itxiqT,81
0mke2MXjPsEipNCtDUu7m6,43
3BViBwNtaG9ObwJCaBKaWN,39
2Dnb6yPGUq0vmGtxzm3bwi,65
3h3pOvw6hjOvZxRUseB7h9,74
1VFObW6RUUrKjWY0SahdMa,37
3ekZOKyYPanieZuumAFVHb,52
2iUXsYOEPhVqEBwsqP70rE,84
4TnjEaWOeW0eKTKIEvJyCa,97
70B5oP5ng1QYClkJ9CeWly,49
7CaQbeNAccfyQrBQqu8X64,43
1trLI0S0vx58WgYa4CX8ef,52
43DnalVz4tL1pR1GWCpfCj,48
7HewMuViUJP2QcfiaUnyOl,31
5xLfQuX5YAfog2JgPz0dpA,56
2upFJKo7EvWdMx5732mhuc,19
1oDqDCVfT6zd7WsYiJ6esA,14
7s56ykjZI6HkIBjpRw5Qv7,18
6SAxZVn2L3IsSXf5iQrnwK,53
26hRqgXP6NQrxObiueeOZJ,32
0kPWjVyvas9lc4oXakOiBj,45
3ewW5NHyOadguuYlu0LmEY,1
5GVonz0OiMTTLgit6hCqDf,29
73pgrMq57KzuEDSpUtEDw2,49
3mEb1rDaVl13swOcpkItwJ,41
4ZTLOAIfUjJ6jDQj63owM0,29
2fycu38G0FXDv0890YVS2M,39
4Qz9GBK1FKWPW8lAToCuKQ,38
2MT38CFvDK7qQjLMixkNoP,14
5D59kJUcYmJPLDcx0Co2ol,48
3vZK2rdDmMW2W11S8dFHYh,18
2MnAs40kO1izWTF63MW5uM,7
3LCXApiAIIvSzM03Aemhoi,33
12fKpb9QgcHegCQYvKhejP,14
5VJVEQSX5Sa3Jvl57F5sxN,34
6zFOtRDPGngLjOA9q5pJaj,15
4cR5xGjVMuiGJXXsr5fhvE,42
6GmxgltuKkp0uxHvTeNFa4,0
4KqunuQGZ25YDDSoZUnMR9,29
2iOUaAoZgZYImCz6LIQBxe,15
2ipc1OACP7BEltKn0g3t7C,43
3TjBuYxZqsO5jirM0rujRO,45
4SWHKerZ68wx0fmjtXwRRE,6
24G3gIRBrI94XfUyjc0pxI,36
1BwVIIKOb2jv5Cbgau61v3,24
6h0UKzcHd8s5xjFIghKOHK,45
41ZcBumDBhCqSCWTH4KVdq,45
2VpWQNy9Ywa6rIPX4l54A2,44
7B2DS5uAjGp3QB1gSz1XmP,50
1fbuWhPQIH1NxU3iATVGJZ,33
3GBQNAsF37XS3r31EJqS7T,38
2bHpNAMEsB3Wc00y87JTdn,56
6sbOGldEofWsQlq1GjdHJK,10
40WtTONaslQRFLBaSna3zL,31
5gFW8TiJAyPwjQAMuwR2dB,12
6zpGlMguCiKeoUMMe4NUce,43
7FlwylpJSe3ea6m1IrkizS,58
5zXPfLfG8lpiwk8UqXKUlQ,0
7Hqc9EvCMrnBHa1srU6kiL,20
3xG8Xcrke8F1gfYjzQE1Le,51
1oDmijc0b8mzn2Z4bW6gOS,29
0wQwka6aD8i7gyhpGFNHLm,39
3L5OGCMGh4Vhql02c2zHcW,40
1UENUkRkZdAYZHx54lC83S,14
5YAISSnKcPrBT5W4zOwfPv,7
53qC3HBsGWTcG64jWdXGlY,0
4aIJTTtSttQM9n9L9ovESD,1
0j978lVkhYkv80fPBGUUms,38
4U6GYrZi0xvNkUmFitCDED,54
7hsRTk36qhFTSzmBoAZHdI,39
4i4QN9Zs5s7OZRRLIYHMmP,54
3xtZcACMmu4abI3xswUbsU,16
53Kf1deIW8fcRaulTzQTRO,0
2qTy3hGSbxoSenKmlKGHFw,58
4ck5sxsVVOxOhqgaKf6RId,40
37BIYtAvkJdUnudWXLkF8w,14
5UrCArd6UDDR2EPFOeWCxb,47
4r5s340LOiyEZTqNJglbzH,1
1h4LSPG9N4t2Ct6frvnNQN,32
5UFXAE1QXIGnmALcrQ4DgZ,56
4OSEE9iEHADmTSCpxl87GJ,51
55rIKGbcna1oD0v3BdIo4B,43
4iNljnJPDFYXyaLVpr7tbe,34
7hhePWBHR8oNZGDV7Xz16b,0
1afuAgWlDOD48Ue3B3XjJu,37
5DzMRynZilaNPx4epDKqM2,0
3GTK9nWsjEOSRTVyeKygch,1
5sPkgogsCQFYKnYZMwkODz,41
6ME1VoSzgeICC3LERDfq0d,1
5T0d89LbQ8b4F4aQshhPH1,0
7di4QTqNCZjX4JUFKhWQsr,52
1xH3C10MTwvwRVf6jlgdH2,35
68L2LNyLnWfBw7c2nR6OVk,0
5VtqYOQrtrBoaZKMaY0HcK,32
4kDl3770KCqW0FComaO3TV,16
1H85F0Iv9LNEJBgVZDVFYH,18
3PcKtoPhJZNwvpiXsttX3l,4
56YEjxJpTxgwvmYxtWm16G,18
10zzmoWQkfiUfZRBDS88i9,37
3TXs81YKTl1IRAeajsgyaJ,30
0FE8gz0tOBbAnOp90WbzsK,17
5VKEsChbUowEF2BT0gJSGX,56
5EFQmntseMD5F4FkwLoND0,17
0ak9xScGzG7JaA1BUlLb7S,33
4ABfaDgFSkYhGeek6db2L9,26
6XE0F3KRAm0Ld17pyE9UDP,25
4gKfuzqb1o1uAXr2xCMSQ7,0
6QNkLUwipUu4QMGyCeJQd0,16
1vvNmPOiUuyCbgWmtc6yfm,77
1Te8WIfLudxjHTr66BL0JK,64
2mCF8L0brIs88eH6Kf2h9p,68
3bidbhpOYeV4knp8AIu8Xn,83
3AYcyxEACnmE6d96RPubID,71
6FRLCMO5TUHTexlWo8ym1W,81
2V65y3PX4DkRhy1djlxd9p,77
3JA9Jsuxr4xgHXEawAdCp4,70
6cpk00i5TxCqSeqNi2HuIe,72
75JFxkI2RXiU7L9VXzMkle,83
3QGsuHI8jO1Rx4JWLUh9jd,83
1XGmzt0PVuFgQYYnV2It7A,78
0BCPKOYdS2jbQ8iyB56Zns,75
28jHD8xBLnN8esbroQ6zz8,54
2nvC4i2aMo4CzRjRflysah,70
5L2l7mI8J1USMzhsmdjat9,69
7rn94fZKrOwHunAgWtvJUs,2
3zU9rdflI65tK4dkkNSp77,73
64j3Bd62HTe0pclk8Aq9BE,61
7ef4DlsgrMEH11cDZd32M6,85
5Sf3GyLEAzJXxZ5mbCPXTu,76
57gkpm9dZdFfp1xoBvcZTx,51
40AYRnDKhhrH4JZO4KS9Dj,7
06Hdbxh6NCy6TIhjdXTchB,63
2KrHwwnKAfSDdOStftigJm,59
4XDOe9QBH7lqTsRHPdAbeG,33
54ZPmGE1uOG9IYoUBSRSp7,61
2Kl1E3NdbzT7vVi93TffoX,55
6EsH66Uto1zwZlDGQ6RokU,64
1trC8L8YpawkU553ymy2zC,61
2hr7myxuDCoXsKyVfh4ue0,55
1mzGywacjpeik00PVLBPpF,64
73TU1voolT9RHWGLOHyM0J,46
0LEJw1t60xUxevqvqySYFC,62
1a8tAQAzHIPQ00OPBXGWPz,65
6wp5tGVNQYpKJPo1s3WUEY,63
44Ju9snxuhY5ZKS3KHA407,54
2AhV6GW8sUFpcEuDy5EOln,55
6XGSfNAbSjcnTkdvBqhYyg,46
5WxtmHAcrDbghHVGupu18h,67
6pGZOkEi79wdJ7x2dPBy4w,59
6RtPijgfPKROxEzTHNRiDp,78
6ADSaE87h8Y3lccZlBJdXH,79
2x0RZdkZcD8QRI53XT4GI5,83
65hRZOQkVjmBdusz1N7aOv,67
18VfHIPaCo0s6FTi1Fnp6T,62
11BAVEGi1ivJ6JWLqKUNrZ,69
6PkzXU8dlwtfrwyTlUyVnv,67
7EVk9tRb6beJLTHrg6AkY9,74
1KtD0xaLAikgIt5tPbteZQ,67
6SqX9J8tXk7rXaspk7GWX1,64
38TlYe1miTAL6r1FyJj7PS,49
1foeacjwgWD6UMmirTXwL5,57
7EzQpS56OD25OuAU0HMivB,33
7G1GeydTuGnGUvqbSFUW9q,31
7De6b4XLpncmtmhh0rztDh,23
7y4Hse34qteEfJTfNBkVyF,25
0badUCyexkIKRDWbBV9pgc,30
3fBzXNIRUnHl80OFhB0jo7,51
3uotsVdKcolpIxr0WHnaPe,40
3mU0DbuWtUX5KCaovOQZVK,61
2LyrufB6lwhwHq0mT3Dihs,2
57MWRhMsRLm394pOeYup4n,47
4XTRWWCbB68WDeAHLfv2HP,56
6QFIhhGf2T54UzNlVb2eee,24
16J6wH4Evm97ta1hDQIYQC,68
1moKeSb5S4eeFEwxy8l1vU,38
4Z3RyalTDADxdK5LKEl8Ys,0
4u8snuKA78YNkJujLeh7Ht,59
0cjE7wclBOfoqID5ja0yHy,27
4wZA1pt80ZQxzpuAB6mnHb,27
49EAN1FCYDbxfEHS3xJvby,51
7JRO6Gc9H3j0EY3Tsdsft4,1
0km1p3GNNdLkXaC6m6CBBc,0
5OyWvQ2kuOdNTMoxZI1fnu,0
4cLH3uzf8tV1YNVpQkrjd8,0
5qTWewFdT4gI0hJet8HKJW,53
2NLPvOCyPHN2CHwIHYTUsA,0
63U6DJ2Q7alA97eUkFdwDv,0
63mlCw3VtGUOoR6LI6UwZb,0
7ja4eJ7Lr3fkRJsyKd6zlG,24
6GOS3P4JnjGLk6xVdHPY9x,8
6z1VtU0MCGo666iKiajfhp,60
3sU4ZMokIz6q0lfbe4aqFE,15
26IUp4TTVCohWw7PC3SZoB,11
5LciLoxa1gK70yIUeoHgRx,72
2YiqBesMJpszYU6raDOG0R,61
35u3Isd3DuXKAEC7JCC0lB,60
06FhHrnpYCmIxIxIGUehxQ,62
7MvG7Xx4ehlvnevemZIXfq,38
0SmVMgeAawZGAER3ojBfXj,33
0bqfNDZvqXB10fUKSfj6mY,50
0eaSdnDwPCoXMwPMwko4Ne,54
330sg1eKlLIvWRJCAttThK,17
6d950ki41uXbRI4aQKjjnp,34
6yUeqED14PUT2GQDBS1cFS,34
3qcHQP6CmA2Grs3baKLiMB,22
0P9uFnsHlwafDAZ0i3k9nX,35
4Gf68vwxa69hCiXmJ1jvgj,61
4BidnF0FAjHSUqWhtQYZDI,19
3lTcHFrN025UJJwyAFYy1p,14
6ANFW8xkfJczrlblnAk77k,31
10NnNz4U15BNgWDc2xLYpS,4
2UAz1uQZR4OKfa55uBPmwl,13
77eDrs7w2utSdbBdpbefol,56
1WWVPLllFytUxx5yoG3csG,49
58HfaJinOwdtvIusPS04Im,65
0i0pCRaivPYaX9cK3psmdc,45
2udRqNX3z2OjdqR01ebDwU,62
1SVm64B4Ry7dqFSxHY8e65,68
6RTlokHIiobtIsthCLm3as,60
4TkfJCHscikJlsxzh1ow9h,52
2WrPfK9mtiMLhWvohO9VNx,45
0rX7mbNXYmAolFCY2TYVPH,55
1ORb6uGvpjsFwZK8FUpzWy,63
0ajxZXbCw3XJRlSVH25wVM,49
1dQJiFYTqToVTf179hwiSM,30
0WEv09ugUmm35vJ8mGDepn,29
4TlhItSfdcIkWIOEEnyfZ7,28
2yM8HMUjwhpCMiti6rCbON,20
0U8hIG64PnssFf6y9w35di,26
32FD8hyKXzhkt2wyBCUxGs,23
1nULBrlzWatdcjA2ZctIMv,69
4o08qQ64xGYK6r7ee6HAAO,18
0NLWuhQ5gZmFauGarAPdol,18
4F66xJ0gHiqSoI2JoY5AzP,18
4qHbFA1kxJaTkyCxbRombH,16
2iQecdm9sXeYFg9uem5hmt,55
2p8c2mMKZ4Rdmw40Oe83fq,13
3OgmD7U0OBKsGk8Iqm5mps,33
36ND2j1I4fAwsIcQJXka3P,32
3cc0FHJApouanbqTyFuEjY,0
1mVyW9yfPHVp8n6iDMTJyK,20
0X3AXpz0M67gO6vtmAqdqa,0
7hDVN6GisA47ym0H93NA1Z,0
1iLBWOFDhSgyzJZ4gTGpnh,0
5jCOeqjJRnRo27b9Hb8xHp,34
6Nabz5Gsy80XL0MJoOmgF8,63
1K3UKlvqsfWt2rjZ7909g9,0
65TPre8PWZmmoPzLm15wjK,42
1FqKB0qnhosf94ggp3BCFO,26
3HCDGtLZabH3umLgwCBpDB,55
4eJsGX9rhsU33HVz0hXGLS,25
4OwMnNi3kC2DEIrxMTHc3M,6
1PelBdlzW0xREInIHMfeUC,0
3F8aTQzmKovktFcR7MCGFW,57
6FwMGM0Dtmf0vz6BdIc8uP,51
5aQfUmnxj8x1zYc37Wit9w,1
2GRL794l2R1SFJc3Z0pIlr,0
60qjwCGifJ8I8s4Iztef1r,0
23M7cQkNJLiddeubvVgaQl,54
6zM4fg3BvLOJNlQMsiDQEU,32
4pEXlAqaJXQUKDteKRLun9,47
4YMjssjl6JWPF4ZIcvcwkg,51
0gnddNB2gbyN8VC7uqr6ns,0
5gUQMCRhjHM3bxdC67KbVx,0
6uekkuTYKxEjy0ZuvMx67X,0
6kURXiIFcBrvfh11Soiwqv,0
3W6WaJa1wRQfbhqotaHtyM,47
709ffFK4o4MtG1NKoLvOma,58
752q3k1ds8JckA7tIakICn,49
0CFIH3diqmPfa6FRXEILLF,23
4MdvgmBT9wxfpgFziA7ZHl,24
5rvY5aFTSvQAo2VNUR1Fxy,54
6wVViUl2xSRoDK2T7dMZbR,67
5jVJAojK3LFKETjI2gYb8O,61
3WIg3fd3W8I5HU8g3Y6P0k,17
0BPTTsnnfz44XmZn3EE0oo,51
2fdfsGuqb6SBX5ocoBWHUd,63
6JifQymydeuqrgE7KhjHAM,23
0A4PZuepTcIQVvA5m7R0M1,44
7mLatcwUn8BLmVrgfFnzqC,42
3L7RtEcu1Hw3OXrpnthngx,74
3SndrpimYzXF5D2qRoHIeb,0
7eX6sFVLkso3diMS52w5Vj,20
10BQIOZ8dhGwOOGBVA97qz,50
73u9bIUEaSBI2l7xXETSNt,18
0I0CVZi0p78WJMDftfXeGM,0
41bdgBL7tjwQOl7RpwubKU,43
48p5E25cFPanxuwCTmTpuL,63
3mIkPJ47lUFnc9KRO635KE,46
4r4VwcBtZWLgBn0ucRYlEz,21
1gpHMfSpviLSP9CNAeb5xt,37
0i5LBaRAugIBpBMEfNvN0e,16
7BCrpOMsSnVpDgzQefNsyH,0
3SVXhtxFCNJnA4MkWF7sJp,2
6amZm52SfS7d6oCEu9NDMl,52
6SsP9PE7JT83QZA8kEYHVV,59
6eTZyUjg4ZoGElNcAINIwJ,8
3DVlXVkobNsNxXDQ4inYiH,0
2l4Wcuw1Q4TU5iFGthCCHM,23
6ZMda6mscE8eRkuwlw8yFB,18
5ft1GmMZA4uNX7afvQfDLn,13
0a4vQ58TiGl8Z77EEAvQCx,27
0ooy3NjwsJreceWYCxlfQt,10
1GqgSodUhTUR8KwjxJfNPP,0
3vy2QK19RCnS4Egaq9fGhy,8
6AXO3W0HCu1qH5LDKa77kJ,8
6m7fhJkK6TbuGDFhBNpgyn,41
1r8oPEXqnhUVgkUkJNqEuF,64
2FpyKkCFIfqmp6eQx4Rn1V,8
755mkmCTA5qT703pHu9bqM,16
6rbHOnhczgYjqiRLAI5ehz,0
5TQnwwwx5na4rCj6EVcdvV,1
5rsSdv2z7JLhE399TQW6ji,11
4bWapK9CYlRbK1B5Sz6ee0,0
5iOc8d1LkUdQ9AbDjSBrVQ,32
0RjuP2ncb70tx4f6RdwaCB,28
4TkmYXyFTREu4rlJxihSgN,0
7aS418hRnOnYrXeyrZilwk,69
45PxL9PEi3AogpOyegTts8,30
6vy2RZfUjw42x1dEWgeTkC,24
0aZPhHp1DVNVS5HAWzpUsM,2
1nz1xzqPN4xYZtR4zgiLxt,12
6Na3LJmy6qmjK1SYzUhmZ6,0
1CDX9A7Gw2PJOVNij6z0Rx,46
59NImYypcsmmw1zeaP5e7z,34
2kOupHwtD01Wle9xOYfD3V,32
5agxCIWiABK6l4ltmCAHoH,54
72vPueDUvJcL3MCPb55RHR,38
66SwvP22z8kCBHYUFxppNv,43
4BixGe6AcqJU2etTzeh2cN,57
5KhHe6yaiaZWlqzFV8Bf0C,13
7cUXKXdigEIP8FgWbmckde,14
2Pp1ZQ4Wt8bm7UmYVAvwPO,30
4IhBhHVdPgC1QABBLCeK2o,0
7owyIr2idoIvJRib2ejckR,0
4CBgcRYGyWjGGaSFuPJChO,0
3z0XmdhO5r7axDegF8CgCU,0
3Q1IYNRE8AEXyqIGFmV1zZ,0
6WirIUSpGjB8iQ5o4U8JJ8,0
6k0BLH1VGJCgOeU6mm9mPM,0
3XmpCkuHAHIKIJ5ZxGY20j,0
5tYYM8M1tL3v5jQYQFbJio,0
5AjrdgVniAvpTjbS6xaZuF,0
0hrRcmdet5Ey4GqwnM0wBI,0
5exXY1hVwRrlaRuytYLZqW,0
07trtA9L3paByfzsIf6pZH,40
5qjdDjPPhb1obzkX3vrjUI,36
1SNHjxLCz9viXRupgYqqC5,0
5sov3e1jSq38hcYBiVTsUl,0
2JuXAsyRpfM34KukQkOJtk,0
15ToEAfwSo83rtBLdhNOQH,0
5fJsLklkTSZlEbA5yJKzab,0
0Lv6BQbmnX7HKt9tEoXybs,0
7mKTTrCsLQhwufBwCyWCpY,25
5njUSJjEOAZI18UPfToQrU,0
0zqL3SVrgr6TC8RYeN1S0A,3
4LbO2pzBtVQnHvrYEIwNPO,0
47Ls11l7EzQazAwsw7AAwT,0
5RCpPQSjEZ09MHiupi5UgY,0
034JvBsXpn8aAjYyTIPlqh,0
36jDowEuYWeKt1ZoqBJbM7,0
08d01k2LOAsQ3n9JyXq3Jb,0
34HsljNJ5u8aOTpZMb9O76,5
7Ac03wy4zFWYlZznvhQ256,0
14TfQoQHxTjxVKfTxb5plI,0
0uLdF7n18IFclndsRWaqx0,0
7gpRS0qMf9tnSlBRAP1ERX,12
7lIPktnf4GIAT1zl9hhcVD,33
0ebnzIUpJu8QHyt1oy2S87,0
27OBL8kgsenRWUqTsa2MG1,0
2s34HcmAMFCttPq8Bh4I41,0
3PqG25cnEC8xQdsO0SkzQF,50
72VK0BfYZFxoMkPWA5a5Iz,38
4jRGCR89tUVCQ3A6wnBhef,0
78cQDh4thpWSE4DeTCBeDE,45
5vzFnlJE4MSKmV24u2F89j,46
5GyvNF7yA07O0ZgGis2JVi,0
4bnNwCbIo9vxlIpu88KV0K,2
141lghKsBrt4uofVcNBxmD,0
6lRKIl3IsrJDZbPH9yZdvk,0
3vHZe0Vcv5pQNE2cf4VRtQ,33
3IfgRu6zDhvNj7nTPIzsyj,34
5VLuVbmpfP6s2oWVvbUdYp,0
4g76GjEr9b9vHnbymLLGnx,0
7kKI6RZNOYdAHqOcqS93oC,0
0ZHWMKoCSsrIWKOaTyDvke,0
5eddlmNETuP9mhjBLWNLOV,24
6kJmK6N95GBuZa1574EcBA,30
5Du6gEDduLCB9FIm9xIE4w,12
3XVZXRteaLrwa6GTlsQ5i6,0
0x6rgzl1TnIBBrQ5Gljb4A,44
3GR5Qd34nif6bskCrhTZue,53
3bZCS8ThTAxMJZavYWOY1z,0
51SQT1nigVQ3Tz3jThYrUj,0
0sg9N1JVPfx3Xab5ttLYvw,11
7m7Vk4cGjklljENBoRXVDt,0
35rnikz5NAOTvdc4gYzJFN,41
7kft2XxMqsCZe2gB74bvXV,0
0sirCV8os5AwHHaMa3IDyX,45
7ycmSrLzeS2tddca6hKqY5,33
0QKHlkLVjpaJF98RQiL9rR,26
42WPVWtxYdFE9fb8Vp24FR,42
6GunRGvhXUyvREwRnnKbDC,0
08smDzfxppUCFABj6FU2Xh,4
6CgC9aQV6GwkrUXuQfohMM,5
0zx2Dq4YeAAjKcbPSS2DaQ,31
2JO3HwMRPeya8bXbtbyPcf,71
4iboX8xYIzgfe7LB5N6DEa,1
0ZKOe0o0804652Rjep8sTV,0
3TQQia7NM2GwsiwiVZWrSC,41
75bIRlw76cMP2kj7VtIgQy,40
7AbeYC9dss7l0YtQz9fWy0,55
6gjCB9TQq3cwuT3IhPLV5H,0
1iTZnsVqhCBdZqp9gjITDB,0
4zz9PWsnrYqtFEPUaSh8jj,0
0T7Horo32W34iuW6iC6iRU,0
6Ipaqc1ybISGpoJ8E9Qs0E,40
6C0OrVX3tL6VeTTxb0ibzG,9
1KngDoxfJ3fdTEbFiIMw6l,26
3sqQ4ocD4M9fsvbHrr1Z2M,41
2oZLGAJWR4DQINOTh9W9Zx,0
1fYEmBLpU9IIuWrAUGggSg,41
2oiQ1M5GwGBKsPz1cRTWoG,0
5fxdGJIIqlcsXFRo0Am1AL,23
3aRqwon3FOf1nybe1bOLX2,37
3wZvXDeSxh8ZxqyEwl0ChR,0
0HCl2cFW2ISiJOZtZ92vJe,0
6a2MiOBXfkCtAGYvHeeOYE,0
5VCk4tEn6pXqDqOGBNNmdt,0
78RYulAoOiYBP1dwdEOCah,0
4JsQkSOE4taeyhH3pv1een,40
0u6CqsKqlArqFuMVKREXp9,3
1z3ugFmUKoCzGsI6jdY4Ci,71
3rFC9t2bY9i4Bq87IWW9uW,15
1nbMkRhfldXcmCyB83x8lK,15
1lpFXKKckqVkyAN1lPwwC2,3
6CZMoeVOAlu0ew2DA0Vh5h,24
0KsWvegLnQmb6SXbQ32FAi,9
6HA97v4wEGQ5TUClRM0XLc,24
0kPeymTUiaidv48eRrMISu,62
28o8m1o9RGtySbmQJtAvym,55
3CSpzkoL1XgDBZ1q9aDCUV,68
5ZZelsMY2VgrZOhq66GiNh,14
6mht0HfWSayOESGoaXEShd,34
77NNZQSqzLNqh2A9JhLRkg,74
4CGAWAPtcZWu4fRM1Jr0Z3,21
4Z0ZWdhqh1RWeIKLl7zC6J,5
25P3eWNVZWofL0nXhMyDwj,26
6jJCk7oHNwyowOUaF3gXEu,56
4k0bXm9Q4RaTuYi09i4lKK,63
0UXcRajVmKz6b4i8ryqNhJ,32
3XDeeP9wBZzGhIPZmLfEEx,64
4gnAKtZkXPYjWcTnsagfA9,48
0cKuO2BdECtbVQDCGx1dqa,48
51wQovDO0hf05pkZYvu1GI,51
5WwqdeavrQrbeAMDxGawse,73
5CFCnkuf26Goxohd2KBGI0,12
2vEQ9zBiwbAVXzS2SOxodY,24
5qFPs70nZD1fQZOi7u7cIZ,54
1Jwc3ODLQxtbnS8M9TflSP,63
62LJFaYihsdVrrkgUOJC05,73
03llf55qnVnqzVNP03SEKZ,16
1OOtq8tRnDM8kG2gqUPjAj,77
1Jj6MF0xDOMA3Ut2Z368Bx,72
0BB9eUBBaaX6GALSYNcEp7,17
0HEmnAUT8PHznIAAmVXqFJ,75
0SNGe4xksgp7CGnY5kMXOJ,67
3ctMIbfOvk4duxPcoYrJvO,17
19pVVNsJ1Nr6QwSgSsRKbX,13
0CsM8VGDi38kusMv3pxyj1,72
7bkyXSi4GtVfD7itZRUR3e,54
2k1np6GRFvKjgjYfo2g39B,18
5a9BgulCg84pm4kgwGGArI,36
6uP1ltEgH9Na7C1AkxJTvF,46
6vxX7MwVgjwvGDstNBzFSv,29
6mxWy8x0JarYKbQpgZ85Mr,11
4MFoiFTkO0y3KIy9aBe2bS,0
79yPlcjbwRebGO32kz8Bkv,4
3fNj2LaYofOn3wkwVhsK08,41
6a3hD6Bc952oVtdqXyWoB4,14
0bVtevEgtDIeRjCJbK3Lmv,78
3X7abqSXC4xrxuC1ykpWcY,15
7LygtNjQ65PSdzVjUnHXQb,65
6XIQe8CyDYFHN0iCjfRIuj,5
4hy4fb5D1KL50b3sng9cjw,14
7o2CTH4ctstm8TNelqjb51,82
1tQ5TSr1tyeQUbHKBee0jv,53
7gcp21g7ILJy0Doa1bJh0L,19
2CLXW451BFgjvB9rCIlizC,0
1li0jGGRIaMaNNRBV8JXZ4,8
1NW32mer4GFgDvDZ0idTUt,50
46QazXxQS0B31CnbRCy8CV,64
2SiXAy7TuUkycRVbbWDEpo,78
1QFh8OH1e78dGd3VyJZCAC,73
7o7E1nrHWncYY7PY94gCiX,70
0m2BFvSyFp8eyB8aEIVS9T,4
1rd6GujNvOYQaXnaLrmEXH,0
6KqWBiEZxRmPPGDc0PkRoV,6
6Nq8YtPAHuL1outooeiFde,64
1hZJcuz9iMoz6tLkFlIaUy,60
2ZUxIlHAS7D0OMAwzTVXWN,10
41e8y8N7OLiVTWMam9iebK,49
7EmSPZ9f1AiLR9eVHNSI62,24
7ahtENx5ZVLkPplyejXy8j,12
2KjYhaRlB5NtCJ0JotvJhZ,5
6wXy0MosS6KGV8yowVradf,10
63nVsCAdxu9OdeRhe58wiE,65
0q90594hk25yo0xZmBTqCd,60
390AWnOn2rfe9FzQjYmxIH,69
3evppwc8rJ86Y0jFHqyF8A,30
2M9ro2krNb7nr7HSprkEgo,77
2ZBalNGwjqdKJd29O76wBV,8
4ByEFOBuLXpCqvO1kw8Wdm,71
1JLn8RhQzHz3qDqsChcmBl,77
5QOcepOSAdswU3fvhFPwZX,12
78TnMTAFmWUWWCgNXR7D3K,75
4LFwNJWoj74Yd71fIr1W8x,75
38IWXVnGBxNtBoQwE51qs4,28
5tHbBxWjTxaQpL5SrT17Tz,14
1Hvtjeu6MgmsaAbrBrYl8a,16
4fVdtkBSTaOuecdWKcXmRX,2
7GhIk7Il098yCjg4BQjzvb,66
4y1LsJpmMti1PfRQV9AWWe,76
5prTs2HAw2G4idHZyeFp8o,74
6mYrhCAGWzTdF8QnKuchXM,72
2Hw5F4S5TFmrpBoWXc2Awx,15
665Jxlgi1HamPKbW1vwzx4,66
424ga21oScJ3e1YvT9JxlT,0
1vjG2EShnUdbca0y1yb3xK,35
70Wisxtvi1DJrPMFvCpZQu,42
620tbRI5ZFvrWF31JkQ2dS,46
6lC1fMDRhWMzxZ9FSav6ky,44
5iGo7eFvRyiDvCm4X5yy9e,46
0tauHCQrMIigu9GtuYqIw1,44
59tpgfXjTc3QR7mWJj8Wln,49
1y6sI4BrtktJLLtc7Eti0A,29
0nzNL2ZFDC95tkMDEkiyxd,42
6SoVI1qSkmyJG95BF5oFtR,47
68yqiuPVxrT9OySWFDwDDd,52
7pOQfmpo1pmoNE1PSeCKio,34
1zdsOgv1hdGGGe9CK1QPY7,57
3UdTzeti3zWxDnFz7NUWgR,43
5q21u5TzhSaJPslac3xce8,51
5XLjIFOigk5R4oc9UUuG8M,55
1phqpuTmNZeXsNONWg0TPN,27
3GNP9UvQAIQaN1WT7A5j5q,31
7y8aVfDkqt6qirGNivvs0M,48
3dud2dUA1UY39rM2hqmIhb,46
39FOpTYE4ueXiWy7CPguxw,13
65NKfdLTAnL8ubOho5jCXA,49
2Rtmbsx0Q2xzJl03gWOrSH,34
4KupOOlpiji7VTKLm6b8nA,0
5bBrbeCtAntjU0SOUXnIC8,43
3Ve96alMjeaChfLbszJoKZ,50
5Sq7pwP3ckLbwBt4oa9cxq,36
4Dgu832fwSuZ4D7ZmNx948,1
3eWS7zJviX0aRfQgyPB54G,48
2BnY9VsTwf7Q2jZzQ3Td3o,0
0Yk9pUjag0vNBww57XrzST,32
6dOLVH7MPhXEdq2MCMmi5x,38
1gNrhuOhbyF2YPuFQPvDob,39
4Zehi1XQ5vKkIxMoqZ1L38,47
6e1rpOJQIXivYKXOBLoAn2,48
72RPn7RFZQmZD5FEgfHxp3,39
05Q5sFIYy6KC887fLw9p1y,34
7vfWgVGiLgnGbInU5lvSQg,17
4OZEu0Vwq0RB2LAq14v99n,9
0IKK48xF4eEdfofyaeKWWO,65
6DsFZITJMPnh8z5XewfVmL,64
7vqUr6K2Js9Paq4kdNSOm6,64
0V9cosR5jWa4fr2koARmhD,68
0uVyZywUNOp6S0dU5r8TS8,69
5lURhQIungeGdpATEZSpwL,3
0IDcqQM84frBhAJ8vXC76I,5
7l15QDWp4v3TYh5u3pQjxa,59
4RepvCWqsP6zBuzvwYibAS,21
689WZ46LgjqQeI6axe2kkG,42
1Dt3SMp00av6ch2I5eIKKJ,1
6tinFGP1QJuRbyeCekZcLZ,5
00S35gEf40z03JTJgvQMqi,51
0lmdsH1MIoLsMymnNpd6HU,51
0BiGd2FNDQ0eh79ZHfp6tS,55
3GeeyHU1Q6xjyeXjRAjBoo,57
1XRTXNP8eLpWXfso8Q4dC5,55
0tjQxtpAyQdTJ1MBubNxHk,42
0NiXXAI876aGImAd6rTj8w,59
76pb7byVgncOfaeFzHqs5M,51
7Ct0Q46k5PkXzYiNE5D2dn,9
5mYNiuzRtpGUJZpbBRWrqo,22
6hmhG1b4LEyNuashVvuIAo,76
2DGa7iaidT5s0qnINlwMjJ,75
7r7Fg0xo6oDt8jzYFmPIU3,6
4aSfgWmRa9KsISD4Jmx7QB,67
6SEA9c4WLjX6bQtdVgNqiE,17
5kHiHWLcbsvTDtmHxBiaID,50
61lDxV5pn2UdumqMpdxCKG,58
5FVZ1MUgy0ChBMU6aTsxgm,32
41W4YKwP7DPxoplPA2U0PW,8
1uXl3Nuhgkwx28NIaCMUzy,13
1wXtvhUaHymGrhbjPI0KK9,0
2i3WO0WkrlnrA1I4GdUmxh,57
5gIRPQWULwrvIt0F6pY7ph,11
0yxWY5cPaPUpeAoqSIoWfq,53
1eumDcFTsoLPEN31viUhkt,64
7kJlTKjNZVT26iwiDUVhRm,70
6BnONjR7itGMEqwxKTIlRM,13
7Izh7zLJGw1Nscd62Exxj4,11
2jfCy43LsFbCQoB6HyetlY,57
1jLsirPDkUS2g4gnkYua58,71
18AJRdgUoO9EYn11N7xzaT,69
5dKyZWlgjWw1oJgLa4GCZD,8
6LhMds7ayfuDXVm05O2uOs,45
0kHyKhJMukHEPfeh8s7rdM,75
1KeZgPUr54C8iz3FjqzVoz,65
2kLf4myxQME1Nd0voeKZri,57
6xNSaBtoPKlPhXsNT7ZwLd,48
0DhkTGjEaIHaSxTfC14BFm,70
24tVqMiAtv8jmpNPhBEsDY,57
5eTNdkstwKaNahHf41fJ9u,66
1oXHXIB8rHgwHSsPRNjEzn,62
6lhBJwyNBMPr6ejjscUDCj,27
55S2PQgSMYAhgoTCcGCDfw,77
7IToVuRoN3NP3mJzLe0RXt,53
0PyGOEylGJ63YvEtA7Dw9P,44
09IStsImFySgyp0pIQdqAc,84
4F47yMP9WPb2MMvOUxNHKB,24
1snWlbcbgQpJfknoI30DWG,71
22VdIZQfgXJea34mQxlt81,80
7BPw9h8vCIX94N0rjFU12S,61
4RXpgGM7A4Hg7cFBoH5KyF,77
09CtPGIpYB4BrO8qb1RGsF,81
3bC1ahPIYt1btJzSSEyyrF,76
7xHWNBFm6ObGEQPaUxHuKO,74
1eq1wUnLVLg4pdEfx9kajC,77
4aebBr4JAihzJQR0CiIZJv,73
7MXVkk9YMctZqd1Srtv4MB,84
7xkQdy0cy5ymoWT7nedvLz,71
6QPKYGnAW9QozVz2dSWqRg,79
3B54sVLJ402zGa6Xm4YGNe,82
7fBv7CLKzipRk6EC6TWHOB,83
3Yqsx1OFZqPbULxXPLHlpq,72
4B0JvthVoAAuygILe3n4Bs,78
55h7vJchibLdUkxdlX3fK7,76
58q2HKrzhC3ozto2nDdN4z,84
72TFWvU3wUYdUuxejTTIzt,77
0puf9yIluy9W0vpMEUoAnN,78
7zycSpvjDcqh6YT1FEl2kY,49
3QftqIoFrzYaEOGrQdjWe7,63
70Vdd1gx5tn84jkAU31ASv,67
0Nlvx4FIjNscz5b25ccCuk,25
5UqCQaDshqbIk3pkhy4Pjg,74
6q1qACcezH6eH77Xljh5QV,65
5FTCKvxzqy72ceS4Ujux4N,68
4WgvTITBJbEfCJHguiE7QS,58
1XrzQqBNii8fUo3X0SvAoH,60
1rfofaqEpACxVEHIZBJe6W,84
2vwlzO0Qp8kfEtzTsCXfyE,76
2JzZzZUQj3Qff7wapcbKjc,80
5A6OHHy73AR5tLxgTc98zz,74
6M6Tk58pQvABy6ru66dY3d,70
6b8Be6ljOzmkOmFslEb23P,78
7vFoFDWqTX0mHzLfrF1Cfy,76
3aYBjxTMvrEOP0A0UXg9ER,63
6ZdUGXn6KUWYCMZNA8NhYJ,55
2iJuuzV8P9Yz0VSurttIV5,73
7oVEtyuv9NBmnytsCIsY5I,73
4fINc8dnfcz7AdhFYVA4i7,71
3e9HZxeyfWwjeyPAMmWSSQ,87
0Oe49j06Bjrxs8PltuVeaW,74
1r1fPuhj9H4VdXr7OK6FL5,71
7KXjTSCq5nL1LoYtL7XAwS,84
6jizk5lOUnfpaZXYMdfeC6,68
62vpWI1CHwFy7tMIcSStl8,82
3FSPaBp49Clqq2p4zc9dbA,52
5uCax9HTNlzGybIStD3vDh,85
5TbzAWWc5eJaANpA9kfGCd,72
4e6ZN0EcEqYx74BTC5xQzy,60
2qT1uLXPVPzGgFOx4jtEuo,83
5m5TRf7ggoguXtcXQGprN4,57
49aLCvvEKM5EA8IYwDmtaE,57
5iNRPN7oYQvdB9AmeSW6d3,68
3a1lNhkSLSkpJE4MSHpDu9,84
5YEOzOojehCqxGQCcQiyR4,74
6fujklziTHa8uoM5OQSfIo,76
6nmz4imkDcmtwMjocAzFSx,9
4sQMalN597HdggTu196aL0,6
3UN6cIn3VIyg0z1LCuFSum,67
2i5gkqfLxlCM902kgZVb6v,53
5iFwAOB2TFkPJk8sMlxP8g,79
3GzZfni9NCD54x1prgpIYl,13
3lPj2nA1lIrWIpbnhNG57v,59
4hnjS0dbHpJwBlCkEAKVyX,60
368q7QWp27Qbvh7wWFIyA2,24
2i1CnSeLjppv41BTuc7qhY,69
3lWHWGrRrVrEoYwolWZ38x,35
7yCyhsU75MYdbeqRLhLY51,68
7n1940b6kHcaEewFSZXnXa,73
3GRSqlALWISqLeNncZMbpX,85
65Bynqyt59f3fojjs1Uo41,68
46QBu7dvDRKji86LUB2Vaa,38
33DzKnwuBE6lfOiADwzd5E,70
3RbmtLzTMJsbJaXG9wCgwq,29
3QC1Hyu88irMXcyQntNMMV,33
75ylrnob5O80WTKi9ugZ1Z,72
2k7GyFSbErjCvk1QlTChxL,51
5dewQ7ojISR32NAYNHFYWC,57
5LauJCok8UqqmVaYUl2hqn,42
0jE4MNnQmOb7cCFssMYA6H,34
59qrf6BXeN74HUw5YvF9cX,30
3NNIgD6HMJ0tqwiSCdH2br,38
2csDp6iJqt8VypzWSFrwwT,16
4yT3UMHdi1p0xkmLuwOu6f,55
0Ip7uA5GfQtdToetBhcvuC,34
3YDeFx4VPESam1upfiJmVW,50
1E8A6Ceb92WBAe6mUxCBDO,33
4JV1uisNtkANI5qsIv0k7n,64
38OQksFGBI3vGeSMrG5qMo,31
6OPOa3qlKoDUzGpS8MrcLi,54
20XjdVfh6kFATmgm7T0C5r,68
2btKtacOXuMtC9WjcNRvAA,69
1DJVPxNc4PmCC8EB9oZYfB,14
4py6PECWsrYuAAUk84XmVI,2
1SDLrgSkAw2LcdXfWArPgs,10
4X2caEGywKxXKGImqNkBmt,16
6iCJCZqDJjmBxt07Oid6FI,67
2Qizs1bDIl7uhOyPductaz,30
6y3vemZ4p8iZQoZ0VRzdws,57
5vtyFzfLkCSJvXEZFjQAa1,44
2tOOcDDYkh0PSjr6GwPEAJ,78
7LnlYD9vq4c9SOrgWOSuDh,37
4ICSZfaKo9t9JRClVZwEpG,48
2J4T0IOIZjQhLzosKPR2PN,60
57nNNkgk768QVXq3uHxu5e,63
0s5ibKUNbISHnrBrx1o2nF,57
5SiPF66MWD55UCrvVKWufG,46
6fYjH3nS3NRxBRmIXsbDtX,16
7cLm450e9XaPrEZTSTsfwU,71
7aFfriQJAyHK6eC09YMQBK,55
4P1EGoXLWQ1YF6Nsmr1pfy,66
2AwCsgb9YMkjfe471IOEvf,63
69WAiCaEdxACKzB4B7Bv27,56
1GZH9Sv6zCIse2GKihRHKy,60
0l0pHBglf8cL6JI62RpWnT,16
41LS3EcBdatoKJzmW7orjL,17
5pd5gGxcHxErpWzbYxNi15,53
7nGVsZvWnSvQJGkuxTnOrS,38
7aeZoYnAebnnmNJLnxE7IG,25
4djIFfof5TpbSGRZUpsTXq,68
7iv32XEy2HlM7PqQO4lp5f,71
2RZG69vGcBkMGZQf7JiO3v,62
3SsSCdNTc2gnZ7aqrCVdnI,5
3wyJ90In0gjiWYgXniY4Op,48
0wGFNHfPbknx9LAt8Nj8FE,2
3NFuE3uDOr6QUw9UZ9HzKo,59
0fXTcou0FQxSGksz3phLfT,2
14CsUVcoKztExH6aSgfrfb,11
2kpziA4mHuM7Na6La4upg1,16
3iQHc5Mk6yN1ntBjJYD89H,7
2eFxaSHpZcJiwKlUpHqtLp,6
6kSoZBTDLlyukdWgLM0TUZ,43
6AOHd0PzHGNo0tBh2olFx1,2
2mtmVxxieIIJdMqDvy5aq3,40
6KBCPmeUIbUgXJr3GOcYU1,1
7qVbgfYUPrcPcJtqZoRis3,51
3cwProa7pzzqTGYPYp5Efc,45
00YeYHw6zhoy1y7EPTgIkj,48
6W4GTXLYX8HkmZGmVkfrSC,56
0SWgjMbFFzariuvxAxbybu,8
5kZRoc6Gz7u5eu4a0YM2LS,51
6YuFrGKapNrKSDVnBmcBj3,30
6mp9IeMdujzozbEJdeQ4DW,2
0hNduWmlWmEmuwEFcYvRu1,77
6qbaRdGTS1lEV0PKgolUoS,3
0KOMzOpAeg3CNrs7UceEpO,3
0yxWY5cPaPUpeAoqSIoWfq,53
5EEb0Vm8xUKjpwH2jlftOl,41
6UqRGwjwYL0stXbaodTxwo,69
04JbHAAn3uqbfnx6ptFyaK,47
0SzWYIT1tVV27FjUkruzLD,0
0i3utbege8Iy3q7Hy86QCF,5
37sijFfgFJRxDBrCqyD6It,36
0OfZ9imMwFU03zc2wl8pBt,53
76pb7byVgncOfaeFzHqs5M,51
6EIETcclomf0Kq1QzteiqM,27
2sHY6sT0EomTon1pVVLwjF,3
4wTMUy64bGyYPDx46tJuBB,0
4dJBrqwQdAoy0vQERFwFRk,1
2XM9PGYRKLL0kgJK7WLR7S,1
2APqQANaVkJ7erarpujjHh,25
30DvrKbciJunUOfIlg0FQy,0
3Efi1Za9jvExuHtNKH1NBa,29
5V5429MhHn9vSOSZzVKlwK,46
54MSbtjeIe8nFGZLfc7rlD,2
4r8hRPbidDIoDPphxi78aY,15
0k93MXOj0kSXo84SvSDeUz,17
7ri4jOlUUpAOivi56ONeTm,2
2nDRtDihYqKsHUbxheXRTR,5
2H8LPaY3NSjmOFMH2Rygnz,58
0aHOXu219Z4MqEKwiKsddl,60
69U3cSTPAkGJufskzC0qHK,27
0nMqAzCOdTbB4AtNUe2qZ6,38
77M0970AjqzXYTdCxHvQiN,33
6MMLr5UnPXkZp5kJHBDPxO,37
4A1IGpeMdt8sUdTPfNzYcd,26
2psMX6T06eYYa2UhAjrsNQ,43
7iOwtEpJvvUp631D97KAmz,2
3C0uXzWyIg8d6WBrBviGKc,2
5G5IX0zeEIYhHKe71Zecx6,54
7tirhoEiNOaHD2RYrjt1k9,37
386t7MPmZfrV17EbOAMYcj,23
0oVWKw4ZgoM51WXieVOE6Z,1
011gUcrvLDn2gEApOdOhVe,2
13SwfYe1rAehjzZCYNcXwb,3
7Lk17yd6wYC4um3grYnSqV,5
7GWaGnbGZEg1Pquhr07cVz,44
6s5smacBOoWoI08Vi6EX5T,12
2XBWT6qciUWR1HCmiPwrEV,51
2779sByIJexX6nBSXEJsVP,40
6DsFZITJMPnh8z5XewfVmL,64
2tCSrGNARBfix0duHMLkGF,18
6vw0UxeHGLCRhWhOZdFxjh,46
1RF5PLN073ieWb8sLztflg,2
4rKHs4JtVYxsYen2eHIW6b,4
73OZcwiBI41R0o5TDGeZ7i,48
2HkL6IDXIzUBB3LZuGk0xE,23
1GLzCv2crATQgyUGdN94c3,1
2s25Z079T5KRzfqEQRMQQ4,30
57rOXabUKgkrwHPSqzo4s5,56
55XEfvRKAkrOYJAeo74YFD,1
7gZQfdEQpmwAoPHSbEHzms,59
6IvoGzMiniDkBc95x1d1iH,21
2Jh56ObNpv46PFBu95qqVj,18
1CUVN2kn7mW5FjkqXTR2W1,21
4Sir1bXEwLvZDjz7h0LZIP,41
1OcCoDKGaQyuBQBYWoGSbo,41
6b9eQGMWwf7Du1cadR3a8c,26
64U22qDcIs0iXzwQeDOuRj,29
5e3tHHlxpLfuLRfa2kIsY8,46
3Il5pMKaV6gOwad9PwMhPv,30
0AYr6VOn2CXG3siNrBrtKK,26
7J2EJ4QMpGUbB2H3SYYYtU,47
4YTaOCQZqdOVeigs99IntL,20
2s76aKBWKShlwPC4xTtEEE,54
0h4FK0CnlZ3oJnZ6quEk1P,9
19aAvyfu96PEYMVigkJTgN,3
1a5Yu5L18qNxVhXx38njON,52
7p7GKEtJj5vhtr624s2foI,53
6p9xQKe8tfDWl8owpEHmnQ,39
78mNkiUBAwHqjT0QOeEqqg,48
2wOrU3z0ivb4L7f46c9Nf9,28
0y675KDleCZEudjoeL1sQQ,81
6b2RcmUt1g9N9mQ3CbjX2Y,91
7IEi3VrMGDo4w8K2J9bk8h,31
50lvV9CGKuQ8ld9F5EoQtp,45
4fwo6czG5nvOQMzhOto1ya,80
6rVNnvyNeibts1uOqdSNIw,71
2x0RZdkZcD8QRI53XT4GI5,83
4NiehSBQthimPzRsVeOgCT,75
2Vk2IvgxwIYUGSWzfwsQ7P,29
310xF17abXDaKlq0gwv50l,49
4xh4WZodJ7NpFi7zKgiW3q,25
6SLTPbDxDYR0uSMTT7gSb7,57
3yij35M7Qbe8JpzvNiPXp2,31
7LzouaWGFCy4tkXDOOnEyM,87
2RCUr24WkEe2r5Vv4oDKlN,63
44Yrt6xIUdcooTbDh57hrF,64
62GlLyIgFKSgKLjivgjfai,36
6tATRoq8sbvKFHzvMncBc3,49
44ADyYoY5liaRa3EOAl4uf,81
3hmvIloDMQzh90YEz57Ewr,27
0aY9d4Kgyv6mzWTW5gNzSO,17
29tIhq8ByVaG5GVlnS4XRL,58
6aoGtdWXBkYQ2O2wnyIz2x,73
5mpibPxO6AWUhl2RiHpOGe,49
4Smc3nFAoZOMEsrxnCXpgz,0
2PJi7VnApEZZC0xaEM6YDO,13
18XhpMPsd4oeX6lQETPeaU,37
2cSiyndkQZRPmYOfrk9WlC,60
2mssuAa5xshIx2c06p1c2F,61
4D7ERaKgv8NAeck8RzUtRz,76
6m3ZWIXhjoV76syT1j2oE9,62
2xqeIc7SDmbirKPGYhrKEG,31
3rYkfYT0aZ2pM8gzH27LSg,30
2Th9BGKvfZG8bKQSACitwG,51
58jiO8fZTyFM0EB7Nliu0T,41
05UpUTOoVV6PVjfIhjretZ,41
4CvLP28DM6r7h9mEa55FBb,48
3PUIguYpwKFXmfGD6uU7Jl,64
3707IBa4HnS3zDDoWfeUBl,74
3feET0c3SdUNzA7rJUehb4,5
0oTyoTKEKMdF3rXcOLyEfN,67
4m5OcDvGWDEDOWMQnxOh9N,16
2xHEAdEalJ5YcP0ur8kF6L,55
7jlqjY6QBfzu5akxt1b9JC,42
1HxL3DniLhRd8Qy9ENVRr7,6
2hnxrRNzF74mdDzpQZQukQ,79
14sOS5L36385FJ3OL8hew4,81
7apizLyhMRutg3ccXvr2qv,65
6V9fHiv84WlVTg7CSnIVY2,87
4qqArAiTPueDxIp7cf87h7,71
7jZHUhAmW5oq1cq6s8IxmK,67
0Psz3az3RIYfJpnsajBT8N,65
3i2Q3cFdFzJ39nV9sAt3Pc,54
0CbjaCNhs9ayTqRcorKkyO,40
091v7TIPqq4LeZFFEQapev,51
34i4yxPrHWquuR4kjiivFO,62
5UAOuU3YK9xo76vtrhyDng,62
0ktUOmqwFOpdPqqGMnmHqm,57
3o8bovLXjsxsFBTXajm1VA,58
3wchQBokK9IDtoYrw14gpK,51
52hSR5CsLyziuwpZQqd9wI,57
6UVZo6UKUZC1J2KPP3IIwQ,61
1hsPZY6oWcPfFPqDEQmMaW,45
0c37uJwj7mpovCAuFY5ofQ,44
3cmcy7BwekXhIzysIdhLng,50
0aersVHlGGXcHeRvHtuaSt,58
6Jo0NEaU8Ray3TEl1LVkw7,52
20PISOo4VbLz4yFH78Zv5R,52
2PtBhfoPZ6VYtXkrE5FrCH,62
41cJIihaawZaBWzhQGv25i,56
6L9E5ONm7Mv8lraV53UR3X,46
2XMTqoHHSH0lvuXrvIEdco,73
7x6cBmHXwdS1EGwVx4silu,43
7rAUH8YZRvGyZ5wmoKjYbG,53
59uEiooaCUECb1fMmo6Sr9,66
3V0W5CfNDMiTKg93wuLFxJ,53
6M8qU2rDpeRQLE88DF2xtq,60
0owL3tvmERawo5yh2lZqmT,51
2aKoElQmZWu2ZMCB3f2tbc,39
2Uws5LNuLkvf9aR14UM3x2,53
6H4IrhaJFaoXrSuQQKfzpD,46
6Hx7kdHB9kGdxnw2EwSx2V,61
33TRLeMwVVAWa2eZEGnTip,49
1Wvzo4EotLEh4W3OVcQoDO,60
0qxRmtTovuLU4VBz5y4DsJ,61
0O8z1t1M41aeVAUi7scRvb,46
3hQKuj4sZ9L4Yn0RC2SIrI,61
4k3KuaHE8dET4RPp1GIxUe,52
5SmYtofSMKeccnqWksS9vW,44
6WhzFzROw3aq3rPWjgYlxr,61
7d06uajfr1DZUeKVCaE9BS,59
4ob71GMH7PAokRzPhejagR,55
6kF2DYkORE9d17oPFomMPJ,43
04pcMIy3xrbNpecnb0Ii8q,39
4Hqlo1XhohWyonvWJ2U3Mn,48
1mZF9TEc7gpw7by7NCZSKr,56
4Vdbb7QK3czCJVdfxOBbCZ,50
28axGcu9he7YdQ0xwXIaC9,56
6epvwUINain4iSHCTWA0sj,66
43a41kwTMZClWCLTONiaqm,56
7AxmT6cBkyLwEnb1IJWtUr,51
5UUQUFsYJyfF6YwqTnquuA,52
4MIPNDbxVPWdLwH6A4nsiY,61
0rVDc5Nnv8GIF8TlkCvpM8,32
5l8oNQsDDPNFUIV5M4lzRJ,61
1XoGueAqqKk3QGWzzGvH2y,37
6q8onrzcka32nGVrnWYGBQ,59
0OBIHrjv88N4SEtf2INos5,57
6yOIdK2nKErlhyo5u7y81B,46
2zsWRxMcUdGjj8TnWkVKw0,63
2K8elWg8ihrZRwZJ7Gy6L3,69
0kzw2tRyuL9rzipi5ntlIy,82
4TwbiHzsLKYydj4CxrufQB,57
3FpEXAupLwCHwzeUBxF99S,60
3hT4aulcGsGrgeoGU0M5Pj,48
7k1pfmKI7t0AprW7SEdFpC,55
7IDKIfRltN07TdsdTVtRHh,54
6zQyu8L8yUuJkl6LbQ6iKU,62
0DvhfhHlIE4HqgBX8yDJz3,51
7hJCwbaLSp0cDraXG91oAW,44
0WEcGzNZSNl43NbyaSbmon,40
3FCQTUlUHhSKjo6CLF2DhF,44
1BwhFXqoIsePt21WyWIttb,65
4Xv41B0BJRcMBJYpavNDfD,51
0yYZso7EcTez67xdRCOrFw,23
2jukSXCni9myIF79PdgMZw,47
0HsE2zUH1uZg7Bnsjf51TM,48
0EXpZh6efFQ2FNjw3DrpX9,30
0Cw4EjuGqEqbxOWSy0iIUw,45
6VVd4kRfzBsZqFbvEAjloh,50
776xH04Us0YBTdspg6C1cP,61
36vROPdYhE7MiUJjZ04kPU,51
554dAjQxsN1DrNL3dKgp5c,55
6DTHkeVHU2CCB3601pJoHM,55
1MSM3Fo2fvnwVqMcz8Jhjq,60
0kq0Y8usfSocdx1EumUklz,39
5sCvipEhpAhVhu3K6kzm1P,67
2docvXwmea0pDCPv7cDe9s,43
545dPrr42WxSTsjnqAKZwH,40
6Q45iYMuedSPVotifXvBSh,35
1mSeH8fuRPe0eKLCfsbdet,44
556l9P7WVZVyYUBjT1YFTT,69
6wdzLY3TTwx7zVnMmj8Z8R,40
6MZYWdxGka0BnG3KYO739d,36
4xb8JHIN56xixSl6vkSPjm,59
448kqm1gUbI2qmu2Fh5uz8,40
1Pj5oOFzLYELyyeh1IYRK0,74
7leFv3iETFzzdk4PTfS8Yt,36
4Xx0J00u90QvnG3rwz4Itp,61
3OXpOuqxPaFDO9rLNn1Jvb,48
0bXpmJyHHYPk6QBFj25bYF,72
6rxEjkoar48SssZePbtb2x,66
0gnG4oD2rOoPWTSzZnnX4A,44
5hSMjPTfQ4mUObJhQqj2UB,51
3FhJFkDNFoDc48O2x2gUfN,39
1yraET52i6ZkrvvrmKNyn6,61
6Nl5jjykRxa7salssZ0aER,4
2UkKbV1TKGV5OafEJW54fr,43
1EbacZvcixTCTzBcJfaua2,59
6zfczP87XO2SxWlQtnjFNa,69
4x6aawsLyPkF3aGPXGvbat,54
1N5zNjjaie1MpYW4oTPqVZ,10
5mOPeaSXywGZX3mDflbDsq,59
2h3VovOKaebUKvhhdE0I5U,56
3EE6kXsJPZUF0TVvsZNtTv,42
7iOyMOxdOULvXqUqC26spJ,60
4D5POIvEJfBH8wO80Ic4T8,50
3hyi4CYvZ3K6EqAI2ja7pl,4
60ONwBU0GgM3kJhPEOhTx0,50
6UlVoivrSMVoyhdc5S2tVk,49
4FJQgzmWXgmYPvlmi8dg85,53
7GLL5dU80NstXjcKlDMJmr,53
02CygBCQOIyEuhNZqHHcNx,67
4c9WmjVlQMr0s1IjbYO52Z,70
3SDlMjloqNmuHbOUWsLyfU,41
4jJEQg6mr3fQsUCYTwhBEZ,60
70ATI6K6i1TXfRfID7bcN0,1
1qtiESAzfGMw3YqJvI97ki,62
7laPt9sVrlXLK80PoQf05p,52
7Hp5dzh57qndSeuvVpGL9B,19
1BL1aVDLeEhe82PuOsIS47,54
1irXmwdCbngOtucJNd5mSl,4
4KDunhuHObIb7pVYRNC2OH,40
6CELFLbg9kgByIRpZ33fY8,41
4dilm4mV9RQ7RrCW7dcePo,38
11xRCe6bPQ9fRhz70dqF9N,52
5MChi9fdCbTIWDJPPUuuW6,65
1ARkKt39O6WQqE0QEpZntu,51
0Gpq0lllEPZf98gVo9C4uS,62
1R2CpJXwERlLURyKaE1nWr,56
1p0ziArbexSnA0FK2bhEsu,5
4vELW2hK9eb9R7Q0BNJ3Vh,51
7jbA3Kti1R49uiexaMKDEE,38
0XbdhHYvrfmUeMd6NaCfmN,38
254kuaMH6WLGAGtRd8z5oG,46
7BQVhWw9GR1Up3eKQrYFlI,45
7a0mPDySTtLmgE3NoIBNJp,56
6bxtai04eVsvV7IZGqOXMy,53
4PIrQHxXlHlSXKoKd2nuxE,55
7gARZ2i5u5DHC1b1n1fML5,72
36ylLzMtvJ2CItc7bN4TcF,63
5A7FKtfUqykPsmQ1wMZLDo,48
64J4hxVuHEpLrhzAuk5QMM,42
3al8a3uZrOZIHc6J1n8i5f,52
0OIkb1unFOOnCcNI8g4JTG,43
1Avnd5xLg7HmaNofmYk7RQ,60
1ko2lVN0vKGUl9zrU0qSlT,66
4KMvfofdk7H9eMijiOWYag,56
4pI7VTiN59CZnGJUgVZPoy,61
32gaGfRgDMrMtcpCqF078U,58
58FsmlVRQxpjFmXF8vSKMT,52
0KTvHwi5cDdZh86cpZztfu,54
6ZizKmm2kQY7e77rXrlwWs,50
7iQzzNzwTCHNW0NO9EVRCO,41
5kc6erfW0v4PtsBtRJpf0Z,61
5CZMYGXypciCWqiDKG5vgx,44
5a3MulSI25BDyBGg1Gsfpz,59
2L7mTZOYDtI1syQQh6AVM8,41
1ITJTMrS4cx8zdlI7DdSoo,65
7l3MZPlCyfO7wXXH2X0JRE,34
0UgHTPXcW728KHbr7JbKr7,43
5IWW129DwGyMVQAbaJz3rS,61
6Dg2RJihNlbkLSmtXY3p5f,59
2Sh3g3NaqkD23mZ6Ugfrsq,53
2AYZQuAJIHcM32EBkHgQs3,53
2mbu1ssfb7h1RNO5jBv4cW,55
2SMn57cBVxoD4TArscpovk,62
65c7ThLCjdleiLILiri41Z,43
5AxhoDqSWt4WQjBvhh6aq3,50
43A8FeaAetF2Imc28DX29I,52
0I0onONP8E5RG8oxpWoGIY,53
2N4idqj9TT3HnH2OFT9j0v,66
5uIRujGRZv5t4fGKkUTv4n,68
1DriOnyA5tFc2bUdM6nglI,56
1eYTN19ZXz0i9iuIX2TD5U,57
0fDf7Fo4Lb6DA1mmKibSNc,54
3Dgm3Eaw7mBjYrGxdZxfjl,52
7zrXS0Mp9h3KynGEx50TP4,1
14zhqtMI5xHrfCFCLhFcsn,59
2vNmPvzN8fgyhJG5nKfbt8,50
6dXVbkS1t7jQs3maRSM9pW,26
0fIFjeeLJjIBliWUCsxyMF,65
5imShWWzwqfAJ9gXFpGAQh,74
4LPraPfByX8L6YuqmJ4DJX,47
2MTSo2SGQ0oVKgPu99x3Df,46
0Maqqr2tZ93fqgy1n88q9e,54
3kwRiuw2oJoArGs3EusCgn,56
2hhVlIZmGEGfNeVIYnMUAG,56
1kgws2l8gsvDhtsVyzWbu9,37
6ZrVIQPKkdOvLO4PS12vzZ,45
3FmSuz3ElwIPfqWoMWOzpq,46
5ztchKx1kmWXmc6fN6pNsm,41
65vbAXYhz1L3pa0SRxw9Tw,46
39p2Bauqy34ZozrpQuFa4t,46
3IB6XJvP4GlaUl1TOBeVoO,42
79DmpsJcjNdrxEGM5yKKPx,44
7l4OLV2EKT2jHd7kx0EzxV,44
3FuwVLUDf7QCwVaVmUB5F2,43
2aMqRRtkIgdSB5O8DF4RTK,44
0tqTXPcnB2x8IncNh7zSz9,43
5IXRReJwphf85X3q7vhtWa,45
3glRVTeqKmtGqmblN77lw0,42
3r2b9bQLstavgFY0PUnDBu,44
1Ldg5ulnUpRGUJQ3rdDN9D,40
40P8x6FLoYWfR0iNt0bJYo,43
0afR4ctrn6l22hzCFh8RYY,43
7aFti8ewDDCJtNvFcijJZ3,43
5uJMDTAxA9JwR5AhVqfTNZ,37
16aRTzHbanDKKyetUy2fpD,40
0RgCZbrfpNSRyNmnoym607,41
2kOqMmHfT9yWyow22efctY,38
3qfoXvz6lLGKE8Ry0All1K,45
4bZepcfOPD8rvjwRd04IqD,38
1srRQirAUdDdgwEkporNB3,40
1FCdsMKI7eauYb1PJGGTbO,38
6OY9OH03Wqro8K4mhri7QH,40
4plHqPPNeevmgsqp1MN1uy,38
51b9RSkQA203wA3XvFMsTl,40
6PeQHDiVcDzwuuLnUIgrPm,38
53emAQV38upXsSxT3Gvumc,33
4E35NIHOYy1kV01EFr04B0,40
6hlgx0DEqPvQPd6dBpt5hV,33
4Ei5ahrpgejym2mVLpHjOJ,38
0mGTlJ8sTCcEgxbNdq7k0f,32
1rDpCpxEVt0JQQLQbVYxoB,41
5v7okxkuYr1Lr72wZOh4Tl,40
6dWplIzy7QMhZmaMOStuOG,36
7lHULdXeamU98w3MlIPy9q,36
1MwSMSjbU20bF5nFgWLsJh,38
145SVB2wsBUr5RhckVvDIy,34
0yOeaGWRU93MVcEOTDGf74,36
0561ZV0uaJYEOPTa5jCiqg,39
4ocmVnBOmRFzigZrIFpEfQ,35
1OJMt4A0eFFg5xHwTu0D08,39
39itaaBkLJUasevlkGemMo,36
5Xtnc3Z7g3gFkMYP3OfSAe,34
1t9QfMMUAij4Wtwq4HVDbz,35
088eGKZm5dgDxFauCEwOqp,38
4EBEYyRQ95GSqKXNbQnPP7,34
5Ng5imfPCY4S1RxugcYd3g,36
5bbxBlkH2QdB1AkA0JIx36,37
17s9ohMleXceK8Qobgl8Zd,48
34sfGtzQl376IwomFqbJ2L,44
1HZBR7AHOA3oXlGE7SB9RP,34
4652sjB5SIXUSZYDvGAl1j,32
5ruuV3aplaj3tAi4l6Fitr,34
6eMGVZ7U2iGU8333jxkAi2,35
0DmuBILb0jSb0pdYGZP1bw,31
07OKKRUAmBaJDf8YGF1PD5,35
5Y07b3xtlYJdahK8TAlCel,34
1TqlivP51FBxN9Oa69kNjd,42
0UreG2A8t2D4s0DycjmAbS,41
0r7ytFBs7IucCT8CxES7Os,33
0JEetF7i4P30FFokKslZOB,35
1H1f6It40uwEDpgjnRcQ4a,33
0aYRMIcuIeBFZEUg6pTsMF,30
2rl644SDyLDBBKhUPSFucq,27
2ZYkl27YyPCXStjrdfHh5z,39
4q4ZDr3l5wGVHupxjajUIH,32
0QM6nU9Wr56ph2s8Dwl7uo,45
4nnGzheGSMqpLiMStHQkNB,39
0Dm6IRxyvcPamWqUXOLATr,31
3lFDSMvOd8NG0idns2ye9x,37
63hp6LPXZ4OcrhBCuipNoN,36
74YNIVGC9WNkOPzvPa23fd,28
5KwVSqf6TkzKQk0bG7owyH,27
6jt3LoLnTs0CBsE4Z1d8r1,33
45gItCnjA2nQGuTesDZ7wb,34
3sevlI1P7FQdW3enywfz1O,32
4tBbHsONVGUWBMgF13ECMK,35
5E0kbd2qWAodXncg9Sxhfu,32
6qONQJm59lYOH2Ioa5bb9X,21
1Drxo9himn8ZJDzSR9CQkV,31
6GoZuYpN1nXKV2zSM6RHpv,32
0nlvfzBggNIElNWnjVlzMT,26
0BtkZoSbth2mU4stlqkk1E,34
1mJ8RePYsM8u8ENGjdi8Ht,21
0J6PbnvCKcBWhnPzN2IBId,40
0ebtefX0Ck2a35arKihkYH,22
5gO27f0383F5AmJoLOkN3N,14
1ABQYz6PtpVzq6yiJyRkI0,18
0sXrAxJlOtWhTCAEYzxbZy,28
1a9Tl20toSd2uVJlA45lGe,32
2IROkA9gwDeblCyaf7aBGH,37
7pWweQxIFyIV7OGkJZLyib,29
7JKyC1LwBJQHeiKiTRRsMx,20
7nnpU2iHbi2k23GNPJMKUM,21
4Y36xj2AyVRguhrGB1Linl,29
1WGimYNx7U5q68rL0nnEAF,32
3a1Zmq0P1E6W80x8EOcVNP,67
2Pph0CUJ8uksCBzV6iyuQF,69
4QMSq1uq0JgvyKhEDp8wkx,66
0mPTZjG5PElXTUIxj1nqgp,66
4DAaQ5InUO23d8yNRbB0Yj,64
65SjaqhfKeFhmXprzlzyn4,69
4GKcaqt6PFor4siHXMO42e,65
74d9QhneUCIUvO00ev5kyX,66
5Cevkgj9FyNRFIwY3xSCn8,64
53hNIcq8OLj9OUNvQ4ulFM,60
0pVE0otGuUr9ya4T3p8A19,63
6LiDQPlwukZQ0YG8W8FdPg,65
5teOR8KU4XNWY2WlVUDiIR,65
4vhW66VGfINDEOssckYMIW,65
52AtuDhDYHavraoyirpylv,59
7oiZRx7OZbUAYUiYeFTXrf,61
0zEKfIm5b8EUcDM3qoPXKX,63
1uHfCC9qFChGhiSarUWq1B,52
4PMLEEYw4mblYsPlDSHKyu,67
0R5GHstZfGdRcfXrAcL7Sd,54
3xKNy9VJrH2hqO3YXV2mKx,65
04gQHzS8FLPoNdnRKw4jDJ,56
5UIR8dRPP1GtdxYHYPwKN5,61
4GR9MdPIvrkxcEJ4RUbxPk,59
69oPVTn6mFjMoB3axEejog,63
3LSnp6mtKiVXCJwsmOvfMd,65
6TSlbHp7Vx4wZ0Rqciwn5v,60
2eLDUK7EkpENZkDL9O5yhz,66
1m7XbKhOvJst478ms8yUrr,55
6C3MGasn7adPXHlE1z4NbV,57
3D37T7euWvVJ45evRmriIh,63
1WoChv2ARhrKUhzHcmWqLd,57
5jYe1mOKg5zUx0enf1DOdz,68
3Vtl4Xc9cKVs1UoenXtScn,64
734x5kcTkpSZpsprjOYDNH,46
3fMNMAP51H7NywqzoukIRy,55
5Js5edLzibx0GcazYl7v85,53
0UbfSLuX1zF2em3HulFN0A,48
5Po5YmT4RhawSeqNXx5m0o,57
0mp6WVhgI5FF6DGtYcyBNm,61
5fpbliFLBFR8hGwFDzWpXB,61
1uy17QxhHh4Z2pBj9RbEK1,54
4NK49OnNDP3oJcTGs89XSg,56
5AmTHXOp1sTFkYZBRBQ7zt,67
1RqoiUFqBzWiyAbFQdHJaa,48
6IW6mD0OrfYXXkTgdLBQ83,64
7xPzc46jIlrvO5gzazcWMy,59
5O3nMjk8xL7n4TIh0tym4i,58
77ixMBo91onYG37mAZiaUj,59
7JDWhC422Gtk1Bq0mL3OTC,67
6GqRl2u7LIW93T8Vi5LnXU,61
64BKKgWdKdmKlQDzRfHW3C,70
6NJ5Q5QujNwwsst5mdSEfF,61
7cpEhtddPd70q9a48mRvgz,54
4lun2dqyRS6RL59sew7CAr,52
2nC3QhMI9reBIOWutbU3Tj,53
2y8iBf0QRqCKFtePi9Rl2H,68
2VBYFWgwIlJjyzidPTHQqp,56
71HJ6PCDao3hcgOEUX8M22,52
3Tiv2bF1OLCXXnuXaDKaG3,62
2SCUNHTUORvAnmWjSsp5Ib,59
6Ok1iGWO9wd5XFD3mA5lEv,58
6D8WgDaIuyirn6egGauzVK,57
6rReKrolZgh6rv97SVSxPE,60
7a0VLUciBUdE2RmpEnod9O,54
5mBGcpiLu25ERBiUb8RTBI,53
7IszHUVvLUq9aHzoHFfgrG,55
7pEGM6phhCcPXx0muMqFWW,62
0POuQCMT4zyRzB2MjbzVaI,55
2zkhW5YaOPPaPgNWXmjTjF,61
7iTwzSe2fg5xYwCgXXFkEe,69
1NNnmmBEaId0uoWfvtNd8F,68
407tDPFK5oB7hxSDl5Tg4O,49
1umJyGPzSaIzgh0Na4lE1E,60
3JyvSSU0VnlMUsQckyEVfX,60
1nDOeWBfRKA5YNQ8bKWzMM,68
740g8hhl3ocPTZfZHCVQ6w,57
0XtnjngdyPgVxb9qXBUeJh,50
1mrbHxd94wZnyv7nsF2EFt,57
0BWx2N8CosqHVKkofenY3R,54
20JGGCzwmvA9t1vs9HYkxE,57
4JiuLIWKkLH2iluzOhXh5Y,61
18rkFZIlEVdXIpOulP72cZ,51
5sn1BmEOPP1bu4cZq9OgoF,63
6YpqQsRNBJ8VG4cjQzZvOC,54
2EtDBM1HREttw143IwZvJ0,65
28sNP4vXS6EtFr2VKPhCTQ,61
7yOv1YISwpujFFQm6blOts,60
20z5VnuRJkpxcokwAu9VtP,57
6JEqJbL1brIBySspoKU2CL,57
0d2wtrYzOygH6pd8Q9VcYO,34
2X1qZ7Hd7hSdlA6Nl5PwtU,48
38DmpKGMulBN5NuXCZopOF,49
4T45Mh70gFLu7ggUUFdyOf,57
0Ui7thqfvPMEAA8z4j51Se,58
1IQgMSRjsLjVw5VZFeWcC0,59
0tCD4um9Mbqli92icIS3Jo,54
4YwGqn5HGXVAOEPauLc9MJ,67
6E37j4b44JGpdk297urpKM,73
2sXCQPtgvMEDu9m1tlQInQ,54
7hdApflRI6aGuwfabUZCu6,17
71nvXPQMmYflxqil6Q9ehh,42
6bLU8e0LGyztE9iD5DWBQ1,66
2rtojZgpeM6CdfCxv4IIeV,21
59X2Mc2Kn34UUdCoHCJ0Nd,32
6aAwVy5Hzf44HaXlG6INFO,39
2mK3ZMiwScXhErO7CSM2X6,29
0QKNwgSzAFRQHlGoNWy3gb,40
34Hdo1qNE9qyx3Pf1TsBbR,40
14BH4qO7pgCmIe6mgLKOK3,74
6RtRxaZN5RMWFbeZW24oRx,57
4gTwPFGhIIlYtlo59jbVUB,50
4yb3ikgJkgBNTSkGm2Lvhz,53
5tvOiucEIc6W7ocHin5rFz,44
0g21KZ1XJuhwexWPLpuEt1,71
4qk35C5lGrStA7N8XiExHt,43
1SOClUWhOi8vHZYMz3GluK,69
57i3M29DWoo7RDk0Tf0LZG,65
0JHwXSvHa9X1UdcKCDAwSg,30
2w7O4XCRoIJrwF1NqKL9TM,65
0IsrDyDQyNFFNB55MXgnkU,36
1ff4y46qRCsLXROVpOxxTc,35
7aqwdLp0chKuF3kP5fNZTW,30
4BhXlLrlJSSA6b2LknHyBC,36
49YNXgHWiNSxz2wGtXCVZ7,51
5fIq2ovEhDIyV5Hx1epC4c,57
00HIh9mVUQQAycsQiciWsh,58
4dmgawH7YVY663GxxjEIwC,46
3GzS0iKqyGMHwR1TimM2KN,57
1DqLRYf1IrztVFjWUme4oC,35
0Z0iYAtKYswMYXL3kJtdO4,54
6uCmU6ldcsVpLAKNCojVg8,53
09CWfcYFhVhB1Bzfz1cLJ7,66
5KQDGl3vAkNGyfvSbaW89E,58
0GO8y8jQk1PkHzS31d699N,78
1285n66OGGUB3Bnh6c18nS,56
7wRsfZCxZhZUQGUjneTSCU,19
3JpdV2yT3txeXNWUg6QZnF,50
0iQ77tSa7ncj7zBPtVx6cU,65
5tR4MFnmZKLjY5ccrSPyki,46
5mCprFWOqe0jB96v9RhLBo,56
2AYEOC02WLhUiOoaig2SEH,67
573latfTMO7SpGtStVrQx5,57
17aDyX39gb1iV1ZWvD1ffE,61
46gwMD8DJO8B6jy2C3hEeZ,54
7tKnaB8gsXxyPScxEwzQ9N,52
6kcHg7XL6SKyPNd78daRBL,63
3dAz60DDFTKXjLl3BFLdZT,48
5zFEJ5R9FvqzlY3ayWCfPq,61
4MthqsBXn15DUWzjR1mi4l,33
5qFDMxXqSYs00jaAHtnXfE,35
1IUWIwZrxpyktrxGqI7FN7,45
6cMswWRv4lAU3mh5lclgCc,57
7IhXIYTj3JnqoyXWut3jFF,52
3f9Vq2NkEErxgbToSAztFD,47
1HH9T6jsitwm9Cvs9jUeTf,46
5uyRkr9cH64kAGh632Sj1T,39
61ypxNWXEGVTemBFvut4Z7,34
1553kU3XIclpbNAVzopQ2J,53
2wHJj7r73uyiMjayyaoJGk,47
0SNmsxil0gv3UP8TFB6Pz8,27
5huOzlgCK7PsMSG4TFBvKY,61
3X0qI1VjyCv7eiE7bftaSL,40
1Tb6uFyZgr9FYWDIBRCO0x,38
6RKGBcDtgzXx21zUjpeu6F,65
6H725KQnIbXVkRPrapOTXZ,51
3VsiR8bSkmnqtuLASAbwz3,29
3VKDOXkmTHt4Xa78U4dbDp,54
1bHEcHv3lUkLFAebNnaPNE,63
0PdATekmkKwAlGMHyPW3QI,48
0p0ljM6RxgpGt7wthGqBZa,65
5w6amHqMxl0yFEkhsZt0Tk,51
3reay7NBijCy7n8xVLpDL8,56
2zTjF6OGxklU5Ulv7iTf4R,50
6wWCyJmOsODjsCMtpjAH3H,50
2MZxGY9My3WGVZNfOcXptn,4
4VA9yqBTQjjAZL4fQhlK9M,52
42ydLwx4i5V49RXHOozJZq,77
3XIIOCu6B8PuGq5j61asEM,14
2CPqh63wRVscbceKcPxwvv,73
6cREm4bV7V79Yxdilx9HDo,66
4QdovcM8j50QPlyR7tH4xe,3
2zDt2TfQbxiSPjTVJTgbwz,13
6OZh916QF8XNunWaP97WEZ,22
0VzzzYWjBWofMsSB77pDo4,12
5HzbxweVAtisCrpoOF11qt,60
3ZMFrvkNgwwMfPdX3aThYs,4
5Dg2h1wsm7ZijCo0yLmbvR,63
1vvNmPOiUuyCbgWmtc6yfm,77
7BKLCZ1jbUBVqRi2FVlTVw,85
6wZ8kvKP9d1MKlNFTMZrBK,8
79T9m6YkRCgP0955CE4UCd,55
4pdPtRcBmOSQDlJ3Fk945m,21
0fMMtO0pOYIGWfbJmrqfVJ,52
1LWEjUzrngRXdUBaf7GWYI,51
2rizacJSyD9S1IQUxUxnsK,70
1Pyxh8ERS8aouSSOQVvVsz,55
2sqURk6kt3v93PwKpt5xF2,42
3UDXkdQquqCEAJdNAsA1wO,45
6ZbiaHwI9x7CIxYGOEmXxd,52
4abm3RbYBcQlrxdV1ObjUj,22
1sfmIZRBmY5yq5wRQs987T,47
0B2RttXEiyXsMeQ7mMP3EI,62
1OPOkGoucSWZkpXyI1Q6Qb,33
0akznwBCaPCVAtiGblDtHt,50
7nD9nN3jord9wWcfW3Gkcm,66
1qBVIqIYRqVlcKLncbuvEb,41
69X5gWMpn3GpmfAg9hpQXJ,38
5ZEM9j0jrFr5RdHEbl2MYV,56
2Vhd5uZB4brKHmM0MNxkZo,61
40TogYyqoENkImGSObxjyb,43
3dQ71J2HPHXpPqJ0tQdDHR,39
3aIhJDHxr1kgTSnutJxPTH,66
2NrDhKpURQ2qAOfEC6i55S,42
4IazOWzgfLB8MR5VIY368A,37
5GFDrUTLGJix84sNhjCG0g,4
0nmxH6IsSQVT1YEsCB9UMi,9
63pQm5g0IXLckrv9X3KEyX,59
3eRvE11OJfCYnaZwCFhMZD,51
0DNk7lEqDGCN6nDD0H8emF,14
4aB4udr3pcJuENmfDitPSZ,57
0AKejOKlGdiB53QpwAeenO,11
2L6orAlH8tBhiFTumIfMyF,68
6HUnnBwYZqcED1eQztxMBN,15
0NokbnjZEEpLrFjpvanGF4,11
31t0ATifZW5CW3XP2QUsUW,4
4Z1t1aMRif8ES212kTN8H2,61
5pqUc0SPA1EmhdOyD9Ou45,51
2K06amHdw8ZPWI75Xvo9Ij,8
72xvRETEsd5hS1RfduciRi,9
5GzExVEv1JDsYyPFjMdXsA,55
5mQNY6pTeSDl2doFB7uLbE,63
6vU9ic5PA8cSApJVoUKgKm,28
2P4OICZRVAQcYAV2JReRfj,78
4T6p9mFEP9J1HbQWfdIP6F,50
7wYKvMLMWZz59hlGxLSuxs,48
2HIoOBaKYMTOKNjmo8Nga8,52
5536iVazwUoV1WfdFV4vRs,0
5PXhYXlPf6CCGrSeZEmJZH,51
1JUfgsFPWjXT3ZzzV77v5u,4
51NBMjiv4t1nUiLC9Bim3G,58
2c1EGwagV1sT73NimGsqIh,47
2QHX3x8XJTMxv6FMqQHkdY,38
5VGlqQANWDKJFl0MBG3sg2,75
2ZyuwVvV6Z3XJaXIFbspeE,64
5kF9PbklFhT0rG5J5jlrJF,43
5brMyscUnQg14hMriS91ks,60
6wtcxwSJs82tpdeIoj93LF,53
7oyHwpNGuOLAOS53RfOgZF,0
3NcO4jGK1Opb5ea0mYLpxb,59
6YBaCpYSMtzj2sf402aLfm,40
3e9iivPr1NZ0ivSGgTdvn4,19
1XTzZyrbu4zVuiwfhTdudE,1
3NxAxBnK66q0ZpIWeH9xlp,50
6nek1Nin9q48AVZcWs9e9D,77
3JvrhDOgAt6p7K8mDyZwRd,78
62N2JSA0jHmSH7Va9t7hIf,65
3lO38SiB2WAQRqTAHN7WTC,58
0VOsR3sEACivA46VDuaLai,47
1lhLZGDYPwXeOjfpxMWtQZ,59
47zREtxQZ3cHHIZwUQnuuN,3
5jJnlACnwFvyqNXmUZu8Nd,49
6XkuklKiHYVTlVvWlTgQYP,69
0SuLAslEMFZAXf0SwY7syi,73
6WQyaRxqf332knjOMWUMQf,54
2s0Dn2mtvp94wUkyaB8nJc,58
5ZuInVOgNrq49O6XtYpjq1,1
1a9rZyDXVfvyAQQvp63gHc,34
7KtB8hfz8uH2BFC7ua1cNr,47
5hYTyyh2odQKphUbMqc5gN,17
4LzerfwcaWCoLkCNJwNwBd,18
6yIdwnpDHufLWgQcveTPMk,76
2bvJM2iIdMlWEG9lk8dxxw,0
0EGuSSpuu9wmHCtvb4PdLO,70
7oIAqDzsqgVpUaMXuultdC,69
79edhUCJIHerzdr8Tgclw7,57
78rFhTXf81WtRS7Ubl2f4V,73
6XcfKZvJio9Z0fQy11GnNX,74
08Kj0lvbsqAxzeUOBYZRL6,67
5bs5GopDitBx9xjoHHRDoo,50
4JuJZzGcswQszYiKJSnC6i,65
0xM6mdl0XX2qOqUZmVUp97,63
52iLDrSoRtf9lcgFuLVfqE,73
41d2Q6DHcM20OdzynkRtvf,62
2DFi8rwHcVkTTgu7PULhtI,61
38Zr5Q5O5o6CYaioIRHSqL,55
20I6sIOMTCkB6w7ryavxtO,76
3PWKPX3YJAHBL8JozsWTMC,67
5d1fRO6RYAtbPPgbpSHnlA,70
7uUahoeqGNRMbpdeiLj1rS,75
5Hroj5K7vLpIG4FNCRIjbP,76
6wyr4ReB05D9sJB1Rsmcqo,76
4rhdtzBmrrDxYi35yQDpzF,64
7y9iMe8SOB6z3NoHE2OfXl,77
12VWzyPDBCc8fqeWCAfNwR,68
6wo37KVqFJhtuxPTpLCcfe,67
4XnoRlIGtEOaqvQWFNsH8H,5
5w9c2J52mkdntKOmRLeM2m,87
2b1BwUGGyKq0CoJd8G1B6M,62
4q8PHoRsPUB52LFylX8Ulz,25
54l9GJGQ1UCFKe2tzt1Vxt,70
4hQ6UGyWQIGJmHSo0J88JW,80
05CwHjIk71RXVU40boRMnR,39
5PYQUBXc7NYeI1obMKSJK0,85
3JJYIoJ5FyY9E0DGjr7SXF,68
79esEXlqqmq0GPz0xQSZTV,79
0TK2YIli7K1leLovkQiNik,93
45ZGEdLxCZvdMX9jWlsAAx,36
6u7jPi22kF8CTQ3rb9DHE7,40
3HVWdVOQ0ZA45FuZGSfvns,90
7njKgVl3AnLflRad38o7AG,33
0uUNN1nSoUx1A4fkDCWDQ7,83
06HUJRcD0t95ogCb2pMQJF,56
6LsAAHotRLMOHfCsSfYCsz,84
4Sib57MmYGJzSvkW84jTwh,29
5KawlOMHjWeUjQtnuRs22c,85
0Wv5wuenRLI3BcwgT3HPIP,9
5WvAo7DNuPRmk4APhdPzi8,77
6rrTr2HEAzlpC4KWZxF3S1,70
0NiXXAI876aGImAd6rTj8w,59
2ekn2ttSfGqwhhate0LSR0,83
14msK75pk3pA33pzPVNtBF,30
1ahVFh0ViDZr8LvkEVlq3B,76
3KkXRkHbMCARz0aVfEt68P,88
11cDEev79fPKi6uJCjUhu8,23
7JJmb5XwzOO8jgpou264Ml,82
3towKHKVOXCCcL1fHv6xFO,17
1CEDx1kXFwmpmN2waT2PbM,45
6RnkFd8Fqqgk1Uni8RgqCQ,72
08bNPGLD8AhKpnnERrAc6G,83
1NbGcdgwRHZ5rbPIT9hdR3,12
1wsLHgXJ4SKIfd5ePSX1hD,75
3kGfazcbVvVkuZunzlLgTD,68
6wmAHw1szh5RCKSRjiXhPe,74
6yARPLK0PV4heEyh7pVMGz,60
455AfCsOhhLPRc68sE01D8,74
2bJvI42r8EF3wxjOuDav4r,77
04ZTP5KsCypmtCmQg5tH9R,80
6qNALlmZa1ESnCxJmXE1K9,69
4kWO6O1BUXcZmaxitpVUwp,79
3u1S1OmAUhx5DRlLrXqyp3,76
6kPJZM97LwdG9QIsT7khp6,80
7ef4DlsgrMEH11cDZd32M6,85
6jA8HL9i4QGzsj6fjoxp8Y,74
1qE47wUKG2juJwPoLqg4C9,60
0ADG9OgdVTL7fgREP75BrZ,69
1NDxZ7cFAo481dtYWdrUnR,77
1LHfEkVMR0Yj20C8lWdgpA,77
3EfugazgSddQvzZpkof5I4,64
0puf9yIluy9W0vpMEUoAnN,78
1JDIArrcepzWDTAWXdGYmP,67
322tcqPhma7F6hfCeLisx0,84
4cZ3UsiKd1kUQIaq4BFIj2,79
421leiR6jKlH5KDdwLYrOs,43
6oJ6le65B3SEqPwMRNXWjY,87
51Fjme0JiitpyXKuyQiCDo,91
4yI3HpbSFSgFZtJP2kDe5m,86
07Oz5StQ7GRoygNLaXs2pd,89
4jXTQ3JP6wnsLrTDg2KZ5p,51
6WrI0LAC5M1Rw2MnX2ZvEg,97
6vBdBCoOhKHiYDDOcorfNo,51
2RSHsoi04658QL5xgQVov3,83
0lG6QM1jjbbX5UUn3DPmrZ,71
421eObjg0DTm2qajJl5OJm,82
3yOlyBJuViE2YSGn3nVE1K,94
26ZX2JrAb8AFbr8FFfAsO7,76
5feuWfAXA4rEKH9pXCjOV2,69
0sf12qNH5qcw8qpgymFOqD,98
6LcauUZjF1eXQrgqMUecHX,91
3jjujdWJ72nww5eGnfs2E7,88
7HMmFQsKsljwTw8bS7lu19,88
1yaWRS9r2woTNmJpCKd5l9,67
1rzc5izgXXn4KsSmibtNpT,51
6qQ8a6M6o5mfj9wTdrbSgG,66
5gTyK0ylsqQbhFugP7eYmz,62
71G8h9UiqlkXFvBUOKFviS,53
6nl32vTZsMv23myzbRSAea,63
3d7W9cysz9P6RpmuNkDnnb,58
1r8e3HtZOP65v2uiWd17dF,61
4RR9tI04ScTvVBCVTyTzhy,55
0yTlrnue3pJTJd7h7d43mk,56
02bTIMbUm8Zgt0cVAiexE4,57
47rks3vghBGi3B8q7ZIFkv,62
1aQqtnz30d2vAG54XFNpu0,72
4BE7L7XB1I7X8v4imHVhoG,50
2FYWU01SATdqHwAVh84oNN,62
1Ia95g66IhlAJ3qVI4qI8W,66
3cZK124mgXDTPNiSais86X,54
1b3nlcP6hogIzYRVK2Ui7K,67
5rbHxYjIAs4flh30UL66dO,51
0GFXbdgwVYO8Dw6BG8MLfL,56
1ywuaylLSmjHXsZOr0CY9U,59
49KpQCADAIEfKnmNa6QUXm,56
7mo7U4LHQxAHxnvKVpb3nH,48
52AWuNH7rgcyRdEM0lQzPz,45
58HvfVOeJY7lUuCqF0m3ly,57
4D09e1TfOMbuMadTLcl1P6,57
3Pcq7FMZ58Scka7U3BSnba,57
504BrFbtkCK5GG8U0wb2qb,54
4oRP8osSzhdDJ9xD32YZUu,48
2re5ttrh8baTNsLP1KJIpH,44
6YAkFtK9h8tUZnD2d2rUBS,50
3AOcvuNATM2cnmsNf1q0T9,57
7Le48y7wfWRq63dRAzVmWF,58
2cmihZ5RD8tmmVAaGR0pmE,52
2p4N81obi8re6coVUCaH9w,48
7eb8es1eZwGNCgm6BDU8Xh,52
1XoPyLfeY1ICagE5j8jOTm,50
4xEF6fLuXzUiWJzMqhmpTh,57
26MiQlP8DL99PvR2dknfCr,55
2tiq10rhGegBQmBa81etVS,49
0mkgtO006NB4lVjjBF00Jn,49
27yLF6BOzUKkxQiJ8vaUpg,48
2ks3RwyEr6tYG4S3bfqMjY,9
027VSEVC8RRjUXLEJAzhH6,49
0jkrxTzWniCbQ6MB5n64BK,40
4jZ9KCpaHeTUfnOd2pd8sY,47
19bQt6Tb1Z3yRgbOLx0G9w,47
2vd27EovNJ3PnJMxKiT5QW,47
5iVCe6f4zgTfa0Ekfhsh2M,44
6hGO839yARUkVnsYG3AkJB,34
41knNw2OhgF9gouyy1squL,48
4jFZAUKEVJkaba8aCqHR3d,51
3Omovb72cRtPFH6jRv9cwS,50
3oSJcVgX24PnrxdsRrf1mi,55
4nmXIR8tHEgoHnvRfbPSbw,52
0EP3yjbjHdbUL1miyNlgys,48
6OqiBoHIMpBlzZaCW4HdWy,46
4yJiXq86uM56uIfIZgE440,68
1UAg1NXIQ9GFEa5yRCMBUV,49
35NjG6G6Jvtf8BU9kF8cNs,44
2jUoKSWTHduXxUL3JomwhB,63
2mbvrGn1yJJdImnRPljeJ3,45
5fPehuzkcZkDFFCwf3fRrc,52
1bS0xQbNrS45NvRRxUEnPK,49
03ejfFAbwrrANbH4fZzF0W,46
2jF1y26L4aFcXxaPgvdg3B,37
0JK5mu3OhQ17kDnfaENqze,47
0xORFaXxl07BtES8IAJ7OD,54
1Z5joKr22D3U68OFn30FU6,47
7zHDu3EKh7E9ljaPIFrzgv,49
67BSKlgTnOM6T3urm8qsWp,49
2DDbw5f0ESFZkjX1J7MwAZ,41
2XMQVAiXcqawEaXspScvwB,38
03sno6MIkoVX5eC4pRKMzr,49
0PsRz82DCGREaAwbYJ8FAL,40
1tL1wrbBwzXpUhjItFytoY,50
6gaGHQiNfvqnybRRbwwHjm,38
3oi0jM57drueNianCvO5jI,41
4Rg0H5DiBSX2sb6HxbRxkL,41
5p1o6C1wzfFUlfAUcqq8Gl,42
00PTJgyN0GTk2ProuLJ1aW,38
6wZdfrizPnIRTAbUFdnaOR,41
5kcvBnt6DPX3AMEsCx1qDh,65
3vv9phIu6Y1vX3jcqaGz5Z,73
6ZANrVuAMp2rpjhfbOuJly,68
51gJTJ1l7OCWHjGvfiZ177,5
2WIa4d4waVX3hxArj0jLQg,4
3VHJN9R1HaJAp6SbeMT0V5,4
7uLgpb9VlCbfNYjFmGyr6t,3
0bbw6Es6hgs9ybUisecefK,4
1oUpRnKn36YRqAyCAxHOqT,0
310d8Vawp5kYDYrGrrTAzl,61
2ihCaVdNZmnHZWt0fvAM7B,75
4nI5Ep2zQKDjJl4Sol94af,2
1K66si1ZELsRZzg7m7mcps,9
3s4U7OHV7gnj42VV72eSZ6,72
6Knv6wdA0luoMUuuoYi2i1,76
42ftjU4cTN5UTRksyqBKZJ,10
1i1fxkWeaMmKEB4T7zqbzK,81
1sSNWjLtY4GwyhqAwAnPD9,11
2hsza71y54ABzmabyNDtM4,5
3CRDbSIZ4r5MsZ0YwxuEkn,83
4cxvludVmQxryrnx1m9FqL,69
71X7bPDljJHrmEGYCe7kQ8,68
3nJYcY9yvKP8Oi2Ml8brXt,65
7qfoq1JFKBUEIvhqOHzuqX,66
2TK2KSrzXD6W01qjXVjNGh,64
13serEEVZ46F2ipeaqWvQu,45
3rIsR2jKs5Tntk0621jFW8,50
6i0V12jOa3mr6uu4WYhUBr,81
0prNGof3XqfTvNDxHonvdK,73
0azC730Exh71aQlOt9Zj3y,79
1mSlftOO1dlDRXAyOE0Sbd,13
4NFoWbS7vtaeB2h4DexoFk,7
1pKeFVVUOPjFsOABub0OaV,79
6s3GEN8wK0OMzzzZbXj0fu,71
3xqF04FdMK7gpIPG3SPFpY,14
5j9iuo3tMmQIfnEEQOOjxh,16
3YlrH4ydAKkxuej6F4Nnkl,8
5sc7wXrjQWsg1H9LGI4RaG,0
0Cw31BoxoJbFPXrT3kUuyj,0
1G2y3ckwnDX4IOiemPOXEW,44
5eBQQUveFyP600lDg2zPD6,19
7dsHYU5bH0qksf8e1loXcl,33
4HZ4jOG7Rdzxpk1dDJBEot,43
3jyX56Nt8GqoN78OAZsrFQ,30
5fiac7SW61qWXs2hSj3bE4,38
3QCi7tzTX5RhlR9BI3CbMU,33
6UN1vcxx6OejXncNZonTPF,45
3tWp93Y61r4j6ASXbJVUL9,34
5jP44Ar4M1lvRFuF3dqvFy,0
7ezGYRSrMOywKamZ0LPVwR,42
1yzx5EiuemX8bKS82gLCva,5
7nlGMUcyIGWZQFkOOxOWl5,9
5U1eDhGNl6uUQThJ4nBm7z,8
316r1KLN0bcmpr7TZcMCXT,63
03YZnK3XQWKpvo9TyNZzXf,54
3kSXn1osC89W8JcPLozTzs,64
5rRDCbF97rcJW0ES9RhPhC,50
6CzAoEsq48kvwtNYlkMk41,0
7K5dzhGda2vRTaAWYI3hrb,70
2Z8WuEywRWYTKe1NybPQEW,81
6XfGtml1CAUig3pOAeKrXh,13
7dbnaGb9MGC9MGLZVmFgas,1
4WzamSygZIzZek6rIqFSHn,30
3jI0kZNDxbyexHWxqjArOH,17
6a8l86YasUSKVCyRTHX5Fb,27
7DUhYlL68zdUkI2ozWS35l,0
6XPYPchsGj40NxVLe3m7AM,50
3K0vdUuu8KAxKoHF3EYQA8,0
1OPKCqSyi4qBwMhX2kULY2,0
1tkRrjk71WZXeKbvw12PuV,36
23cj0rlc0UtTBaCg60VCkm,60
5e0vgBWfwToyphURwynSXa,62
3yZQk5PC52CCmT4ZaTIKvv,72
7zOs2hkIhTL8Bipkj9LZd0,41
56cswAa9WdFBsjsTyPBAKA,6
2Pavqy0vPxGilGe0IIetdP,13
0TD0ydYJuFPEaqshquDEpw,44
0Oyf6ZdlOrWfACzS96HFag,16
6p6jjE7ki1CxYCHKbCMh0s,0
31KE8oQuxg7FKON0E4tRhp,42
7x5xYW5W42OGPAdHUyyguy,73
3VZQshi4COChhXaz7cLP02,66
0A5qqtFMG1qrNQEcjvr1A2,46
6RcQOut9fWL6FSqeIr5M1r,51
2ERoiswcZQdXztyYNODB4z,0
5GWvjHTDN99HvQepF9Y337,11
3HvJkF7TFCt1SN3QXODJad,10
0QfYrtWTIrvl282F8KlKis,0
2Ct67B3RbJXuirlzo2605r,13
5FuhQBzXpakYPM5NkrnhYR,17
3EFbnBUr70peMlk8g5XzT3,52
4U5nMZJoXr4jJzxOYoSHia,40
3HYXqOAm2Q8b2OyYqzv8d4,49
4c2Zdtqy5x9BkhTSJRTDmk,16
0sjAoOkrgd3olF9OT2f5Xg,0
2oVqzEcaXpUnxQv7dIAtKb,30
4Sfa7hdVkqlM8UW5LsSY3F,68
4BdGO1CaObRD4La9l5Zanz,74
2yfu1w0yFYHAHnr4p5JS7V,63
7bEDDsy2LFC0KSqhZp5nPE,61
7FLQuyyCaIrBRqNt5l83U4,62
5n0CTysih20NYdT2S0Wpe8,72
2kJqNHHGOzLNahukdvlDWN,66
2GiJYvgVaD2HtM8GqD9EgQ,75
3omXshBamrREltcf24gYDC,67
7w87IxuO7BDcJ3YUqCyMTT,83
1jJci4qxiYcOHhQR247rEU,76
7e8utCy2JlSB8dRHKi49xM,66
1eyzqe2QqGZUmfcPZtrIyt,71
0yTJtxZJ5VLfBEHhiNUNeY,66
7412fpVfB2PSSb1nENQczC,64
4kK14radw0XfwxJDPt9tnP,57
19hM5qpD5U5jLmNh4dg77m,52
1AnoNTlYCt1ELWArtKsA4s,55
5eXnC2B5RU5fAhfwvV2ABD,64
0elXIl26ZrovBULLTrEGK6,66
1ksSib2GsrP1wqkpOPdHnY,41
0Sgu2kKr8M0uuqKygi2wrH,47
71PKZrhUMowmuTCFPZ6aCY,38
12pdXFcruNcPUbZypKUDgz,61
1KDYN3odJHnj9pqGHN3FVs,64
1lbWbnWiEbAya5FlCzfsrq,53
4hAhyE1iL07EIUJnqw2bsV,55
3FtYbEfBqAlGO46NUDQSAt,77
6ooluO7DiEhI1zmK94nRCM,73
15BsrefgYpMgu1ZCIr8EJw,56
2jz1bw1p0WQj0PDnVDP0uY,57
2MLHyLy5z5l5YRp7momlgw,75
1Q3t9fWvHUXKsMmpD2XpUu,68
2QjOHCTQ1Jl3zawyYOpxh6,81
3YQ96qkxiEwTLwgu2Izcmq,59
2EWpa5XnAuSn0sIkSSIhYk,69
11zf7m4vw9Ze7cer9Nyhk1,68
6L3VWDPDTQkQFkqvmpAUMU,60
1scwknKtBQpreYy6MSoJqJ,57
5P1eorfAD2voGnX7ZbuvFz,63
7ikrFGfSscvwV42tZKUl29,35
2zVacJzgXQXGE1I2CMGzOK,32
1NWcUXTRigGwMubxPdAGl1,33
1uTjNWaoXEEi6Jtt0gvXl6,55
3n69hLUdIsSa1WlRmjMZlW,73
4G9addS7Yq5ihZBQLXG2Mj,63
3oxegYx25mBNgc7zRO7BOS,40
2nPWO41XxMMke3TAdNprBh,0
27bEVkeBQuC8jTosBJdGej,0
6iwkQs6nzwXmdgPH9vnIr9,0
77c0xyUM14wHa0cEAR9BV0,2
2THkQauDWMvJgXFGPY4iKB,57
4L0HMiE70JyFSfOsnoHGbj,51
3HOa2rytwSAWgqvW0W6LgK,36
0nSEZamLD7UwRiqUpyws6o,0
4zFgZQEatsyUhLhDtClcKl,50
1Tlk5UV5vbff34BPJHCaZy,3
0BJTbkmrB2Y4E9M8qVzbYZ,4
0240T0gP9w6xEgIciBrfVF,61
4IrwwrvilWDSEP38LUEcVl,44
3djK2yDqJArNAzHyhzSf8G,7
6G1xBCUqxa18lRgyCPmpW4,2
7dHqpgKhgRoTYo8HotjFwr,48
3bPfe5UbrBoVFOKZVYMe0y,0
3OqmsGnX4EdHq0nD04B2CR,30
7s1upm7yr7ZjrzXMwHawtG,53
6fVujZrirjfU3GWji09nDT,0
23OvxppBAZq6xqLrQpyytj,0
0hiFoxxMg36FoPIdmiAyfX,0
2NtGEBPfxhl9SmIzZ7QEAg,0
223pTIXzqcuxzQyAtz5kyo,0
7rLEnlnaXB1TM4p55Qz1JN,0
3tfsqKlijCyeRO5TZIQStC,1
6kbRL1WkHrKxHsBrV3ComC,42
1E1XcSAS6wCOWxcZNrrhns,43
3bfZPCm4UrEEmrayPyxtbU,34
3O9PMUpo4M21M41fMQsawW,0
6HxK2OuQDs24vjNCRzE6pT,33
2f3GPCYUaoOLoQHRXrlMaL,45
02kdNcUqZRgXwQiYr92gZW,37
0xRrshu5CURGo859MmCvWf,0
60DBiajOIPsJqoiVFY6hrE,22
5mIrFiQO3VwnMK4GAyJOfr,0
2dB5GYSO8IdZazyTp8YhgB,2
4ymQoZNLQpis51EmcgAoNc,26
0BLR0gzwIbPJlI5y2BUGYZ,1
689izEMmyU0vp280Y0JLMl,30
5AiNxLZufMUfR6ADAxxqOe,0
38m5cUBHsFhD9xsjvRNOKc,0
3mbcpcRiAzeycvnX2YYLY0,12
5ajEdjV7VfH15GqSL8tSus,1
4zvHX7fRYpva5QO4cV27yl,37
7BI7qd9aSWhf60vZi6RGzQ,35
6feLBW4q2iKBAgm5HgkCZV,34
2SAhbZ5QqI5Tof5DeBjGyF,43
63Ly2sEzloc9s0yAXlMi6r,57
5smFCXEyT3yY3gHnBz02Ql,23
0bTgregq5i4cNxbmQMOUm4,0
6SRXLRtZ5844IPi0YszKtF,0
4o6daGeD7CbswTPUCqyzOJ,0
3vwmTGh2zgxxoJzvcvJfhm,1
6XkShR4XsRhL0bKKMKPpFz,16
1QqVXJhaHXpWHrnaEvTzi1,0
7BRl8VDCGCRrFwlVJ9biBT,15
7IRpfv38ZXa9euHCA3ZKMw,39
5H2cgEPEJxA72Bqb4cLvrj,48
06b11p3gAvqqjOnku0CK9V,21
08qjPXZBdEyif5PxU2AY9S,53
4BYl0dM7AAx8FeUCAvIK7w,24
7Fxb0J8kBJ0H4IDxvhamhp,24
7AdNd20xhJsdlOY93H5HiD,29
3pzmGlzQeAkyjKEfR33yec,34
7axJj8BJF6UFqQIQfROvlN,30
77JdjC0082Q3g4Nb5ugotm,0
0lXz2fuzK8s4csGuRrPKpV,29
5Kd5uREX2CcXvFigm5oMdU,0
0hKbBE3RwBZQtsnkzBIxIR,0
440u9jO8Pxmtp72RMEe8Wn,25
7DtIdJ2oeqBIeX8muz8ybI,2
4wMMiSEzBgqpkTX4XyTNOU,0
38mUzp2glbbLwzQVXaakHP,29
72qwkxwEPAvHX5zhigT89f,22
1lC8x6NCJFeMDWucl4TuJW,36
0k5YE4nhWJdgzhyTv0YPHP,24
7FwUBR93O0aSvXltMM73e7,41
0PSHEHVctL81aDFJ2V0wQ0,41
2vA4zCYKpNYZWQfK92sT6N,0
1myeLS5VH2GKfZFBdD9TfB,32
3bZUiPh8lS0EowN4L7tJGC,18
6S00LsQDmqMtyVy1HzROR7,2
3EJflwzyWYd9PIz6g8L97V,3
5nFlcwk4U6KTFIB1Ij23Bt,0
5BxVRqpZi6tIhAap1ZjzVD,52
5oIpqqcCF49NCAuy4o0FAU,31
0CDoNIHn1ivManl0kloMzj,0
18QnuOfBATMFLDxfYwSqbX,48
4E0SwMbCpOG8KvPQzsw1o8,1
2wl460yr0e8Bdnb1WOpV3B,44
2OtcGlYvI7rMGNJKG6pDLg,39
12LU5Tp6xEaJ8qMdaLO4MW,0
5yVz80kgeLcrzHLWCol2xw,0
22EbQdsUKInydpq3A20H7Z,33
0Cqm4rlGZw9mUyzVAYHiVf,45
2wOZ3MzOvz7IPyRSQ6KfXW,26
437h9GRi70A1BzMzh4cyra,45
0N4RL8OFtthWHPY7QuRywo,51
31G7eQpneJAn4lj5jbdGQ1,0
3qmJ5EaqncyHS3qjtYuzIp,34
63TgqagiZnNL12LWDHrQKK,37
1c4w5n4wDYIhOSLzeycjTi,17
5aEwbUkNnUIhT4MFxU3zI3,36
5DLJPVuaVXp9vlKfQIjPWh,0
7h5vsnbygkp5EXbRgXQ77g,47
2aZ2Co4NeQRsqWcU930zHT,64
6Yu1OL8I0D4vjOzYdsXYGK,61
71SidvkT6LCBHRZI858TsQ,58
4NOZKKJKMWhQCe5uyQNNG6,46
6luhvKibJJNM4P64RLNwgg,54
52UUUJnBvaEX4LtEbtJgUI,43
0q6LuUqGLUiCPP1cbdwFs3,75
2jQiSYrwJehQAcuaaQrXnS,69
4rtiQE5Yo2gC8kW91VCoXi,0
4YZbVct8l9MnAVIROnLQdx,65
6olUplztLFFfU7fMYmFXOP,10
15rZ2QaGKjt9V6jG8o3gH7,45
1QRhkgyZLIR1aqNPvB76ne,0
3L6S3Px2rdU0HprDo2Famq,0
1Xi28qSSoARTXiqMwb8Srg,1
3v64IAj0C9myTAtDsUAqR3,56
6BBfG9FiwJhRVMCd9IYl6c,58
3ZiuxcBeRanTjfHzVBuuQe,65
1U0nWcWMR1gyHEHBvx5YpW,54
5gBEdUKVZJgvQwNu8pIQqy,55
7KA4W4McWYRpgf0fWsJZWB,79
47Bg6IrMed1GPbxRgwH2aC,81
74lfGn1j0rBJ3YqR2mo4oU,59
4P9mkwYxReeSJDsUvUtAkE,50
0P6AWOA4LG1XOctzaVu5tt,76
5Bge1Dsqjc14hhGguYML5w,68
28GbaBYFpYi1J61fXnGSfd,63
4V3VshJLUTCIWa77YiAkvM,65
4vxsJyTGsAxnXWDuYseeQP,39
1RGasjWLZ4qMN7wbtkLa3u,80
2yrJ1jWo3HLksJFUqUsZE4,66
6IIcLzR05sN1gk4ngzz7Kk,62
0TEekvXTomKt3hdXDZxxeW,58
52Qu0no0NBho3zyRmjlsHn,71
4H7WNRErSbONkM06blBoGc,78
59lmc1erBarSFuxFLxCzVX,33
3YW7AWZMCvNBYBPoFdebTh,39
2a56L9B8RtB4vhzXCYAFFU,52
0Vwfd6fxFrL3kCnZSJ9vid,22
248OFOZef6ShXv6DGgbnxU,75
1RMJOxR6GRPsBHL8qeC2ux,79
1JiVdjenpldR3RduRtuSAW,0
3UCOHhnYLVw2ODokTTtaka,58
7stcuQtnHL7C6XdPvpwywv,67
7kQkmyoHCEqwe7QwDbkSXM,77
4EpZ4eYuZOwPSSwyqpdHnJ,79
4zvHZWOGyL7WcmqHOgtGCW,70
3RGVYzHQWQOlHYphHMAaaj,60
53G729jc38JTStNPNX4dF1,52
3p7byaSR5J1he8vvDkxirp,55
0q0UHaklzSXTGIaENBn0QV,1
3s2C5xTanm4Kk3Ed2Rb2mo,48
2nH0gsXkSo8hsMv992jbTm,47
6iSTWxErxiep4YiYjXGmSo,0
5QUsyhPk2WXnMQ0KwvyEp2,0
5zRHyQgNPgl2bk393NYd2H,0
3WxmlTZ85sCYFnuIXmUAEe,76
5bJ3cuvn0fMdSV8tkJVpNY,1
5EV4bGHxVN0kHpcAFvgnTt,68
5RFptzTg4VOBTxbP9y03ID,39
6QfS2wq5sSC1xAJCQsTSlj,78
4u9Y4Z9i9VaAbBK7rW1Rha,71
39oeKRgsLeynDIbWuXyA47,76
3Ri5PVHQ3VacOyPT4Pij62,53
7mjOxXnZYbGtgjyX0hqaLs,65
467t3218y3yihFcyDGWjr0,67
6ILog1T1vfQMxHm0Wok2O0,1
2rd4FH1cSaWGc0ZiUaMbX9,67
4zHC1zzSAV2xR7OlUqo2Oz,57
5sHde7fFQ5TthEulnBllhi,2
7vGGAJBkHKxKtOnGjQduDV,72
4BqwtA09d5FIHbdL3FZRxi,38
6fhEYtnORqxaEoxSrMH2bx,53
5WNYg3usc6H8N3MBEp4zVk,74
22vU1n5k6pOuY6VOnQo3oz,59
5EYi2rH4LYs6M21ZLOyQTx,80
02tvc9CFnTyHuSRlGeNv9w,75
3rIKurK8njiyQvZQsSU6bl,62
3AbV3JF0bJAZXeHEJZfpke,64
2ZWlPOoWh0626oTaHrnl2a,77
52Y7fihwIppKrBaNFwb56D,39
6UkzqKiOsrcOSmaRiOEQRb,33
4c57ZlmIohTkITIGzyE197,48
3cHkjS45Xiduc6DcXtXmAo,49
4n6z0yh2ZpoGh0RNyGVu52,56
4t8bZ8dxZtatpjOpBrAnUW,36
0gb1J5UrTpzaU1s3nupgCd,72
46lFttIf5hnUZMGvjK0Wxo,74
3ARti7OUxxxhvruAhrw0Pd,1
6WLS56xiRrXjSm9RSdL3zD,14
5oiCAaTXWuvRRKJwOfHev1,44
5JFkuKQsPps2ZaZzaLx63d,55
5Q5sQ1AgLQ1wKKXIYt6FGC,51
5hzYEPlHm5nHEGCvQJg6QG,3
6vBYLDvY6vMzHMknz56Ls3,47
0G0THcz2N4UpY4A6GhgMsN,39
5nVVMpZuTAzFyyNtBnD2Vd,42
4FzTuLQ0vck9PBtw4kqJ8F,40
1euQrkGwRPQod7kcddoeJ5,18
4CRvXmp3xs3LCjFh7u058r,39
6zpCJDhdpHPZCcFCJZDqX5,62
0K1glOFXQzLm3KxjJY5rtK,57
0c8X4ApJu6CNEXoIb5VKMo,58
2BVUOGciUUUqOPSLtHwLGp,63
1xKAX82ulfphGaeZRlwmJN,44
4Qt4z5raRM4riRPtU55uAs,47
6jq6rcOikCZAmjliAgAmfT,68
7uSZPbd8DxdkmSauCKnITY,63
3u0n1VYwUNQyqiQTzJwwlL,39
65hRZOQkVjmBdusz1N7aOv,67
3xEqegrcyQtfhWeEMnDyCG,49
14w4u5B03GZxJGwNWgnFRp,0
4lLAb7SzLQp0FpSUIqZJdQ,0
4EaO2XR7gWaHq8DW7nu1iY,53
0WQ88kAxG3KTcGJAJzCF8j,25
4nSrvWuCRK5yzY4K5iksAr,19
2TtLHwMd2qGw1jn0mV82ES,26
4yNoaxUJjnP50AXYoAZx4S,55
09dUClsKgQ2uyonfqJqeCB,9
4tTFMLph2GZzgDCMbnKJZG,37
6DxT6qWd8P7ZOP5p4urTfv,44
1NpW5kyvO4XrNJ3rnfcNy3,76
6TaqooOXAEcijL6G1AWS2K,74
7aJMDBKnBkU4CTGqnMQpuz,16
60wwxj6Dd9NJlirf84wr2c,74
1dFkD1JfRMzwO6hwUsE8aS,62
6OtCIsQZ64Vs1EbzztvAv4,70
0otmDG441slQ7QYZUPgBcM,49
5oBzet0pFpm9tEz5pUmdK1,40
5qIn4pLKtgx600opXJnNLd,27
3eSD4F6Y47EHatykwASvHX,50
39yDIZ5WpcwkFyjpO8SN1d,26
6gpcs5eMhJwax4mIfKDYQk,74
4Lora6205JbkK6BJlttlRH,23
0viHtyuhVNnkIACRjh08N4,37
0feKZeNQejawicLLYdyTdp,23
4IoYz8XqqdowINzfRrFnhi,74
36fRbuu9QkKVDR1j7jTI2U,53
25wBlLDFcspzo9gBqvrQr3,5
5j4mKTvOu0cr4cooq57sm3,54
7vLeZPIeblZLz04hLRRAES,45
4eucKRPayKSzwxaOOGfhye,32
7oeidbRS7GmtiTHY99I7uA,10
1808VWtrx9NdT5fCHDMC7t,0
0owbFAS9rCBSqJYly3fMbE,40
1F2HXIJrE2Xn81OzT2zZvW,14
2cyfSwcJRd5ikvj34eokdN,54
1PT03zQv9YRAYFt8BzgiSS,45
5Kn5DgKUYMmSWpD6XTVtww,42
0zc0GOdR0ZeSkATdcam6p7,35
6U2vGiMNVhJiJqxrlu18uV,38
6wU8XNHA98WAzNiLqiQiru,43
4iAPzwWnP0HMJvcUez7ljC,32
3GmCb7uc8HnCdq0wGozVw2,40
3wKLgtriaPGVW9A3AoRE9l,43
6gFSHnsWpiFYt0ApYi4EjM,30
2AVL6hxC2kgvGb3CFKiqWJ,43
2JQm8NNpFkwvhuKH3yhuC9,57
74tsW4h0WDYRpfD19gc10W,54
39sIYwLYquEkGkmRMPHkH4,0
42xDAj5qNVFcxciJP3hSJd,2
18lqJUEP9asLnmfweboSh5,22
1ceGzdrIE39uWWSoueBIRV,17
4jmADw2rRriDjzSruTySZ7,43
5RoIXwyTCdyUjpMMkk4uPd,64
0qDBPHQA0z1quCSeqQrbzn,41
2KlZexJjJPuNWcN5uAG1GU,1
7fGxqyHFmWrs3GhpwSht4H,31
3EADyGIBYk9m26FABcv18T,0
1RmPi2rBbY6pB97UDbsjeq,42
2oJNiRn2MrOCFoGfnlOYyy,0
7qoR80YEhHwOuKx075tuUu,26
52Jf8rOBta15wNrkOg0tg0,0
0KnzZd9FaVOKtOkzSvOivN,32
0glI0Qi04BEuaNWNh5Wytr,47
6QZtmgaUkxWk3Rlq3Upll6,43
6iiajViQXzVQ2qFYDTguEU,20
6nsZRuV1jxBWXNLOSCZERI,34
6Zjw7NdXuLiwULHgyJ0Jk8,48
7p2QsDBkOmFNK8ZETH8S15,48
0bleWpLne79d7vpP1cUC4p,43
4zdU3crpMx7UILpUiwFBaQ,22
5l1VdTIOuBj1Nz84BDiZHV,28
6XDHl7h9blHE6fVvjh8KdX,35
5CFkmOYSGgFpy1AFLjiF7p,29
07zV7KJhD507OPDD0NUuj2,26
4uvwedM1QipiOaxr7k7zuD,32
0IRz5I01411GsTnepuXtUp,25
5nqJAP3hKBH0nM33RLujvK,37
5lpYRameatJ020FwCl4Y4Y,34
5jjTz0dUHLmcWcSLioEAb7,39
4Ew97RRUndYLVMHvgJxIaU,25
2YL6ORlq8Ob2G5qhsvPL1M,43
4aBEm2uCbPWgVvZ7SP2KZe,2
7zBkFHiWejDPxIimU8XpVw,2
1Pvp3lLLxoc0qKBDUjHvvn,8
15WD2cgiZAlQSY6DHr7rW3,1
6HL3cmt8NOO6r9aAN877PH,2
3JsA2sWDNR9oQogGAzqqtH,64
0BfLvshnvJldGROufmYCrv,60
5A3qVlLryOqCuAB1DXrn8t,41
6GbWNeR3P9MTCmSyPVHgb1,58
77eJ2jPNaV8MiuQatgmeQ9,6
6GOeZKhtro6T3EVX2GOpBn,1
5KytIKWqQJXb2T3RNOyi9G,57
0aKoR2iMGuqAUBBCdRwII8,57
3Wtm09sSjyoidTrms6H4H6,56
5z4rXPO6B5SSMVnRfPWb61,45
3y29QLWHxB1G7CfuFyZ8qe,56
2aiAzLLkHcdJOnkLlpqHUe,33
0JRIh5NUNF043xDylSYIVk,29
6VEWoWkls3vXeT39gPy2At,31
2Fxmhks0bxGSBdJ92vM42m,95
3ZCTVFBt2Brf31RLEnCkWJ,97
4SSnFejRGlZikf02HLewEF,87
3XF5xLJHOQQRbWya6hBp7d,84
6IRdLKIyS4p7XNiP8r6rsx,86
1EgtRYHFJEpEgKIbe18jec,0
4zKyp3uvR53CfUEKikJsmq,39
5fLfzMQ6T583mnUke8622M,57
6SxhMVIqpdEOf9jVzgfQJZ,43
6J6FXmYrMxg93mBxkugUlI,59
3FnLBRntvMISXApLyt4Sl8,3
2UZUxzh7Rew8q9zqRzVM4j,28
0mCxb9UFHau4aG14oRPl0t,0
4CF0ypdrYDSEtAczdwrQwo,33
1Cy6AaY8lvDFxCB7AlLjME,3
6K8FeFOouLIapUrISpSaI6,26
73bDvrmSBh2fr53tLDH9oA,58
2eZlteRPDQr9ioxX2STcpt,31
6hucKm27q76t8cC4jEdqSw,2
2ap1x3VLFXzeVRDl14PYsM,4
0b49amLX2WGFwGNmq6xE82,5
17txou7v6Jxrwm4SGBKdBu,5
3VAeTjREoKPY1exOXR4oBm,13
7pe2OKY04MW1Cunyqrai83,8
1vZqSAWEKH4Aby3Z9nJ1Ln,45
5RROFztQ7ua0p9ttJ0U8nv,3
4ho76qriHdzQFaoKhrPvwr,38
3uozbmBqY6tB7dQJFtb5l5,61
7K0aHJFgffrUKH8Z3IE8a4,52
7K93PgKyLPZBQt9fPDE1K4,0
6kUohQ7py1XEcQAhUgf2Zz,52
6NQfUZb5VummNR8rozb8Ic,56
05MLzVoBzoe6LaBooK7Vsj,5
3221dI8XPRA2COFaFlDI1o,35
63OC8cNa4ZnFB3bbvbWCOc,61
0zDzOFSvggZ6IGHJllWg3F,42
6Jz6K1LBGmYqirDbkk2y2K,55
0CJwLZDmSFdXL2WcA74Vo3,7
6rqONVHOT73QecUdJ5HVHy,54
6NpzkIYecTgirnDViWoisp,39
6te1QldCR1BWiNgwZADpu4,49
6SseDBcadnkZaEAkzUK6a7,12
044qU7kwVZaDwzWnRsmVVL,63
14WC41AQDTPVzRUpvcIenM,44
505hHgfw2U0XtOpC3XYHOQ,34
1VyoSDW7fP7ud2z0YpL9u8,46
7bWTJ9aXMNGoQ3rCQEjEWu,0
5ZiGdWZvv9kaWw1UFcmDur,2
1zuY89pNly3uoQJebQsArr,1
5nKEBGtC5ORYnZMeOacpxG,38
39wHJyoHNlaFEFUKlDzNo3,10
3nATeGcFdtkhpUrRvgr667,5
1L8epx3bjOlIKncbJZRUcd,2
7noT3FgeH9FbCDLNJODXFP,23
0WQbCSbujb6bSPVENrWYrl,44
42zJqS8TW1Lpsa186of3OY,8
78W6Wj2IBE2leu2fz7dVXv,47
6hxe6A5BT0YnnZsVR5OPN4,39
1UMB3TtruOojfm4EXqP34t,40
32zkKx35Et6A515oZKxDkD,63
45dKmyXd3icRGH0s0LGESv,49
65yj943cpxnMmgwe2YEZag,2
4Sd8YEW2FbCXvqTW3NV7N0,28
0OY2KqGxYAUizKfjwsPrbp,56
14c6Q17DoHUY4A2u9HlxxL,32
7vfWgVGiLgnGbInU5lvSQg,17
48lVHYfNO1TvL54zMNwVnX,15
6v4ORMzjFcS8bfx7fSwkZD,0
3h9uL1GB5GU0TdNPrFHluJ,20
6OsEQa0fSWbsqbrF0aQip4,4
6BPUwak7LDEFuU2FZVHhgl,0
3MSZpokwCtkv9BV0vS3uGr,11
6FvSJjsxM3o5ctpexdB31e,2
0Uro2xUVsEHQNKR5QL4Lku,3
4sT2hi5bgnG2ApK7Oq06QW,53
31fhJR9Lop1IScpn1B86k6,47
3dAxzv7hkxipbuWJaOMzAl,45
5mIM8wMyZ8NqhNP3brwnEV,18
2jpcKcN8SZtp94IJpd7JzB,17
5y0wWqRzCBY1MRbguE73Z1,19
21PFmyhCNDENa8CfNYaPbY,27
4fC2lfF8YzQuyJTiQsbHkQ,11
3JOVTQ5h8HGFnDdp4VT3MP,70
59A6lBd9QmcD8rQTZPj1xD,57
29gadGnxeyCsHeXeRpEkeG,0
1EzrEOXmMH3G43AXT1y7pA,82
76VWuBu8qoFxzfhpfW0lE6,57
08XmoAjG6I2vbsONnFmDWg,42
5ZpDC6e5U9zYGnF0Jxu4Kf,12
4rNOAEQx9ywqkihRssCm2t,0
28j9YpcO814u2WAv3RKstY,1
2nkdmdmpSreBz0ugsCnUix,0
7d43We1cl1WMsmUYDMbolv,23
7Bstjkh8Ymg4r7cGAXBbnR,0
0U0l6YXTLm8QtMD8fd208t,0
0cgRDeRDPNrfRifO8WHit8,1
6giHzoNmL0kwyBZAXGIIc2,1
66sCCqeaxSiDbIdewAx6JX,3
5KmwE6KlFaQn4Une3LTrhs,1
3TU1H0EAnvbGc7IzE7CUn7,1
6IF2P93LkyW4GqDQu1yS7H,57
6ijvGZMWSfVVb8SPWX3h3M,2
60lwJa695S26FsYbhCVFVa,10
4qH3RkbFgzxYyXUD8YC8kr,5
2gSm4u0pOEqHFyBNormMVz,43
4z7N3LUchksm6yMrH2XHA4,60
2k6pJDKXsWs3luhS23Xdd7,44
6VdPR0ZgEcy7e3GVjcA5t1,52
3f8xfMuHb4cAbbrsmz6itv,45
1Zy6u7hhITR6qHYpYvg8yD,37
6Vq9kOWj1X6KIg4qPKuOO6,42
0UnjUj5D9vPhYOPK4Ifwwh,38
7DuLZ8HdkbJsFSIBJTYV9U,35
5BBFzEZHejmSWKoFpcLM9F,42
7zqhUgWpWzwYnT9eewPJEK,40
5Q4DOojEcvYnwrFIHR22y6,1
7Ec9qiOemgoYl73dQcCsNH,0
6923H6OtBkxdFrepzaVXMd,3
4OrNPd9u1lDB9p8EpNDZDL,1
4ZzFtk0U3BQalY3nLEaZJ9,0
2gi2Ni0IFZeXikkBYgkEvt,0
5PgZLD24ykS6AsMM8ZKKLo,0
1j8pd7HrxRQRohDwfVO0L8,0
4f0UiNGZA0ZVaOeKQ52CvY,0
6ZdiSlze1mj4NLzAf5sPpN,0
3Q5CoZMYVDiwv1lpyiDsji,0
6QaedjNdzSBo8iCvMQDCnO,0
479UW5ZEzAhdSn7uq7doLn,0
1rGxG6Y5OgmSwGPRPJv9Q4,63
4RXADjwsZsVuqUVNStV6lS,0
0Ffg0etsfpaUNwv8t0bosp,39
1ixSXH4wf5oHmGA07zoK3o,33
2Wr970IfovsSGnfkE08iMF,4
4w2iAP3X4FkpPb5kjRdIDx,7
21xFsQzlsh6cr5XIDqKc7S,2
4ogp5UEEagtt5gbM1QDgTY,0
2jPskMhww8DEwvOB7KmYAB,0
3UNuVVGosJLfLCsWHEhr5U,5
3BmjebvpNDVbcVf22BrNNR,26
2EHb6XNNMtMVpWesvndBzB,0
0k4kiY86YyvLYRqQETwyXD,33
52JAhb4HXp4PiDkSAIk215,0
4u1eigMS1ORqsTrASgXzID,45
3nk8fMceADguLOWDPGSbpO,0
16XhecupmndkdYsiIn4Cu0,0
5TtNpBiVb0frGgr63WEyyv,24
2BrzlUj1u1CtvaJDGIKpsP,69
4Zc6OSN5jokFfoWhyqn8Ur,25
1fWwxmWor6QbvBeLSV428F,12
7pbETrTDObjfhVT4qh9J5q,43
70K0ezmzYEZeqoSaZMyP7o,66
2bPujZTjHKSIHztskmfudg,0
6u9cWDkxbTXaqf4GZP5MHh,53
1t2DpS6WxY0JGX3IJCLQfQ,1
0IMQFfmMikvJge5bweNVxe,5
0DskSLv9ocz7KsJlqUSCGw,0
0xLb9aKxyObbRgMnfW7bvB,35
7pd0EjaK0m2Er7fEsOzruu,0
0KE8xLEPrhrvc02uW1JMhv,0
70Wsfvr0gJmTzHPSnJyJJE,0
3DGTyRTrReFYlNQrevIQP7,0
7tfdE7sUbVkPhfAK3rwyc2,0
3HN9DNWtFSI3snc5pv5cRj,24
0Iwfj80A8KoGOh5XSFF87m,8
0aCI9tg8Pb9l1uoOPk9R8n,0
5ZmQEfpxN3WYJgfkU5z5WA,25
1UIutH0tnqnflhUat1Q6Bz,0
67d8DiMwQJLwPRdKhVjmS4,35
1FeT3vkBmCC9jGJ88oVerU,34
0ltO5bci13M68sTnEctBxR,58
6IAOkZxfTzpRDL0nAAynjq,0
0gTAcOg1yS6KY3eMaYlpKg,0
3uJsg8xIH7OpWHxuJaMLJX,62
7soA3JDXGprclB4x98xp2X,36
3oCI9IEwKLMMBo8d9Rjw1z,12
4FI6qJdZGN83WyOnvDON8Q,35
0XYvHhtD8ONs8Kqzx7D1On,30
70hvCk6sUutFjKA1Y4W1mc,9
3n0VgOwlCp8cdSWqN9GnwZ,3
1gBGDhwhekrKYy7gqULf0t,59
1YItRRQXVa3GtFSZ0RmgXA,40
6v0LVhxY8pgqhbsyPNFjg7,31
4dEZbrokJ8lgNyrdL9ZTe8,0
4gB61mP4tNChn4LgfquMhi,8
7lWbWrW0wV4MB3zo06FkyX,32
6mQpBTqZ2Q10lJmds8niP7,0
4ExbAn6QFTRUxml2SDVUBa,16
5DWaEpFT3vqOrr3fTaOhA6,28
1lvWhdFZyTkdnUBYpUE3e9,51
0mJDqliT6vmi7i9kRoSAZ3,29
1Qz1BjKg0fgwSZQXYgyZR9,18
5Leb8e1Nirv6IFHrmvJNv3,49
5EITjsahjBbV3FjLOPzsfz,42
6tucelGpAWEAYMUhbND0TO,45
4qjLvvBh5ZeKEPyShKRf06,68
0oInDc8Q0nc8I6mKIliCfk,44
2HSg1bU4ZmlVbhyYZ8YdyE,46
5PAr8JS5KtQrWzDixaD1Wl,43
1WHbTjO9WZChMmQdKwmWAC,30
0NI2W5tqkfMWwY1nhl0iPe,46
1Wm8n5eQpDaOk2eQjf8ENd,56
3evL7OEc73Z1hlFSaZkNpo,34
2UjEyfnKzaY7qpBEeESJjv,52
7JcNSQXmd242QV2GYKeMQ4,38
3bkBEBd8G3kvarNlTvCRPU,37
7vAVuNs41gDdzfSiMEtJ41,26
7qIICzwgm3eu1Ic3ufPGJf,5
7jGa11njc3FnVpO6QxGZKz,36
75ZKw8JLaFsYr51J44fQ4N,50
4QfrbKEYdcnsprpRg0VYQP,35
1JzxgZWVwxajO5txHJSVfY,24
1xy4apMFecGGkgBeaHFZ2M,62
7ESboJkv8dqKx501qftMkG,33
3yF9KdPrwaDiZR3HByjlwV,46
3coUcc0CDAHz2QwdP7Pee8,63
2kMKmb60xVUIWW2Out8ypz,62
6XfZ63vc5I1IUDRfw2FinH,0
4i2OsaRNDW7Jr3KqUb4xfw,35
7FTnd3mjTk2aGpg2g2SFx2,9
1nBKCSY2vg5nFDHquRH8LR,41
1oQwOiKRFTCBUcNKZOICG3,33
6RxFSL6ZrGxmVHmN4seMub,27
2VrONWfzJ7aeWPuHSYeFnx,24
7lgWYmAitmW9CTrpLJ8Np2,20
5YerFzhEvwr70WP8qXgd6o,14
65RMx7i8rPZNRq6jGmqzeu,10
3WxQXufIzssKD22MqKR6cW,36
40c498Ic7gnr1znNRZiPPV,28
765ZpBQUUFKAVjzVyW77if,47
4cumZShSrE76155WJ6kyGl,21
4VckRQW4RhwwIx6p8HSAbE,26
0D4yVl9Pn45xW2s63MFCmT,8
1r2N0b4VRjrO2OAc5KXMR1,34
5xgvMrYYHTIEtx7w1LEAn0,56
7yj6i3TaFhBvxbLGejrvfw,59
4Fhlg7UFKHbvBZgsHu6K89,47
7h6lpVuSGPW6RNjDXKpYDh,65
2flxduIqEbsicdmPyj1WVW,73
5Ti99QiUdIwe0xG4gS22FL,25
6CUugPwgI9yd0iPdMFkClA,40
4P38HiuaPb53cRh2yVroIV,33
2zcPV7NeGyhSZJK0WjETx7,55
27W2xRl5A5vUTuj0kX6YmW,35
087B7ONFOiKkkMVmg83md0,40
3jl1I9gvCXo5V9hu4hYGLY,38
5t7SHDPq9Ef7O92chdneBs,46
7j3nbSiaWphYU2cFgyQXd9,49
5yY9lUy8nbvjM1Uyo1Uqoc,93
0nbXyq5TXYPCO7pr3N8S4I,98
3R8CyhJfVjvgIROd5RSGhQ,73
2Ec33AVlkTTq8BHFgBTdQs,91
7FIWs0pqAYbP91WWM0vlTQ,79
2u3EyuCqqV31woqGvO9LBz,81
2YwC2IM0ykBxtMBH9aMe5m,64
6Ozh9Ok6h4Oi1wUSLtBseN,93
5rSVQzJQ5nMUcFJDkJMfzL,60
1lO9CZo6eDrOy0S7khgryG,71
1iSqfoUFnQwV0QW1EfUit8,90
6gi6y1xwmVszDWkUqab1qw,87
2FvD20Z8aoWIePi7PoN8sG,86
35Ycb1cMPK6tyNMsTepijg,63
598yNsG1JFrGd4n2kMoz7F,88
6Gg1gjgKi2AK4e0qzsR7sd,92
0jBJIQuToUUOEx7JJkiPzm,80
4bl1HBZliBuYpFZjWgefE4,84
6YfTl5YupXOQBKiJJLrxcw,82
56AMYGJzxBO6p8v0wEe9de,86
5FkoSXiJPKTNyYgALRJFhD,83
07KXEDMj78x68D884wgVEm,83
0fySG6A6qLE8IvDpayb5bM,88
3RZftiuTcLOqpsd8ZlwNhr,82
09TZsMHXEtQkdmMJZPLKup,81
3Gzcb65waeZYidm0vSaelM,56
3VyjsVV24RmBIbWJAeUJNu,92
735RSTb2xbtWbDtKD9XDYi,83
35Xf2ABjPzUXKz19akd7Jj,80
0eHFPf7gom9ztF7Jc6FP6C,74
3yD2LWeCCFu7ybBO3lwbXM,73
6klLvorLoo1sxvZcjJIY8I,84
05JdgtCKkZ5CoOjM5KS4EG,77
7h0d2h0fUmzbs7zeFigJPn,89
7tgjDlQsMR8RvkdlNCJA58,83
4IO8X9W69dIQe0EC5ALXhq,83
66FltlEV09mPJYAyfYm8De,78
1K2xWMZP8mgMXAR5SpcLQu,70
364spZLB5bhNlnPrzvUB41,79
3JERoo6pokCgQ81z79Jpmo,75
4E08gEca6avoGx5SS4MM6T,52
050ud0e5cmIYjmXplDugVQ,73
4YrS33mjBWWchoLJTkAKwt,78
2Xo3rLHjXfdb4avN68aQyi,82
34e2WyzmjG2aDk7KykOOZZ,72
4DkZDzcHicZBXCEdA19oWs,73
79s5XnCN4TJKTVMSmOx8Ep,76
6VYXuUz1nYMap8gtqeIrQB,77
7LGWmZaoS7jZJ5tEi9EcDi,83
2QpGZOhTCHHiKmpSO9FW4h,85
4Chy83oRs3pToekNNpvTU6,35
2VhbfT4qyB4KFhVEDplXxX,54
4aytB0kODhqRLnJwdJqUmW,53
7tzVMfgxbeMoxpBPz4EKoK,33
5vCMqXWUY0gQffbbX1z2eK,56
0eOOTL9t2P448umBMf8vcS,56
6vhSIjj1M9HU9OnOi8sdqX,44
0cZcOtDqLaavK7LowhTBsa,65
06s7XknCVIqABJY8cGMol5,43
63hM1i4OCu2axm2JwbQQXF,41
1sL9EukureVOZOrx69SiWB,31
7gcVX05HnwUIHev1pkh0ne,31
3nuSxBQUTn7nidezkdcBf4,43
0RVzAEJdh4VsuRIkLqmo7t,44
2APhx63Q8xpqlQ1lkomqTO,35
6BwCkzxd3h6eA5xqOUZzUY,60
0QiMXPWqr4HkJICdUxAwCw,47
2NEjPjHPuTjUqQ8MoIWi0Z,15
0vTJP35J4M1PY9iAA8UmbV,59
5VmL8CrjM82tIGWwum8Cbo,62
76RXCXdZaVZ9LHbmBypZnM,50
0FouIjnjH3ygThiuPuBatM,48
6VCeEqyExn5hfV1dBsGDIm,56
1xHXZxN2boq8o6ohlAlB1O,59
6B6QA7QrMPio472SsQjQnh,56
1pqkpQx65J0uwl5PbnUDuJ,41
0J9C432nUkMtgKiHQrVF1L,44
6ekeactpFOI9b9NzwWDDb9,40
6cx8ChG8jGa5Qc91PIO2yF,49
7sTVsEhtLy217gr6739xF4,52
6sCNSFRrvhVlLGWJTvTvbm,54
74D5pms3OKB8xEem6KwLdY,61
4fypvLcaDU7pdHJ5xlRFPV,53
7ALj2jRLBUaWXnW89GlAbz,49
5whd3bsCbU8yuQGfFY3w7U,54
07PnRpdo0I4sEKahf0Os8l,53
6LoeOsb4PfpP0ph9iMsvUf,57
5Use6EepmS9Z7wAUPy3Kp4,49
5Y4nAJYenoA15vWtRJllMP,57
1p5jbuZMzTZUXOlmI8VRIl,57
6oW0uYJZAR5RjOWBr9onVj,53
4qv0hnIWqV1k1AksEY52RP,57
24LlCzV5XHVGSvIUa9Ke2G,52
5g3lpA0rVxdt4EtNwJQBQw,56
4d4IrFVJFASjI1QC0zDKuv,52
0o7YSyPeTwuZXi4rn7NDlB,52
0w7HY9VhJF5KHPqhOyY6Sg,56
1MmD2ICUPPyGxGDVypctcF,52
2jT4R7AMB7SrA4hXOkylYo,56
6crAYI7gZzmGHtKINtuUn7,51
1nNSbg1oXFH5AxyI1WRxkF,51
14gE9N9Hx3WyLL1U3CnizM,52
51mcuqQpPcsMRZ5KW0A0In,52
5qCr1Rq9otIdSC2WyAJ1fH,52
4KIhtAJo1zQmT7CiztTsKI,54
708BmbNyEFsWl0PQXWHknO,17
1Mlr2Los4l7nUxu6gSZMLN,50
1YG7HsQ6msnV0z2FDTptnf,51
2DHHKsZ1ejniF4qGlGNz3z,51
5CFUgwifmVBL4lrIVP2rp7,57
52IWmLOUfIW2a8dHnMW0Gt,58
34SsCsOInrOqdkbjaoJWzn,53
2sLO22lacNt7fQguWaBKRo,53
14kpqRxMt2iAvNvMEoGJws,60
2FygRDP2PuxcvWGGyf3nao,61
7mpdWGRFeoww1AR1qz0T5v,52
6xZWNYuoNPDOJnH8ez4Ydc,56
4G2WtXPgkDl0dnwzoBbBSj,63
7gPjBaQ0ezSHIAVlYTk9ad,54
20k7dNVQhMqPEYlOwFrmC6,53
37WThuwPuTsonUbRbeGZXz,53
2lN0R35eOsdqBnFaQ5k0rM,12
3xhbFPgrYiWY7Oz3qovZuj,52
4q9OiG2pXGdP7xmcRRNFMt,52
4ZngBJlBDwEwl3Fv2Hy6QQ,50
2Fs5uaRcKRwmAth4u5LzaZ,50
2lR4W7VFKuLeeFwhIqzDk7,50
2cuKRkBOFSeM7ZLCPC3gFt,50
4mEyUJn4hgJCz75UWv3YTz,54
5xYK03nHMZgAfYZnA9NJRH,49
4rFCytpPDYKLzDJ5f5hFsJ,49
0DvqAXyoA7zRB8wgH0DjRO,61
3q2zODlw1n3be81eW3SHcv,57
0T3MQGkFdP9FxUJ4bRO3VH,52
7ueIVxEgrDYvlt0slBFchE,50
3aNsRsxKJWI7QdKEbav4e4,50
4T2mW6Ie4bg7KD1yV6aMdb,42
19K24V0kGvNLFYCR8jMs88,63
4JZIQzEuPvnGj68SHC9PSe,50
0nBaWCfOOitktygBKunrEi,50
0QtbbFtPyH8VNE5fxQ8yBn,50
4QwB3OnOhUGuS8kDBEcYb5,50
1tzHOvF8X9Hw9p1xRM6xCt,50
0yNzLGveSqD6jdj0sVVkrb,50
3QEWSE2yXJN85Q66gxY64O,50
5fwLp5qIOxEtM7BzP5Mj12,50
2VZ2N0hfF1XQIPEhot4BXq,50
4ZTVECvBdO9XU4tNhQcgQ0,51
5C4sp6JprCFTO9ZQcg4qXs,58
3o9rQJLHEq9mNQIOD4VF3C,52
7EnhGSOY5RbeIkFaoxiHZ2,61
2riiA8hqsPHzi2OYZLRDLC,52
1mZxvQwXxNivipBi5IQqGM,53
3m3IcXx0tjp9tgkisn60YE,54
289bzvdfHv0bAMNSaxr3sK,51
0GDlfD2tm6pejevucQT8IN,11
1WghIFKtGge4jNYtDDI4AO,52
3urdAMyf3Q5Dq373k8clrZ,51
4ZEN3u4mTt8gxIEPAH9bXG,55
7LKRv9zrKDrLOO8jcFPQxA,11
7JFI3PMMPDpoHt5mPLh8wK,55
5RqkiY002Ja8ETYZrVmGUJ,56
2YK5YJzVXMrVjt5dJWbNCY,50
3pVQUCv6aWJ4Gc29qkakhZ,49
0vQo3zrpW3Ib8yumDhX3Lk,13
3PXFeaY00P1xAFCTnxZwiD,58
2V8SJbDW6sK8FrHlvCdG8Y,50
3lz8akHskRyiSkvfwK0gqk,51
0Ulpm8SoYA6e7ZDdFqzc97,57
459tqykAvuDfgPrWT1XsLn,33
2BaWEDerOWY1ShD3rpqgWv,59
1DbNAHDcdkRVwtMJz2lttg,50
3fimYwkWOq8YoXnpRrmyU6,11
2QAnWA18XUiajq1NxoTJuF,11
7CTya4OETWwc00AeknaWBF,50
1pqiUytktkkaA7bV7ym2vt,49
6LldfZLHQMlNYLG19mDR6x,52
72nU2PZrtf8glvjOiSPjYS,49
7BEA0aIXF1nTvOK9zVcVkm,65
24Ls3YpU0IjeWUM6ws2yaJ,62
5DyLzEMSAwWWuAVfKhHGLh,56
6Ditgndq8NnRVJf8K3hs7W,53
66WKuB96Mwmxy9EBiECNp8,48
6F1tpMt4vwHFx5A8aWq5Q2,57
7m0cogTTBLtx7nlvR4aCLi,52
7s3YrwYiXjOFH4O5OE6l2W,48
1eN0D2pAR1hou4iEuXQkYQ,62
4cRtsgJHnz4UaUnHGfDrxB,50
6eP7ORSpvpgbbUt5aUUMIX,49
6j7fobMzagIA3dIr8bzY0J,58
1dCJprCdXOvLmK8RQ5jpRL,49
37gNKK87AHQpmDmQWWII3Z,57
5MzdRLptsrihyrpxtI2hNH,50
7wSkoXvluRMn8IOpvS60eN,49
0swyX713ErpFQT68b9Krqg,56
0UZIq5MBtALBLrYZhD2vyN,48
5BEX5jMEkOB8Zr1dUft3Mg,5
5kJAk6KD2SH3Dz8K3EfIhc,32
50w42bgL9DTDMV0oV1FicG,53
2fmcciVsc7IEKTFGWZcyB1,55
0z7QCHOnnIPiilUkEQ0Y1s,50
3izuaLqYKLPLargJXoErNk,51
3Wc9aWJgP6ST2gKqaPUzq9,48
62qhlMjSdV2xzmYrzlBgSe,56
6EzuZuIO6lR0XvFkBVcvpW,47
3BjXk1moo8smcdRE3tvtcO,4
6GpnpvtCFQ21HRk0mqVRw0,47
69gdXYtXQEX9xNeEto8K0q,48
5l40B5n4x1U6B7qTaJXPtN,47
4OfB6dy0mjs56CYTlLI7Oe,6
3julkyNbFWkLu9geA2CB8K,53
2VnKo1kUEFkM5CwzsreulS,49
5DaL1ihlNVFZ7qdiNds13f,47
4pv80UbBmpaIj178oGuhYs,48
5JZcqp91d9ZfvkGmgb9jjT,49
2J8XWGtQb2PFtuHjyaNow3,55
2yvQ3Dz7nXZLXxhQhDvhog,48
6IQZ4aWSnWZm8Cohq1kF0M,48
1AQX0rO6nMJnC2u6ORjlOw,4
28Wu2IcHEIED0PvaDurkr2,47
0YGgEbmzrt7SNOJ5nnHjTQ,47
3TlFxsF7d3hNGgRMUEWxSB,53
6wkTnl4q7qznX2JG0ZDlkg,49
27Zp4clfhVk3Qx9TwCwZ97,47
4eoIIRUjD5p7V5X5RCpIna,54
3O8wVPwskB1ZdoSRiwaAak,49
4tukb1DUFeq8YjydJE8UVA,49
03eTzlfvTDaVEJqyL9CCLf,47
3EosD4gp9RdgkemwbuQdaO,47
7oK04GdOZr7uU3ccbZCOr6,47
5QzUEV4NtpM1HNabxklAOl,47
0FuBfmT5QuCZFBjGVpAyek,46
52DECUk6ubfu1IWnhaiKC6,47
2V9u4CoNKwP7WV7gJme2LC,50
1igeI0Dv9OWFjshEH05A1R,47
6A30LeQiZ781ATWscFIJo3,47
63zCFKF73wPvX7x4c6s3ko,47
5Im6v7WQdNsp7KNWeKSHTy,4
7EWx4sRu7PQJHAFD1Re9RD,47
05Li9s63oMwigFbQJDr2cz,47
4x7B5sK4tnb9IYCkKGNhWF,46
7n0AKzZvxlKyv6cvmQi8S9,47
1DW4KWZRIwrMEPcfEdCmCn,54
7trxuSkxmsRKOyJcejNkij,46
2z8V0NF7biKE3oazgX02J9,47
5wJmmRVkx1dfghYHOFjT8n,9
79JRTaZyyrmTK31SuEkgWh,53
5Jm9dU50Rpzz5Yao9ynzQs,54
5Hq1CQHBuaxjHSCgj6DoUu,47
4WMhD2aaKegdm7qjyo4mxw,52
1InzTnM9CRkVlrRzVqbo2P,53
6AooRgSRDzbCYL4NZ4RCjU,67
1rav6gpyMEfZQrMdaVs1sx,61
61eDLrQvquaTtZRnGFz9Kh,55
5eR1O5GNIN7kTtfxgg2NFh,49
0A7qoxWF15a6oNSWKIwhZ7,43
6SNFuJXjkgauo3Kg9XJcj6,58
0d4PvVcC2GxJoVm76a5GQH,57
0nfccjfE32KUJzLShSFAK0,47
7B1Dla8uais9Ahg4VEeekq,47
6S9tXDdMzrT8LEk1A8enKF,55
2flJr7pqmFiR3JibFM9YGX,46
3DXP7pJNl1AmAUl90CAGe0,58
1jCKAMsvvLowhwmrI1aNsz,46
5oHT5zCrthfT8kFB5dIC6n,44
46gjSGy1qoGyK7sjv1wbkZ,46
01Oetb3comqkdTqBNr7uFz,39
7q85sngNN23APYpE03lFHu,44
5kgDPgxzetfTBXtDYTb1Tx,40
0T0AY7kzqXBiMuHvI7I3j4,42
57onkj1hvlwkekdwo6LlCf,46
0pM7PCxuclmb1qsjTqt6WX,47
3K1SpGtUIeHz23PpwJRrY5,44
4ZIvqmpihn94QyFfGcQtdZ,54
4xZ84q0XpGZTfNYkA8uean,35
5BqvGsg4foTngD67rNlay1,45
2aH8bZkSxnK1NIFQLEpDiJ,48
4NEdR5Yo8D2KwL7Y9KW7EH,51
7n8xH63Whw5spavIWScPIh,54
1mEFsctBXKX6nmashVJ8Gu,27
5uaIbU3oHHcSOK6WFNK5nj,64
4DTPvhTmF3oVTLjAfHujVK,35
6xzQ1uSk2Rzz6Xdf8xBnWn,51
5IJM4mXrz77UItcvVfq7CM,37
02U1wo5IoGEPAkYidjUAv8,35
6Kynli1iHBqJRWUCohcV9h,61
4yvrKVY7V0a3pLbNUFbaN4,43
2Yy1oOzy0RQuXB0cQcFsys,32
5QokJpDZQvBhg18NbQNjNj,32
5oUg1GpldQiHaMlfAV05tL,51
1yZfyNarqiwD8eJBswXplK,37
4P0DhXz4UIGH4YIH0xDUNx,30
12M2FNbOi1FOIe5KBGEwU3,31
0jvNc73pMCkyHTchaQu6NV,44
0nWWDo8j81mFJCzCLSkTBA,13
0wcvsHMMrwA1Ah47RDJpdj,54
3O02na9eg60QnVMTvBLml5,31
2ajFeth82zNY7n070Zem4G,27
09WgwgVEQa7X76FG7VapUE,33
7uB5dndNMzsKTibmNBBfDO,44
5YLb4u68e67Alc1SBC4nGQ,30
3exvq9aZlgLzlpeCpzxXNz,31
3XEUVgaBwMQx5zMwS4cDO0,31
7KHz9ozYcZfGMn5IQxsy33,44
3Fvw8hX5uajqFqZJB1KhGi,30
0Zk0jUiOIn6hcViDB3aMKx,31
4Tm9tGPiqfK1ETotj6gwfP,45
4I9KMyos5GGAuop5XTXLIj,38
1Oyoegq8YSlnhuDdNvgy7Z,28
04i2uLdBAfCSYjQzZqspDa,48
4Wk3CYokLbIkIo1CjBJ4gc,29
4i7jxre9SlNDPyrB6gOxAX,35
2uKKRxkxSWSxtwQIEmyIBM,33
2fCB9ONCcLPVBlsr3v39eJ,29
0rNpm25xLsckCS9JPAgpwP,64
4c2TiYoJHIjEPZ5syRZhsY,63
2tVHXIMmky5mOeQrolyOUV,59
2pZi2b9U8r20AF0Cf3hi2D,64
66z8EZXSd2VKGHlHX9DZSx,59
74t6wFVz6sU52IzAQcC1kQ,53
2L0jEuPJXfrdrImUUKdtGt,10
4SPUVPV2Db8B5xDaFWg9rD,61
4pI7VTiN59CZnGJUgVZPoy,61
4l9S9NFztZ0nrMZyakENh2,60
6bE9Ud8C8stzPwu7xJRx9u,52
6Yp6bCLd4IWur1yL2Xirrk,62
3v1O6lndJhBf7BXgnNs42x,57
4dd9GGN2kHb1d28yGL578m,57
7oqBNzWOeZj6fS357VaF9l,57
0GKi4sPErVwTzruhuqoDvb,59
2qyJG4XyYLCMl3qIWL30ET,55
6TPyiwzayKHCRJP2JL53oS,58
0FM0FUcs3KpF4BIEv5jYNg,55
4KKWslFZE9wrJKlOSnvREW,57
0z7GuzX6SvdWx7KDW5Zxg6,61
13SKaktrtIUyqwWcHvwnIO,57
7LIF6JiBEIOgQ0gFywXbbn,54
6n9A3tuLQqYWrQyR4dGLry,59
3bPsHHJ6EL2xZSflLsIve3,63
1GPRmRcadnmINbJlutkseu,61
7j1Y0cl0RqV74Gl0eSvDgS,61
74PHS8w06Hu5pwa7rB2mF9,57
0VhE5PCtSiJzk7v4a8qZj8,57
3K5Gqh7UtYJp8MYaAIMWqd,59
1s3YrMvvEo4BADEelWfugR,57
15LqhqSSDfZmIylBdlxxVK,38
1vpMsMmJbGdfKjNgZY0IPq,56
03uSlN1JqW0MI6OCl7UQEa,58
4XDlW5QgLKZupaJ5VvacsP,62
05SUJyDZaEJaqwBr6UsKRH,60
0Zo84WVAetJjKHFNS0dkcf,58
2JWTVS3ndZcwJrabnCAWvD,58
0xRlXVs5zs2ovMnbH8zIvH,43
4zROIOjt5mP9vSk6pCu9TG,55
7bJ4RdquDO1A29rJ34tiMz,54
5jSHEphh8r7VnQYwavSFPf,7
6NyUKv40Lorxjlet7IltHJ,56
1EsXJnF4BXO4XRYFl1Q9Xv,56
3mZUDIEuYz8BhUKRIkoo0l,54
76fY0vhiDWoyZZ48JH3ulF,58
5I9cUsP08mVoll09AgkenG,55
2Gurqr6KIekGwLiCt0gGKX,56
5k0MvADsuxZCmFXnN3BSto,55
7pFRhCj70NUNZG4xMDEQj8,52
37I8L2Cx6PScWXn0tkN4wV,58
035SD8i1kub2mdW5ljFhjS,56
2HmL7Hp6cEfJq2cqGGkBXh,57
6hBofveV7cUFOSuUB9RQjk,62
3MYLwBjjdVbcj0M7kUGodd,7
3T1XiXsh1d6ZK7nJTxf50s,60
1lwCqBqzMEyYxWew1PDktS,58
1BK5u5dCqEateAptzwHaYa,59
0cC1pTC0ySMeouWJG9Arly,59
5kJjcGRw4cyeNuwfJVgQRf,55
693x7mqPNtiFzJSkFZcB1N,62
5nKSxq2yNgQLtgzqJxPn41,61
3YNUXos2DxxfC4ZwNAfjwi,13
69ScUfmrwMZgyqb0XRGw12,60
6P2nWQi3aQX3YOHy0EF26A,56
1bW8IKNqSmC4RHihpGaYoc,59
4PJePX91Q5u7SqQD31R3YO,52
5n16dEoZ1OwdpqOIK13m1X,64
0Ueq7HrYgIzQ8wcIW6Duzg,60
2LoBlYBwkyzWofG9m8C3zo,55
2rPPAYpPE0mByovu9AS5pU,50
3eU0idtZzJXksHeYVUjdzm,58
6W3XJGH5WXGoFubLBr0Mf0,57
7Ah5dqNBn8OpGpg2YZGzuX,56
0PO1YxbnvzYayge7GgQFQ2,56
7AP6EfiA3XH360wVXMICXr,52
6pFCWGvher1KJdEEsj55dn,60
42JPhBkcrAn8wfZn9xdSzO,61
2MP2pU9BEFas5fZqslCjbS,50
1uTxXCU8uNiOB8iTg3sjcs,58
2QcJ9rR9ddplIADrrNkIBZ,52
1rsEvWK5fLi4RABG2V9hWw,57
3JdcRs53aBDG20OiPBJO9g,62
4vMvv3T7NXeelqnGQtLPaE,50
1yrZp8B0mLT18RuZccaDBJ,62
2FllN4dJIdS4BvqJkTrLmZ,60
08Ovag8PDrT7VC2ZkZLYmz,57
3GkSDGupydidufnOGZn2FE,54
3X55wToVhDnQ0Tlt2OU9Sz,52
1RBsx4vh4C75cJlyvbyVDg,57
101pdKuN5fiQM5KziHN0W3,58
06pokVmH9BZjHCw84AN8SH,45
29kvrLzNSVoRiqE11df09X,50
1DWZUa5Mzf2BwzpHtgbHPY,73
1xEcsGNqeAeeB5Yx2gmFRJ,63
4Hqh0dS4x07zuRw6eBTO7p,79
6eluAsb2ONjZ6tXFp062LZ,59
6uJONCdr2rC65BNmCnTBWK,84
6LcauUZjF1eXQrgqMUecHX,91
2wBB2KKqtuK1fcxAiqbCSZ,69
5W2NXrzJQDPr1dUN6wykjI,72
3Kd6Wp3lG5HXMB2dlvuy7y,77
15gaivYRuN6mra3Ib4z3tt,64
7A20WnLkjtZU2d7hIB6Ziu,80
14X1WxiHXdVRJ99cMCBzOE,67
5SiZJoLXp3WOl3J4C8IK0d,75
7BYppcUTuG5ysmaJlGSt3t,56
6HPRxfAFmvHZqQHtB1OPPu,69
3QzAOrNlsabgbMwlZt7TAY,90
2Yv2mHzr5AQavVdwQjEokV,72
43YQDj1KOPMFAUcTEPKy4p,78
5r7WvQtyPfy1xch5zMgGRp,77
3Xo6NqkOMHfw9QwxzYQ36c,44
2iObjOsy2vpsariW4Y7hQg,67
4FmzpxyIKD0VmTz5KhQzJm,62
7a7wbihbtKPnMCq17iECek,68
6UFEJuDXQMWhL5UH5f9fUR,46
6piAUJJQFD8oHDUr0b7l7q,75
56yyecUavZFNRc9W5t0P8O,67
0wq6vHsbuRAxJPX6Rm2Oes,54
7qeWNGBqqagdwf4KnjRzGZ,70
0hGH0S74Eoyv6mXZcOKtdQ,44
3VnIAUSwxuocMBjuRhPW2N,62
54yCP5dfn4uvU5h37aE8f4,75
6ede6Tky0YYKyUKqKuEpQf,59
1IhMuuTCpO0K7BM2MmIZ0w,70
36sI03C20IFHKB1f63ezOD,46
40mjsnRjCpycdUw3xhS20g,82
4ESyocZUQ3fOlCbNP6n17i,70
5fuz3apTO0JuTErm53CGXf,41
5wwQVa7OHd9zQILs3scfun,45
0yjsqPohhEH9engTAwqWYR,54
0W9E3s2G4szLUwXsE17x5E,72
4hHyxmILDhX5x7zMekpk7i,43
0Pqix0NTfbuROfPbaZbBgp,69
0CheosCkNZZcRbEtlgbHSj,50
5jiJXFYMQpBfPr4N1Z46oI,68
78L2RUFISfqkmZMTCLYQJC,52
2W6iqyl0jSI48ByWAEl1vr,62
0XthAWvbDoOunjDceV6Jq2,70
6P7JZyL9y8GVp4e1aZJme0,58
6F3zAaf1DY7akff9JQ8pMb,71
6TxtJ6Nan6vyZu1m8tl3Ch,61
0rbbqMKtmEAFv5bdmQdWqr,54
04VF7AgF5f5LR4TBAvGqB7,65
07Agqdd4SD83JRgN19OjdW,63
4zbwGwOFXOSRhdh4C0LLgW,42
72UTxfWLA7lW3pexGQMIMC,59
6FGAHJzXBS7SKtIlMUEbR3,61
1mMCe8c6iNVLu6fzJl2tIi,61
2VLU6LTuUA621cS87wVG7C,57
37OjKpGDZngkru4ToHVz4V,53
3CQ4zMzqUGSxD0GX3fEJ1G,65
4gUvFKFbDSqd2sR49W11Fu,58
29rV7CoaiwzvZQMi4OP1XF,61
78Rt8cal5uxRh9zfEXO3R0,45
2CSsOy2PTQNkhPc7SRqr78,60
7AkNGJ9p25ZaU1AFbVPwBL,54
0KY3vzMW9Ke1lYUeeuQ8xO,63
6wewGfrHp3Bo9VX7BorrMS,49
3kxIqD1BObKKHB5kn5sOqD,60
59uSPFpJeWSUddwtJo9Jd6,64
1CPhABEvhQf47PRiHg0WBO,57
1tsBrwoPcZRFClC02IIMFP,55
757xcPUO7sNohea5aKXtmz,59
6lEvrsz0CM2gStegO3el1x,56
7881kSmOadyJQqKw4J3InC,56
59VRFUqZzQfHjOpqFMJuQD,53
3folQRowvURG094lAYvTLo,57
1q3m4S73prJEX15PtSqZtk,58
6eFkf1xxOehBGMpDyUrEk4,53
1SVsopgKbauppy1h2G7Woe,55
2RmEAopmu9Of7kQNfPrdHc,60
0Uu0e8qXr1HeEhUY0utaB8,65
4mhjXZjKCtwJSMfoKvOsBJ,55
6imHfAXTylNqAqjDnmMd30,53
3vlOANhOOpJxiCWUzq4DnK,58
1DXaXsT69EUS1aarFfBxMw,70
0sXotOhh2L1FmVbr2IKmq9,59
36KGBIsobZCsLcZamffF1T,53
2aNeT64y3UhZsbFpVxGUI8,55
2unYQbgst3vkYdAxH1rbEp,56
248wm0QJjthcaWCCXoXfDf,66
6gj9PMazlwq99Z4dXMT8kN,63
5T3iMVUMq34Oy8DwBzPvJy,46
3pCkuopR4wBW8PhkLdlKMA,55
6ZVXZ9Dfd70tZ8ZAkHUToE,58
0EHR9OObFtjlhQB8wSt1m7,69
2aIdVb8v9KTpEZnftkz2mD,76
71mDjdeVK9sqXmamMHaAfX,56
06iMqWThw4w8fTFyccvOwr,13
03tqyYWC9Um2ZqU0ZN849H,74
1GxHeBvQ9935Dd3cSfsfBa,72
0F7rEdewJ6cSLylOZZpDu7,67
05Sgj1Hx03ZXc57gsV1kfX,65
4ns1XFP3W5JPyzvnAjMdHD,58
3cSuhzV7wKX5diQ8hos78P,65
2cYZpcIV39X48RnOFM7w2V,11
2tOZtdbkAMQASWokLvSlzj,64
0Ss50OU9tCozI7JIywkv14,64
59rtiYOPgMEDf3yPEfU2la,62
2ajhenDRiiAnCHHjsIOHhJ,68
2e9EZ2V5QGGZPMJacO3y0Y,63
7aXXjA800sXYKpM8D9pCVT,46
60WcXjimfbhk6T0gj1Eufg,11
0LVghzBGRulc2TX9HFLYBl,6
6lEIjrQNwJPecJ7mMXjhjo,63
3rMyMv8EjKXoPnaRo2hdJN,59
7fnY0ec4B3SbcsJoaIIXIa,49
6bUNEbXT7HovLW6BgPCBsb,71
3LN41NUdHkyNqQhi9gExMm,65
25CnqAR7fzAQbb2SVoSa0b,47
3lwMGZ9M5Gq4usaZZLV4NK,56
7cFpB4ozcSwXuhqjvNbrbP,60
0RZXNlGPvfMo54fd6uCvAT,60
4s0o8TJHfX9LLHa0umnOzT,60
7kBdenpTmgWfAz9clmBcok,48
41bIQPBE1lFN0mmw6Lmssz,69
4UNhyW0R7qylxrF6Z0q2Tb,53
1IAzD1muglOxOcPbUHs70R,74
6SmPPtaMnfxgz5duA6t9Cu,56
563vSy3HB5NHxel1VGQCW6,60
0bdabO15YOj0iZPg2OujAw,56
65D95SmygxGCQGiI64eaZf,55
25YwwruYRtxe6RQdKtrZFS,57
7cVmKBwzPsh4Fmb6SplfEm,60
4gdQ8QShlC3toP9Mkc8DwB,65
6ScJMrlpiLfZUGtWp4QIVt,73
4IYKjN1DrYzxKXt0umJqsG,73
5krOROgmf8adn3SJzeKLZy,58
68IM0wOuxlrbwk0zgmi9dk,3
7kAFSrTIOiVZ0gnHBuAH3l,61
323Tzd2yjV4pifrVAajafb,57
0OvwzS8FX73Bw7ykMRmffU,64
2lVDc57IMK6nypg2iuEWVR,62
5Mcvgt2GbxxCp6cz3Kfjey,45
5VkuqayHiiU5ZHyYEH4Oeb,54
0hmQY8NW6hNQWfkvZsa1e9,47
4kmIO0yPq92dXtKCL28RfC,54
4mmkhcEm1Ljy1U9nwtsxUo,69
39yRhjDdSTP4A7VehxBXDb,55
3XQY8kDjI8LARMIC9xkxQk,65
6Y9kdB2O0h9gq9y2vclsWT,57
4svCVV4VHEL3Z4efES868h,58
1boHm9rjmvzxpJASd9dnGK,59
11hQvcLydGTyXS3Wo6AkmW,52
0l3GEbH3CviUytD6iX4wzg,67
19VTqucnxJuH6kilNdweTh,54
24PWKmemCvqfyVXODhoKHW,59
46XvcuEZFFInDilbYUNHBn,55
6BdgtqiV3oXNqBikezwdvC,63
7g7M96UGiA7OR79H86gV4m,61
6Wt5QBzHp9vdSLAFlvdnDQ,67
1xixUOjgdqMOPZxursTms3,47
2Lg4kvhOrPhpGEZmSe7VAN,12
4ImL3v98u2BLkwnyQDjfRm,8
6o3s08kk2fQI37vxGZDrJ1,68
3ssX20QT5c3nA9wk78V1LQ,77
0EgigrGFGb4PHaVNb7fgK7,54
6cnufgF6qLJGZT2PRFZBr1,48
1fLdeDTrJWNkwOeFyAVLvF,9
0lyYVubxulG0uUPOVCQj0Z,43
66TRwr5uJwPt15mfFkzhbi,76
5zd9TgduWbfFXwgnm3K3Rz,55
6njG8EYG1lrROn8P6q46eq,49
5dANgSy7v091dhiPnEXNrf,68
4gaz3uvhKgO078XcdzyPsl,56
0B8drtTSp68pZdkmVrG9ZA,65
6glsMWIMIxQ4BedzLqGVi4,66
5h21AlYy4mgHfQp9jUAUGi,47
0YkJU6TjjwzsVXUPRIO0DB,61
0Uhnzk5zI46IRlQ04LNOtc,59
4LwOrnuxJwR7C5Sw4liY4Z,63
2OqYarizUUGzSSNHPrDEii,56
0YUrjFy4qFKOO5NhM9tYdV,55
62r62ArmWq38cu6QCVgyTc,8
59xyRqG06dGbTmmJFVFbyQ,52
3iUnagQlUtjjCNQ3us3lPi,49
2mKouqwAIdQnMP43zxR89r,72
5MYFw4T2gy52pOGBN4EYHS,60
5mEwhCsqadBZIE7SSrv1gC,55
0Ed7MeXx64f6OcIuoTRCg1,64
79lmvU7Qmc8QpXilbSk37z,52
7fkbO9RJWW0zQAtXBu5ixb,43
6YTp4sUEi3oWNToQvOjke6,52
0UNTBB02C1aB55Fu4H63qd,60
4P7VFiaZb3xrXoqGwZXC3J,71
5ry2OE6R2zPQFDO85XkgRb,88
6gBFPUFcJLzWGx4lenP6h2,86
2gwkD6igEhQbDQegRCcdoB,87
1xbtojAZsQjOgiGdGX6ChU,19
3XiNC94b4Tq1xwv70sQJGN,82
62vpWI1CHwFy7tMIcSStl8,82
4ak7xjvBeBOcJGWFDX9w5n,78
5tsI3xxDHDgzHhn30LTQNz,73
3CLd7BfvgsBwBUI8kwFLU6,64
2eMwDehkIC1j68U6FA3Eiq,11
7DcvwMAiqKJQD1rrdfxSDx,83
1Ser4X0TKttOvo8bgdytTP,76
2fQrGHiQOvpL9UgPvtYy6G,80
5de7ci7TFqbQ1PFgKAD7MR,70
5hVghJ4KaYES3BFUATCYn0,84
4EAV2cKiqKP5UPZmY6dejk,77
5rU6kDNXZLXIinFezpbWbO,79
5uDASfU19gDxSjW8cnCaBp,77
6GnhWMhgJb7uyiiPEiEkDA,77
6CUBgX8bXC5YQCkdgRHqyg,3
1wHZx0LgzFHyeIZkUydNXq,77
15EPc80XuFrb2LmOzGjuRg,76
3e7Y6sfFlIdBMJhX7wpqVO,73
6H0AwSQ20mo62jGlPGB8S6,74
6GgPsuz0HEO0nrO2T0QhDv,60
4cM0qNo02rp56x7c6nlx6T,64
6bZB5IW4W9qFDbnD2kJJou,60
4aPB8rSxGFISs0o6V2LrTy,69
7KXjTSCq5nL1LoYtL7XAwS,84
3ncgNpxLoBQ65ABk4djDyd,72
6jmTHeoWvBaSrwWttr8Xvu,74
1jo3TwNGCXfNdB5uba3ZVv,76
59oP06RoBps6bvbvSQ1Zee,66
2N0NifjyXAdMOB4KBGvBJ6,5
1lAgtcp1KQRQS10m2yCgvm,48
6PGoSes0D9eUDeeAafB2As,80
4ntsD33Pgsgk8rUyZLLiUV,70
2ONFCvnI85yGmDhXT8HyXj,0
4URQKHMxklDp1WQY0c6lZu,52
5N1o6d8zGcSZSeMFkOUQOk,79
6AoYWCzsDls6c61Zp5qTuU,69
3pXF1nA74528Edde4of9CC,80
5cgEadiGKjtTP1Q6NJqVP5,66
3NJG6vMH1ZsectZkocMEm0,72
4dfCW8ynuItQ9ABweWyl4C,2
11kWiaqMGj4BMv6syMEFT0,0
43PuMrRfbyyuz4QpZ3oAwN,79
5is0hEWWStAbbHCjWyoxq2,1
71SDPonZOsIKNtqnaX8LXj,4
7p54iuWHqvdeN224OglZ9t,59
4Sj8JZ9zZfl8HaOav5yTVq,3
1faIb3PPSzEifCHUOJ691R,73
0NBiC3zLXoBQXBjsbnbwJq,70
2YK01AIIWuywG24gsbuizE,57
2XW4DbS6NddZxRPm5rMCeY,17
1WIfWj5skn5UUZTs4cEFBe,63
7cGFbx7MP0H23iHZTZpqMM,69
10Igtw8bSDyyFs7KIsKngZ,77
0wdKiSBUT7aZkXUIdJWcwC,70
1OmcAT5Y8eg5bUPv9qJT4R,14
5NQbUaeTEOGdD6hHcre0dZ,75
6KCt9V6Lev0M04rFUj8ANC,63
6hVGw7yVUd2bpdHMPCWrtN,69
3Z2sglqDj1rDRMF5x0Sz2R,6
4RVbK6cV0VqWdpCDcx3hiT,74
3ESSGgWzRf1xvP7G5hHMhB,68
28FGV3ORH14MYORd7s5dlU,72
7xq3uN2toVZ8IbNzfTucyJ,66
0taOCiup4HNG9LmbduVlJj,3
7tbyiwnLhtKYXNMjCZ60BT,59
0lwkTJnLBVWvEnxtku7Msy,64
55Q46o5adtSobImSKrrlqW,67
3rOSwuTsUlJp0Pu0MkN8r8,46
34oWbFBfGEElvgO0a5c9V4,71
0egGmGkZ8maYdEYo4RrVsZ,63
19gEmPjfqSZT0ulDRfjl0m,74
3sz2fvkHUhBip8r9i8HqeV,61
4uQ7wYsuL0DryknoDc11Hk,70
6HK4YGOpZr1ost68QP3ul0,70
1cTZMwcBJT0Ka3UJPXOeeN,18
29gsi1zZrZxdStACmTQB0Z,67
4T0ScSPdQKmGvruK7pavNP,56
2rmq49FcJ4U3wh1Z7C9UxE,5
0D21XvHcVsIvJM6FcGY2BT,64
2P3SLxeQHPqh8qKB6gtJY2,68
0sr5LOMv4x0jmTYfe6oOvP,68
1hsCcm0xujceILNvgRfrVB,1
6hYdhO1BF8V03tuF8pADKP,50
73WVn9jXiLvjO0jq6x4hYX,55
5lFDtgWsjRJu8fPOAyJIAK,69
7aeC8XRoU9s8b0OPUfUbtJ,52
5u5VZaUmYMZiFed9jFWebf,57
6SwRhMLwNqEi6alNPVG00n,73
7DTlsMOQjGysXHpwwpHuPl,69
27GmP9AWRs744SzKcpJsTZ,75
029QP3fFtLaW9B9RKr8DAg,54
5hfpu8saHLGedbHRtNCYjm,59
610BVUQMZpmt3eROWX9ZC1,6
33JcUj9qQDayKswunZP9ar,65
6HSqyfGnsHYw9MmIpa9zlZ,67
1wJRveJZLSb1rjhnUHQiv6,85
3eekarcy7kvN4yt5ZFzltW,94
6fTt0CH2t0mdeB2N9XFG5r,84
63cd4JkwGgYJrbOizbfmsp,31
2IRZnDFmlqMuOrYOLnZZyc,85
51w9Jbat1pLeWINGCpnQUR,73
3s4mrPrEFFPF0LmAfutW0n,79
2zjGJ0dChMR0KxBZS15aqo,82
78QR3Wp35dqAhFEc2qAGjE,84
6vWEAOUSxohKxhp0K1BsxL,80
6vBdBCoOhKHiYDDOcorfNo,51
2JvzF1RMd7lE3KmFlsyZD8,86
2xLMifQCjDGFmkHkpNLD9h,87
6uFn47ACjqYkc0jADwEdj1,84
0fcq51a3gOI6gPvzc0YLsk,72
5lw8Mgb4LyhriPIC86gV6e,78
3Ol2xnObFdKV9pmRD2t9x8,81
5Z8HZM6iQMhhqyPcCGY5g9,83
4SWWe2OYC4mqf40Gc2RSdl,78
4TCG827sk5fDEmUvcQlStk,69
6MDjeiUWPPgEwLtiBrr9he,62
2Vx8E3K5icPZR7OCklWBXX,13
2NRGaA1GyCmTYfm2GRPkUe,2
2xKQj6P0TgxBVaRiojP2s2,73
51wFQM8W0YfXTmHusXUr5i,77
0L6w0YHzEYfmO8Pp0ibcin,29
6ya8ejoKgw906Y8LWclqrp,75
7IBSffWIu7P2MC7kMwy2FM,76
59ywHNwwchG4nZJMLyxSzd,78
1GeNui6m825V8jP4uKiIaH,81
30z4LVkScpeNhwHFIB8Ewa,75
0NJp8GyCOWnQh71xKSPfuV,71
6pcYAFkGyFRCrmcXk6iauq,6
7sO5G9EABYOXQKNPNiE9NR,81
3qAyjdhtnU2a14rrRKEkcE,64
14mHfNsSHN0FbLftyjrV9g,78
4XiGKQqbmnMVxDzUj6j3f2,75
5qHirGR7M9tdm6C17DlzSY,78
0FZ4Dmg8jJJAPJnvBIzD9z,83
2Dl4B2t2dysNepXKRaiWVh,62
0yFvWTLs3iIwDbc91noXGT,71
7rvyVWja33WG9R97oeJAjx,78
1JGb28R23RdtKZYT4XOf7u,67
4pMEp90aY5XZcQQGaH7ahu,69
3rSaWhDAR95TlyF8SupwdZ,49
6ts0IMQShgewfRUrz3ck9W,59
0c6SqvH32BMgbEFvpHc2gs,70
3WcGdhN6wvGplwVyixNgfI,60
2jPTHZHHoUJiID90LEYV28,57
2KrCpdhlAzVkbvOSkkE4pf,62
0BpyJhqMi4NQHJzWFocgz0,60
1Y4lKNyzLxFAQh2BZCYgG0,65
6cFQlH7tnsW5WLktVijTVi,59
1xzmiU62MuWPRRduUT7vHe,53
5j1yOqWONR9T6l43AzJ6Es,81
3wwo0bJvDSorOpNfzEkfXx,84
4Th6mop8TmWoQcP3CmTXVf,46
4r2WD5ZnLazPfsWqDWfK4F,57
4etKC4ngPKsQDHUMnYgV3A,79
7cPpt0uzaPKsIACFp58sYa,59
1Iv4wC88uxeAF7SmQQGx3X,71
1knDG6hRiyjs3d7tG4GJ2Z,66
0qgarwucTgpkcCopeqUDXt,42
0Hk1zuUABam9U5M634R0Fv,50
7axPfiUniW556wqs0VmipL,28
4PMvcKL0GmTaEkugSJIToS,43
3XV2EL4JquJ7BEA4Tyi8Gl,64
1gFMfqyVSXHMgvRloH2gDL,71
2JK8HVAU1Jyd8BWNMGc76A,60
0rtcarwfcStWL5UMNFg8sx,43
3vEcH83yGZoygHj65pZzWS,57
3giOJy1zsagI2miM669sh8,63
29Y1hEc0NSxvFylHFV8W9e,71
3xNpMrm8by097v1EzioexV,41
4sjiIpEv617LDXaidKioOI,85
1wbbsl3HYbkkXsXEvlmoFu,45
0c7K73roy6RW4ebDkf4yGh,84
74rluVXirwea83JzfkbjmQ,58
5xEWiG0ug0rOymOjlzSGzx,64
1mg7cP8L2qOwmt3ICudN4t,38
4HPTladgOGcGzleMR3I0FK,73
0Y7P1DRouegcZG4IPiEzbh,55
5hDAT527wXWNBnJlujhuUs,64
2wJdtLGN0pEeriRvNEvPWu,52
643PW82aBMUa1FiWi5VQY7,77
2Yr2BzqNDpIh0YQcnFqM09,70
0Exfrf3nRw9SXpls2n8KFB,64
4vRaGGiQN6l2LiQxSFg6ZP,26
0RLLvYBopDwooCyvnTwgYu,82
2FW36jWgTjADLc5DXEfFWG,59
2WKAty6EEiV8Lt8dAnRAdy,66
7cyeGclH71MayOuQ7qtLFl,76
2FTOLKjQUswhpdMFq15Raf,69
6GefwzSnQkQoCnWJNs9IZR,66
6Z4vonpOado2slZz4XFf0P,65
6qvfyXGXEPEYwwqBykWw3H,63
5L0X8T8HNaUAIYw1oofg1M,76
1srFoNCknHTaIU1s4sStxy,59
0jdso14vaFnpRazMLEZovF,56
69eXHDgEEQ6itzt03E7fKz,73
4B7fTyj1FIPvP9tT5X3DnR,74
07s9NNOT0sZQp7TyolLLgu,76
3s2Qd1rsWqbvOoxpFTRp8D,78
5q7OgVoW3RHSTh9WUDlpqw,58
3phNAH1S2WOoMZRFHLpYOe,44
6yfQqlHJDxp2vxIxncw7OU,50
0PQsrLxPbOBBwwmXCnGvcF,77
04MLEeAMuV9IlHEsD8vF6A,76
3iuDZuKpdLI8aQlqDslRDm,50
7C39RtGhnEw7cyf0Pyw7PV,48
7ycWLEP1GsNjVvcjawXz3z,82
7l3E7lcozEodtVsSTCkcaA,37
6uqAcjD0a81jJkJJD6NzCC,66
5bvnqVuq7UFl0txSlHpsfS,84
0Spdubqixmqtj04v9xvrUI,51
7wBJfHzpfI3032CSD7CE2m,80
1MUL6DO2gVimj2YrVedubd,68
2sqsNXfN0HtgDEgaHXiUTa,75
1NHlyKgtR4roNylOhidKSv,69
6Gy7rXB6Ku5vIWC7WGWsl3,18
3aDxSyVoh3MAz99UO1sx8r,48
18czZN7uruOjftj71Kt8oj,78
6AW47FIeOzMV6dVPB8ZYTN,65
5IaSQfIK26X2DpqK12j5vG,59
3z4CGd63tpUn9a6oQSG0CI,79
73xXDeBMlC5cdvWoOLWVLo,63
6pGuOWYOFDcSgmVvFWRWSv,67
5imCvF3VHty1TZ0qaE1JEj,68
1jlnBQGP2DtSEhMgQaz7a7,67
1zGwWmxXJHFes4dfkbnBUC,61
0alp0O9d7KTtAF1QnBqqiv,69
06oxeUYunH85rZkj0KXMDO,59
332HLjESTywYrDN5is9mdT,59
0oHSxbawtdWBH9N8SqCjfq,49
74UxMl2RwVslYvWd9cGmlL,58
2xeiAqqHWYXQMWk6s2aQdw,69
3LdRxPZLIouyXVFrJVLwg8,63
21PXwOjWFh5XlwTia05t3p,45
1KKayLqz1vq8jdyRiYSVyx,61
3oP9C6MAm8i4SvYB37GDto,57
6VW9gXYrQiTaWiR2Svql03,56
5TKuvTO4jj4trnmMnqEpoJ,67
1tNuRv1Wcagp2f3FVcgknp,61
50ly1zllYjItP5APekmnuA,55
6aq0IJ1Ftp7PoJfPum2oMM,64
38PH0BX4W8T15k3ITRMmQM,55
6WZHm21UPkvcmh5VLjhFZg,60
4jyT77UqVTx5vbP6VYV46v,51
0qgqH6VqlkIXj45e5tTFCH,66
5B6QJikgE2fsGpR1BBkapc,63
2plHsnfOSAKrXqOulEYPEn,53
4bgUQ9g4Wu2RFyRGV4lCwT,34
45GshECNB7YmOu9yM8Y039,62
4Jh3p0TydgTJZ444pPhVvd,57
53Z8vzEI2bbqpsSZ8dFSOt,58
6w4m3QzPmde3x96lVZFtso,54
7IlYDWKUtjuQ1xPf6KAzWc,57
2He7ZIvNyBo188a6hvS0zT,66
4qTzlVKdemz4egoePc5GsV,59
4cverjLJx5N3xMiG4Vla7u,55
5TxcaqtknKAAdshjQCXfBG,55
5pktQTAcKamiILPjUZbCLs,54
1AwE3VLo6qlJ2xi1oS3BwE,61
3LNDqfz94lY7uGifx8HQXt,50
2zykitlpirl2soC7LwtWP3,56
1Adv24faBNfctHoOJYoJLX,55
6ZvA8Difc7oFBxfZXJ6JuT,62
3Dt3KBJAOwhU3PrfVPFRt1,54
34FrYXSm9WiGCn7mT1lVuE,52
4PocOpOXL2QJZmeGTV4mso,55
5RBWxz4ScAPF3jxCVhB6bh,46
7eXbrGTzY8wOtWnphDmF1t,54
0atWq5Ua1ax7zMKDjSQEpg,56
2UKPAH82dhYC4bJgAGd1d7,54
4q9oCsG4anq2w5AVLAbjPX,49
4TWa40ZGCUDhtxykpoWCcq,54
2Gb4mApBEJSEKq4HevgPmo,49
4zBQ3P1bEyCSoyxGqL0rzT,17
0vhJulS8V02SDpBTY2XQjI,56
5zPOENTeR2jmL8l3QSBdp4,49
7kcBLq8OZfn6cKE3Zgxle2,54
2qL8iTJoj3uzrkJxYjgA3z,48
2yd52fQjwKXLm6CiZzxO8q,54
5dKHAZhVD7aHRqD0l0YNXi,53
6MhfzzGpcBfSOSGveobKzS,53
5CxWsqMLQdUhjsJ4Y6Ml8E,47
0oU8abbfuFb4VPaN24ZxaN,47
1CPylrbel65jjZ2jcAuCH0,51
7xCKov7FR4JjlgukQGzfrW,47
1jqnsryYIlRHMymkt4EM8G,51
6R3NpWbg7Zew8jCGA1Nc2q,49
5AebNkVaY2zcdNFCqPBIV7,70
0t2wki0faiwqVkQ0oJ9EVO,56
36TO60sxDduIsO3xH8IcUh,78
4EQSeRRJmk3h3HQ5KlkzVy,12
2MuMD298IpYqKF367wegUd,19
2CqMWqcHywYRvwzdw2Wh4P,7
0XIsaklmegqPEdOr38DVEt,7
43IfdE75ficQgsI8QGBvwb,10
3Z6O6zNyxqmqevwy5Dy4cs,7
45uPKvMUFmObuDYka9AnKa,6
2SDFznsHkeFXiPFwN0npVM,9
5sCwso3aURYAdieWEFI1nE,11
0ZN72tCEgbwPXEtj6TPMxK,10
6R59nB9CEaOqrRVxu7JAoR,6
6uS8KevqrhUjVjFZfWxsTh,7
1JIgaRnqtzS7DuGM3hVZU9,16
3SoJfUu95PNVx1rmcXwGsL,5
0fpzjL5pP2M8sWifmQqLZn,6
2lef7yeg5qkPNt0ptulqfW,8
5JDwLHI2YUkFSFSn4g5pGd,58
17N5FdRwJuv3UXQ7MHnbhF,71
66urf1ZXFy4qVKdNqcdbaZ,61
5tz69p7tJuGPeMGwNTxYuV,81
2Egoo3acImq7hV6TfYV90E,59
5ZcMWSpUeUPvO87FkSZbJB,59
4CstQ0SUkl0YkoeZkIZlIx,60
1FmdAhS8FqRoEJ4jcSfuKZ,63
7rKKh8AGVXuNXgLBpTBTFH,56
2zIAPysksDdMAiG33qH6kW,57
7BKUWh5sdtdS17crohRe4L,63
3s3VVLE1kB7Xk2AoJKlGmr,60
3n3b5WNEohHP7Ou4ndBo6b,60
1GtVGc1UYin3zpMUdNSSpM,64
7u90MSvVyEjL0c8icaE7jl,61
4fZxGiES1FKbNqJPrI4L3s,58
0jqBo5RYn008f4ZY8kPewW,64
0D5CXSUx8GOCHSY8KWgi9h,58
2c8sgbZoEanC3QyFNZxUcA,66
4dASQiO1Eoo3RJvt74FtXB,77
1Kp6WFxRzc0sRBmGSgIYat,65
4s2BWgnSQ9NZiOQM4PP4HB,63
7cj7vEylXFN6Lfjj183A3f,1
6HN5XPJEV31RQJGoyqZ81K,59
1py4qzrEEkOvU8uTHYLuOW,59
4q6oNFTjZmJqkIgPdp8iR1,60
3lWCa9e0KhDghboM5L9C6d,58
6bM3GKo47KVgvj3gHdWS0U,59
7fRfIvHPH6bHdMDjPFwTMh,55
0KiKfllNTmhImvXVIHqR0z,60
39Q27NGvm812YC9PJkXTSi,0
1BTj47Up5m8601KOFrTvkj,59
6vKXDgJmquMzFSVBCH55Nc,1
7qT7NUDywO7vNJNTNxqWiN,57
6XoAT50mgAcIDpYXRqWOnV,1
1JFx9R87En9oJOi4DRH1e9,62
4Mr73gFwZUeFnrfRov23we,55
4QRWA5UqYU1st9aO0UfxOj,62
2M71Inc9camxaIGtmQ6I87,59
4dVJyyeCPEONr44NIrXvie,55
4npTFQuKygDyXdExVLJ2de,1
4iq3zHwgHSxstFvYw4yIsQ,57
2gOYY2glUc6XMTnzBG59I4,1
69lz9uKxidXD8RfSu9YQfL,3
3hW39WV7Wwd3WkUwZai3FU,51
3h6mYkJFzfhioau4R8ogDG,51
3Wb82PC0bODgzwqdyD4sLv,49
5fxDE80ZPA32JXjZN87pQJ,57
3wJTCCMHtuOdDg4fJzkd0i,53
5nTywGPx2MJrzHD5w8Fgwc,44
19NbbdUbZjdbK3QJKd82Jc,49
06JpeGcBWieHXxewu6pTwr,45
2q7kLQFjeVWs6iIW3zwiTd,44
2ioSQQmaMXZmbmOKdr7NOA,44
6QOVWoZUD3IEszbfO46mYW,63
48w0fBneyl1eF46Sslx3RO,43
0dspBfwPVsZJWQF1JxFZz8,43
4LsPasR5fbJBWWlDmKXaHv,44
2L3Is8ZtUJ48PIUJVO7Gvv,46
6HV0Ae4Try72jXLWs7yMty,44
4ouacm3s2lAAMtyNKM2spS,52
7nn3FDp3e8h2LlNE25nXfH,43
6Y9JFYyGCcD34RJ7gTMcQM,48
4koNfLLzUZNiBhLUEV1r6A,51
1HiRLOnSWKOjgTr79oxHjv,43
5YNzJfDXOHXoVIXd0PBku9,50
2G0qRdTqqYQYgL01MZj6ck,43
5knGjzsCFJVQBrsCBa4ref,51
2F3jl04D71yfDIGYwseKAs,2
60KcpkEA2ChiYtHNLtOb1b,44
5Jimku0EJ6jd82efxMKfWn,43
5X1x7olCET1Kix9YjOMTkN,56
4KwdTyM84QdRDJMhHmogcW,2
6KEOX0H9NMSK7qLH7a64Nc,42
6Q3OlXKHhzkcWPbf3qGgQn,43
7rLueW1eSGQhAf9MruvO3d,49
5qL0q7I7Cx4PmzjsErLTT2,45
1ayTeAKIDQ9ujBuD7bQkul,2
3c8xULQwLwLKMEAp9T8l2o,55
6vtO73QIQgGMoAuvMY50u6,41
7fZMNGT0myegS7qaekSTh4,44
0ZAsC6ftHsSEUQoNbjyATV,54
4zDX1RgD8QD4xiAQqIfdew,41
5JuVNeCjIl3DJbnVf1oeGo,61
2uvypKIiMaRzH9NhWXMBSH,42
6KykddnA5NxNkaip0LEpgG,56
6NkGl2nBsVpQcxvXKg5dvq,42
7M8TasYtN8n4q1rQLLZkZV,2
3YwmxsHVIYWfNcaM8RWfGm,42
2IyZHf11b0mmL3K3jYyqMM,59
6SZPAffx8bjZw8klFDnhnk,56
76bqpXdcQBtnQw6ByKQjvO,56
6PqQ8woEtNNvlUnHGtPgHX,41
2CSKDYplT7Jjdu0NGiX2ib,41
3IgTG5T8Mv0a7wBvbc0iNv,41
3oQ8b6m5S531gvqZV9wEOY,55
2zdlHufpRwuVnyTTolms55,57
3ZcKtiMpMEPxviOZF2siZI,41
0zaxkDILjyVecyd3Oz7cU7,45
6suR5CukTxeaNORNX4aw03,41
7EufLb0I5xdMra7nwdz4ZF,43
565G5uNsmYHxSBmN0mAJy2,46
7C3vTLxWEYBSDFsN6HHPth,41
2XXvYN4zZdinxJMizuwKPB,2
4dMkNnFOOMcdChtooPTvwt,41
1sEP52YF4wX2tgnSZ71yp8,43
7EExHTWWXsZxhugGaGGh1O,11
541HbfRw0PToKoEjdseZeD,41
2cMXvhXlXMHpQLW7UTTWUp,43
5Lbb9qXQlYwsEDy9LBK7k0,41
55geWzr1b7v4xd8Gw6RCTo,41
5199wPUOgLF1guJAh1uyZ2,42
5yVj39dpZ4jThGXf2mEhYI,48
3NoA0UbucoXgIdD0ZnTgw0,11
5xWlUFdwEAOXnepPSutrPV,43
3icBDBRl7DcA5ZjMkN5O0G,41
3BuzwsAvyvQ16ppMnOqwCE,40
0lTckeFgXaqfQRuQlRyNNP,43
5yWzJwzvU2wYds2v9AgSWS,57
6iAv8cEBI5oXQikO2UgyHA,1
6PmRRnk4fxt5KqfqNkPear,42
5QUpIPfsfssgGBMP14dtzh,3
24U70C7AiAotiKdWAMv6TK,42
5JtqUa5cmxmqKL5Ua1vCOY,43
4F404JhcrIdDzcEcoLDVE1,42
3ZNHZBTpTCN8TFBtHIN7CJ,40
6wkllclp0jRam4sJnChjkD,49
1pV6saCGZ0KoYCYGiOdX3q,40
4CduCTp03yeKuNibmxhobL,50
3im1Tx6McYkUQgqr2HkXc7,40
2QiTjFOgh3dtfQR2YoSoVv,3
041OV5jS4mA4G7K6EldfzX,41
7D8pYXto5NeIm9Ti9ZiXs1,1
0BjvqQdUUB2WzUncxxvIRh,52
7dRYY8TZc1fu90dzkdgc1I,40
1khvYlmSC5hhMCLlIsClBl,41
5szPcyUvZ5B2P4LnzFz2Au,51
305KjFU7yt6lpANEPvwSt9,41
7jAIpmgRUifDoOHDdBn3bB,1
1Vru63B7jO19kZ3hakNtsO,41
7b4ky1LlQLFhXHmhZkFgqV,77
0PowxVSTY2uh1CPc8EPKyX,10
55GiOwtxNajXVbpjjIzMnD,73
4cplybBIoPdrvvH7lpJY1z,3
0lstGz2advSx5VqY8olvzt,67
7fuSDngvlH3PJs3MbKVWNu,66
3DKCTIiJ97bS9TGiqcABjo,73
7amMgNDcObIDkIXv4xcvc2,13
15nKLSvslk7jntDkxIdYmq,69
4DmgUMnnCw27Tu5Jvqhm1n,66
4WstRtdgYjwPvpCekgYAhs,18
7iRn1W8QLad1RnzKkb4iQk,41
4Yk9zRLPuTCdnrDVRwMKI6,54
0PXukVbYpvz40KcEFKnIw7,76
6gRbkI6s0M7zTE9uhRZUjV,60
01IQ4aQgOf0Kkq3a273hmO,72
2B9wgj9XzbJZLty03PRbVo,74
6xp6EUAwQ9SGi09htjDDHU,52
0oVxGuRMnawFgA8aduocfc,72
0CLhMOVhX6TaPpugYkEsge,64
26K1cfRaFe9zIyHztwVdQf,50
78XK5PDIKWiDKcgiLl1x0o,70
0kfp6rRddGkoyAhosSeZLS,60
3rez7t0KrJuhx6HNAyFYWH,56
7J2DtwsxdoyrhgNV3Vzmos,57
5eowjdonKBB0sBT3gJpl0t,57
4hLGvFqsCM5z3714dbEDVV,42
7mv4eldXEFbf3s3ZEfbmlC,60
3KIMdTgROcteSwwKwoK3Bs,55
2gDwgvtJJDkRLzoks6BgSE,55
4l7oD6415mxY0uSppVUUjX,19
6FZjiSBSQoj1geAgXjvqez,61
13KV7AMsYRVBHgRCJSXaqx,57
4dGLMiOBMUD74iiAGQ17cK,68
4SlkG1rLfKSH5uubeUEe98,47
7swFgLy1v4he4fZUpIWwiK,49
2j7mcsEz4n5XxMMqqjjB6p,69
0xyR0utsJZGtHdcuBqTEVZ,10
5KRSA9ovjY9qns7qKHnnSC,48
3KcSwX6pyUnfJ0YZlcJE7d,72
26BkXpWAaajgL2Eh9TA95B,61
1i3UvjbQS0OoBoKkILthR2,58
4qy2jqC6mThGscpYxpNtax,57
6XkLPzkKzPhpr3hrvl1TUq,35
7FNEssuIwXN2LFEdxIQUei,39
3ClBKQkKoaUQ6UOhe2xlJK,87
694vvR5o19xHPhhJ5QdLN7,73
0Kk7JmX3BTE5XCaLI4mzAj,47
6sq5mqtS3jwJjvBHALknJH,70
2B15MgKTaavdlKdlwd4W0R,3
3aUviSdBVbsdmH406j5GZC,60
5smpR8TVfiPxywEHr1NbJK,54
1e4CSlsTwTfTlo74sZUph4,43
2hJf188Sz3XxfBDmYK1IMC,51
0EgmhYPgButfoBvtnidyR0,7
5u431x19PX588bk9XGlwN8,21
6e7hIhOLH9zvb3zP5O5gt0,72
1Roxb5PucuEVW34lGHRhMY,3
2p2ZgltDrcJ2oYHOYFndU3,43
7wwdta76VXZ80VVlJqvsRY,51
00mZFEvLTlNQhMUazb6xYg,38
6U0FIYXCQ3TGrk4tFpLrEA,88
5CTaFr3yPs4SEtCMt70Hfv,60
7uCOtDi9a8dyrkcfjZrQy1,54
0gEcmyKlIUoi3sHTFVO1bE,60
4ai7fpzyfaGBlMX5kZGmYu,56
2YkNMSZqZDi4eZlv71ajsz,38
2PBPvb7jYJnFgPZWcnqK0O,43
55kxuWtCLOZ9LD7paQylnO,51
4zMmqb0pYwX6b0qc0slCoT,67
6C9Hq43r5Q9TzJdytWoWYk,40
25MCdr9elP5XqWboOUAEsM,42
7frG49GBDHPPvxXRVLRwle,63
4YSapiScnAhm8m9nj5k6bJ,35
02H05NlKnwFQREf0qu89AL,41
1oJssChX7jb4SoUQa3juR1,40
4pjcxC0qgXWZWmcBjzn1az,62
09lgtisfbv0A7IdGAHGrOS,41
6eCZQxoyyC3m5R6aA8eUnh,44
1Np92e0PSE4OzqZyGFTOsh,64
0u94ND2IKIgSiPg6Ln1SNb,42
5tHf0v419Ia09AS9sEK6iF,62
6Nx1opJm0kavd1WWMpnlho,45
1FUAcAaEcPLwA4z48WbhKU,40
6tTy7jzu0pDDn6bE5NaaEJ,67
34ALhvfAPXBgjLZLaHSiLI,0
1PyiRvWU7csopxZR122TUp,49
5TxRbuP3XjOIaV4DKapbsC,4
0i1qCBWE1JbfbCBPAofuHT,59
1WcnFCRTDDEmyXwAZC4rGI,59
4cwfpmkkaUXGJEEwhPjg9j,48
7b1S5gTtqudbiXfKLuAbEp,45
5jEHZAJlxIf6bK9LkKnRH0,4
45OL4yJZuV5CghHuSoYFSF,43
7biTdpboxtQ5apJezizdzh,43
1hoLUVBx0ixX3kn0EX0P5n,71
4qOesAYiMiMFiZrn2wfkl6,70
76IVpz47q3ghkxoUeTTEKb,80
2LgsKzO8lCeXk0TMd9veWW,79
6Y7ZEVr7lgO8FKGk2vZ2hi,79
5sAmkQWVeZQfEDjpjOeOVo,49
3Dkfcd3DbXGVmM05KCRuFA,77
36J10AwMabBYxgNrV2S8gd,76
6416zJN0FGPmh1Ph4BH2h3,80
5NYzvVxuyXiHSqn7PojgKC,76
384ucc41VlH8NVY6o0HFRa,51
2RaKlveGCllSaXloN8kmzV,80
10UipNaUa43uGsMnBOcCOK,69
4q4c1LAerpInH9yUanIIBv,72
1s0nANz8q6gEZOms034GbU,75
2B1hRfTwS9HtP1MxAma1nu,74
2eAtC4umRoDcvRcsyFzGL9,73
0WFgtxiLNr99YaoSdYR3Ud,76
4ktwDUoKdVlk50lUlSIMEY,74
1WqsQ3hjFZ1JOWWklngh5T,70
5dhQeuLGmlhfwlI6BWfSpo,81
7CzSP7spDpZBP8edbtPIwI,74
26FNTVsgF4m31xvDgFfhGW,77
6WSwle8wTdJhOGEukwTxWf,75
6oX9RuILbVIglevEhbg8iM,77
2M39v73rNJmAXUXIW0oagP,79
3lNtmMoH0YEHicpBrDkB0X,46
6cHxkkZ3TZUKsjd13pIO1p,72
4k4vUYR2vNbm5Incmgpe4F,69
0FIcehhFxx18pBlc1wodFB,68
4NOIGsm0GLJx1VHSarqNFr,52
4w6Z48Pj1DMqpeS9Hl6Opt,48
4qO9PCGfllezWOALSpDs52,71
0b9tA3TNHCzfbTh9mGloNx,74
7uj8AUQSUg8ZAzabYLwt8f,72
1rAmlvvGBRrhJTCiUjMwBN,68
3uhTOxvu2h2YEm0uPNF2vi,79
1y4uzhemSbfya50s7D2Fr3,70
1CbFX5cBnMVVwBBI4ssF2G,66
4isVKxoLiuaSROsXno2XWq,73
22XKrkW2HeaLlxNDQs14iG,73
69NQ59CGoIRVTjdecpHfBQ,71
1IikW5aCjY08gagX94j3fJ,73
2L0H5LWEuIAvrzfzTruyCB,74
4ljkj95erNT2Br1J0OAZQ7,64
6GEbjb4gBo13BZF7G2PuEZ,65
0lgUtKAcfoNG6nTITfPd6y,67
2ME0AueHgbGVdY7YcKCbkl,61
495VKzd6cphcakFWoPisfM,62
6ruutN8MvN94yb5pNGIkwL,61
2fPPWdQuHY3CxPIOk6qbwH,65
42ETKyApzUl8hTtytFAjen,67
658FaQbHw7KKv2kySFpeTX,50
65c6VCikt7f5sAS1heoYQC,64
3RtR0XXNGtBHJkFgY6OvTQ,60
4Kwajm44l1SNP6fJT93WDq,59
2jfCswkC4mcvMZ72QB8BiE,43
6qsThtoP7klejh0zJREwEO,58
36vO4BKX49Iwqv4UjLEOgw,44
74Qks1cW4TkoZYUPUHTq46,59
0VF57eQaPlho8iDHmmhuhk,51
2fV5xVlTMLErLrEDr7W7CY,0
6ft9rLShV7VnIwoq5AmsEF,52
5falD0xFbvYueQWMsimlxl,50
7s6HZzPd8jhgYG787jjiVr,56
5CF8imCLvp95nd5EY9f2y2,52
1vfK30VNg2jaZGh8ieZwi9,52
4g3XrQGKjKcXp3FWFFS6zU,29
65CbgMolzhCQuyZfKuQ7jS,58
2erjvSbTPKGalbZZhPgcCL,52
3w6SuEVkg0jFo8FG0YBELz,61
5Wc9QpkWPO5mB0NkL4r5k7,54
5rPQTpvG1ulrJ52Jb204h7,50
6vKTm5I3Nqpw6CJt7NgHLz,58
05tSP3itnayhjwMZQPK6Lb,31
1AGeDbAlIcoJN01bLkFN82,46
3w7jjsASu8GJKWpfMP8q7E,52
72ajJqN8o9pIp5qD40mQnx,29
7sdaqbtuuemeeZrlvSUnbY,51
4XO6ex8P26F5BZO5iYcpk0,53
5Zuc837OCk644co3j45fJn,26
7nAOHFccc3zljGpXxR2eyH,50
6ElANRiS4S25oIn361o8Ye,52
1xoQjCAP6a63tZXbsMziXk,60
5CP7jMyHdDJKD28TGqNekW,5
2QkUgk0UgTYBViwZKN0l3H,54
260lfDzVnZHXmIXIvKUNVz,55
3TiIp0alacEFu4cgtsjYRd,47
5WoIz3RtJAsdiDCHzOjo0c,46
7tZQznsUajYIVj4IwALXmz,52
3Oe3VdPn6rAueriQvFhCBA,63
7htI9914pFpEOGQoCCFxCV,44
2Uik6DjW1n5CWbRNdZilV5,54
1DtIUgVGJNGJrw4B8ApkPM,45
2sgFcPyljVU6Zg5Q0hHdwE,49
21SBUUtRtPK2x2OLmZCKTP,52
0wGrTrI43CKmfzbFNNhftb,56
24uXqQ1a4lB0ByAkLAzLMh,39
6hgj92M6TpaxNI66HycG8Q,49
7rXDc2ImBGwcypUFbNqbFB,57
58prIObJ1GMpyG51jnMjeS,51
0yYikBy6sQAI3n6QbQPYw5,44
13do7ebEnDBZOdpldPnfGZ,46
3cvMKd8PNsfNyyXtxWil9o,51
6O0XJab2kA35UbAijepSOK,24
7AA4lNDVhoyucOqhBO56XU,69
4X1fQMrCbBLSkZKPvhO1Kj,72
3yfQszYPiaXAV4NP6BJGKK,60
0VMz1Lq5fW6hWZDMk24Uei,46
1DfKhSI9GZFFhUykvgPSNi,63
7xRWmHZ2wt3zDgM5mAL0JU,77
5t0goIkETvf6oZ7r1zFu9F,47
1DhZ6NwiQQPWoZxFXmhxHx,46
55brSIFxwEF01kCFj8tLTd,47
7dnLbhOrka4iruYAk7XwJA,57
4Md5FT8xVEpn115fQPi8aM,56
3s7ZHJHtfkHMa6dAXpz3hY,60
7K1Hhe0egwniG88z2XdUYb,61
2GZ3lgmg8Dga8XDxDm52rs,49
6iRrlcfTyXneYrMmq4ARkl,32
4BHysBnR9QD9cSDlx0hC5s,63
3zAUcdTSusMNmpWKX44lnZ,43
1QSxLf1ldQnoBqOoLKQT9e,60
7lNu1RqPMLjLBqBf913Qda,36
4bW1pmf9AEC9opY5Xl7FeV,51
2NL5Cwq6lZZkXGTWhKhhvC,48
7jfrjyLCU6m4HF2AEP3Gzh,43
5hiumTSuqHC4M6526QwV9S,40
1nvLkscYH1VRz3sDtEp3lO,49
2rkES33en1hJMXCh1exFeh,60
57RKxckEkdbK7QXbN2ufzp,58
5AtJoRB0oZnUtBjIzoanuf,45
0ZMd3vx4pIcQyKAMWWvE8i,47
4TweOQ4jhkGbK4TZgRYEKz,45
5zntHJg9JeFCOgD0yskuq3,31
06H5AH5KtVWbAPNuOG8biW,53
5g5KR1e1w2tndcFMzUgkwS,37
2CvGV5vdRYDAp0D3wwa2M0,31
4UqjZIuVnQ45NqUmSz5CP1,50
6doy60LO1hMRI3c7adlYQF,43
2dRnGmGZa6rBEjryEQjS9W,44
6vRobHlU0TzUqbAlspOU71,37
1yTJg3lyUPmwbnve82twH5,71
3vhPJL3xarF2lPYTMTU8v5,50
1kPBfgw6LrlKF4A95DrWJ6,53
1t0P9nBKpnrh5MntGd3qw6,65
0q2RkUXHSZoFeoNtcs77kJ,44
2P0NKGe5bO586sLXPP8ol1,52
7mqblWFUmGnsicE2Hev8U5,44
3D0MkigvVyJlVfNtLBhgHs,41
3rEiViBB1bWVCnOwFHx1Zg,18
1WWLz0CA4qYZt0VfJIqIc7,45
0RcZp172ZchsrpRWgBKkyt,49
1bg8OvZcoYvvQl2WwDCQXI,45
7HkustDHNYWwUdNO9ootCs,45
0yHkV6HBQyTtCjagaOOVp6,37
01nV5tQ4pCpKIIJ3AVxKdv,46
02fkeHmp0dxm3po2b3inK3,39
3SPZdVvPhIS14YlTyF1yH9,38
22jqSDqmGOZos8okYJYk35,37
5pSc4KfdaNbGyeIZQOBHp9,45
5SS74EJ2AxykcV1AAREyq1,47
18ehXGFz21mx97pk568ZMF,37
77A4RlCxgZrLTcwBcuFqLX,39
1Bcdd9sON7RF4RbgXqbgOt,36
6LaL6C8BSEttwdUOmPDz2G,36
3JZmN1pCW8HvUbG9ur65IL,37
4KktaOW17brDpRUSyMELWf,45
3Xtu4HWbyei5BRbDJs5ldm,40
4fCX69AGSTMnprkzMlKBU5,42
1LSmnPZlkvkjjieyklGRHN,36
7gyagOdy7LO53TTTuBQ86O,35
6e3r7O0O4IAHkXAgTjbYEo,39
1RRKcmND9EIJhhGYJwInBK,33
6nbl4SmulAbqHfiqt1P7FB,35
37CGH5jrSVZFFxO602bdq7,39
6vye1WybNriUDdlZTbDidn,0
57KCUxlvVWtnz3qGnxNna2,21
2334WaCjswLcRIRgTTPWaZ,55
2bQdgtO42TfS37YWupeMrr,60
56hvN4r1qI7kDW9cw1lVov,42
7dpFJmdFiahlgzzEmgUwoN,38
4sjzqWBQ1gdsi7TGo7brjX,13
4GdB5M7GbwLZLouktYocFC,60
70RMVzexrIvYJiFEnuGymb,53
289MmJCmxYMxC54ZHcd9G0,0
0Gta6gzv6z2lMKwlnZj3R2,0
6iV7QmMUPadq6osYqSM2wF,42
66MsAs4nVj68t6va1lygIm,33
5FGs2enRe23RODlTmGYbX6,47
6A71EmfdTryZxflaVpuXy6,2
3LPNfzKa0VYlNedCY4MuBy,37
6Y9kdB2O0h9gq9y2vclsWT,57
1jqARIDOovT45LDzxAQ6RA,51
3XrvEifl0hIzgBGUa5jBLS,54
4svCVV4VHEL3Z4efES868h,58
7u6aTzXw1JtiK5sr7XctFs,6
1wLhwzPAtze5JT8qqXlqaO,51
37RC87Ce8jeeKmnpYNExhP,49
7LqnglgrosirX2c7C44Cnw,15
3WibbMr6canxRJXhNtAvLU,61
5zd9TgduWbfFXwgnm3K3Rz,55
6j2aNuhJJUnRj6UHcvn5PI,56
4LwOrnuxJwR7C5Sw4liY4Z,63
7qFxSPDUDMQNGBqTvK4aEj,55
2t9NFNf5VipAMpo7b8SlHA,35
0J1mcDz3wZTdBeZ56ho8LN,36
0Jic1enFHt5xG7E1nHdeYn,45
3OKB1WDMcWX6d4nwvyC4o0,29
1Epb6Kfe3GTgKrrWs1Y4Wy,54
6BT0WfQUx5yoQAOxdaD4dq,27
6glsMWIMIxQ4BedzLqGVi4,66
02GwPAncasVL82yC7y2hmN,54
3bMNprrp2JDKZsGbiXpsJl,65
5SUXv9ocVrA47eHc4IvkeQ,0
79lmvU7Qmc8QpXilbSk37z,52
079lsExLsjditCh8XyUn0L,50
5krOROgmf8adn3SJzeKLZy,58
6E9GnwBQUPcTCzfGryhhFB,21
486eCsiRqWYaHnfeuiIGey,19
1iQi4lFpgIPTMeGXlQqZKk,45
2vfvGlqCB7oertO5VLE0sz,67
1MaHkdIfO4s5RqUiaLI87W,0
3XrYVxmqDEFU725or3B59w,0
6ttNMmXcEXz4G8PUs4Atpx,35
5voPrNQYQ4kQoRZ9A2NghB,40
1qXLj4ywjsA0hGmaibmnn3,47
2boJnT3S2aSBagFEUTXrfx,1
22F01qwlQDpxjPN8UQFz8n,48
1WtTLtofvcjQM3sXSMkDdX,61
2T8hXV9LUZMDBKR5RALGEa,49
0shK5iZQppbHPQYiy60xs9,63
3lcC9CnN7Rpo1ugATzmYjY,59
1EsSm8qaR9Wtm1OgZXKi2n,43
720dTtTyYAD9TKSAd9lwrt,32
7n37dToRMRqUhdOnh9sEhB,1
03b1NUHnoavfpLLKcEMfIb,50
2KjKMrjCqNtqOiMVGgENxS,28
5VSnk53xAO9BmquVUqGZbV,22
3KfnUFbnolYR4NuCaf0NnI,32
6wCbHb0QEEdka3ymfImn4l,42
181I2gMZOSj4P5nB5gehEx,45
0EHR9OObFtjlhQB8wSt1m7,69
0bdabO15YOj0iZPg2OujAw,56
6bUNEbXT7HovLW6BgPCBsb,71
0I3q5fE6wg7LIfHGngUTnV,77
1ZosUXeZM3qlTWdL1uTrhm,42
5cN4KyXGUdNOve1TEPWmhL,45
6EQ4orawx8eo0aXH0pOKLE,48
4V3N5LvUOh3yDPP16cwAhE,56
2oLwDI8tZUOh6SmTMRRfKs,59
6gEejYQZRMeMODb5rxwdK8,41
2pMAmZdHfQHyqJCXJbfhK3,52
5ryUbYQzdRRw0iJ2P5Or55,38
3T790QTg0ebUUk5tCRbtbN,51
2T5O5rE0vVBeb3IxCTxzND,37
6KqHJ5Wui99h0tgmOnmmz4,9
1qhgBzRH0jOzoVZJ2K1hDn,39
3XcsaghGUCL9WzJz3TlLKo,1
3EXNWHiB6W70p1xCooJBnR,33
4TJ56OkWrnf2fv2a6T69DL,48
2EduiM2UNwjCC7PsLxnOCH,57
563vSy3HB5NHxel1VGQCW6,60
3a8Rt2tPSeTkpx5fZDf730,36
0TBuySbBzGo4Jgc410MvJp,30
3ia3dJETSOllPsv3LJkE35,63
2Ih217RCGAmyQR68Nn7Cqo,70
1kIGLUhec6JenXZbtjvr2a,23
4SBVWkRIMJ6WBCYPvr5Bwr,70
2cDCojn6uIBM6A5xTAbl3H,65
5NhchewKZQzQq8F3KS6xlh,38
5aJa1CiO5gUtBakMgXIk6f,34
3OmhcOxTqR2sQCRwfR1ojb,28
6fIjnWrv46njJHLDAY2JdC,67
79MkICDim0ROZ6IhUjSpVi,35
65iyI1iybyv5ecsfBHSdUf,66
7iXF2W9vKmDoGAhlHdpyIa,71
7nYvUtkQMx1v80S2FH2s9J,73
6rHLVYMy47SX78qKNvp3Es,33
0l2o1LkTeVh7uQfePoXs7c,47
0WKYRFtH6KKbaNWjsxqm70,72
7KXjTSCq5nL1LoYtL7XAwS,84
7gYtzSmzGgpO0WygzfJroD,23
5PpN5gFDoEO8bCw8P8yKhK,42
0rNqUrYiOu4tuEMdNgpqTO,29
1ZvhmUmU6zeoo1oNKwBYgf,57
2qOm7ukLyHUXWyR4ZWLwxA,74
09Oj9xexrJ5N5hzMoOHgh5,20
1UjyF6okUHhnVxaLV8ojsA,60
3aGibUHhQyBsyumYHylw0K,67
6aJ1RcRk7QfGxRnaqL0syV,31
6Gkdq550XBZoACE78rYD6g,45
52riputZ4Vo5PG9MOSy6r5,60
4G3dZN9o3o2X4VKwt4CLts,67
6k5qYxiFt76meFmKRDtZEz,19
23jVl5VxnXpsojLTSWUfzg,7
6MPUVY3qsAK2xAzZOrBQU9,0
0JjgNoZJ2l49O2ztVRnSNt,39
0lOe1dR2TNkJMCjIcRuw6T,62
26tSJX8p9FjRuXfIoCriHH,40
7sycKW6BGv7eTXVdtWkqom,45
45Wl6lefzP5Z85L9g4xF4D,17
1eduDdsjMO7Or4EXnMf2iS,66
5a251qN4R86hro8UZGuO4E,53
1pOIpxfrQ8AszXZdKR3aH3,62
1uqMiLD3uoBepH4sf8OEuF,42
3aRiplMITqwiQdqxm4gXl0,45
4AE7Lj39VnSZNOmGH2iZaq,70
2Hx9qCrYsShQeGjFtjgNqF,4
0zO8ctW0UiuOefR87OeJOZ,72
47PfqyXzLIKQp37yJNITrs,55
503OTo2dSqe7qk76rgsbep,75
1RPhSs2lDYKjDsELKtPvQd,52
63LiOsvf1w1DSbmjbxjh4b,51
4aMmKA1UvUhgWtimHnYIpA,44
7aSnPAggMMgElb6BgXeSEw,55
1a7uVN2CZADyZM3b4VqmjD,24
7xkt4VVkUfC7MLtb2axxiC,45
69JKBiYzIyqtuaBBCT1kcn,3
2pwTzYUTIiwF7Pn8ygXD91,55
6GzM9lH9GJXY3pJt3BWNjF,34
03PpdID0NKPVUrRtHybsE1,11
2ImuQo1g14CTR9hZAZD3aQ,64
2ZhgA7EM6w5w2PKdKDQRua,6
3Q9QGamJUf6y6DU0MJ8jBd,49
1eRBW1HcyM1zPlxO26cScZ,60
0PFEGtfuum8JiBkRied2vy,38
49TrrciRvL6X0VSP4Q3HhA,40
0KDhCCh1IAWcfiq458anNn,37
52LaP5RzwlSId81druJ3PC,23
51rXHuKN8Loc4sUlKPODgH,73
4iVD0fTHGxV9JWloujsL3s,70
5tvj6qRTey3pA3yISWQiFZ,36
537LP4XDgTkF3mfjs7j3Fy,23
0XgpiStoxq1IJncYlPrvZ5,63
6EFCTbFDID2uGkWINtvqLL,25
4JKwW0A2OQeAUpYZd99Lfo,52
0Acc8Z2mhTiU6ceB4DEyCt,28
5Ddu4AaN1VaZ1MTg1neCl7,62
5jG3djnKEjdcJwidjYWtxL,50
2rwmKpWW6o6anOhvcyiJOw,53
6tByydPskASjm9jTPkNQq0,72
2WqtCYZXu5cdUHgB9TAU9o,57
77h8UXtbg4cX1JkVge5lgg,40
40hRYfBECQqk5Bj3RNdPeY,31
7nbH85acNzcX2WrjAHUVd3,44
0mwrax1xOyazuksN2GtaPM,40
6lah2pPQVdTsfoMSHkyYmn,41
5UQOmTylBEdsIfSn37v3DO,56
77eE5itTUCMZ4J9rTyEnam,21
0peda9K8uIAt9QaCPIoknU,1
1RD3w1TGHBPBTC3nskXQwj,24
522oSSdYJqadyIK80MOOqz,43
0lpkIkav4zSnEWoCtlfyBW,23
13aXosb9ASn6tRQbfw1WPU,32
3OZwlgcFBKdSQNIA5xSHsd,22
3xHC9yugYtjibz2908Mch5,28
4IejnaWylIqjqh0acnxmJS,12
1b8WvjQ6aT3MrqouZHCqsE,45
68V3gC4Bvj2yH7KgM0jwSd,13
7MSwclTvW6KLLkTbmw9FUQ,52
7d9I42jF759n5HuUeoulzR,51
5FGBOYI8mj9chVhWlNOVXK,30
1dSHz2TN7HwE8p5aGw8jjy,14
0cYzIKaobR7yaxjMTRvO6P,37
3st9lesONapXvHLIRTbQCz,32
0iRXwSL6X0Fhya8Xk8kNhl,22
6ny4Y3Iy6d5m6zJYD8ziY7,37
1c1OBDn66AqL2NM0Wa0oCf,1
5w3CiqpCBupl0SLppRaput,0
1rJrDaAVtS9g5ij4T88Rj5,41
3aYR7XQAuLW0vsDEj9SGu3,25
5nXQHx4yYKsZqrm7y4bj03,45
63BokRfXSQhEU6Qi2dSJpZ,65
1Q9b6CeMcDuO0uq5OJCrqu,57
20ekNN40AwbZ7fwFEaLESa,0
3vR6ivBSe0SWntHyEzh4X1,44
4AwjvpvIGK0vvIB2TJym3D,20
5HOR3skey0qLfiTejqQ7KD,0
3ZwxD4e9x04NYSw6XPuJYe,0
0AMsWm4pZWF0JrraOawTD9,29
62Rx9xRAPrUiugB7LLeI6Z,38
5RDqj06z9J287XqeQgYZdb,0
0EgigrGFGb4PHaVNb7fgK7,54
3wIjnMkaSRsU2GAsHRtaXf,16
1BVTXeq3Hv4K1QamHvrt6A,42
7bcsSzt2HasMWL2Kr7iyfH,0
27YlMLaVRhOZZ6ba75iVB7,44
3qMkFNfMueMebmOzh2fKhy,31
525yPO8r5J6kLostDxm3XK,59
0SysExuJoYEHdmyzao1PO3,0
164gjqAtz5Enj9tkbrCphL,0
3R9qiUjvIuLYm1KWzh6E0L,0
11bsPAgj8M9d035Oczo12m,9
2PuDoAM0gdidF1txIQFUkp,0
0jrz4ZQKCsC6h2vzqgHiEp,64
5KjeQtJQDFCMurnXYlpDz4,35
0J45lEzyh0cMdi4jPAp5xV,0
5FDXQVXYiLeXLwt11T2lcN,0
1Q48AM3uKnWdZEN7UJng6R,23
0iXXKoihooHII2wB7CPb5I,0
1Mx8KJepMb2IwZyE4dYGme,10
2hWKN5fCpkIWxBDrtFeBHc,0
7EbTPYTnPJnkcJn7bonvY3,13
0Z2ke9CtxCONdyURCI3wIu,0
0P4wupoasH0Pj0cuvwaIwN,35
3Ey4LfRjPERWCWE3dhENPq,0
2KdsPGSUXbSZyq4oiDOqAe,46
1eYyfFDQJGRhQ55jlbtqrG,48
2ajhenDRiiAnCHHjsIOHhJ,68
4kmIO0yPq92dXtKCL28RfC,54
1Un1dsZkA9cfZMLOXOyUBc,42
1Inq5p7LPUNq1W40hvTD7h,26
59xyRqG06dGbTmmJFVFbyQ,52
0YsNWdVVmu2fTq8iRNIePT,0
1wKXq2v6jbWPM2hH2uj0bx,37
17Xg5u8fDHRJCw09JgycAD,21
6Efmq0wDgijxWFdBkzIOvb,60
5UWOfAY5jxIB8bcwwIEZMp,0
2SqYQ6BszZsUTmdFgpNwgk,0
3DahY4C9iRw0J1dt7Kh8Wr,0
4ANjm2hzxA154u1slPxyeM,34
5xGxl3Iux0worDz9tLbaDn,0
2FZKZnPf8qTAGugiWEqMcA,0
3b0dX6Q2lxp7OX5lFt0nba,47
3Of5Vvox7DstYj6oET5b2h,24
3Kd7feC47Vwtm0PeC0XBCK,23
6FblKHY6mrOR3LQXeOQGeu,2
3lapBUarXrq3pEUKMsHNFT,0
0yJhNVWztLIG6dFYi9aSg3,34
7foHBs2UUa9YX4UWQlOfiC,34
331YbyNd4xRKm1VM8RXJ1A,5
5b0B7zOMqjeo0T35009HMr,0
50jvqnM4qPR9RJwTY3IU7c,6
5uLZgToTLTRBXXcekii3Yo,8
22HHKuitrUbFh8nluddJoR,0
0Sizq91V0brNa9RBpMfeOB,42
6WCZBwvcS1qQKIwPjDUgAs,9
5qKqRkWnRTXNVWbEOOmGxk,50
4JqxdEkR2KWTBz7WB4fj3W,21
6ZZiibK0pvYdzA0V6Nf8Ag,0
4LCYfudj0YePxgj0HbAnC9,38
3iCCm2CiTl8ad818VFibjO,17
3ORHRsAjOuvg0nbFhLhomW,21
3H6JUtLbiZh07T7GLiuTON,52
6a0GRBATlIq4SRbBOPOA8V,40
0hHR7DwdbnMHPzfWRIOhny,35
3rNF3QG3xFER9YditvdLgQ,19
5rB2kidKHVVzPlmz25j23U,18
35haWP34BeUQO6g46iS9Ka,25
7II7n1Qy5He7hs2Q9XIbYD,20
2d1qiSnmzS5jiAAss3Svbr,37
28hioqqNRQD0izp6KOXpoH,40
1krOGaThAoYZZ2qKUuif4t,38
3hFUm642RKc84AhOz4GKwW,33
4VeCg1rkHHiu1utqoNNUhH,30
57Py9BTgsrGScQIXqbiaaT,25
17DFL1ATHDLnvmjEwBqdI9,26
712jeLmkHcf7Ruow0g0V6W,38
7F8uVHZGTY9AabhTWVnr1T,28
1AUTYg8aLmAaUyXEbhuw8y,38
05vpswcCkiXX2egk5GBo2y,29
3R5G81gtoO5CcZlRCRKVLk,44
00e5UrNnUkBSKOPRUew6bG,28
2RsRY5npULtSFKQOe4MQxu,22
5OYCYTtQfrZ5LfikBChdGA,17
52WQhzeikd0FijngYTVPho,28
15FMSxoPEkD7Nn4LwnR3yz,24
5NLDqBWjQUdmmA9JDABiIb,16
4RFlr5gH4GDQrYjpP2fXw6,18
5hLeMXj4iqVGxmDjTYKRzT,4
669diBOTrIfZzr12C9COHc,24
0V0WtaKdSJIyRd6ODjF0hx,21
4Decn23R5mhMoNnX9RPHQa,18
5ycTwkLUFRzuTgULpzcSHM,39
1X7MT6osfvC9JEZSPnsYrP,21
4OGupqrF7u7wM4yLRMpL0p,25
30JqbTM4GBcSXHuJYeKJjI,22
7IfywdSxY0okFji12beS6Y,27
6ld0SjdFPdZtoWBxzn0Ytp,53
1kmdxgEGbd0BsJcqnNQXT6,40
6VixF2QhUqNgcbH9SujeiQ,30
0Rqcf7GwEOIFg5VFMNIzHF,30
5NPv7MhqawQbvqXd0BiJzm,31
7pcm6L3cgpfBB74H0btIkB,33
2y06yEj8JnxUSlXuwLP4rJ,14
6zP0ipJNBVe3G9gtmtcdWl,13
2p5pUs6LU2GZNVb9FCNtar,16
0HOqINudNgQFpg1le5Hnqe,60
5PONCrsJnRyMsHBsnUS6I9,47
59Eo4gTUz4NpKbVoLFbwEj,36
59R1Pv7IfNDHU76u6eD6yW,30
5AvCe7MaFiRZ5sPlrW8Stb,26
7qIFsTE3QUpHBUMhhzX5VM,28
5odFKr8lDYmdSyA1K4XDJF,26
7fOa2YngldFhZpkPpQVwpb,37
2PAAtJMAcw8C6ayNfy2zVH,19
0hPFPELRHZetjzU7dIaBqj,34
05xbEV5M8DAQmhFKKlHaDd,31
62BoHRGSeDnRd4wMn2DUTp,13
3MF3HJ5dmKm8SiVKXAsQsR,23
6yYnde58z3wfPjJnljXwe0,11
02UC06EU3bbApTs9lsNzFC,22
23RPwjKyCosT5s3X7XzgV9,10
6wIV0D0hoKdeDBoXtuyXIF,10
3iJAVlE8t4sDr62waZGWzX,19
7rAeopZxC8VS7qrQgcVeJH,17
1oyU3zCBIVREo7RmTVAyBL,35
44ujgZOk7wnISLDb1QAENY,22
1Wwo1O8g9u59diHJg7fHBy,19
3JXLO03HcIKzIB1xuDSDrR,15
2z8tZ7BZ1GzFIlaPt5qWKx,49
14ZeVc6AqpEt29RN8IH72x,42
1sI0LMtBNktdYtgGMyU9CI,32
6g9jxAZz5pFxafWle0uxY8,30
15Do6dBAo047mXWPRqChtS,17
408auwR6AlpKxDyJVpwdyC,21
0Uu8BPsWQGZk5AiRN3uBwn,43
0oipDSP2WW7wf5NeEjVxgK,37
6gQvUs5abDFspk9LAlCfKa,36
4xL5ytWp07oOvYRtcN4ehe,0
5LPcIeLf5X05un3LLHWth5,8
5Ix3DtIEWBTgkmQwkJ2JLX,27
4FsWYwoqvN11yFTvJOuRf5,10
4ZS2QVf0MLrO34LCDiiJ1T,0
51UVuDbX8WqHyn2ga4dsyG,28
4VJEgV3CAmfGANrhtRpCpM,0
1KLhUURHRl72xGO5A94lme,49
1Xunvmk47Mju6oZlgzm2Ty,54
2ohf5urBpT8bieYr8kq3kt,44
4U3JMDnjnUKggATEp7NryT,50
6utJPGnUAGkW7qRaYpoasi,42
6cTGIsgnvU6Uz7AwfuVq64,18
3JJ3RegwBPhDSbhZlt9sCh,0
7GZ6edN5wxF9icp7wIUoR8,0
559cZxWbBgXPonNmdxQJne,0
3NitY3eL3TjRvPlQWjaclz,28
4C9VvaZodMeykzNlr5KtCF,22
5yd79zJqlkY7YiwN8VPmoJ,24
4OPP6Nzkf60dpjbfRheELe,0
76dZuMVXjIyLPRLv00skGd,52
0r2Bul2NuCViraT2zX1l5j,71
0CAfXk7DXMnon4gLudAp7J,79
5r29mFrurlVBbqJzjr2XW6,61
0Aqlt4N5h6rUtKnd09VXpr,57
5wvxRlpUTSX9CE52yFZsIY,56
3kZoay4ANo86ehb6s4RwS9,69
60TbmViml7n1jUZksLR7Mq,54
6C5hEhWg9UUPaxdmXQUjeq,46
5jKeeam03JIlhGCLGw9IFa,21
4ZjwZxHFro05u2CvZUYCCs,44
2bLqfJjuC5syrsgDsZfGmn,72
5KSJ9k1FYjFLnIRlJT2wF8,67
0AA6zq5ArZ1sSH7VIMi4NK,57
3Gf5nttwcX9aaSQXRWidEZ,73
66TRwr5uJwPt15mfFkzhbi,76
3qcz0cF9gw6D2I6GgBHMcA,46
4xAk8Lw82G3YoVSOdVAsBx,66
7xJl2SNQT9ZqgXpiPXprnr,33
1YXYUxukckA5LLnPe90AlS,17
0xzgKue9yMCG1K7fj30xIx,37
5aC5KtkmNBfX1iFX4EVfCO,40
5Tc1KlDWyRnLLXL1y6ufsM,45
0x9HPHvbIAySJlZU00cmNp,43
5TpaWJKnuyA4MjzAbFXSTQ,50
4mm8a4NFLKVzciUJkCPWrL,30
3iujdhEEObcf6u8NHz1nBo,39
7vgIM49wiRCUMxUR2DRs9O,28
3VGC6YgNzDNztxmo5osBAX,22
24SxcZVgyzTkpJuV9m9gEr,26
5SV9SnHkuHMh446QsgQtry,48
4T4MW44Qmowo4qM3KwkVsU,46
7kndgH8ivxIQ8PNDOrtAbW,30
1y6e9wIOb6FBwH13erkDwO,18
7r9rJH4Vb95JT3o8RMAyNI,11
0r4wOGAdRfCJyaognMP44R,30
0ARK753YaiJbpLUk7z5yIM,77
3IRJnaxGHSnrCCnPhe3Y18,41
08raaAH8Ayehvh1Cdd71jB,18
7irn6kVaWJuJDFAOzuBtp6,27
1GmNuVDIivZS8Kr9VynY8h,27
68M7UmepzR8MtBgY94IzYr,19
2CnZmVfWHZiWv2PP1xpllp,27
04KTF78FFg8sOHC1BADqbY,71
20Cdp38JljkxhFe5J13Ra3,34
4SyadrABZJIjeND1HPJS31,58
7lPWSar299hReGsKkZiheA,21
5Y78yINSOCW6xbOfGWNBg4,59
3sXaTInkrXe5YEaa6ZYr1S,34
2bZblXlJxpSvMuD1C4Q1FG,28
7nfGrjZf34FxqS0FWXM5B7,42
3tN1pfXv2SfSEWM5x46qAh,21
4xaHjQrA5nAeqmy15AgLPT,22
1bkFXA5iQCsBVh2toczCMK,20
6o2g1BJvtYQssH84kBYs7y,65
1JFeSnxZ4czyxIaXMyecyq,39
69ZZXDvtaftXr1vQULoYqB,34
7CrY10h4ESBscDFjv8ug6f,10
7laHFXyvmclFYqn6sNnVOh,30
3GApO5GOxyRdMkrGLUhXeO,28
7EHuEc9jaRJIH22ffHRcRe,24
60jhH0IOUgycrEJbK7zP1s,32
1EapUQK4oy1idLop5yV3U3,39
50KgeE96cK0y19DIwU0nLO,27
32PWtlzKyvr3HcvJp1JFF5,40
0x6p8igMmoAmVcny8uyVbk,38
0rn92yznjf3Sh1agbjCV4f,21
3fN3OQIymbXfYkCWIAycqo,34
24UpRW1KQyKGv34jLryUN7,25
5LIuqOmzAiP0RfnwyUPHCu,20
57bIFs9ipfzIHMZYl24OXD,34
5yTQ7Vy6EwKwB64Vho90LI,44
27LvxLKUfzL6b6WMdOQAVU,38
3KHLmEOyPeJTa5jsNHvAgw,8
1B4hll6yjAfMO9I30gGZO7,36
6NUga6kum23a1B0CP81huS,23
0EvsLFtgq2ToSaH8UXmPK0,40
7e7YCETIA8xoF9IlWR64Xz,34
1TpZwINMh0YEKTuvYHG300,32
2vmmeHTUtm2seLNMvO7YPs,18
5gwU5Z10pA1IKUGSsCBDR5,33
1Jvfg9VNWyDRmA2S3DGsSK,14
1pN0fH6xi8PP8c2R5H8pVT,22
0CAJdthKDdRjB2h8YOguN6,63
1myUmsHZJT8zr0PsgkfntS,18
0rceuwdoOmzDr90MuN1vxz,35
26M5PTa2xl6NSwm7D3CONp,28
0TyJN9PfBK7lecIiMbjWWH,32
6pcCOKRhqzGmqHngGQVUKZ,31
1zuFmAYoY5ZOPRRIxcakUa,21
0I7EJmk6S47mpVh73dB02r,26
53v6w87pm4hVFwC7GlT2JI,48
0M9mH33xccGM4ITZIGwX2H,42
5QXQy0f2q8wJNpPwJtjifx,80
28rT6KZftud6P93LetVrPD,41
5g6Hb3izCstZQOSOdjSn1o,44
6nYonr9Dh3CoNxtLBwv8N0,45
0khWxmAK6bqjIBygLX2XOD,40
7elVjOsjavNKmAMZOT89Od,49
1keGYGPALaVsqTGfOAjy6Y,37
1Cv1YLb4q0RzL6pybtaMLo,81
0YJrARfGtHicUWxVgr4CKF,42
6uOv0px1MsNt6ejd6Plc6B,47
4Gcv5SsxnQWpmOnUI19EJk,76
0koUxbhFiJ6MusLzYV0CQX,28
7xB45O6AdDBcpsrAaYiRuj,45
0PIYzFAmlxAy0NontCSrzg,38
3v8QqKguRLsoL93Xpi0feB,37
4X8VcTcBTBFUU8ucu0pBGS,40
2B4WMojjlOZ9taxVw8MkMg,38
32Kmk71OPA0laee858aZoV,37
6e9biVAugkOfydEN8OiJpi,68
1Tk4KVBLxD8CMAy6vJoDF3,66
0qk9b7oyVmgVVG0P2shD0o,35
44vw9JyAvl32lVEEyHN5xw,53
2xIcZCsRG47gRJLTXENYPn,51
2IlL3qHdBURCke78uEdGnM,49
0S9WfKtYCBk3OkJ5SNrKQM,35
1kzCW1BcPju60Af3H3x3pA,36
3NqBqTUzf0JJD8hdh2vKEQ,37
1GeNui6m825V8jP4uKiIaH,81
0wKro5Y12zpbXFaIBo9AVx,41
0W1ZfgXpC23RYQPDq7RM5I,70
77D5OIsNqMQcFLIhKOPZuq,38
2zjGJ0dChMR0KxBZS15aqo,82
2j7mcsEz4n5XxMMqqjjB6p,69
24p4TAI0wH4PMd0vv1OstQ,33
0CtkjgZpkgnW7U6WmHsakD,61
6ltPEsP4edATzvinHOzvk2,18
3jagJCUbdqhDSPuxP8cAqF,70
5qTvkDrSfvwDv6RBjjcfQr,71
7I4zJamsReVjDMmx8GkH5r,1
02M6vucOvmRfMxTXDUwRXu,71
4LmzPJDil70LpiApWfOI6O,55
0NTMtAO2BV4tnGvw9EgBVq,75
2JI71GHwq2LN8mtq3iCLYo,64
0YtPUj1uKaCccyr4ubrX3K,35
7ouItOD31hjhdOYeIBcQaR,44
5s6YxDJaHIz08u1Wj0KGnZ,52
0qof4XKrb3VLXVXnkvsTmg,0
4H4aA1Cg69dB46GWkK74mx,1
6QicTxeiSaRkPnkGDUvYOs,59
2MNKg80wokPjnpRxA80AYY,3
0jG92AlXau21qgCQRxGLic,56
5f8zcDY2HPdhDBmNnA964h,31
4AYJCUwrr4qlly9XKdZ4Pj,0
3VAeTjREoKPY1exOXR4oBm,13
49zD0wr2S3d0lZPib0K4e1,68
37AJxyHmL3ShqtPnkpbbDN,42
33JcUj9qQDayKswunZP9ar,65
0tPShxf8VJUH6RBDEP3tVB,58
63wKtmUg754umO8SglEL79,55
7j0IXkpqntBOMvC3oe6JMV,13
6l4qV9VNeCOesvcLPJMO9y,57
7eb1BnyCPyL9fkYv88fYuD,0
0E5loSIAWRO56lW9X6r4mc,30
4yBnlvlr9yArcdbpnwNjSq,25
6AakzlXIJkSzKCIllG4gdf,34
1jk9c0gZI0wbn5GvAj7PBV,65
1Ndea4q4NHIqwx0KaMnzBp,0
33ZXjLCpiINn8eQIDYEPTD,73
1RkOJtrrYNeF5DLVtx0CG4,46
28LskEUYL0n7iMmPf4I2Cg,25
1RjU7UhRICmdFPKxCucLgq,66
6G7cu4Xk2u5HXdJLL8SKmG,1
3xv229qX6gFRYgplFCTKBl,40
665oXME7uvJTGulIxuKkjQ,2
13ZiA95houLXuLxkbwghQ1,22
3CSSmxsS9qYQ0zd5W0bfpD,44
722tgOgdIbNe3BEyLnejw4,75
275a9yzwGB6ncAW4SxY7q3,71
2ACys0pX0SjmpQmQWzp7wt,62
1FvU97lrWOG2NRxErh6OZz,61
1AI5EqOqDVmOKAn13cGx92,38
4gmtKUjYw3JuuujVUwReiN,0
4pdPtRcBmOSQDlJ3Fk945m,21
7BKLCZ1jbUBVqRi2FVlTVw,85
4a87wpeqAcOv03pYihEzku,56
1xznGGDReH1oQq0xzbwXa3,20
6iDsVm1jiN7dQe20LdNRqn,29
4sCZ2LmuagLxTz1xBoERLG,41
6zxduHMczryEbhZ5NGyiPU,2
0WbC8ZtigbvR3AgFtk0HPd,15
1kfGkqNAGpiPGfst4Ln7m6,26
4h6omEIukDMaWJpM70XEHG,0
5XJJdNPkwmbUwE79gv0NxK,17
1OxQ2XVu33ncQTboznnLNe,35
3lyeSiAIdLoZUHhV8psOTI,56
376KnY4TrgBITxjlnbnmIy,63
5StUs128KSibE16fxntBSL,52
2pBzr1GZRIQPfgsccD6H11,17
3zlXiQYeJJh3BN4up7zSFb,0
4B0tKXJguUl5YqW5wDcjNe,2
2Vf2Pflg5rTWSvSCK4qq4A,63
7ujx3NYtwO2LkmKGz59mXp,12
21xJVN5wEbJogczYxfZhqR,10
6j5p0dV2ljXjbp7PPRcVDI,10
3kfxarilcBr81mb2hmZLeh,14
6ce17pZwsMcYNab5IaC5MQ,66
6ZpR2XFuQJSHAQwg9495KZ,65
2Kt9BxrGKoFF9QPueruRe5,44
7tk5tOCj84jine8kKJkPYs,57
7amMgNDcObIDkIXv4xcvc2,13
0Y0TOsE1q11qgbi7c5WZsG,71
5uDASfU19gDxSjW8cnCaBp,77
78zC6abUHZ9ntpqLXMqrmo,2
2czVL8mpPBuawijIYf3vQ8,0
5eqiMMbaeUZ32Q7sS00H35,66
46gjYTEK7W8ZTABcglGP2f,7
6k2900NjJeVqZM55G3Danu,71
5n4dO69Wl6XPJVaXe9eFIK,19
0SjzIvde8QyAGeXwOgy9rs,50
6ccps4WlASrRe1qPHZ9tDt,44
6Q8Kun3iyWdIZvwmrrfMxe,0
4Y42w1JJaLzCC1XGbxGjGc,0
7vgNGxchhqDQWjKjLPTPro,65
5mQuoUruo18S4KcXRiTwos,0
2DM9JVZY1Kl2bvxWE2ifqE,0
75FDPwaULRdYDn4StFN2rT,59
2rKXzis3tBuNQQojmCldkv,42
20c8kwM60klIrU9LIYNv0X,54
5hlWtrnVUyAze5WkxF9P56,12
2J9jt3JJXCt6SR7MxLcME7,51
4gUteMcpbt8S7PMc5Wy6uS,54
3mMLNYqksF82jffNPJseaz,49
6hKpIzJWHQduwojjkWG8zt,59
7ISL3LO8AWP3fKIXunvqTa,66
58VTMFtsoe0E0vSX1pV03h,57
5jddjli3YTIxueb3xFdLaA,54
5GoaMYsGRwJa1kHT2WL6Hw,38
7kKLHjFif3r0HG5YyBTv6d,62
1epXeucPrbpdXwe8dGSjf9,0
0LL2iuwjFIObiUEiC5SedP,18
2NPHU2WJaI3rrtCNNuQ8L1,63
4CdH04HcZHMBLtDULDHFfe,30
2YkcoPZi3jwGfa7r1RRhV2,47
1DG8aQMP3dS9Pxf1lUnKh4,39
5c4X3PrLDtzAqXOWDtfX2t,46
7pv8xZYGo3FAZFd2R4OP0F,39
6JgumiX4QJb0g38UhpJ9sK,8
7aQT5OB4zEgyyxfRDbOBIt,56
5RKBwCygT5D8ksFZZz6H7Y,1
6TgBXzpqMImjitAE1dRglH,35
4N2d7hsNCkBCo1FLGAO9ll,49
08PjS6opdc0vLlaf0Z7YIl,54
4B4sQFCQsGguRZFeKPzWBW,34
09JODSGxZqEhyoD0OX23Bs,9
3xKLnqf5nBIm5WFvFmhWDX,0
2BK4l09aPafX8i3rC2I4xF,41
6XOINCZBv8Q7RXgNNiTwIN,63
1ogRu1dOUgHvel8To8oQbe,61
1iyd6WIPHBeabQGS1Ns1Le,2
0XEUKN8CnHAKNmWmK1FG0d,46
2WRk6RxETSwdsg2dhtnXxc,56
6nxHMqTNKWlQnx5AFxz1iX,54
5QHLHBmGDW999nMelytjUA,41
0amPDBn2wSRl0vRyWSLk5v,41
3N02rdKYcUq6nabDpCRv7v,46
1zcJ1eMjRONHitpcPx0c68,1
48RCrsAtJ9HIKu95EwWoOt,34
7kItHXkqfLWFOiZ0tSzzbA,34
3PrPbuCs02pv3jZtWieaFa,30
5c2oCfWpqrtU3avaOuekLs,37
3G58YAOF6553O7jNneeEId,12
5RfhUFcQBeonzqLRhU8gvK,3
096rnp428bZTuaiKcl7bHM,43
6qUEOWqOzu1rLPUPQ1ECpx,68
5eYwDBLucWfWI5KsV7oYX2,19
0rkcFGA6XEVd2XV2JI6msk,3
3bDgjbhgJrCsKfntgE8xT1,44
47aeY6IupdZAkLVoe5atUB,40
1Qc7zCw6k2KTvSEl4IKSdP,54
7HRKgCruDphRaLW4wmx8xM,3
3k9i7UzeSUYWIfUZFeFDUd,21
7rwM67LyGTDIq33h3Ukc6Y,47
56TmVrPjuVYF4QXKJoyVZF,3
7112WRQXlBGe4Os43yw8gV,46
7GRq9NUgqhxPGUUksX02fk,59
5VXfsQX2NYS9USmDgVyys0,55
7bNFkCSO1ofu3uzr6voY7T,52
7GREpCJkwNJnbgsN9sViU2,54
2cppGOIz0cuDnKoGzrDsJQ,67
3UWYmWg9j8KVV08ANBqcLB,56
6nDxUpsVjr4qAQGpd2oy6g,36
0n3sHHfdOq6Awix3JPe3xl,56
4xCKq3dKWEzivqV4jbz9MC,44
0GrcPg89CPjXEkPAsAooGP,48
0npVGsE6RMRt8nBdDKaDCh,53
2lmg77G2ypL40xfIqwFbI9,49
3CqdEcYe3xWopkzxQxiyIK,43
5EOoMWIB9iK4ZpcSex9Ec7,72
0ifIudDeWelhhKzNqP12jm,3
56xzyK1pLQ1Lw1AVcCM97r,48
7b16g1E6OAG6HNmAQBgZos,11
2ZMI0QNoqU9fQZFirR9WpK,65
43KDuKt8wcZFkx8RNwf1Si,46
3rdFEtI9fiqQYBVyIaOBh9,0
1ohphTiYoW84NPGpPY6HW6,20
4qhDzoE6Ih7tab9s6aNTmY,44
5bHC9aYva39pR1mmFMFVxu,38
1BfR5GMOgW0peHkPxrwf11,66
2AYzOAV74uB3YahrDHiYxV,42
374vbxvuCPoDH1XamaqFID,39
1JNvCcHIlwpcxWJ5NFgUrl,29
6nRQHhMINUm8rjGgpdkBYH,53
1ZCBORA4hOTX9dUcpSnW7M,28
45Ia1U4KtIjAPPU7Wv1Sea,72
4VwPsMcRt1HPVKIdcwY9Uj,63
6lQ4C2lYc3mIsBtB6EfkwT,45
1MQTmpYOZ6fcMQc56Hdo7T,66
3zfVj6UVenatGKid6QirRW,41
1FTSo4v6BOZH9QxKc3MbVM,74
0oeXrzQoMEIRr3GkaLL9GG,1
42ZVk59gT4tMlrZmd8Ijxf,70
4TvCfnDm6O1gRSNA8p3ur7,22
0Puj4YlTm6xNzDDADXHMI9,71
5cwZFTdktFh5XjRglkqJYr,50
0ps0e9UUY3XgEajDj6jYAV,42
7xz4JjmcUyxjLb4ra2rk8q,0
0VnpSZutFXt3MP4R2shCTl,21
4knL4iPxPOZjQzTUlELGSY,70
6HfOzLLjsaXsehIFEsrxTk,71
2jjItCsygxKASceR8hppIX,62
2OqYarizUUGzSSNHPrDEii,56
1fLibtVj3MrNTwRZq5yUOs,65
3rMyMv8EjKXoPnaRo2hdJN,59
1BLz7nBzRElSPfg3ndJkHz,55
6o3s08kk2fQI37vxGZDrJ1,68
0DW5anNzTO7h0OlKqFsVQ6,55
59rtiYOPgMEDf3yPEfU2la,62
03tqyYWC9Um2ZqU0ZN849H,74
323Tzd2yjV4pifrVAajafb,57
3LN41NUdHkyNqQhi9gExMm,65
5dANgSy7v091dhiPnEXNrf,68
05Sgj1Hx03ZXc57gsV1kfX,65
4hFV8xf1MD6Tmg2g0XltTY,52
0HFrCOmhCYXlv4NdEwRAuj,56
4QUUmoiuVPfRUrYHfnL5B5,66
4y6DOqPrT52Usm5Ls53ZIw,51
1IAzD1muglOxOcPbUHs70R,74
65D95SmygxGCQGiI64eaZf,55
6KoK723c5pmYKiHvH69JDr,47
5MYFw4T2gy52pOGBN4EYHS,60
2GyiPfu3exRASKLKZ8p6FB,49
24PWKmemCvqfyVXODhoKHW,59
2GHp47AE8HTBF9xpG7FIoz,51
7zBQRGpYImAdIZc97FNj3V,66
4P6BuLsqtg5uISdE77ypI9,66
0CJmYEsImHZ42f7W6ntlX2,47
5q186AzhWeOEoFnApajHgR,47
3hQCHzkE5oSA3F1xM8bpcM,67
0RZXNlGPvfMo54fd6uCvAT,60
0GNbF413D1n8yS2vLpOBhl,56
7cVmKBwzPsh4Fmb6SplfEm,60
62x93blgkWEz6Huop8eSQA,59
4s0o8TJHfX9LLHa0umnOzT,60
3VXDc9f8J96uBnAAeFrrmw,50
0Uc706myy6Th7I6KQ9xA1x,52
6lSylu4qTmLBGQB1zp5oCi,55
0l3GEbH3CviUytD6iX4wzg,67
6TQANhh0iV17xMeExcH6qj,48
5fst2COuMGJQ7PzSRYGVj5,45
6H0AwSQ20mo62jGlPGB8S6,74
48F4fY1pKOTWN1H8q99dJE,50
6iIQFnknhqitV3qJXICseF,58
63XXvHR6FfiRDk5lKNNCMI,48
4dZTZbmJBCCofAExHwefda,79
1KW8BTLgbRCTH8pzUmboLE,42
6B6MWIzXwsTWQpqYzw9bBI,57
4AMr2yB3Ng41sX5uKLIlvQ,48
5h21AlYy4mgHfQp9jUAUGi,47
2wxO3ZydJTZRi4Bbc02q7i,60
3DXncPQOG4VBw3QHh3S817,76
5YGhm6pI5s0uxJ2DwrDYqO,67
2NVt7fxr5GsqTkGwYXcNTE,63
3GUZHOhbl6hQEqsHCkUDDd,54
6XwKCiuBgLezlq2rlXpqvS,10
6Nq5lE0CeOAAAqN4qhkbZU,72
47FjToieQbxqNnuiRRQtym,47
5FDCDBFDKpf7TLzDx6r2Lp,75
77tsD2Ai9gdjePMqF4TxPS,49
7w8SYlPLA9bqj7vRHvYNDz,65
31c3hIaCg0Ad4jd36uWqSj,33
30MFmjElHOCOhfu6q48Wtv,32
16sEtZx6F2InPzybZIn96X,54
6keIGUqu0iqKnW7aSIKwOG,36
20FZrLl9zSbO9b3DhaqO6M,68
2ztyTz3H928W2bVb9qXBlB,64
4Dw6V4mhZAGkFSTQ4GUMIZ,38
6DbqCKweKwVkHgRv1CI53D,55
0jSMveIWvnhDIvzqN74Uc7,62
3rnDyg4f2oRsWmXdZVFD1Y,63
3cHfDtp6kGyfZB10lvZ2Xj,35
4rICUbwZZuqUOcgQgtux2k,51
7kUycEYvdRdHmXmxRiywPE,65
3mGW6kG5UZLLDb1vVxRnl4,37
1ZwLImco9n25d8oua1zkV4,22
4gdQ8QShlC3toP9Mkc8DwB,65
6M7TmL8CZ52NJTfT8duiDA,32
6cnufgF6qLJGZT2PRFZBr1,48
5l53XkYN5rTYmdJ0P2GKFT,32
3MAgQuClHcAV8E9CbeBS6f,67
07Tx168RSsUS1HqkDIOZbH,60
5lG0xtobUSiOT2mfJHqtxv,42
0k7kfdefyPCDVHtHzgaq6t,39
0TgsWy0Fh6sL90mcG06pVg,0
5o61LLrnFaGbcEbecemBIo,0
7r3Hwig1mvtlVq0ZbJ09Wb,53
4ZKLmo5TSZebyenBpln7l8,32
7IBhpjoLxBO2oiNjny9ie4,1
7e89621JPkKaeDSTQ3avtg,81
7DpuczUR3nNFkMfMyRqoNx,34
5ib3EGG06XUnUf7hzDnheL,43
4u6JFQa45iIYPy5l8DK2xc,30
5mZ3SenUADr24QRqwA0Bt2,31
3lhAN67vp4RLgJbUUctHHO,35
18UDolpvPEqVzIE69xobUQ,28
0RuHgMDV6xyyqa2G8m9bXz,37
1gRSO11Oebsr4SIYFu842l,37
2Y8i6ntDzXIhCO4UJPl5Qv,6
0pvA063uNyGQFp7DNtmk0P,60
3yrSvpt2l1xhsV9Em88Pul,79
5zLvo9lek82KN9QKRpJojD,42
7tor1N7ix61iCkeR5Ebeqq,41
5V3kFgyxiKcOjLS79RtjdV,30
6oEAnFhmoFH9TWWjX1QLBO,38
1y58wFuYYnVsCnY8DsOELY,42
5lKxZ90QrEVKOZhLNtoKRP,39
3aPBluMU8cLdEfa7lhyvjm,30
1Vf0BkOzwIWS6Vkfn7giL5,38
5Ofrnv2h5jrKQuc0WDAY5H,35
4VtURpoyUD9vzc0yG9tztF,38
3X3P8wgRL2wsLoPtVFO41d,39
5omSKZvHQUH8WRUTOTC1cU,38
7h2TrjQI1z3sI7ZzQTf1eO,36
0NVTpy5COXhzMqgp1Z6P1i,40
3LbtSM3RFD0mLCoQlO43Xy,35
496MA7l7OJ0oQtfSKHqvXH,32
7ukl9x1A5He253WcoNUQI9,0
6OjJZrlz7E1n0oVKgiclE2,35
49ACHKQUiyzYAXtEfdEXoJ,37
6jC4P4UddgJKz4MOdpYlOo,44
3VOORXMd8S5qS8ZWN0mZHm,34
2dYV8IuEYrz9DALtl3To8E,36
7coyz3MhQbSL7tZyWFD5DL,39
5ZBnVHVp7PyuQzlAJXoHQ9,37
5FeW7ya5BQcZsRsQ6Wqymd,37
4agux2ri6ezt9QwwEToj9I,35
20VSzRqyzeBZNuOiQEifBj,34
6qyKoY9CfXWP8arx6JDum6,34
3290YP5edpGBoLgoZIGB73,0
1f80Lhv38g7ylh7LOToYwR,36
6O0OCTxHffoXmJSnhrRSmD,32
3w1T8UpNXxpiJAmx1D8rdN,32
687BYiiLqFXMwQdLrOxq9r,34
4OqlMMluU6knK0AcWNla8i,36
6UzYTq2NG3LdYDFQi2Kxxm,36
0CvGHSIGYW9hqC3Vihv0ts,28
5YoKhHQoQS6Nwn7rKc0qii,41
5LLk7WNnQSH0hz1anI3avh,34
3GO8K60dkaWLWMloGtvHTg,0
3C4dZMhXntU41kgTVls7vS,26
1JP9UmexB1NZeISCpuMASi,37
4oW2r1KLUckzXrofvgh95E,35
4wvKPOCiOlZh6xwwympC8c,38
7yqzwyCbAsGYNdVWQTLZoL,29
0yEYKmKPG8ktvYJ753J3jg,36
1bxqWrJMi1qn5JvMjNtPpn,32
5ahbge6cAozopYL2EeJg82,34
5ze2tIC1kKvaFFf0nP9iNR,45
27KUSXaBq6gpAGq2edLemr,32
1uB7lRALzVhz4uxaPo0IOe,33
1xJrQgMoWUiRvZyl1KCXYW,28
2CfQgPGkG6F92SJNk3DtdU,32
2hhnxjKsonevteyEb4qJVc,34
2a4vn9kHPnBUBGWPnhHRav,0
22bnRpREhpBzy62K4QvdLX,31
4WE4eBwnlMvt9LvylnfcSu,32
0dVQeXMrjnNUqQOTQscgKe,31
2cvfU0e5s4fLlSjiCuQwFv,34
5ol5vmBHvjrdEXfky3gsQk,38
6OHE5FN7U3py0MHxb8iZzY,32
5Qld1ZZVE1UaweNLvAVTYp,0
0zyyaMpWRZNSx2GqAMFKX3,38
5HPnbJnVMocil76YSKmrkA,29
1130yH9cDY39Onu6HDYFYP,32
5EJZKffdlqfITcIce4oTM1,30
5Cz3z2cS7vOafvQHgxbOjn,46
3FsqYqnmp3nfLl9vEx3ZRn,27
2LNLenFZvgHlU6wKTQavij,0
2gnWkD0NZU5X5rLLgmAqca,30
110pEfj2ij3wmN7Cs9RG7D,32
2psbaFILwv134sGvLmziyJ,30
2jlNiAhus7JJIiAI5Pgsky,23
4vrOAcjaNkGkV2ZswUZHC1,48
3iqd7tTlACorSbFFwAGc7Q,0
2xF7M285cPAZyBYRWSZYDd,30
2RxyL8IRtmXWTUwAUnLhXm,26
57XsqI2gTdJ3T5W3c9sWD8,21
3HDtzEjGD78tNyD1XSk1oQ,32
3eA3GaCrWwdz6x4QHI9Kj1,30
6HZILIRieu8S0iqY8kIKhj,79
7floNISpH8VF4z4459Qo18,79
358uP4VwX0XYKji2IW19zi,2
0ix3RUQ76mECOKP6LDPy66,57
2eMwDehkIC1j68U6FA3Eiq,11
3rOSwuTsUlJp0Pu0MkN8r8,46
51gbF0SxTmxgAguiWWUXPu,55
51sVgPeBHYwbeM1cWegVqR,46
7yMhyRmQGv6mSD6SkfhPeF,44
1elrRWRsxxN4vdOQXcP7Wz,0
5MZjzyQUEhrfDnnzGsLqnx,49
1q1ds5yuwDOZIdoRLy1yHd,43
4zMhuWlE9hdJbBF6jnMd9w,20
1MksGqIztTT6M9R1ErKVs8,61
1ubAOfFB6ZAwSSRdkC7cDp,8
4Zxdw0Hno7YDu0IzvY76Qo,17
0SGkqnVQo9KPytSri1H6cF,76
31mqc7EKPsJf3pe6H5jEfC,55
1Ioc85mqHwoQKvnI0p4dnW,47
4LMVDcuwnZAYg2bv8pwh4V,12
0mGgkrD2phGmsBiDy58z1O,48
4YgQvP5Gvl4ku8tdcLOOH9,26
4k2P0y53ug3jAYpsKMutIp,0
30rFcHLyR2K2FKGvIMhTIv,0
7iynYKl5NWdjM1FXTzs6hw,50
5FghJeQxP50JRoldsiOECX,0
5dwT1VohRzyqh0qO4HqsJm,40
5NBeDHBibVbqDYq2ZuqzIA,11
0EgMu6K5XxJ8ca8QLZSkU7,0
6QRwT0bcuIsLGRCqMDJrVR,45
3B2jTXpCLpKVNr68HDmfDF,22
1syCC5RAZDG6GCLaJNHgeH,33
1nzKLH9FeSV4KZdBwdCPQg,0
6aRlUgqcLgrxQE3RMngjN5,0
420Ta8vWYCgXk7yqpLO53M,33
0dvu4Irbq0SM5BWny30rRR,2
6KBOvrddbomdb9dkarvwCl,3
2bjwRfXMk4uRgOD9IBYl9h,74
6UjfByV1lDLW0SOVQA4NAi,70
5f5r2N4Lp9WoULWPH9zp2W,60
0mTxrM3SeSaUfP7dodFMbx,0
56jmQ1ZWXUWNmIQQZb14bJ,40
56wkp0dkpjimGfX17Ofihm,40
31c9IHwCIONmUYW0jL7Riz,7
1bzM1cd6oqFozdr4wK6HdR,66
4BP0An7SXctTY4kF41JxIQ,56
27qSobohScQ8WnEzp02Tm4,27
4csoLz9xpiBBXYuhZLeQlx,0
73V6cuFASuzoYUrCFnD07J,44
2MO3mSPBH8U9qalH72vqZ1,2
4duVbLF51QbIQ7cUW3SvD3,0
6QEpDNz2HTEkYZSqcDZCtm,46
3loNCAyjqpgB9DvKhLMKi9,3
4iYRa2btalAzPZoSYfROqF,67
4vc6tfBvOAG00EpueunpIz,0
1EaKU4dMbesXXd3BrLCtYG,72
53HIIqV64NIKyyGllfKvzu,0
2Yww4T2RyES8W2HmoQVNRw,30
5PfTI3zrQbZEWcQdycMqJM,57
4mAhZaSrcVD6cJWA6IqFrk,1
6jRgpSuD2RebITWSK15T60,0
0XpEoWpZqlQpGFYZXDU2Hj,1
0fOv9Usm5mbJ0H1EQ7zrIQ,42
5jrcnHY27FfJpcWdCPdG61,0
6I6NX6tjGsxFAsIfGzY9lJ,70
3sgL7CN65BzZq3qqG9SkJZ,35
39nlQ3RFgKNMugzPjPWn2v,8
5fj3vGGigaAbVhPz9TjsLz,32
0rU1aBF8cQ8xS3H25qWuMz,1
4ZfFLcsuQCk7GiChENoly9,51
41rPWPCQotore8Ywk8lGOA,20
1EiaIGTIQ2aH0NTxFSxv4U,24
3fS0GCbLTLK59MYn7HYMNi,34
5rk2nRNREUq6TTSS7h11Fr,39
3IHZc2GclRu5nJpTqty7MY,60
3A2OHirUAlQp2x73BJlEDA,62
1UAmQe8EwpxQ80OfYVD13z,61
30sc425JEvj3tgmGAKORea,65
489dYzwI1HSwrjTHZ7Fm5o,0
67dyMPOUsbZ9Yg06PnfAAh,9
4sxLB4ibrNZko2Y9wHfwZ3,52
6E39QsoWB7JjphPF9xCQSN,63
1IoQsA58Sj2odO1pp2dEVe,42
3DzqYuaGq19gpg8eeCpU7Y,37
3wBAhQLR9VjWfyYO3u4oPR,63
77mLzdHEWRB60CLlV02TV2,51
6OQea06z3cbOqYgG2O6eOZ,56
7uuBfgY1vBCalrQRyyQhqs,7
6DB2KOEwHnjkgEnBt5SdeJ,68
5hx4FpDZOnDVYlyoG3rMks,52
6kl1qtQXQsFiIWRBK24Cfp,65
7hURFZuy8vSBfvycsD3GD6,16
3mbwf6dhBfxqzH19qXzDof,0
1uhm2Bj3KtIf7nlry5hPft,35
2dX4gPl1HTNnvf6zaH94Tz,43
7snrmC4Lz2skHvzYWKxKJF,48
7EiQlFiKzAxTcomfvV6e7l,0
4CHp6dRZTeFAu4bSOxfH7Y,52
3pC1ILr9KzmQLMe8Kn5QBG,0
5AsopZw31JkTS0pIcTHwAc,14
7k3sn5TIQ3qRVJ8FPTG9kx,52
0V4uo88eJO6JgkdW4NUMZm,40
1PI87c2lTmkjNUG6EHzvgc,23
3SH3QAevDeTY26BuK1UF38,26
1U9nZggUdMYoC4QBEjxMIX,13
7kTq06D9CMfPFxyTSaHwgU,14
0sLrHBMJNOxEcMhcseE3I4,43
23F0M4yj7O0mS6Y0SSHWYv,26
38rAjTYS7oLYms2Xjb1k0l,16
60vomRs0pRyC7f0vA7K9HT,17
3ssX20QT5c3nA9wk78V1LQ,77
0nVt6i1yKeYklt8GYNz1s1,6
6lEIjrQNwJPecJ7mMXjhjo,63
20s3FayrStM8GY0m4dRFsw,51
12G1TYIfbpvC0mdFFn4Pbg,50
5PhMoMCYsNRwhelUcNk71s,35
24M44x9vVlOlXipjJJcAY7,45
3FygJnwLJbaU5xe4E87h8e,48
3Gt9T6UISOVML95EvQAfg7,11
2B1FNeROVsmJnzna8t9LiH,25
3dmnVNKCxtohL1FJsM7xWr,42
3G3lahQSMk4BHnap1i853u,47
2s0bT20ssz6hqrzOOL8iQN,41
3RNlTNO1OzaZis1yLpo8yc,35
27AHAtAirQapVldIm4c9ZX,66
53BZ6XygAoubR5DU5w38Vq,69
6KIKRz9eSTXdNsGUnomdtW,70
5FvlQZTm4eOGeUiAB1bKc9,66
5RGXoZt1qxmAErdhbyKJKq,64
2xTft6GEZeTyWNpdX94rkf,75
0ZU0XSkAUFqHxiXDMU5FzB,52
2wzMOVWqLMBNx7wVvJ7tt0,58
4rLpAOk5KVNcqEMK3m6Lje,63
4cgJF9rKas2H5AC8FnNts0,52
2hluGQtmPypU3tsQudCQ3U,53
3ooAjhyOZ1xttGD0iq1GVO,55
5xEm63lXBhJKZgjRDMWH3H,53
0Bbd5inN2znpGQkxZbqmmU,53
4ZYM6R5nOZywxACY90Bsla,52
5f8KgDZ8aQKQii0U1qdRbC,48
2NxgsA7eJXj8sBSsoKP3OT,41
5K5dQsYdSdo2LKdepxbYAd,61
3ZgQhe1Sv7mnQjpVTJnOFp,36
5qiDen4GXbcZixkS114QXw,40
2Vpj5colB0MPy3Zg5SITEC,57
1gnOtJnOZErFPsADj08XVr,32
4F4neui0edP1ozygvFiCi7,51
3hx5R8nOKu5zvhlfDNSIQC,43
1yo16b3u0lptm6Cs7lx4AD,56
5DuTNKFEjJIySAyJH1yNDU,48
1KONmY3enP3r3nIPQidWAy,57
7MmhQMfjXPF2AnqrmbqvVB,50
47ukoPgAExwBp64F2gQlv2,53
6dLvocI8P9mckD2Op0m00W,44
4aOjDKk1s5hlsEY5ZhhX3l,39
0OGidxV6e9dWeN2bXjXBGi,46
3B6WDceNe6lUQnczntRIuf,55
6oadMAqfdbOBvGib6lUpn3,42
6l4wMAXzI8RxIysQMYZY0w,59
00ReeHCY0FQUyuAUyPJdnk,48
5oqSr3rehtGgZyDh0LCSA7,59
0hioWv2FDtVePjHFTwgrf7,47
0SwuCcwpFM6x4cu5zOvmi0,48
48ZUwXrEOhaXLCxvmRYhZv,53
0VAoDsKh7Or84V8xP7p1Fs,52
3jMxlXdAYNh41Eo6biUeXR,36
1F3RXhN6pz8VeIde2o3Cef,26
3eMVOlY4PqhG4e9K4epxbn,27
76YDsWGWezclVy9Z6sDGhf,50
7MJTU6jULOZPAdlu8SPAfo,34
4n8d6mjEugRMTBI7mjiHIY,34
2c3z8TYNaMnzeyppLfvrtf,28
0v9kGNjkKdQUdDoBIuiph4,56
58Jkqs5MtV3GXwnq6yq5v4,33
39vsjFm9kU2FNubcqGMzED,35
2hmm9zhst4zkHu2743ZSVW,35
7lQWRAjyhTpCWFC0jmclT4,80
3C8xkK4Cir2QmiaN07GIZs,46
1erQfISWXcYiSsTEYSaNUe,39
2eiq8DFWCjAOmbcHarG1ks,24
2m2dKtaKequ1QZYGWYG3hG,37
66PMGMD21uPKg1ltfAHPGv,33
1TeVeYATRojNVCH7q1APiv,49
18Mh3v6rBCCpcNYzyaA2RN,51
4bvqOj9QiH6qKecLiefKst,43
0Vqap6DWhvILPwGvbtlUi5,29
507rhTuNu5YPpxQTT287Y2,18
2pFKuQp8QLsp9Hl3YXuaGo,35
2z1FmK5To9gj1rU4mS20f9,42
1Gi5QPlpbDNDJUGvMemBJM,43
2j6DORpoXYTicBm4hl5Ztx,39
0q7LGcVSpsIoSbjChtZ8lI,62
1dNyRyz1QBN9kO1etUs1PI,3
2BJSMvOGABRxokHKB0OI8i,77
3keUgTGEoZJt0QkzTB6kHg,64
75O60YOeXQJsVeEpXvBpYh,0
7LERfcxG7fhH8iuhmhe5Do,0
5PCe0RKfhq7wB7vyQOIg9w,38
6eFVO2OQnuA59a09zVCHaR,0
0eYo6e6lr0Xx9gxsCWyBD9,0
2g8HN35AnVGIk7B8yMucww,74
1ToNAInnklKFv4MnKZcpJz,1
6aLt4PslIzYEoNx5opdeWR,32
5ZOLcd8JCxHjrCQDp394IV,43
3FWR4iiUUPHIK7OpiEgh8J,3
6KdwBL0OFecxLc1cSV9WVp,45
3Osd3Yf8K73aj4ySn6LrvK,70
5c3664v0qorEpBy1nXqtfL,3
62csqLJbdvAKb38rYijV1R,48
65rRB2mspD309xE6YimZTl,64
2ZLkHOVY7dqXIyhN4YQ4FH,0
6mZcNu9i8uhOYMiEAyEx81,10
4l59QWcA9F9qqvNc5pwDtL,3
4675yUu8AUbE72T94BkLCD,64
0fLILzjVXRCLC0lsNKcQ8I,56
1mUFR57zGeoooGf22RZysa,1
0mMmhuNtbJalQCZy5VhVwk,0
6so3XYH1yyeWFGskbQvDjQ,0
2lT07B7yj0XFXdmeZJup7C,44
6lj0yxC8lnP3nHpits0vBa,41
5taVRH80Ur4VIaSETLkAvi,17
4stm6lf1vQBSl7Eq4Npzr0,65
0rRHFywFG6H7NAl2wMMCZg,3
3m8CQnnfJJp4eQMWWl3zay,62
6wwAaPoX7Ce81Rn85Ntm89,6
10xdkfa78toyEqtwZ1KrLR,4
7bre6yd84LZ6MFoTppmHja,7
2MYl0er3UZ1RlKwRb5LODh,15
2kzRSiyignH8yzPTrWvyPo,65
2Oaq2Q6JFS1xIXGL9TVryY,55
3VQjHDZKiksfFLm7Fg8dEF,0
5YpZh8wfS4moRBk0ijNcXr,61
6dkxcUSU1V88Nt0gx2RySZ,0
184NJihoBmCTNpZZ9rKRDz,15
0YUwC8n3xid9r0udhAhMNV,34
1VYSeEuL487kHNJe2MHePS,0
6Tsu3OsuMz4KEGKbOYd6A0,68
3NGT0Td7H4Is1qrlDQJxma,69
68GdZAAowWDac3SkdNWOwo,55
0BqY7i5dFenEnkYGoK42Uv,0
41bIQPBE1lFN0mmw6Lmssz,69
1TutDbND05vlHy9JwsrMJH,0
45kgqsq1g9liM5tvdKNhLa,1
7sjwaBQ6M3aVigYfBjm1sL,65
4kqluSwcQs3kqfK82ZrB93,2
5bh0ZC4XO0VJuH0NPGkqlH,2
34OiAOGvUPoTRqU9aTC2UY,0
2g9E9UyZ3pdJ1eqUQW0tfQ,5
1aUT4xl8iiYNr6emik4qTB,9
20LxTsa6936zOlzTWqoPVt,18
2nVTEsjkG2vscrByFEqYp1,0
1TolStnotatVMP9GqIqukR,0
1qu0VCx2idnR4O0hfxqdUR,25
5NsLK0aBlbNVxHzh2TGUGo,0
6mcu7D7QuABVwUGDwovOEh,65
7B63pF2NOplH4n9YzZ6Vph,19
6OnpdpwV97cpg5dHhtYWXL,1
5HKJl9V8QDMflGBH0jFS85,47
49ySwzAyvxcNXOkOP6ZB1L,10
5Gis3rbXy28VG5WG8hmtZI,41
5ngSGTy4Tw8cIBCMeIgoc9,62
4Tyv7nnNTHC6mR1pTubIrw,7
30Gd3snWllczPbz2Gd0JMe,5
5Zi5RHFI0tWKkzoiob2OtU,0
6gQaf0ANLks2uWl2AHhU26,47
69yVxyuRahEzs2taFMVVoO,7
5ZIfOjIDOpeoQR0ZFRNtPq,0
0Bpkq4z0VfjkO7kUME8gks,2
7dltD9eEX7X1zk8JJ9BS0e,65
0osPX8TruIebOhKuG6GK8C,64
7JjlC99O9Gub3yKge26LyK,14
17baAghWcrewNOcc9dCewx,13
0FyBloIEdLS3f3SodFiju1,1
5azeng4J5zhIjXmqRag2qQ,1
4go2hxLM6ijk0K76ZY0Nhd,5
2WwXhtq2knsErc7ojO0Dgb,1
2tZfCSPjVDQChBwIomHjmx,0
23kyUPJdiHQwmAH4NfCGvf,1
1xLJLpfyQmQtEfF9qeO0DK,0
4RY96Asd9IefaL3X4LOLZ8,71
6sDQ4uiWw9OdVrCXFLSlZt,12
4QVOTT9CM2ftSLwnYGNDjd,14
1GMDpf82TUwTVBPYiu0dmR,64
6iovySmAVi5FSbQgzTfoAG,44
3uulVrxiI7iLTjOBZsaiF8,68
6LN6yG3hwdYkx4gkhWMV86,1
7EZPH9Px3gXlxD5KJDwtwc,65
6I9Yt26av1rRl5UMHkMj62,1
5zwz05jkQVT68CjUpPwFZe,66
5ByAIlEEnxYdvpnezg7HTX,76
4IYKjN1DrYzxKXt0umJqsG,73
2Mb3zpobD0CvJGWv6NpsPy,60
3ABG1UQTk0eLYUAeWkmfMi,65
4TboAbE2pCUUB0fk6Q9rUU,53
3TZwjdclvWt7iPJUnMpgcs,74
1w29UTa5uUvIri2tWtZ12Y,64
5FHXxdJeq1iAE9PjDTEgyd,58
0PV1TFUMTBrDETzW6KQulB,68
7N1Vjtzr1lmmCW9iasQ8YO,68
1oTHteQbmJw15rPxPVXUTv,70
5XhkV07Vou38wnrzwURUOC,70
3C09tEhYKCysPOVqmJxOTN,10
4JYUDRtPZuVNi7FAnbHyux,57
32WDVNZXIAuu7EqncTTKjH,52
119c93MHjrDLJTApCVGpvx,72
6JI5wNWYdBw68GZjOMmgK5,61
34MRi5GRWHFUa731JBxFEl,59
3Y6XWs8xMlCngyIxNOFnsp,62
1Sgj10byiGzPpI2IrXSFEn,66
0W2mz7mvaBaEsC4rmoRNPn,59
0snDRsjNRMJhm7SVja8l6J,58
3lGBvPUgO7MJltUnBlOpe9,61
6SI4JD7iyQ0rrudhCNtMv0,63
7Kutf53V4k0CvU4nKu5oK6,58
5fyRqeycMofUoGmDis5Gu6,58
3HCzj965m8Fz2E8wZkir6q,55
6Xio661Y2iL7SDKFFOG9cv,55
7bp5DfkdK1OAvNJ1U4HfDA,64
7IwURvEfVcdxUCjLKUu6sv,60
4kxAgnWw4GKmqcuUiXn60o,51
2FWmKZ3kNbVsKGhuNHsltW,59
30eW6IlBK3wCwcB8TsPXua,61
56whVbEPZ2bRA5VboQPned,51
67mtN6BlsJR0LVyzvNZnGt,62
6wbBrsE2H2pupmnfoVSY6w,50
3H1WufSXLnOPckdJnFDbtF,44
61VlApj8p2ZaP0WTunTrKT,56
5LN1B9uVAVleCZ2euGarvi,53
0yf6ORR6kV4iEn6T78XKbZ,53
3nqnWEZnYoetfO2ksMZZVK,59
1h20yRsf5WeuHbohrlfcCt,58
6xMlblO0n8nfnoHOr86i2r,40
2QECh0fEPnaTxRWsVBrUz7,42
5hHdrN23SMuJkAsoyUcN24,46
0hvxqftYCZT406ElE03giM,41
2mehHNForRahnPueLQAgfv,53
6GlDfTScLM2wxG7r2LUUCT,45
4dmh3OPtAhbEybhGoOG9TE,59
3UhwS81S9L7i2byZCrhSAv,50
3MnwLa9KRUiv2gNFtWPvib,56
4dTtYVQzlwBMpVyQ4h3wy2,58
0DO5Qkdbtym514lDNy6LC2,29
3enjxX3aOAsFyaKeH1O9jO,52
4m3gxoAguorjKhon1lclXI,35
3RxF3Mz5wprRMopI8fp9uF,53
4sMH75ctV0RVSOHZqXJpHD,54
4sAHukt0TkE08mpMNgNwcp,36
3i0apBJdGSY2F24yHUSdkP,37
2TE1FOBGJ0h7xxIFUjppmd,48
1v5cgIyffYtfEx0swttdoE,63
4LaiF2h7gsybmURceGYLqh,54
5wcY4XgawQ2se8VjDLhedQ,56
1Mi6uegC4pRxQZw1CB5Fk9,52
4xOTVtbCPcfxMs2hSt9D6i,60
5XLC8xoqyua4U7wJiZAWik,60
7y5zXpTN4J7K0PngQYa655,58
7hdOchAKFm6FwzyevcQ56y,52
1xIxMz1sNQ4b6svH1GuTtF,64
2bXI4Rbw1D7aVeHWLjn1Lb,60
33rsCCLHklTQav9klbpnAi,60
3UQAKY0SUEonxneROvv4jy,56
5onGESUxi3P9xLt311oS59,53
3bOvAqhaZNSWpGVIvHEx8B,57
4heC6SnTBxTZZDef4AIBOk,52
2KFg8kjYy0rYjWsXGhEQHN,68
3yL6iLEcVpOQzPFjYKh67A,29
1y85Gm1VkI0kLXIv4Gpcip,34
6ncdTy6zTKm1ldLHHdYmVB,26
6IcwKMGIozWxe0krTkvJow,27
4dI2tnLrhe8u4jWjoLC5NK,52
0CU6uS2k8y0XquMVQdwmAQ,25
71A35JDEclcOvm8q7xwZKa,24
2fx3qDfsrsW7nBoJtdOyws,26
7jVqCPyq6XJrVkWqDPakor,27
05WdvsIv2e0Zf2cZHhESrS,31
579TEjxOaZjL1iKCGgsgnd,25
7ygrDIOwwM4gtNf8Pz6kxW,40
5sAwKZXy47JNVk03zqWgwI,48
2No866hrlpKgTXcQTZ2D2b,36
1FBxSnAunQPxop3eTeOmE4,43
4TNbaUX5szRSr1O5ffM1mq,6
2tlkU66loXhmV2JqTHlz5T,1
5yPpCPB5D4RLFpCvaK3n0f,47
46THN9jjPWhSqFUu6YsBhv,11
27PmvZoffODNFW2p7ehZTQ,66
7nD9nN3jord9wWcfW3Gkcm,66
4tCtwWceOPWzenK2HAIJSb,78
4DBKiDC6keXW8a4deVQ0Qs,0
6J5sxraPPZ4b0CVOGAgpXj,59
2NRUU0gP1d8Yif8CpsCW8l,60
1i1fxkWeaMmKEB4T7zqbzK,81
4Li2WHPkuyCdtmokzW2007,77
0qy5D3OJre7SPJNMOL9I71,69
6BbINUfGabVyiNFJpQXn3x,62
4JDZl9nKIAhAhDjw753u4X,56
0lLDaAdXcjOQ7Mf2NXzXay,9
5nN8BwAQDJDguq7Dpd3JQQ,67
5RIVoVdkDLEygELLCniZFr,68
6F609ICg9Spjrw1epsAnpa,10
6lDo13SSgTv0WbyUQKgnjk,52
32lmL4vQAAotg6MrJnhlQZ,31
6X92l986jasw5nvGsblwk0,47
4Kz4RdRCceaA9VgTqBhBfa,73
5suEtW2DUAfvroohjzgatb,60
2WBjsxTE3hBInd21yUY65h,4
10I3CmmwT0BkOVhduDy53o,70
0wdKiSBUT7aZkXUIdJWcwC,70
0vPHA6ipjSD2B5lHKub21I,3
2B3FCVxi308OK2z8suLD7r,0
1ULa3GfdMKs0MfRpm6xVlu,67
09TcIuH1ZO7i4vicWKoaN2,15
6LXRvh3S8TB5P1PKy4lY1S,20
5cukM53srEM6uLvHxDEc2E,36
61QSuw5VlC0LTS8WMO356g,68
7iL6o9tox1zgHpKUfh9vuC,77
0h5m65o5KnMFB4Gq47mbKt,7
3G0yz3DZn3lfraledmBCT0,74
34vNlluk4oi0Sv3csNs1Vs,2
60xaS8mYBKUW4VQQ666N0T,69
11KJSRSgaDxqydKYiD2Jew,12
4dASQiO1Eoo3RJvt74FtXB,77
14WWzenpaEgQZlqPq2nk4v,16
0v9Wz8o0BT8DU38R4ddjeH,74
6kBZQAfn5XjUBaApTfJsVy,38
7xVLFuuYdAvcTfcP3IG3dS,71
60U1mejDe61lT5zuox7gUX,0
0PT7nlpo11hYYyfnBgtilT,65
0ttPiazh17aXIo5NIckHES,3
21nFIDqoD1L7ELsprVSzOR,64
6rje9f1wRFJDO2iTORw0lH,67
4lqEFIB9YZl8BwR99L5H3b,61
2EBCVPNAG46nbgs6jXPGvv,73
5YPMEOJ58kfl56VHxTgwx3,66
7KPr0YxECy4Q1k2F17Sa0Q,66
1NpW5kyvO4XrNJ3rnfcNy3,76
5rb9QrpfcKFHM1EUbSIurX,79
59PL9AwYjIrIpP04n9gmMR,62
7kqcudBGM74MXVoYMaoWkC,11
44wmHY3GhgS4yRVBy7ykmG,0
69bp2EbF7Q2rqc5N3ylezZ,21
0yYTOlwMCd08Kb1RIz2FYL,9
7wqSzGeodspE3V6RBD5W8L,18
3ESSGgWzRf1xvP7G5hHMhB,68
4NQQ5fK6qOEMsJNlhjUkIg,55
6ZmHAZo4Tn1b2LMdEic0uC,45
65NkUtHuWTLo7Z3oDHQ6qu,37
4lb1T6jlPaavgh8MAUEeJY,0
0fgZUSa7D7aVvv3GfO0A1n,70
7zSbZj5aalmS4yYLOLwDd6,37
2OawRn0NvWkStuemgdae4i,6
6JyuJFedEvPmdWQW0PkbGJ,72
46qtEi9qJOXxmY0qel1wpN,7
4AtfPLLTc3Pi1eP6mXGej8,1
6HMHgBHdLBQ0QYIaOp2gse,65
0k6DnZMLoEUH8NGD5zh2SE,73
69uxyAqqPIsUyTO8txoP2M,74
5hxyXBPrfox78jdLaSAjwg,0
69gRFGOWY9OMpFJgFol1u0,0
5pBvNeOAJ54zgd5lEOmM3b,11
6rQSrBHf7HlZjtcMZ4S4bO,10
7a6GeFdPlbQtd7BwVlZ52k,5
1sNSG13fsK6KPKKNIQXXrh,9
1283wAzqC0bPu6Hdkgkqa8,0
45GtRWedzDAzG55MPosniU,3
7dUjWnoUXzM1098lSc8k5v,39
0azC730Exh71aQlOt9Zj3y,79
6jmTHeoWvBaSrwWttr8Xvu,74
1OOtq8tRnDM8kG2gqUPjAj,77
6H7w7e8zC8QYJyqe7fZHVa,5
6g1NlCpW7fgqDnWbCCDrHl,25
1toz8k7rYIw4FS5jOSXxYH,2
4OqlUZGcMmd2s0SXxd8Jn3,0
0hGSr4bb26syMkhIiPGNNe,0
1aBFDk6bC7Wd7GJwaDuSHF,0
4nrK0G6pOEuhMxn3hAaava,56
02BDSCfu9jBYvJ8LkUVttD,42
22mhfCPBE5YzXWYekGJUdS,33
0z4Ryh7Qg9jKOQXzkUZLVK,49
5ridPhhb2fWEtyu2EZk9aH,17
1neW5xfV6U4tz5zkeq0Uxy,37
2q42avQSJpPs2T1XZ84g3j,31
6odOP8P6LFdIiuawZhFho7,39
0jI3Bsw6X0UK35UlUWFJX6,0
0QaZtz8hR7JYyjFvorvC3K,22
6TQi1WGLxAyy1itA3CqSlD,48
4cNhx6OO1XpvwT6xZnb83B,51
3njpLvANriMsdv3dgADEad,57
4QKdiLnJ2fnvfLPUldoryF,46
0FpF0xdbJDpIZ0wA2OjNku,30
1JgWCIOPxGl7IvlIkqO4Oq,31
6VixoRqnikN4QqegoKUSbH,54
4MeDnO5yA2Zi6IMlVApRci,63
5T8xLLlhAI90EV5cOkm0np,5
77sL9aTrzWzv7uyTgMZYb3,16
0l3wp8iEtN8rgag9eTeorW,49
53nmK2ARfSnBFvhYXxmgGc,41
25CnqAR7fzAQbb2SVoSa0b,47
6jkN2Hn7H5qTLoJpoIolXk,30
7q5YMVbbbsEQATnv0tVctx,28
3bgjTKUh8AXO3UuGjcKUnN,22
7jaimA2nEU2Gtzg1WWwXnJ,34
0IEvbpIyDb26zwhnFGzuLb,22
4VOSwu01kbILSLnLTD6oG0,17
0SzzSNGGEs3Xz21KAJwzmX,19
27dUo79lgLEy4Rk5w3UvSL,52
6kYTywTCfycHZcH0WdLyRy,49
66AMCAjrOk7c957i3ej06f,51
1RXEb6UTxJ05RffnAWfUOE,59
2q8lHMMso6wx6pb5uwqzOs,50
074v54tSEWLbq3Hu5wf6uh,49
3BBVKzYSV7iuWutG3saanI,8
5cxQSKOme3MaAtdF3JEWln,36
56dSQsKt8xE7pAjlTn3Kky,31
5Zg9kP038RXxEnx4pBWQ4o,21
2VsIWeVLvZfWGpB1yOPXun,18
2PTn4VFmNpPILrUrUfbu3D,12
0xxfzwOmUyh7MFcBC1xFoY,11
2DeRFNYxCyEW0HKUf7pR2j,6
7JG411Bqg3I54wvm7QYwxB,13
6GtPHjrFtw9uaMgDbWp0dn,7
5tlrEiYWEl0fsa6OFoV5EI,4
0VLzsKvDxmQB5FfeKHDOJQ,41
309z0CzeLvltCqcvpeOD9T,23
17ZCxegdCt1y0reBkHVmMB,45
55gL8ViNVX3YX8nxv1L4Uw,43
7LdaPYlRo4pq6CBt44To2H,42
1jRzdY7oUBOhrylNtiMtBD,51
1Yxmnn7X9uywKP8XQmoZ1s,26
3D38358IcazwLEhcHEVcxa,12
1HYYnsPW3ZDwZ7f7iTJ2zA,25
5Bh53p5005ZPoDD6Wrv2pe,8
1oKGWEEUp7Uuvh8jM37vm0,27
6Xj6oGbozYdpPFLBdbweTY,13
3v50OifHjOMubmGAc0QBmL,0
5x4Xj6R8aYqgj2mEZ5Xy1P,0
3yP2kjL5SR32FEhpCUrNKB,0
25HfgP3A0Jkh5ALR2wRG0o,0
5cQffjWJzgnmEtTzKW6dnh,50
1KZ0Xo6Mmeprp1Sw5xCHYz,52
5V1QsNSEDF7YmNBhSKhE75,52
7jn2nokiUvPr350Sds0xjo,41
2Vc9sEG0AbbaBychRrv7oz,29
1rbhZEID2UYfUxECEMefyM,21
192ovE1eNtAV3lqHuSb6CJ,0
4ZsvhlPNQgrwpZABfwG8l8,0
21tYlvGRZLDTWuvISGJEoi,1
2OmjhVnagJ8SVJDbj9eWrL,0
17Pea9QvHpcISu7gg5TiDJ,0
2sYcQS3ShXfMsxW3BDFHzD,0
4896HPn6QMuJsu1Oh2oN38,0
0kymzJsB4BWaqq1DhOrM8a,0
36HYTXQ1SRGK0GnlIEzSND,0
0Ytt4H5qlnmqJMHhJ8YI13,0
5cY6lJ8aUzXgzJIDOhKhlw,0
0vbHHNHVwuEUSMpHppE21F,0
7rk2jwf7IL06qe0jxjpupP,0
3OKdgFt9VxoUYpUXPGqowk,0
0e6Je5EfLQ7uS9eVqvKTHW,0
4PQOIfA2YlJW12UL9NOCa8,0
4FIUGSvwYUNiacopdF94Cf,0
5uQdp0GLfj6K1wTdKuSkwR,43
0DPNRRkWkye2ZHTqAiClRH,0
5qXDMDeaGVoWIRAIQ7aCcd,31
2ORxCzIYVvQYzAUv3iLFfx,35
1ssocj8vt5NQANQgfCkVI1,31
5zHXpOhaBlL0FrXGmIRrjO,30
6m1w1Jyu8L6XNHNLCzC0OC,39
3JEzGRDUsozrehZTq3dKE8,57
4A6CndGv4pjCQKxkIWIGoB,33
6mugUzJVrs2wfUUbKywyrn,44
5PrHp3PRK78k18zrwgyxS9,1
62NQ8JoW3yfJ2WSmlnaogw,0
6AcMShL9nO1oQHsmVhiKPn,0
1TT9cxHxX2C2F4g6oiwBLI,0
5alKIB3JaJ4N1RwbsTz9jO,0
2MxNYlKFPTZvx9xeG4HQgq,0
1YmF9PvLhIISIANoMLIYGq,68
7ycWLEP1GsNjVvcjawXz3z,82
0U7Hho5psdKZwyC8HMHxfq,41
5ybAmUhA1Fr6Uzz5YEsrpu,30
07lqfibBtpw1ud24u0uULj,40
0NknHNafFWgMRaVplKqLu8,24
2QtiS6vQQHXU7E98o7943w,25
0kXvGrU1xtobBAkQ1sf2uQ,23
7fifwiZlUkN4h1V7Ahu3E8,25
7onDf2suCU2YfIvhZse6r4,16
6VpwX2LWXHFbblt00zPCCh,18
1TwMtZTceqLHR3aAiqVCOx,21
61GSr6DLZ1z1aBtPxyAwLB,17
62GXGpd73vslqIBHq8XqOx,67
7r9n8i6kikpwxEomUFujzY,46
6WDo5KoqkteS4p0xGn9W9L,49
1ulmJh7abgw27HTLIyfDSS,48
7CJQUfl628ppAuH2MnTptQ,50
7y1RCeyDE960067hEVlpjJ,28
2VpTT9dmZapkRO61WFxs3m,27
6VQyZAaoeyMP1tvaQwdst0,26
6XEv3sRDhL5BYh3TSev6kO,36
1EzniRQ6UM9Y5xGrmfqCgy,36
4DxaBl7XTThDb9zRZjIWOB,42
13thLit2vmo1qePjSFP01c,30
5TM4UBorSpaZaQaZOdsEhc,31
7qvzMcbBIoG3nrTSqKVn9Q,16
5TYiF7dKX5fuScSnIgz8IY,5
6WQi91716ppIvo9QqaPTxK,28
7eZT4U188WHdgkOfB4VYzL,26
6iuoLH4plEeIebSk3tVgmP,13
2qqwaTbY2FwR6SBWMbHcU0,14
4WqRkiwm47iNEGdJgOo90m,7
6L0aZ8wJC5uw2kAYIU82Ol,9
1FLZRn9a9x8GIuWorOIetk,32
74hmG1k2ASLQHYdljwM2Oy,38
4JZPpdcRWfAKK5n8o1dArz,36
35ngDYO5CXM5bnidQqXajm,32
6ioeundMi72DPscKqrFGPS,26
3xHtha4xrGjF7Xr4sdWgTE,22
4StoN1KQjgJd9FdkZyPUqx,27
2VqENTRXPasmXSLPPjJ9gF,27
4gDtGK7uVjYaY7oh7dFbbv,1
6hlQPubiZgtogGjN54M6Qe,0
5cYZm4KeDKM8Pw8z5XRKJt,57
6KM0MPPSPGjBlQgdwIeJLc,1
29ZSk6XmWPx3DX69xBb7Yi,56
1j6kDJttn6wbVyMaM42Nxm,68
6br4Pc0BzU6dTD5fEmks2i,62
4WGPjNKQkJaXqj6RAbVAOz,0
71DQycRGgmTXwBAO62jo3B,9
5Rkbnhwkb6oiqq1HQcXirN,53
6M9bu6nqmwSFRRGW2bdwWI,0
4n3i8iYdTpOHUTf3BmGmaF,37
7bn5WFv9CmhcrsYb3Krgun,0
6QffQWx4dzqk7rL57A4FMB,2
2Cp9l9oeQl5DAK2AAS0V1S,0
0zRpsXMbE1oBv58A22BhKN,13
7uhhAebHqfptyvnrS4Wifg,7
3tQnH83OR5LgMkPqGrnZo5,0
5FEBritagmW6iAy5wL5uXg,42
5GR1vgM7Pppp888xQ0Db63,2
7zKZwfo5J4KA2vBpQHfQWp,0
0vVjqQTBDkbBnpduKrOHcx,12
0KPzS5YoxH3Et4UlktrzBX,22
6UI26v6VGW0enF6naVzQKC,11
3zagi2b65in52cZnFSnyAG,19
362ychdHc0vMXhUE50PuoN,35
304vkfDKAnllQXWmbwZrEn,3
3yjYId62mEKEy9QwbCGoEa,0
4KegtKX6D86OmNy8xCXsow,44
55oYSMee1hEvnQrQBEELnO,30
40ZJO9wlOsxwldhSPqshHL,0
1Qbca84SoalSDtwF73xbxG,10
3KcsyKN0GyGQYGZJJhIx3L,49
7L3Cy0EUBxNRdftb2IoX2n,0
0x7bpdy4ACNf7kOcWIHbKe,8
7cUoXJUcbba7lzQ937Mq7M,38
4edZCE9G5hMfScEpLNZqFL,0
6PLIfPaILNJRw8k3VyKpu5,30
4gDhGCMUfeL9gAOzEzXVTZ,27
0LcnHlfLbVG3GWhKXQgj3S,3
2OIhccZyCQWRnPOvZXQgCT,0
3hUXBzW8zP2koWrxG5fNeL,44
4yCoB7NLTxHQoNclRnbGav,33
5dVdllwQxufHF5c2LhEbL6,4
63MtsInu01ReWF9M4rl7dq,46
6Y6f7LSvHxUA61ItYiSMKE,51
78QR3Wp35dqAhFEc2qAGjE,84
72LlwJM24dWKpFLVB3PWWQ,5
5o4Kal1PbEg8VbVjDoCx80,58
5Gx2SIkIWdSzdxnvfO3TJy,57
6p2BLkl2KM6jlpN85Sks93,50
5cYZ5msSztsVKkaSYIoZ3b,20
25rMWDcZtRw4HBiYby4tBK,35
2ECnUolDjMUwVVwpK2HRyH,20
0MnD6a0XiPC44N5yrEpD74,15
0HaAoQJ1PgF0gIm1o6JYIM,9
5Zl7kQk7IHp1OV8gM9YLLm,12
6YziRRY7UY6rZDim35Dolo,34
5ykwvtHx36Z6xGNO1b4lxF,28
3fJ6qG1m6zOFOo1HfU9Pxt,32
2wksUyr9N2dwxS60RzI9Nz,11
2qw63SLgNzQhEUwyVfnSvv,1
2NR2i4RnPZNKs85Anpyqel,40
67eSn1vaBoNuv0OwOrja7L,43
1o6AE0zzRZ9Z4tKVFu9ZDJ,31
17husT8tMWaBHcQqUpYDZQ,54
6NRbf3JfdWOR6H4H2A3Sfc,42
4IeUAegXVbETb7FpgNDnSM,61
7BpxBMNYNYguGWZZk2zOKe,52
6YmPSmsQqU5PWS5M8b21K1,32
3XGjdoFg8NuxftxFChDAej,33
10xadaGYk2aXuMjpvwSmo7,47
1qoGmzgGtLrYZOps9UZXml,3
7LAYk3333i3Z3ekJpR3lTq,4
5YwXPMiMoCfGkrIgaJQkij,3
44yaNjr9eyZsNsg3R9Arzv,6
4Oi5LdwWqDUCwTTjNXnnyL,5
39ANtyofTUt08iQ3k6FMYS,35
5EecdlKnu3NtOrnJkGpUqw,33
3fBnGiW7icFsAZvdYTCmQp,28
7Lf7oSEVdzZqTA0kEDSlS5,74
4NeOWqHmlrGRuBvsLJC9rL,70
62cYasTwBy6Y7pstdSTmHu,51
0NrK4sqr5wcvgSIaYcxSID,32
2emsHMLGBFHEbd6Z2svnF0,19
6klLvorLoo1sxvZcjJIY8I,84
57IRaiAB4hBZu3gnNVZC0v,69
39pS70eeDvyCAF3t8NAlVV,63
5PHxnRNat0vsS2Vnb5wpKb,39
0I6wh8pETh9PS7dVTzykQd,53
5XVgni83u3RSftZc52Gatd,35
2poeTeH4ystQaVualzuBrk,3
7AuM5Mu5LXtD2LR23njjBW,41
4Ma6PJzFccAJOXy0vbDxcU,33
0fTx5ET8US1Bh33OBFeugm,0
2QNrHrOPHc92ZTf7InJp5Q,0
0onGoqbOulLD4FgxSuTYcu,33
0YeZCdHQDDV8DEA9oXwi6K,59
15wgxJBck7rS18pK5FfuNQ,43
28B02YJaBMp2byqoM9H92n,65
6ZifCCNZnqWrtIeBp7RWP9,46
6NnILJkCwAHyeXywYiuGBu,52
2vDfGmj1miRaaTD25N31bR,40
3A7ZEigu5aHOHFs1lwfSJx,40
3VwrrEtbqrlvJlv91u3vHE,41
3zCaLPp9kr22wW4yLsTPd3,42
6ECavWiIYWE2Anxm81t06u,44
1aebwb9QAyVQmxZttwROWU,41
2APxijdVoN8AIrS1AuCMAT,55
4IIe0nhbucP0cFONORgX5p,41
5CJzig6FYq9fs2auN7ODWn,40
6g1F0aDjD33iNh7ZfGx7oI,0
6J9mEyi5F13mvjxtqLGtya,0
7dIB8pFLlM9fHHj8VcjDer,58
1NbRWGX7hybvzBU1Y5ysVa,42
53UXJ9NlgwfE8oOVFhinrS,54
2lFrU5wsc4o8Jgpb8TpHQp,32
18PS18Yfpzysb5W7HOUtA0,51
3DmvF4wNM7rZH45TSrj06D,27
07pBDImHZhH5XW6xz9Wob6,28
0j7KzELB5SlmxTOQRdvYGR,43
7nTB9LCOAhfcvx2cZ1Hx4g,45
70qmp46oXjH8hapj9l1lbE,49
1b4KQGFYbRqRe2Bx818Kqb,58
6yHPr8gtLv7hGhtZN6N3Xc,35
7CxWLI6FDroqte3DbucNx9,42
2pDgan1hrEIgjFU21MOLf6,56
04fLpmqdp4zlT9FRpkV64v,28
1T233PFtvNuqMH8hAsF4NF,26
5A9VzqsC7DdNevB7EHnVA6,42
06ILvvMXRF1iDNcmrdhSZb,30
7IRQl8neWUlBT7UFcLg6n6,44
3scAjDdskrwS9KoTQrvvs9,54
3hliI7ammMC4VmlphaL4TH,37
4mN9kmasHST2unDEhRfNm5,39
4gVDIy0NE9PQ0Z9LqUhcmO,38
6bXSfLBuqFQtVHNLxXbqbk,61
46l4jIghBuLjDzUqYXY5Oo,51
5ELEsgMwvWJald9BQbIgsV,54
274yAEeC1QztB3gCyDWtgc,21
36SWxJRBeW8D2Ndl3AGUDj,24
7lPaEd1BqOycaFRo05WIwK,19
1EZY58thqOAb5MGf1mNvU7,25
2LZnKHIeVzQUFQtC5j1Gr2,44
13EqDaY8tAIrf0dmLdSPmU,46
1ASnB3qoqmfqi1XUkr3tEc,27
216UyrLEp3uqVwncJjja93,20
0bqbHSWQShDF7sv8DFMcAA,30
6tWKhX3wI5EDpnyBTWLX9s,38
0tGmt2K3YvmCmvl4yV6InX,21
5M1tisy2u4mI5jXjX4h1Is,21
12gyuchWPAK33h5OAnkK9A,21
1XgUpqFzrZenm43U5qFx7I,28
5wT3hISDJermiuszF7RaTT,31
1sn5BUxIt6IoO37DajirqR,29
7x6fPxHJlgBhZHGF2UEbCf,28
6aiap0DxIpyscSAIaPp9kk,54
18mOjXq43khmSOLfR1rSws,35
2ymxfdsb9HKSVF2U1JPhOT,40
1YdrrsnOMgOS92mD5xTsBs,42
4RHlcNRXerWF5rmBe4KNUa,36
6jjDWwbSERXkQREjxohc9v,34
59bx5emG4yTKWzAxwxgrKv,58
4ZuiBNRL7M6ZIICenuF0zm,59
7521tuq6n0HBcImi95xRDP,54
3K90t1MhVMqcpgd95fq6mp,35
4cJwPE5HUXStHq6i28OM8m,45
5EhuUGepJFcGRNub9mk1iV,32
5BzDjeCZYxDd35rYSWY0yk,57
1kuf58pPX4pLciPhLhIlfT,43
3yp9bZjCLb8E8Lqi01Sxz4,53
60BtUdWzbKtpcXacm07m6b,42
5mUwRVKlJvIqn1bM9Lxzq5,41
0vNdaYu1MDw6ykRsce4NAc,52
0UVlkA6WKBYkEGZbUMHczw,40
4Xd9Bjd3MkjJ1v02z80jFZ,42
0ZeKNVRQEuF1U9a1hJIgtJ,39
5801f9g6Kb8D4qNjXWBusY,42
5nRje4jZZDcGsPVowaEwsw,40
4ioAA5k5UMFnRaFmk7T7Jw,47
3YX0i8qUHRWHnZLd5Yy7WY,43
0Lc8GyUK7i6DWn6fL4Za22,54
0cfgMbqcqdDVkooYMhnrV2,52
68R5ta83kcPebZs9Ru5L6Z,38
0PzZvi3PwXMuNlhaokdxfg,40
1q6hVQoOco1LXvGiQFTvI4,18
2L7mrYVvjtTssCK2hDI1zJ,46
2QH5EcYTJZywjgnW8JbG3Z,24
51OjUIiXdsPCr52oB5ntX8,42
64U9IT7LnMDLIF32xuKKEZ,36
0yaMn1bb6b5gJwR3eVudOK,13
2JDWDQCzd0K9mI5GEaToA8,46
6sT92lWDQbnGNuPlEbygaR,1
6RUpJeXT6U4SPEafnr9Wr7,66
3hQCHzkE5oSA3F1xM8bpcM,67
48A3iXuphgaaQ3yoLeV5RJ,0
37HlozQACAXm12NSaZIxF7,42
2IR9MmoWsguzwzHmdByrQm,1
35gufW50WoHlkh67uYA3bc,48
3ekZOKyYPanieZuumAFVHb,52
7rcZHRL3DrRtAy83R3nZVY,21
7q8BhxU2ZpUlXqmEy6nKFb,62
6Uw77XfBxwg7VX6mMdqAmT,48
598yNsG1JFrGd4n2kMoz7F,88
2iObjOsy2vpsariW4Y7hQg,67
5GO45r4u84nc3QvdoVw4YP,64
65fnx3Vbi6xdTWzy5zjx5N,39
40CzF4QRkG1XAYonnuNeVp,65
5YT6EzwPldMABUP2C2mAAz,0
6MeXp6CHAwZ3FhqgZ9XMha,46
7rBc6rDOew4pAoVczLwb3I,55
2foRfwGVxB9LTnsihcrWiu,24
0EYZTPdmYkj9Z2q95SepDx,1
67jrhonxy8Bgdqs3BxeHZb,60
4x9sU0rsrZZynHpRebIxJs,45
4vLRgSxcRmhnhAl9dKb0jl,59
0MO8aVNj5cHI7je07TamaY,56
4EYF6ZVVDS3l2HnRiGXqYN,38
54l1COHmPabpaKkc2LbYar,0
3py7p5bZY9Wme45qQDQ0v7,34
3rnDyg4f2oRsWmXdZVFD1Y,63
2lAOxB26frBq3K9RA3cjS5,30
6m37YblnnlJ1x7DfTc3Vj0,48
47dwmBX3P67PZj8147Oqbd,0
6jJjAgqZ9Nh9NAaPuvDTHm,35
3HvUqhm69q0l2TUnXRjJfK,1
1mUFR57zGeoooGf22RZysa,1
4ZlAmYFjBTeuegxaC8kvgb,43
6vcIFbbIOVfek0Npl2t1qq,0
2m6xdtPjzwNtmqGXPsidxl,0
4qp6Tw7bIMWezyz2pTNVWm,38
2JxeAupAiJdB8I2cieG4rP,2
0ctMHnma5rklnfurOKFXV0,0
09OO7Q2aOnwUA1as7cgiaP,1
6pEROStfGkIV1sOAeWkUid,7
4KGMWul1fFHccT8SWhaGYp,36
4Jp4T5gbCLQzGz545Jb3NY,52
3gPNwPKf0rFbRG9FVxS82Y,38
4Tyv7nnNTHC6mR1pTubIrw,7
7wch5iJo4JFtmrRfPVUBr1,56
2ej6iCFQWQDD7c1DE4lmGq,38
0kntLHZ5xlkNLN6CWPetOK,0
6fjhjCbGxCJJtpyLmGhfYv,32
6gQaf0ANLks2uWl2AHhU26,47
39SQnz9u6zd91nZdaPmmJK,59
1OKPQF7iS8TVxY4gwvBZ3n,2
6yr8GiTHWvFfi4o6Q5ebdT,16
5yMZU1xolje7E1xGmezcuj,5
2urL6rzs1bdZTtDGvPdYVt,27
1FvOiE8MGWB8MUCAPvro3h,50
5VRxcsBgrwQj4naQHU2kM6,2
0j5X6DrzkgY64Mm8NQp5mi,8
4j8rtQdkL8iXIgaraXjbs4,0
1UcVr8cmBFNc7kcRPH7xWd,31
6m3blCKBMVimP5y8bTndD5,0
3fGn4vhiwSZB6SabYaol81,0
0Mr2nNmm3OH8QAT5UGOLbA,37
0Zh5U48tZNeAzzLTV1CVBE,16
6zTfkjNNQKcGfjJa5cKTkq,45
6nNohJa7K4Q5ZRrqCndzph,30
0gDh8XfKdq9of5fxuyayq2,0
5OY8EtE7tt2nM4c0oxhJY8,4
3otXXK647gcQHcy6Mu5aGy,36
5N4av3FvMyJcMRsjnx5TYk,27
3PDO7rJONWwJBcYEwC7GVb,35
2Gnif8YLgt23hXwF9bJaOL,0
3SdWlGRIuwSeD7F5BychVN,43
3eBBnzuWOSFYVTj8xnRqQx,28
6C781pluv3BPxGHHCUJNYc,63
2JlNSTfEJzX8JrMA3q5AB8,23
6zAg9sjgtmbVdRJ7S0YeYh,0
6uP0XLqjRqFx8HAfesdcAg,11
32SFvZODywPBVDYSYtqxCj,63
4MxZW1XEcPuIZmkANsJabC,7
35QGdv6aFbIaLM0Ozr3rHt,59
5uQdp0GLfj6K1wTdKuSkwR,43
0t8FEAs1I7v2PLPMHS4mgv,0
2l6sQvgAOtvpkmN5MD4qPA,0
75zgOqcFLD5xWmm4wbTMsE,0
4HsL5A46wa0O2jQ0ngj3H7,39
0RIHDrcRAXtUlnkvTYPW1a,62
1BfhP6zvuPyM9u8xFrQGC4,32
5GgmaSJiVylNjuRnzodXv5,3
62KoomDvjFXidGPpCsfW3Q,0
1YrHyDbH17btvI2rFTkbCQ,53
0vM2JGnMt1wBsufvvVrgDi,0
52IOqxpm6hNJpiybAdCKeL,33
7aS6cyqiIzITFwyiOhcepj,29
18B0kNllS1JwrXYMCEFK7l,50
3BaridxR3bsmZw3F8ERWPj,47
3yDQCV4v257L3R8iaS9GGb,0
6WyMmaOWMwvj2MqudQJxVe,24
5ltdcgEflWut0osW0ZzLhM,10
12MDB5ARcX4wYVS1RnnRA1,0
3jGnPHFrBCTdtEXbfweXgH,1
38mndEUsA9kxpIAjeVbYfj,24
4hLDCpCrPzTZ2BqJJBJXEA,21
3YrcUQYqtaBcbgjOXI5FZv,31
65iyI1iybyv5ecsfBHSdUf,66
25Ril0FCw9THikD42bdOI7,1
1xIxMz1sNQ4b6svH1GuTtF,64
5ZY8CsGBDp8AJ31fPx6qds,0
2TF5z78mdoObRtPW9GhNzV,0
2jNlqJV2GnmKosuuvJS8RY,0
7ktPfqU1DTV6I3DTuLa5f7,0
1b4oehAiKqRh5uDMNJfz60,51
5SaXgo5XteGjNWOUGKzwfA,0
0Z2J91b2iTGLVTZC4fKgxf,65
3gAvYSeYWyBMqGuLmrZs23,0
3UaqMekEh1kbVu2A6DwiQs,3
6mZcNu9i8uhOYMiEAyEx81,10
5UbJK7IHuc6BSZCwagzp3L,1
2Ks9TtFe2AD6kK2GX211Ie,49
31ZkEyJlfJtCjyMhmZxLEd,1
7sjwaBQ6M3aVigYfBjm1sL,65
2npw9XuCQpHXM9ramYL4HR,44
2b7FqlHc3JrzlYtGEkzq22,62
5o5KX1f1JBQ2SxGzE8RQQA,48
2mvOTgcGE2RagkpO0ETdAK,0
6uj1ZCdrSLRF8e35bsiQqA,0
1leLsQMjBo5bILYjyqPcjI,0
2bXI4Rbw1D7aVeHWLjn1Lb,60
6H7w7e8zC8QYJyqe7fZHVa,5
5STdMlrBf6pqWiNE7WqxSi,65
2wzMOVWqLMBNx7wVvJ7tt0,58
1XsIY6Pnj0xRZ84dHCXZfP,0
23kyUPJdiHQwmAH4NfCGvf,1
31VM9uxtem39xmT0dfDiSU,47
3sgTiqsN5eNNGTBl1VsO44,3
3remNAnjEnr4QukFZJyMX6,32
6jCGzZn0gFeRlbqdaJhw6T,60
1afvj3F24pPABgXenbjmdQ,3
5bh0ZC4XO0VJuH0NPGkqlH,2
0PrLodAzseOnN1EACxuAfV,2
7vwkKw2Xd7Pks1X712Au0T,58
0Uk0IyLPghlYD4M3rniAmA,0
7uDGc9o2aRDrIwqrSgViDX,45
5MYFw4T2gy52pOGBN4EYHS,60
3cSuhzV7wKX5diQ8hos78P,65
3Uo9e1WaAuk4CEcSWIKxuj,0
1A35w9OSTTVXw3c6tj6AiV,1
1QTeMDnelf4xkKY5ONSnda,0
4vC68M5G8aMAR3wsefrBnX,0
0uPMnrUKbk2fjhv8uF8uPV,0
28jIn3exiIQxo2lLUlXQJs,40
54hFBqrtiWfrh5WQJZwguj,50
48tybOd2kxWaMjnYrEWTvY,45
589Y5xhSccSNjd4qi9nktS,0
6PM1sGUlHGCssd7nTPuuYa,0
33CRyVka4ZEHeJ02w7nT2L,1
74OqjT3PMVWlZAyqUt4FgG,59
3V8zitLu3UTaYmflW0iCco,44
7oW0rVleNLx2sSDbe5lLLy,1
2RIT8c120eYHcg38tBuVTj,49
5BKDqwrywwngFZyLpRdPhq,45
0xOfha7ZVVZ0QTsGfo2LHx,32
72BIGQSHh7ZMm9BqVjUdme,46
2VnKsFFFec28UccXc6yosS,46
5F5tjGO4PWhgmi19wFuXif,0
37WOapWIoBmEbAQPhqestx,38
3DPQ8JwEAMvjNVddKK6vSF,47
2hBVqEAun938qKvnfYmhST,30
77vOIr5ZJcCz9l9Wm9y5AX,33
7nPUcqreo5DP2dz5dauBGI,41
4EMvIZel3WcsGdTXKcdte0,35
0G1b5Qm5Y1qEIBWyxoQhvO,11
1Elr2krap8BHDCofTxr4FH,22
4g0KtUbQx4LTGRyPe1AdT9,0
1Alo3mMIWznE9SZefCNhbF,37
7kaQDeRHwUYEdDxjueRUMl,27
4lWTTZUcpHp8TCxkcfq3Lt,50
4SIikVOaIenF6XQyedYBU9,26
7xOL48SkeqW5qC9F9uyenT,41
35mUPbEWBUMq6TLl0tkDMk,27
6mSZJKrnwmy7AizWQh905e,0
0jKUC6mPxkWHMbzKkvUp05,36
4TJ9nwEzieWKR5wOePK5zf,23
01D4b305MQyfJfiHHsHkQu,0
7Iz2uEnGQasIwj0HnTqdTj,0
7DzZjeIdmz7E7KiKhfETTs,30
19KOr8dUy8EFOMCfdqn6Ym,30
0RURdPb5FeKDxrl26KSUV1,0
1DgwC3jQkAml7Os6XjxKmY,0
0z96N6kyEynNvQa5DjKs0y,0
2axtp3fbr4C09y0lxNXzMT,0
4a4Kk28NJp49VbzhEZ6sQK,25
36WP50J21eOQpAn8SjFisc,40
69QcWpdUgpumeSSKLu4CZg,50
1CRrHJrVmmCooM6YbwpStU,32
0wF1SSdLyJrBtvLsS3Yx9W,24
7tTefbZ03QoHk8tK4wJmWV,28
3czjqhePytmioWw3lVldX8,52
6ZEXu7gQSkSsV5XDBHaqld,22
0PfPMNgMQP3vdF6aZU7Gv0,32
7jsYEwsKHER6YrR5oYcO3O,0
1eh2hhBC6rMkUNUp08d8Gr,0
22117D5gBBYGJi6Hro5GBS,19
5Qy87iCo8p1VnS1De8X2PG,21
4CnZFsEm7ZPGLQM0qj1QWo,25
4BfjxDJ4E7vSNeQHJ8dlwz,0
5IYxM2QhxH1xjy2RvBQf6T,0
4vrHmVmtufa4wfP9TCCJo5,24
6jgzgPDb0etlzxEZV12EmY,51
1jGUG234vAsG4eMKZGMg6T,25
4xqPB7sGQYd05MC2nS3E1V,7
78G01XpFmRAOGE4o8KFlzD,36
5eM7BYfmKceIm5Dv4FjacW,21
28GfiQpByoIU1KwG5YhkBH,3
1BKScJCplpAT8L4SAjHgsT,18
1b9s4EHmdT9SP3rzwNXQto,17
0jsFafckbVIDaq7Ubi0yTX,36
0rOAtBvCSsHDWxMlev6Bil,21
1FUEYboLIRAV2zLBqxgK53,21
1ZpDPZU5LeMqqLAAOxqPMh,3
4USrG9mH1gNdpRilPBx1Lc,18
4s91zAG5CArR56FQpeJprn,32
4GW1YB8tJ2fDcKQftYd7We,28
3To34g1YRg6aiY5ertjyJA,13
7lmfcCMNLUGCx08OeG03gr,19
5naD1NnFzHXiiJWGQrsI9p,30
3QZgmLxDNni6OK6585IH6S,0
12k0ULCKBLP1CpscxX1Y4w,0
2wjJrxQMrQ7thWQQ62NmV8,38
742YUMNQUsopCisdXbnFhL,0
2tvP8pZhPhUrlvZNH9GTH3,0
5tzr9EB0ZUToxk79Q9mVkP,0
7MXHGFVPuwzfW9Zt5dMt7Q,0
3CwylNBnGIfYLy0pbCTL76,34
7k9XAKJp28xmRnPPCkWOKn,0
40F7OAth7dEziY0Uyx5I2k,31
27qsmQQ83Foxt653rfDMsh,12
3OkORslI7AcejLNnMVM92o,2
7acbhDqMaZyH2Pv7acMFuW,0
7fXb8yG4gCsioqzJNZOv69,61
49WcLDJOqgpl3yYkRM8AHL,4
4Zvw81fVFWWSYTDi6Cs8w5,1
2NeHnSFnwNp1Z5WYgcjJ8L,12
2AaknMNIfzMqZGvbcDsJHZ,5
0RU8DZzOPoLgZzEa5wQkq2,0
1WMKmnOvZYouMzaeEDxYUu,0
3UtViEaas0MMrCM00nO61w,0
3B6cZYrdB9e6DGYV5st3J5,0
11Tfxz9hfGSoc9Mv3egU3B,0
16LnNR25rqcvQVNv5UEQ7g,61
5ngSGTy4Tw8cIBCMeIgoc9,62
7hpGGPTNTgdmyjtudEmLfX,48
65kcG8CSOM1WkhhOcufHU2,0
4xkOaSrkexMciUUogZKVTS,83
3DvXCbvkyzyfRYiWOJKWEr,1
27jrbPwbrJJllGqvmid5fc,19
3i1B1PnsfnOQPGVIzhf1lr,73
1CIBeW2oIIXfECP1KwVbKb,0
7nGxjom5uIQeZs5SuQAlt5,0
1FIjV1MDzgtRoXP7FaSkbr,0
4L3hja5ROnBDN5So4bUEo3,51
0fjZCWrP7r0Gzar4lLId62,35
24poDm4fvzXqt74loxSKdn,29
61QSuw5VlC0LTS8WMO356g,68
1foA2rJVr7vaBfFIDVeexw,0
6EaLyLT4d2bvzX2XYYztQb,0
6LH6IWKmglYak5gTQAAg3f,0
6mcu7D7QuABVwUGDwovOEh,65
4zsvG9puhnFUrm5grqLYii,2
2Dts49OexROL2KvCK2sokf,12
4f6EmVhrIZpKr4cRyCi3Jk,0
1IHfyBtCyWwjnZHnAhN22F,0
77dC7dKzMm65Y9jkJs0Ssd,3
4lDnze4JwIxRlN77meRYue,11
1sL25mF0g1qMJbAPDfacum,0
4akCwzFRS8Syu5uFy7L1sG,67
2vaVXGQMA2Gtvi67xLjv9h,10
4hFV8xf1MD6Tmg2g0XltTY,52
1afAuu13OoyHaNqVRgNm92,0
5Sm1X46tna50RstHZvw072,61
4OsMiEQ5hyP0cXMpLAaVHe,35
0GCh3K0s5opTzyU1mpdsSU,0
7uE5g6xnf80YRfavpReowD,51
0KbIwqCAHmXWu7hrszXY6j,64
4Li2WHPkuyCdtmokzW2007,77
2lCdyF2a9EcdBD7C6c99iI,1
4VzCNmuj3f8RtWpSKFZiLp,47
5oc70i45QAxUeE9mj5dAsB,38
5pBvNeOAJ54zgd5lEOmM3b,11
3GaYENEtvaA1lpI9DEG0Cr,0
2caf8plDefqF1DXxAFWzgx,0
4iEQnOoWivOB1d3s340Smk,0
6bc5RKT0IZyUnyfOaH4eNl,47
4H0dBxR0oAj3SWItssU4JN,0
2mVdGXEfBzV1yJNq64nvVy,47
7hi2T35u4em3FUtakLNb0V,43
3QazdB2A3e0NcJpNtQmz20,47
7JgG9KxAl0uhCPOLSdQjlg,40
5Nc9xNlB70aD5DltYd3eoa,27
3nU6ip6YOygqR3MJjFEb4Z,48
16PmczUxlX7dpr6ror6pXd,65
4w7yrP4RAeeyhfG9nJqQvS,5
1JXMGldyq6kP7gubarTwG1,45
6AFzla9oPYEXdP8zf2GfdN,36
6fGjvkhTXsV5II8ynoSSfG,1
7L7JF5RZ2s5Pb0qSV3V5cW,3
53hVPJEU8QOtEkHekMVFNU,51
2oJzaSnfdaF5NilLDgAvLd,38
3c8UX4JbU8uNtcammOIFvo,39
6aQOdVS4SLBoCk4ZDfFEPg,48
5E9M19xu3ajER8Cn8EYDAr,0
5CE1jL4dkfZlX5CiHZh5ap,59
1nDOeWBfRKA5YNQ8bKWzMM,68
72xXeUmBQDakumKfsTn3io,3
4P3L9MQSsM5OMtQjEaYt0I,2
6h3icF7e362cGSEOut34PQ,49
3JkSuHgKAa9l49gpJPGQBC,1
2qOm7ukLyHUXWyR4ZWLwxA,74
6cTLMb7FncAoQNMUZPFrCT,4
4udc6XovxThag5LUUZfbiX,43
5UeZsDGv8sYztBH8FJaPRD,0
3NGT0Td7H4Is1qrlDQJxma,69
014V6u9VubefjaPPl1QkTJ,1
3V608tXKQzlFg59P1ddJ0x,1
7uTx2o4PJ7UC0oNjtGkaS6,34
5CBuIC7TMAIN82W9bJRePd,28
2MC3kUK90yY3Agkw9jHAuF,0
61AX466Hnmc8yrG87MJFZe,0
5rieca2NXyJrhqjQi1hRdD,0
0HjdsfmhSJmGYt2L3BO5jR,0
2Dr76N76UX0xtZoLvwe3WY,0
1MYlx4dBtiyjn7K8YSyfzT,10
7w9bgPAmPTtrkt2v16QWvQ,21
2Q7sv9S6AaKBjNn7DKIJKD,0
42LiXQn3xibOEodtBMoJp3,0
0mwXfPCm4AMaz9J0Cn7FXJ,10
2Zuv8yMOYeF2TFERAOWJgS,1
0eJzykWzPq1TW7hrvMxKc9,38
3YoW2uHZvtHg6WPUVuJNtx,0
6Js75PRS6otkphpPKtIrcp,0
76v0OHTbZGeOZYmaLtEDhQ,4
1bhMShL0zpfdU9ipnjFt3v,0
56j240KFU0V3pm1FVRVHTT,28
4UwtMoKBvYi0mMbH2ZI3uB,3
1XvHiCTd0MDb16S8bQNl74,7
6axmyjkLHvdunPgr3lArhQ,15
3YCxqkIRn0PY8sC7AAGghF,27
5zR3bhyD2fUZISRHRGGGJe,49
7gVC9FXLXlMla0p34PEhFI,55
4poHz6pNdkjXD3BrBd9Uk2,62
3ZaLT1Rul6a66jqg14JNlU,30
075NNuZU6IxC7Us3L7ylep,31
5fQxYrN6RSIxRV7oIus8IF,27
5m8AOU4gnuD0zuC5TJUc1J,50
6LzaAy52SxEIOoGj7kpkXR,40
1i35F26CqncnGG3MNO4K00,42
5RJ6LmF7ElAfQuCAQ8QDI1,49
7bf1epka4dxVC6JOa5QGBC,42
4wNoRqV13QFo0ioevVaP1W,47
3xLJfPdE8ovTZ0Helln3eV,50
7z9Ze7S4jm9q8gUQGQVsHt,49
35ng4paFFvY2YiacXUP6PW,51
2FtSe0anJxhhwmWPX8g1ri,41
6c2jIWLPZwoVF1JGWUDfE5,53
45HLLpRSeVRURm88lAKYbq,39
15Q7CNhQ3ljqUO8e8loEq0,53
1DUsMfwwgEEyOYBXaZNVs3,31
27nk9YiJMIjxL4jFU6Tmen,0
2vJIpJnJk1UILrjEXFnKfZ,19
2K1mELiqdNYk5cl6LNwqCp,20
3MlUVikrHnIEKGY9Ya2wQx,13
1OydelxPGurQL1QZDSpP9U,18
4QuiVI7U8XvAu1gnONGNq6,42
5ja8KwfwvnFf3Q7AEk4lua,52
4w5lLpNddC9X05bBxddqFT,50
1BTJe38JAhmCvsnX3age5j,57
0W7iVjbLbE9yDDBeV45mAI,52
2AXOg2WMjJt8Os7M3b589T,53
0l8muCpDUF4r5xFZOPf0Fk,32
1JEme3LPa3PqqVqshasC40,40
1itdjHXFxPQUje5AsI5e9P,22
77Xr7wLQCoBVzg2rMbCi3C,21
0T6VlW1YjEskHYnWacdTBP,23
5GPfIFxXgGtX0GenuJhYOZ,20
7cWeepjrwHswyR0lRPJxQC,22
0bOwePluW3m4oMa9LR7kdy,0
6Q1InNFgkxVH3MXWtQofrv,1
2IkyuNAeE6WNkKZZB22k2h,0
1ZU6gtKny8alXlok1haqVf,1
0gssRfxoOFfBeOIdclrTjF,55
67frY4XkQx4nHlQh0tlul9,16
4o3EgUJNsviwmugy8w0Sda,45
5IJvdH1wDlJtMhG0hXRhWq,45
0Wyw4EtWEyZ2ZEj4qoTfhM,0
0ZQRaf4WBQhWREQjlE4WwC,0
6diNIDVm0xuLUp2tYDkCoE,27
0BP7uJvIKL26tsRut1VZML,27
72rvJAszkpWxwsTlvl7v5m,0
6glqOjvvv1aOwX1LeFaRtw,44
1ttzorSv4Dzn8U5wuY2tOW,27
4E6KKBjrsR5lu4mHPCVPfs,42
17dHqzRsRD7jA6JReeGsX8,41
2FNdRtwXmvT6sPJBxHX3M8,41
4oqoLxAFZsOVNsz8GncVRI,0
3nUqzhvYQK4VEbioFZKFw0,33
19tG5zpcB0oWnLyVtwR5SO,0
0krFHPgZshdjyNNKwIodcU,42
48VqjlOsSBUxCnx3jEpPut,27
6JVn2NEZ3JQLaHX5qG2Yho,27
1OnbbH3s2c77QYqjmJugQh,38
0LIBpB6hgEmPyWaMoaMfBQ,52
5lcfY0MhQh7BnIIArU3Xvt,9
04JmxH2IpgpIeZdbYswRq1,0
2nmTOIMQDRErGNlXRv6Z3N,0
0EaBAVmfrZbl8TNlLRzLhV,30
7MOjajQlgTRJlgqoSeb73X,30
2nMp5qXV1XylcwpfwHGKDK,53
21lQkxmBJNOtVjfEWeohet,43
4WGv2uh5zowr2IHKVwLcQ2,41
2dRuZopi29Ob4jsxdESrcf,35
5aDy7kSgepddFpgvzbfVoq,0
5Mms2ZT9lU6NpOM2dDNhey,39
6bFFjmQROkra391KS8GUqK,17
233bKjb007eeHGDhK3uKit,26
75o7z16lEhLQFk1B9GkbHG,20
0LMdYkvJ4gcNr3d0D5dnt1,31
0vti3nT1A5mKi1kgIu0ceg,8
0BryGBaXMKkNapnKtbJJnb,26
4D7DNBqLovDRh4kqYEjAqR,0
3qBHrfOyCLOs3Oe2a9BN9H,17
5ceEaDSTtQR6HQ9yfEB6Sj,40
6Mu2zk6QIdBF1t7rZ3moBD,0
5iQk6iWdOd8A93ps8P0lKG,34
3HIXYQQ6PJXF3JtqTUm8uD,0
0XWUWw7ovSHf1YFuwH3GVD,28
3ZpTL6e7kJq5AKJZvIu2gi,46
0al9yd2pRDUY7GIYUnlxH3,37
6rgVLbCb90OOlZjMN2t2zE,0
6koN0NiH2bb5FnEKKKUKbo,44
4Y1t8CoEPuwSLAD9Av2mUw,26
2eLExJdkvt1FoMEKjDB75K,29
5cByFZR42O1uMjRk7RTrHs,24
2TsWCaWq1uestFUgZ1Dlqw,1
1USZs8RE7s5DlI2gfb8FLP,39
4od3o9g3lRGDJBgu4MXt2N,32
1EuGnWfngnsE9FvvHCVYpE,44
4j6XP3V95njpFk6dJ7xLBP,46
503OTo2dSqe7qk76rgsbep,75
5n8Aro6j1bEGIy7Tpo7FV7,68
4LwU4Vp6od3Sb08CsP99GC,70
7laxpWXzfcZV54p1bNRYek,0
1ofhfV90EnYhEr7Un2fWiv,62
4SZ3B3y1TbwTK4OIXMOVEy,54
7iXF2W9vKmDoGAhlHdpyIa,71
6phmKeRhJUsiSBJgMkgjg8,61
2wGSgTmgSF3xjRrHkTc25R,72
3zCg6CUmhxHukbUs0nd7ar,51
5jG3djnKEjdcJwidjYWtxL,50
6KIKRz9eSTXdNsGUnomdtW,70
2EMauqGtcQBe2WpALvKh3j,46
5vrUTmUF0mDNE8lZWEmU9J,0
4IYKjN1DrYzxKXt0umJqsG,73
5ByAIlEEnxYdvpnezg7HTX,76
7nYvUtkQMx1v80S2FH2s9J,73
6QJOEIPT8g3fjdFxibpy2F,53
0WKYRFtH6KKbaNWjsxqm70,72
7kQQwRj3bzpibsKqyxCnLA,0
2g8HN35AnVGIk7B8yMucww,74
6l4wMAXzI8RxIysQMYZY0w,59
63LiOsvf1w1DSbmjbxjh4b,51
0tVSehz9YkXjtlMjtmQwLz,31
3B6WDceNe6lUQnczntRIuf,55
5XhkV07Vou38wnrzwURUOC,70
3ssX20QT5c3nA9wk78V1LQ,77
0e7ipj03S05BNilyu5bRzt,88
3eekarcy7kvN4yt5ZFzltW,94
2Vx8E3K5icPZR7OCklWBXX,13
6UFEJuDXQMWhL5UH5f9fUR,46
5ry2OE6R2zPQFDO85XkgRb,88
2t8yVaLvJ0RenpXUIAC52d,81
3iyZRwIGmyXvdZMoxOlur7,53
4qKcDkK6siZ7Jp1Jb4m0aL,79
2ve5NyzWHUbIYxL33goCX7,41
2IRZnDFmlqMuOrYOLnZZyc,85
1ThmUihH9dF8EV08ku5AXN,82
7C39RtGhnEw7cyf0Pyw7PV,48
2VWbHHhWnMzKWPUs4IEEW9,12
6Gg1gjgKi2AK4e0qzsR7sd,92
119c93MHjrDLJTApCVGpvx,72
6Ozh9Ok6h4Oi1wUSLtBseN,93
4E5IFAXCob6QqZaJMTw5YN,67
7KwZNVEaqikRSBSpyhXK2j,75
0fySG6A6qLE8IvDpayb5bM,88
1xbtojAZsQjOgiGdGX6ChU,19
79s5XnCN4TJKTVMSmOx8Ep,76
6rEEEGy8HsXszt4mQfJGTw,39
5j1yOqWONR9T6l43AzJ6Es,81
3mgfxXdvKRLlo2X1mmp10j,38
1gFMfqyVSXHMgvRloH2gDL,71
5hDAT527wXWNBnJlujhuUs,64
13hXU6vGPBfVJhTMkOMPEm,41
5ravc2aiNoYmu9m37diYXW,80
5OYYacWV45MGBnFakswH5d,65
5TX09uRsvBU0V7ipk8hZ0g,56
02TmyBZCgcVihv9PVK9Mw2,71
7CSMDQAaEC9SCpEG1UrL86,44
4PmMVdIFpJTB9WQbmILf4p,72
3JERoo6pokCgQ81z79Jpmo,75
5wfyoR8XOkw45QRtFOoxyi,74
6tiE0a2f8Z7CZeFRvOWeoi,59
3aQV6E290SJvasp2VOgvBz,67
6qNV0Y3qiJ4nOoOtzxIu1S,26
0nbXyq5TXYPCO7pr3N8S4I,98
5FkoSXiJPKTNyYgALRJFhD,83
3VyjsVV24RmBIbWJAeUJNu,92
7h0d2h0fUmzbs7zeFigJPn,89
1iQ5E4z6CJ38dIzvMI9Wdo,57
2MuJbBWAVewREJmB8WdGJ3,60
04Rz403IY7QUqgfrTWX6OU,50
3bOvAqhaZNSWpGVIvHEx8B,57
4TK1fmhOkCxVXfBGcqGrhz,23
6nwAubYnLGl7F7cDuOoVLp,62
4GYWNXDrG5wWOJteicSy7b,0
7hdOchAKFm6FwzyevcQ56y,52
0BHRbisnHAEU4DtPyyMJDO,32
7vfvZp6KZJpxiaW6rI9ieM,60
7KYL4ZSKTKzzlLbWsGBfDM,1
10IBstzGdLMMwtxTiefXtm,0
22t3RGAjsN5qaUD3GmaGHx,0
3De3KVdbrudp6xIThohCde,0
1kFyVRbMT4JJynQgTFWKZj,0
05KCB1XhTrdEASLYqbESny,35
25XphFUCyqVtIz9mI0Bqi4,0
5DTQC1UhuhvQ6NFKV99kI8,0
6YYd5MLpu45J0uLrMdivF7,65
34MRi5GRWHFUa731JBxFEl,59
3odZdERAbBVzLelo2K3j1A,17
7N1Vjtzr1lmmCW9iasQ8YO,68
4qfUlchVD7WM4JhA5xio6m,56
0W5M10Od3wY9GnS3MVa8x7,0
1BZm0t49YEhM8xbTINoQKp,58
4LOoPg7TavHtNmCTOfd9XQ,8
6AGeNvFocf46EqQgP3wzGv,35
4UyqvzVO1qVf4gx8y2cZpj,0
2pMAmZdHfQHyqJCXJbfhK3,52
1MHtFj66arQ3vD4ZNK1RYy,47
1yeHVJsVPN3ZskQ398be1E,32
6WQ6UeU3OAflPdPGZTv0uH,0
5bPjleBV2VtjRnc0ogJ5ib,40
6tc1IhhVqycGqPOmlU6rB6,0
3ToCwT51GYA1HTDJxy7ZZX,41
6JI5wNWYdBw68GZjOMmgK5,61
5e5hRYVA6SatSjvDiq9WXs,42
5YPLdtq3s1eEwYYwmxQTsV,33
0MRpNFMPvo8bqhWhCGf1jK,0
5PZvQeHocidnZ73a3pHO76,47
6SI4JD7iyQ0rrudhCNtMv0,63
3UQAKY0SUEonxneROvv4jy,56
2tNmhDlMbwQZLxQtWMt2EU,60
0Ed7MeXx64f6OcIuoTRCg1,64
67ncYmW29pNJJY2yXuLPwT,60
6KDHudERIEJMFAR76XJrZ1,0
2oLwDI8tZUOh6SmTMRRfKs,59
6yZAdQyPJtXjATvAT8ERQg,55
4RRvVSpreSh8psHZodRUU7,44
7DRG5fvwk3fLH8IsR6AJaT,32
3LklW07tvdx2AHsgfi1Mng,61
05VHidqx1tV6V7MsCdAIby,55
1yFORmqWN4bKhboS8inzzv,0
4TOzKNgRp7BZHUyptr0cHw,0
0gEF7HzO1mYr9Hp4pdKalV,56
1dJNuQQ5Zp06oBlnwpiNzT,37
1AHfovSnGPVYKaahRtA0U6,64
38fJv1GvxHkHlgbERUuBCJ,6
5YGLiu7ebWcnqoghFBk3yy,50
6Xio661Y2iL7SDKFFOG9cv,55
13XHuE00ElL5thSxkaEXxK,68
1ei4Cg4zYN2y17CAvjETSM,50
1z3Q1tjW3b8HndGACUWDcM,31
6RgS0GRNijUbyXlugK3W8Z,30
3Ti0GdlrotgwsAVBBugv0I,69
5FGs2enRe23RODlTmGYbX6,47
63nLTE8alkNlpudCkxUnd1,39
1RXEb6UTxJ05RffnAWfUOE,59
74Yw8aWE60rlSAeT49h9BS,22
0wiBYsf6AMo2oIMIubtqOT,0
6FMbRkntFOPQOiB059MQ4x,24
2HoDr1yVksl19omOhc1zWy,62
4UmD5AZJ6fiNBmq6aB351F,0
3p50PUgtBHM6rwUuD3RfFV,50
2Ik0sIJPSV8aau7fDS9jJv,43
5t3FYiaVQ9c5wqt9RwQDFQ,0
2eIRE17ugmqHEjDbXWCalr,38
6f2xulX5HzsHMMh9BWUS7g,45
4dTtYVQzlwBMpVyQ4h3wy2,58
1or40eH5JXm4JE2WqSVKKW,0
3GKL13lkM5nRc4zC1lIOrR,65
7vrbpecXeRa2GxHWwot58B,0
6Ij42HHAMo8ZsvdAMTWTpU,0
6cfvxVx2PZFSFeghhmciy6,37
2FWmKZ3kNbVsKGhuNHsltW,59
22Yq5tkMN8JE7h1Bq3pWHS,58
3cuy0jpSxGAoTuJE0KORoR,48
2HvCL8hgJoHrrGAZEjQ3mM,27
37hqGqe1Btdp6xuljIm4zL,48
2XncSBceg7BwEpbWVI6FLi,3
26q6YTrXt9l8qshIveiTX9,58
20s3FayrStM8GY0m4dRFsw,51
0cSJGFChou7M6u2ju9SWN1,47
5jAeM4WKpqDX9wDJGa7IFq,42
3QbglwFgPJDHq7TbmUb3IE,47
2jv5jGgC1iFQ9Ury2ci9Y4,42
33OjMQub4EtjwxY4Pi0g3U,61
7JXLHs3JxQ0sibWrYeV1co,48
6AFWx8JqsslV2MsWhpGjnR,51
1fG01hFiFGXZKRMHXsBlyf,55
1VAFud1nSkqa7efJBxONAz,49
1aj1Qg7QvZJ7GZuSY9ISea,51
4owRIrDAJPqNWGf2SGC3H8,68
3OueBUZsmQERpu4hSF0jCr,35
3BYY2756aaf3cCfrqaVRAt,45
5HEm9RTM8fIuzKa1RBj6xZ,61
5sH7vJ3shCpWGpsHMjwkfN,46
0uYmQ3X53P03KWj83u5I59,61
3PgRUeQuuY94FkKdDBbKvq,47
1RqpijoxxQJ9FWS1V56DeE,62
1ISiF8S1Yehu7OrSJU8Kct,54
5LUNEABcjkQ7jCSpu3uBPq,37
3cyJAZm2r79wdzrsQtv5Ob,48
3YreXzJAZRrchO72v5G5K9,49
0zLXP2PI5JG3pZ2KaqEWS6,35
4D2pxxPpgyJdowXmebsXKs,51
4mTtMweEZoyyjq7emPX5hQ,54
3N5XOukuZ6JCJHoHVRowS7,56
7ucZwIC4XrQZf8L1yqCOGD,40
4TnjEaWOeW0eKTKIEvJyCa,97
3i2GE43eD2KiN0B5bWNvo2,33
6djzhYE1NxgS7YgnZZEqnN,39
0Lfz9oMafqp2UFH8xkZgDY,38
5PQmSHzWnlgG4EBuIqjac2,68
2KFg8kjYy0rYjWsXGhEQHN,68
7iL6o9tox1zgHpKUfh9vuC,77
6ltPEsP4edATzvinHOzvk2,18
771lQyKAtqXRpZ7iM4JsbP,4
2D1hlMwWWXpkc3CZJ5U351,65
3u9fHuAtjMY1RW2mZfO4Cf,19
20LxTsa6936zOlzTWqoPVt,18
4nOGwuxFp5LIFe2Nj476xH,2
2c7uynLkfT2HVPg8xuXxZp,26
4nva9EpKntUTs6CRSGBCn9,75
4mSp2FCzwGUN58aurJawQq,50
4LujRMTMwAfFKjm45tixHY,7
1N9JazWqQEGOtcDfL0IAaK,1
5vWwuFTSoPdyY8rH1mui8W,48
1JIok1fu3Du7Sv8QLwklyd,39
7sLpSWxQazJzDVG6YGzlVs,60
5vBs51lDuNru58PBmWmrDM,1
6BX3nIZqQ9Ji0ZK8QCDpCs,24
3Wyc7M8twhxeyaC51BcQYb,11
6iGSLWmAj6E4GGnSzLxBJf,49
7nh0HBrSbnmCfAraHcg7vK,52
6CWiDYxP6pZg2WwYuYg4Ol,3
2eU63GLRBeMOszGRTCEE9E,2
2wxO3ZydJTZRi4Bbc02q7i,60
2MzLi4EopILqoDTZuLtIzW,0
5yfpdBo6QggnG9liGh4PsE,0
7CmZmiCqn9xKG3rLnr1GKD,0
0W79y7M0f7qbaIpYCJ6wWO,1
60WcXjimfbhk6T0gj1Eufg,11
31H7LPONnW6megZrmnN5th,0
5TE1sg1crzw1skiAyRb5Pm,0
47wFMd4PgA5zq5USEGLGpG,1
0pIFcfwoeZ8w4eqEUk9mWh,0
358r2r4JrLyIEhZ8MQVpO7,0
3ORfa5ilEthp2U0TRcv7kv,62
2NRQ80uXOLkfNMXsjuBOxB,1
6lk4Nhg2jo5rAh5EYCBH1e,0
33ZXjLCpiINn8eQIDYEPTD,73
3jFTsobEff1Cz8DlIAisYY,8
64E7c7HdsIbbDWDSGxNJVF,3
6a9LBz9XcjkfyDptahGIO5,39
2xTft6GEZeTyWNpdX94rkf,75
5QFJQXKRRKpEumd5BE8raa,3
1gnwmsTBXCw5Lyxt1UxM8s,1
63BokRfXSQhEU6Qi2dSJpZ,65
3eGBESLT08agei7veoLLlz,54
7DCPsy8KEB4mwcvUGqlhzK,31
53BZ6XygAoubR5DU5w38Vq,69
7jLbTp3qZzah9kMIdW8e5M,68
1oTHteQbmJw15rPxPVXUTv,70
6EElYDYyvvohMNDbYnrvn4,5
158DIbrVt4YbqNnWyRCS3P,62
29VrHhpC5AS9b7XJYDPhqb,54
4EOpol0K5u620R2OLfoJ1B,7
09EwNbGvUyu7BDEYG0cJro,65
0YImOCkIJ2PWhCXaURCZnY,66
24vNw0Z0srb4zYXwrakw8E,66
1Sgj10byiGzPpI2IrXSFEn,66
13QU1ThhwiGzPfwUFcylxr,59
7aopCwdw4qfpROhF34RGlF,41
4WlL3AyvRv4xErrPlKx9M0,25
1RjU7UhRICmdFPKxCucLgq,66
3MQLYKlNxsk7csGVEcw0R6,2
2XhTVuXI1bQ3CkEY2raQMw,32
19FsxX4RthRMZGfXkImdCb,66
2h8mtZXFfkxcDNO52gvsMY,53
12G1TYIfbpvC0mdFFn4Pbg,50
5zwz05jkQVT68CjUpPwFZe,66
33zmZuUrpdbwgXL0U8ylIl,2
1pOIpxfrQ8AszXZdKR3aH3,62
5ZPzHLzi0ohJbMAKkJ8APZ,54
1rylJ0VXvhOzLGNm401iaI,61
14Ai4sTxWbQpNymhpQKuES,55
0DFRrABd2ppHhS3QaZuCJ1,57
40q2gLHiAqU7EO5pkhPTE9,52
7AlBO4BbMo2MYwpqIwLNGJ,45
0XmigPQY1jq9GxHK4kW6uk,50
2a9yoHHUk5dRdq5GU8KvU2,42
1PgHDUdXBgqCyp0Aefn2no,45
6zo4iy2sdLMWeDf2b7dpPg,45
3x7Wt94A0GV4Kv4igBF5lJ,37
4vbJFkIF8TFCOwqZRI5C2Q,10
2HCq3QncPlpbtckYdE2RLv,0
4fvMIe2hj5aB6IDSjLCml8,0
5sHSDi9HNoHT2pXNd61Pw6,45
2DtYTsG1U625KM0TS59c0F,12
1j9Ps8QdrngyB0RzFK1Qwc,49
3A2a0y5rcJWhm1GJq04tuV,52
6P5NQwfFIjhEUl8reqff8R,56
2daVglxoTtUKTwyJuagqya,44
6WCggwf8lwufz9ZoIVggJn,48
63JtyRFsZqi6Rf61T48YRJ,1
4eWjRezM47ITKWpB5r2jVv,0
0U0Rk6KwSKt0tOrtB4FmA7,0
5L56aF7d720ZaytO5UMEtb,1
5pbP0GwvyeEzxBuO3GSf3o,43
3qDw4xCDcN6zPwvcSlkEeN,52
1txD1EHvjPKAp7VeOw7YXz,42
0opxSp0Jw0RgsQBy1qDwNb,0
6N22ySkUN6TD8qYGml6003,0
53x0TUbZcKihVOhDXxVIdc,47
7HmTLjnYmafbdou5yRPeDJ,43
2IkZFbw7m2uh4tqJkuWDJM,50
7a9KN84HehzsVv1dlbnnNb,0
4rBl0asdNK9Qq7PB8S4VIU,39
4WnwGiP22c2TwC1kaiDHzQ,0
2wpM3OKjVNtvZz56nEWrHH,15
5v0YIZrodtd3zeC5voI2by,0
68cje2NtCyi0iRqFkdzjwq,41
3l9eJDpanLvBIPhw6F8oIb,40
5m4rKNB8wf2Q4oMupdmXFQ,0
27lm3yIbCVK72Sxzg2bC2q,1
38mwJAySCI0sxFWJvN3KbC,43
4TYzLLeRQfs3t3AUSRK3pM,28
2nvUC76Xju4HuqIFXeiCyI,0
4vHTCgx5Y9TZaWUjIyuLvo,47
4pqCienGuMIbOdsHaOpf7V,47
3gppA9cIA46C4nomcRq1NF,3
1EPtSITu19y0DQvbIvs6Jz,55
24QLjRdXiJdhuzzaXg9mqK,52
137VK6DhNh2f6qhx1CaQ4g,39
3dA1Z1MFUVbdY796jNEjr2,54
0cD95iBmLYrI92Tfdr1coS,19
7qLqv48Sl8JTFRlqotyvfY,0
1POTZrX87UB3Ox8j86OT6C,11
5gVkQehV7dXjnau9jjfJ7a,0
15puTooEPaB3CTeFsNCqst,49
0Q4UnABWc02jPFQwzx96EJ,44
2Qp0C3AWVnsh9BdanL2Hkx,41
639uCLPslNZLSWWMenLli1,57
0qZi89Oud7EwqxoVF038Pn,0
1mBOHsHxrCYuxkTBfEQQd0,34
2oW8pBaoHKnG2zf7auryUH,56
6Gpj4BUL7EnCHdm5a1WLPy,38
0RtlVbd43hv2XWgygGRDPz,44
5cchJci8fb4K0b0i66s5pA,36
5cjecvX0CmC9gK0Laf5EMQ,0
5TTzhRSWQS4Yu8xTgAuq6D,0
5OdBi3RisDymZXw0oEr8xV,36
1nP69R7Nc3yIbiN6EUNyZi,43
2TKXBTeElco8EEnXtRkFdQ,43
6GMeUoXO7Xm9q0U1OziRjq,37
05SgVqTnF4qEMvKSGPeRSD,41
4f8AcONRDFSTj0eanWITR1,32
4oSSxi6b7YcKMeo5KsED1m,13
5mCndxGz2kVjrIG1X8yLvc,9
3P5ZMbUFyv5XnJ8WYi0vdZ,10
0EBgUmVGz4bWLyOw19y81z,6
0KR3kva01902glhgaqlzp0,36
67m9pQTDkmKFdmqgi1E6YO,0
5hqelGWfhBo8On7e7Kk5HD,52
6X0pg9AHaLYLq8Cy5j8Suz,58
3AaZtZVrkVvE7fnLP80LLh,48
77gDRPAzYMjjocOGmPBW8M,39
5daPTPtcS7LZMDRVPbOZwo,0
3KfgsB1luDK9XHJ8e4Hx6h,1
3KIojVo2dIYpClKTlAiLjA,41
1iSctFzf915OKMmqu6M65o,22
3H8n2CHfv2tV1UYsIO0OwG,50
5M9hgyDRcMzotYHEXvqhtC,42
38yO5JuwYujWm8XBvMOOrk,40
3v1ypIgbtMEzYf3mxNFokn,44
1kAsrCFSZvPfhQKwkXTNOV,45
1jaVHAdoEONRCrcNvRtCFY,55
4vOVlcGbOLDYlYIpZkU6VU,53
7JDyBLjOijEpNJGXn3F7MN,0
60RpCIrhpFyxXE8foFsFaL,48
2ujbOwvdiH020TO5EucGiX,6
1VvsWao3Tx3QjkWgr6sTaO,0
5tsho1yIhRDcLGtua06lFb,0
3dbCYM0LJR8tiL0W1XXmpK,42
0Bd3oaSitY4a57zlwV9sG6,3
5G8c5a3ndzhKoEGvYQVa91,0
2Ih217RCGAmyQR68Nn7Cqo,70
0HOqINudNgQFpg1le5Hnqe,60
4oDcVoJb3xYz5RDyBzkRJY,50
5Z01UMMf7V1o0MzF86s6WJ,77
3UmaczJpikHgJFyBTAJVoz,74
7i1nzuzVU0y6XzGdVMJDoI,39
7pf6YT5CmmQxs6Uz7dABNB,54
4rLpAOk5KVNcqEMK3m6Lje,63
5Ddu4AaN1VaZ1MTg1neCl7,62
0R2FmhqwRokQSAqIelysy7,30
3LE6oaTvpfu3nN4t9U0DmJ,55
4INDiWSKvqSKDEu7mh8HFz,72
2ImuQo1g14CTR9hZAZD3aQ,64
63KcYWznO0w3J5wymiT9QK,41
7HFl64GKBtPTa5YoW7j4jL,65
3AYFNoXF0xw5Shsg0lHvBn,56
1eduDdsjMO7Or4EXnMf2iS,66
4NrG279pDVphLmS1e2JVWp,54
0ZDcLapel9chZ15ZNuOdD4,58
2Vpj5colB0MPy3Zg5SITEC,57
0JVoSlwaXTn3l67xhCwYml,42
3X414ZlCf5U7pcpIaIcUkT,53
1IXa70EPedlpafPL7Ood2z,47
3RmKpob8xzv1pzHEQrMJah,71
3UYuDTslR35thjQzaVwRMe,57
1dizvxctg9dHEyaYTFufVi,56
00ReeHCY0FQUyuAUyPJdnk,48
2vytyWClpsahqcL6NibSE3,41
2eRmjYHL0FGtzUBW3S5l6x,42
4XoP1AkbOurU9CeZ2rMEz2,16
4Ce3D3E4RBqaur4dZiYioD,0
6gWN49vPb0J0Rxesdvh5sv,0
7iaw359G2XT14uTfV9feip,63
24BSTATmWEmrPOgEM17bfN,0
49zD0wr2S3d0lZPib0K4e1,68
20fAoPjfYltmd3K3bO7gbt,62
7givkGZW1cwM8MJYzMd2Na,51
4l59QWcA9F9qqvNc5pwDtL,3
3qX1dqmDdmMvvfMVfsx4Bh,67
59PL9AwYjIrIpP04n9gmMR,62
2OyEj7Xha6eRhaARY1AKbs,0
3ZfACixzMNAbRcpGwEkLRe,1
6d27FONQsGs46bwJyCpqBP,0
3vWtNiug49addenxdTmDXf,0
0XKcJLESp7Ce0NlzXcKAFs,2
3e67tA2GrEHOq6Nz9ucrzY,34
6uQQryGUd1GjojoC0Tp5bd,40
1KGBPon18X4TsQRMxJM6RH,31
5uBNMdSk5d4xgwLbfGmq9S,41
0hdiDzQu1FsfaYM1NIL8ma,52
7tk5tOCj84jine8kKJkPYs,57
4cg1yakyRSIOjxKM2I7J1q,68
6o4nVtywF4F75RkOcDxrtd,60
33JcUj9qQDayKswunZP9ar,65
5JvcHr1w3lwG09rsaqHECe,39
5J5PXmMdQ2nh1lZOal8KmK,65
39qSXklPEyvZRzMwU1yZkg,54
1FvU97lrWOG2NRxErh6OZz,61
4qdgv45EPcQqpQ08tF34f8,55
6JyuJFedEvPmdWQW0PkbGJ,72
0PyWKgNmGiYTFe6MXN5U4K,5
6sUTGZ7OuabFggXBP62tJK,47
24b20V609aI0WJ8LyxR8qx,60
2ExePm1EBdSJkr4Y4Nc50z,3
4JGypFKEHrlufSjF8DPl9X,35
0n2m8ZiQt4Aqcu6IAfPc96,2
00YAhmYqomnoWd7ogDUtXU,0
2QJnTfMpNG05KFf2E3gVIJ,61
00QyLmjxaSEE8qIZQjBXBj,59
7sO0dVFCfixpLshm4daMH3,55
2eMwDehkIC1j68U6FA3Eiq,11
0B8QzDH7YWih85V5SEMnyJ,76
7a9QBLlQOunA6KvPcVDIMt,51
6kig1UFggPUyZBCvXD3Wod,63
1GUz4aRpp2qq0h33pwzrAr,0
05hXrqBkWkAdl4kG0iNksE,0
1XAIClKMS3S2wkGBdN91uB,0
0HRSsZiisdMuUrWhzb8ewK,43
0nq6sfr8z1R5KJ4XUk396e,64
2Xqd0wUttjueBfdcltADOv,22
43ZyHQITOjhciSUUNPVRHc,74
46gjYTEK7W8ZTABcglGP2f,7
5lFDtgWsjRJu8fPOAyJIAK,69
4E92bmgFiHxvy2SNjXjC3b,2
4W598w0KcHVG5Nwqk0qMpj,52
3lyeSiAIdLoZUHhV8psOTI,56
7r6LNJT2LqpLpEyZQJPygt,62
06Gyf2pFDVmN5K8XAawG96,58
0nhVrTiCGiGRCoZOJiWzm1,74
50SmHk0eKtiMT8QPt4dJkN,39
5eqK0tbzUPo2SoeZsov04s,6
7sO5G9EABYOXQKNPNiE9NR,81
7HNiUkrlU7nJeVi2YCq8ZX,0
5u6vkDnOyaf8LsteDAj2ub,73
6iq4lMooC2s4RkJpcDNFsW,0
4iEpZuwhEuoilKaZjXQPbF,3
6fwdbPMwP1zVStm8FybmkO,74
0tdCy39PgWN8LFWu34ORn3,67
17QaCiTklVj0c7VLqErDGu,2
2yUbCEiaolfSMluDo9RMmG,5
2VKf0WEOpq06JE5PTNr9wa,61
7oregTERsq3KGexzIqWhqW,46
0N9aO27StVncd3rCpMuOpB,46
60SdxE8apGAxMiRrpbmLY0,80
2jt2WxXMCD4zjACthkJQVE,75
04MLEeAMuV9IlHEsD8vF6A,76
1Jl21sidRpEdlVBvYbssLx,69
3edzl4zvKFi0D3iuF6cs2f,60
0u695M7KyzXaPIjpEbxOkB,66
6crUbvaaSSMuLwgq63Iwdp,37
74L0PAlLQe33gbO3Wq1Fe7,54
4txe3BLayIygRdwSQp9itf,44
23dwrzeJtEEGl2U4CPWSor,66
2jTujnt0y344ai1rNOywgr,64
1AtJv3Zzf4DA9UfX822V6D,54
0CR60XwKbzgohE3I6NMjlR,64
1bFlyIMhjyZavdg5PXrkLs,54
5QbzvnhnS0CZMHjFGIwfHd,57
5r7WvQtyPfy1xch5zMgGRp,77
59q0gDvWPoL2DQ1SAt5ZLY,55
4SDgTLDYrJ2UrHbkRkg7MD,82
4IO8X9W69dIQe0EC5ALXhq,83
56AMYGJzxBO6p8v0wEe9de,86
6gBezoyVnuoGr1rkGHRX95,0
1rmvDAMlsBggMQBzbro2rX,1
0DBzZc3bmULyaTVqnr5G51,38
1xIDRR91yrYa3LvYWkOxxz,43
76lHIgJdHP8Yudv3fIr4ar,23
13KqNIOOSdYbglwbio785S,17
3wnqlDPm99nIIE9Wi43KVR,20
7uYbeh3ae4Hzne0SWacr3p,47
1ipfcElSaNrdqZzpdmri9L,9
18uskcQGHADKwukSPngyYP,23
5BBVTlHaSDBJ0Wc25p9yCB,29
3LIKV4LWBLXn7MCq2ml12I,27
4VDOJuROq9ptw3jz5ShtJ3,18
2iO0lEdYJHf5hzEAdAvrJU,53
4UltM0UXqB8rxOaa7UWb0n,19
5qXFcR24uZ4u4cbhqX4D34,14
5cDO8fIEgNUT2bMlWvrQnH,18
4e65Akwi5YrmizOgvttYcU,14
5e9lAObWqie7QuVJBzY2r2,37
7AruZOFWr0uhFNvyCZsmfE,36
3cwOsmYeJIb7qYcKBM8tLu,20
3llisjI26neJ3J29NaqH9l,31
0sv9l1SyBPFhowpwXClpif,28
195XLaBInYvnJMo4fzLNql,26
5y0RBOTeCL2YHCP49L83BR,14
2ea2aDmhSffJkUWox4scM4,47
3s3TyOdCEIxOWWZ3v8VNP0,23
339EMERs0fx2k3WCGbAS2H,21
46FMLH8rqFGY4UOGuSSxbY,32
02U7tu5WRzrzUPgWMAxiFK,29
1PrJ1Taj9r5c7DjwwiIbXW,0
6AFriNYjYl71mqRCky4PgJ,29
1D7FQQfKf4o3Xd2QTm1441,8
4eQeXSsMo1JW0ToI2uOW6T,33
0bh0F8gWMvZYBK36miTLiI,20
3x4zedeuR1JB0jLTmdp1tl,45
2x0sSVweABWBCS1nLYSyyd,30
1SbsqEPERRVHeESlZyTSib,45
1sUkROMJ6n0pFQa9ciOLu1,37
5HXbcoccdDpoMsPdbnB9MA,0
4WCTSxsw3NxmwYIiShQB9o,24
3gnUbsRuw2holW7c6NJj47,39
0Fuf9biHj7qcvbjHwvb0uH,17
4iZTKgbKY0eFANql05avMY,42
1kU7R70RdjUqZyKTmWuqFr,16
1IIMpmIvO8tBJrSb1oL4Ox,37
2aYfXHAnWqcVkaadPi1q4H,17
1d1brRytknCPENtwVd91fj,0
7c9ltQXPtNYjsWriIS1iTy,14
68aE75Eu67DihLeLWOCHYi,36
3nQt7oELDtRyb6veBpAPEL,21
5NZl45YHi2MbHH4S6qiidq,31
3kuG23SQvtSc3wPCee6oJN,8
3PZiYftIbJXKNGZu2CT8ob,33
2rt2eCcCuZVpFNb2zXiaHo,23
5pjIGLFgIuuuJGrohSDNRs,45
2AfZLeKYQ8WIP8UaWdTH2M,0
2uPXJFmzjIhhc0EdrfC8P5,16
5qmJFc7evOiC32P4gHc58F,25
4UEW50ulvMZj7q2j62wxFh,29
6D99og9DlJb2ucXHSJOnhm,36
2IdZrjTUCbEJDgej5PpfEl,43
6xY6sFMkT7JY8RjkCSfvUj,0
2A1n78YHtXy9o0bGizDbyy,41
6pkNFheSBTN5SRos2pyJDz,28
6CVDiifZ71s4IyqddtPKxq,24
0rvlewVY8zSmU5aweY21Na,27
37NLadlNpCObUIQa9ef1OP,51
0etM5OLS1gkjK26aRpKqPK,0
64mTlyWjAaqeZD8mSszh8o,20
1hsCfOiPolyH1F87by6qfm,26
40FJaSjTBdsIJ0upyx4Vjn,43
3tqE2ltAilYmfbw6oeOQ9c,38
2Bf669lDRfdfSiznO1bb7V,19
1k6fJBxzALyYveb0pLzzyD,0
0zEnD8K1PZROX1Zsr7QZeq,0
7Ffke2tyyOX8iQiDl4OUWz,35
7r8djM5aN8op9n6TOK7VXM,26
742Y9wVqNhENK7X5SUoxWD,21
1XSZPJMT106QBIKBNllFCu,34
1ZcwV0mqWLUvIdKg5sj2RX,34
5Tct3O04Ozldk840VvjOPE,44
6XowBnr8ZkGylaV0iKBKDq,19
3hwnnUQnUJPSq38H9e5SAY,46
7lQWRAjyhTpCWFC0jmclT4,80
0KkrT0y1iht0tqgh9vrGd3,5
6hWxL0tpZm0QOLNSpT6Qra,4
2vfvGlqCB7oertO5VLE0sz,67
5FvlQZTm4eOGeUiAB1bKc9,66
3yfqSUWxFvZELEM4PmlwIR,80
2zoobJFEB9h15fjYjRd6oP,61
5RGXoZt1qxmAErdhbyKJKq,64
6S5SJlNXgrUBTLa58NMwGk,54
52IuMfbQa9aqRPz2oYPAI8,58
5FHXxdJeq1iAE9PjDTEgyd,58
3p1oRfbN2RrDdSyG8S7itI,53
0VdZ7t50K2asjY5hsABTDI,40
1dF5Y2dd7Wm4wZKvVjWBpr,64
0rBi0GDozqHz2vMwCb19rC,45
53oWwSxPuyH2cjYKXH8fgO,58
1zUpNXz22EFtljQX3WPDzQ,54
1cikrStdIjqYJrpM0gfFuo,46
2rwmKpWW6o6anOhvcyiJOw,53
0K70lSOi0rN9yOPRB7na89,44
5UQOmTylBEdsIfSn37v3DO,56
79hH8RuVS9af6ixS97wREx,49
679RG1vQ3m1liChyglObX9,44
287tdUcso07UAu5jxXB2BQ,47
6M3lqzrkzSKrBehkeAxTXc,52
6S1oHrwjeF66VRUl1b76P6,52
1ohwrBQrxIlqMYfkoYERiN,56
3Mzqw2mz9YMKjjCEmypYfZ,51
2OCTC6cPRdI3Dvdb25jRDC,53
2RTXQxmxGfG6yLBvA0hULI,45
6KMoKU9mRNthObqYAMrXnD,38
3dmnVNKCxtohL1FJsM7xWr,42
4Cg05r39aFjzN1UN9jTK4O,43
7y9yjpRtZajYzVpXHRjwGz,64
4voEoczU7Ijborps9XF1n3,69
23trPalTVGb4H4CzyHrQ9W,44
3Q9QGamJUf6y6DU0MJ8jBd,49
3Ye4lLxSc4Sbnqc8mCxAqS,41
68YdZEkdaoXQTHRsxzS2Kq,2
1n6pgjMma0nsl4jyMzmjxQ,47
5cV7iNvMXJyMhFNY0HFbQh,0
7CMAwm7mEkZkkaBl82DicE,1
4ykIW49ZO7UnmKbancsDIV,3
2gwkD6igEhQbDQegRCcdoB,87
4dAMdQ6g4kGmnc1MDHsg77,76
14PlDNjNh3pXyHXzkhX8n5,66
3wGXyJGsCf1myH5MooQIqE,73
01Lr5YepbgjXAWR9iOEyH1,64
3P9P3Lq1IGsyhmNrnank0v,68
1KjQPDJQCUuqDj3AmfSBCa,74
1JGaV39uhSQd2eAteOxFlF,72
6ByJDHUIqR8pnOKLCaxUP6,56
6ya8ejoKgw906Y8LWclqrp,75
6l4qV9VNeCOesvcLPJMO9y,57
6oV5zsbz9V2nZ79PYam9yC,70
3S8hI4RwB6vQ8fgZZihtpv,67
5JxZZiXd8rVwHu0xEFvxr2,59
1eqdujVtIXHzWa9czBc0o0,49
6vN77lE9LK6HP2DewaN6HZ,81
4sWuPniHClkInYAnzXAYUF,85
7eBqSVxrzQZtK2mmgRG6lC,85
21kOVEG3bDCVphKhXL8XmQ,75
577YBGuskWkVDCxZrLRB4v,77
6V4KHt9xu4TPEnDFoBeacT,71
0OsYwz3SCLD98IvWfdLeRQ,74
5MPPttjfGap2C6j6eKcO6J,79
29ZXwWOOLz9t5fa3eT3i7T,77
1Rc8CHWbFlUZ79jbGZlk9g,50
0rrVn0KMlLHtAklzUrrfoj,69
6SOBCABlykuNrO04rmXpLs,70
16YQkGOiqsATntjuZCq52X,62
3AP0eD0OkIVTIoymrJgQMH,51
2zkCbezif5Vb2XeCyFaEwn,56
0hwkukpHcBJfGcIUxi1tK2,76
2UguK8EKNaq2uNLlhrnU8G,54
1lDnr10iH0O5sURL5JlGig,54
6YfTl5YupXOQBKiJJLrxcw,82
3cuykPS9TJOWufYPvTUOTN,65
0G1HcY6dlx8yjJBMCO9rOc,67
74lnM5V6ecvoTPV0fvptx9,78
3ngpmF7yiqVMesqqGuepX1,52
67XyC1GdSkKb9sbRRkUDXS,80
6uFn47ACjqYkc0jADwEdj1,84
7f1zjZG77S891Uv4O68yfk,79
570fgRkd58jDYC4uYAg74V,54
39WVsfrPyaLCx04khGj3fN,65
6ox6GMJt3WP2QghksDa6UO,53
0VtxQUpwnkeedz0QhhuOgA,0
2yAaWyAs1w5MIZc7njKPEJ,0
2InEG9es2ySrY184fVeyN5,53
4Ac0Vqx7C72W4GbmyqQxNQ,30
6gNTUALYq5cQXVCwXR7snp,54
2KEux6D75xjj6fdabXpeAu,66
63BcfK6YAzJYeISaTPr6IO,63
6x5ZPe5LrKcLefZ2obbwSZ,1
2HczRHTr4YgT9W6tRs4j1m,1
0QnGI4OgY8ReggLWvEXdgD,55
2ntj6zoYOXfdQDzxo2kHrD,52
5Tl0HJvynZtKdSUMKbFVVX,66
0cYzIKaobR7yaxjMTRvO6P,37
0FA13knA8ifgta3nWGkyRm,0
2dieHErJLwG7fOzD8WAtFO,47
5GSiW5PowBQibaKHFCxY9Y,1
4gMqB8Vs2NvA3usbZoPgdv,0
6xQZuh6E5I7Ga9RNTXUM9k,54
3GMR3hyv8BccozoebVMve3,53
6pGMEaR9abfB03jcoFSQID,22
1siDRjAa8MdxNoCHTiiQ7B,58
4h1T8pUzl9VtudWWlVAxxz,49
3a5sW7rqY5b5WDdANvSHxD,1
0BknVuf853LEmEzTEO3LY4,1
1R9eRTaQx2HxQ3HoyAVDJo,0
3b0dX6Q2lxp7OX5lFt0nba,47
3J5SeyQv9mh2eEMxAJ4iNg,1
2tOcVe1pLOXWVnDg1mARvM,0
5fsjS6L83RSJBqRJKL0BTY,0
00i2HU7TEzzftShjRrDSEF,72
3PA9dH8cT0wR5UW4XkC44Y,63
2bUojZta7GJTjGAqo064jo,60
34GfAO0JtCmZP6567yODfc,0
1EM23A621Z0QyTlWKu7T1l,59
1YQ7BbJR8HqAolfprvxGKu,56
64uU86Hl4Hy0ZpFAsA5oZd,36
2yX2u7VsiaYJPncqwcmyur,0
4Mg3aeA9ZrEZrhL4ANs23u,55
5PbFD3AIyunz5HxocduA9e,59
6Tsu3OsuMz4KEGKbOYd6A0,68
4fxOCTCTQtsrbK6y1K9JH4,30
14uaE0Tb2fGEw4nUtEPHuo,0
7o7rrKyfqGo5xw318JNFUb,44
0shK5iZQppbHPQYiy60xs9,63
28yT0sZlkqStSByo1j58J4,3
6o2g1BJvtYQssH84kBYs7y,65
4j4f7WyMV9fkpgFenajDuI,1
0DfqzZnW2KhiyXjVQiFioT,4
62raUKrBFGTw6OcrdI3c1T,0
6g1PQiyoaop6ktk2TLchtR,52
11nNgQrRDnRZNGrgx1Nl7U,0
2kM3gIkHRiikiaIUFk3Fje,51
3Y3kf1ipHR6rgqCRJoZOAK,0
6lEIjrQNwJPecJ7mMXjhjo,63
6ReA6ibkmZ2cV8nMAnZZ8b,33
6dQJI4hFolhMnZhSHxkuGc,42
3ivJymJnoceuUUe7wTP6m4,53
2Uvl2lg2PKadatoNJAjv88,0
0Qp37xG9JmIpYURi8xJl3E,45
0UUSebzzrC8hKiVcX8fBsz,4
2CPturRUlpvirYr7VpkXCV,59
4Tttv4p2xuAq1LpQ7LI95E,48
1ozdRCYFVt8Ui0dba1520D,56
1g0XWggBPVc8BMQERcxVBK,0
7uluf56WVfHNImg1lAY7xP,0
4iMoo46H6kGhX0pFpYnCVu,0
7hfRrdFJgFKK3cJ4rmkecE,64
4LGMSdeKOUoy5Wf75Je0Hl,58
4tzStSrQFCWoNU82ozFBhs,33
2B9aYvlGefTIgKLhM6ia8t,58
1IFe9I1vgx06d4SBxpD4fw,0
37zQVgP3aTLKNvluXLB5Ii,59
3Y6XWs8xMlCngyIxNOFnsp,62
1n86eBhlqaxWIwi5YZTUok,8
2p9sprAX27D6U5cuSE9NsM,64
5KA6S4auXremQLoBIsKprz,51
07plBjARJU1Itic3kQuV4Z,38
5badBrcNvFub5If1Mz93uL,47
2x35MVBSpQwBP9ZzQfPhvt,27
401Wpcw5VRjNOmsPpvKlfJ,30
7vDqM9MFCCAdeSSWQQdzT5,66
5LaFx91BE5YY9DpXml7L3Y,60
11DLmgnvdCJ0xMYp6r8Ja2,0
1VRtV2JlMRo4ZrAyCKTb2v,48
7nJ40UNjFW1SD9jDMajM1H,0
3f04ysVYLQoaKFHLHjezws,57
1yshNtExWJOfvjfvUqGcnu,60
2KUuvz45mQcuNdyB2x196e,44
5oYQ84f7jWY90pblm2XJAO,60
4uCRg4dM7mnDvJgdTm5pBB,45
1XB2YcW0XQDXLilwLOqWtH,48
4uW7wQZ3i4RivW2yoh11vq,38
3khnrlaj5CiXZgRLRiHsI8,41
2llz8SyoIxy09C2pOnsyAW,47
5zMhnddQonZvMO5kSMPCBw,39
5JdZoKXupuTx3zykXxbriP,41
6UnSa9JjesARBpfUCHTmVQ,51
4tTBDyNwQm9dyh6DS3spB5,0
2HOJ3zg25d5veWGlUe203L,33
4wseRLZqlHX0svfp0btZD5,43
6EoiDyFLeF4QX5IfFKXSYF,4
5qVF2rEf75oPrZHhmZmDKk,50
4fIjxAZjZLcJNygHWsFrLl,28
2iCSw0Nd7ioPh7TdF3T37N,19
4YPoYAJ41g1ErPWuoaZZyw,27
1oF0YS90jzk4M4Qxdk0gho,19
0iOsLardygHDqlTMExp9ak,0
1EcPiu9yccqlIGYdAjXiRT,39
14qnJ3HKmlKo1hwBQKJaB8,46
57DZJLuPk9a5ULzdER3ZFy,58
2pfJsufl4kJ0kMT5C1nlwj,58
6WunLSy2T9dGLdW30ibt8s,49
3BCDmMe7Kw2xEskxpVn2uF,37
7dEEQh0zrmar2UZmeazj6T,24
5VKN4j9rW1xkgrOk3PIUPK,39
2iqnTmYyY7e0SanovNvw0I,46
7yJj4umZ3DgeLU3LiU5TN3,46
7JxTp4HrI99hr6L3VMCZbj,50
3A1CiVw4NdW6dKuMjftnJc,43
4wPHioK5H2wDivqGWEwfaq,53
1TkdFLhO4yRxwcqOjvT6MO,41
1gTzghZ42RCmFTPVTWvOIb,61
5XMRDVl28VdvfqL0IFIiss,46
7ajxd0ULdHFjA2IqBlXlpc,37
1crTf4RvraCjcPoqsaT9hd,45
54cOByTOIGV1XhhNm5e52z,33
2gABnPYOMsyxThmsOQ4uWK,61
7iEHCU1oYlqg3PloCa9uXW,42
3KeiwsmA8ATkmuQSWyEh46,35
1ARifmfUe56dVQS6xBZgLr,42
5GkHz6iL6D20kI3bUG5PcI,28
5SzC5keyEryoV7tc7IX2Cy,27
60EKSZLqpbybeB1D3ocwXr,40
3Jw774vf185xkKIUZWySx5,45
4mqnIo3Yus6PL4S8P5t1MQ,36
4F5gOJZ0wHGK8rnd8jVUcz,0
5T8UclXfLOhYln4Q7GiQHU,0
0iXhrFJCj6fDocBueze7Yg,19
1pEMBjgNevArI6xnSKmLT9,9
0QY9hUVBMtftQ6pVP0KGqV,5
17lCCiD4GknuLyXi8m1DV5,11
1rd6O7sdQfKtBrnmeZQlRq,4
2kZQOcg3c838TB1C90pvc8,6
7qhVj3rxC6PWL97f7fBqGq,0
4qLbn0Vn0wXB6g7B0tOKy7,0
26ScWsyaN8pG45CcRQV4tz,0
1cucFzR8tzyEO1pxgPxYF9,35
05DOYX9MB5oUQbr6RPa6dH,52
6bR8iWWmjxvkn8vbWSkebG,20
2VXwsXy85H7wIpapJ2Btyu,29
2m7KKQhYK3hYpC9izt1JCR,36
2onVQGTfFV5bH8jyGP9yq8,17
3o8mSFsqG44paFc9iFJ3yd,42
53dvB3Csl9Wk5EMmUPpL8Z,0
7EuYb5wYgWhJIdzf38lebZ,0
4058DPUoC7sLPQ05pr3e4C,70
1XeaBc0qxmiu1LdxIThsbf,0
5lxvAURhqgI1qrNmJHB69k,46
2vzrNeaqW3rWYAgBO3YSZH,50
6GUA71tYDtRw2odqa0rteC,38
1seFxVgAnzOHHBDQgLkdmj,35
1PRXZfUbOszL7rlHg1sZh5,0
1nSPlJY53DG3avK6UfpDpZ,68
1lGKVCGOgKSiDJbnvNUMyU,45
1WzGNtDrvt0fQ75gpr06m5,24
6FXSKEJjf8N3tukavyd0RI,0
1SB2YU92hrqaxRvjISlHWk,7
6IvOJYhT1frsjHtYQYHKhl,39
3zIWKwDZU8loj68URlEQAf,32
0gA859UaqGLyvudBURgcGC,46
3dm3f4nyxuUH5KX6ZdR7nW,39
1tFzqZXa4T2WzwLsTCouNa,0
5R5ZrfJo1M67NAamKMIVto,0
3rFQdyT9s0sg1zEaYQmJ45,42
0cLFOTlDp9lJOfBxPyHbYC,25
2i6MtkMmJOSumupuJOTebM,29
72zGvvuFPiSXze3nqHJm7k,24
4Sv51IrvdBPZeG6Lbx2cIc,16
6Qd2OmDq4rPFQi7qCHapTx,58
4LfZGbBkFJW0KF44vNoVjU,48
6TJDIi4bBYRRvOx0b75XmE,37
6oyeeA0sHwHM1pPpZaIsrD,56
7pu5jnOlS1k4fmigtRaXvG,49
4eaXSrScP9VdnF4G0KaeDh,48
7aDtncONHeoXQqZoieo1rE,45
5NlUfFPL2z3RWAXy8NcRs8,54
463wzr2cC6HK1j1QxeT25v,29
4BPJpGU3OHQVxMYnY2vBLZ,51
4Hep6vGkBN5w9BL46omYBs,47
5AVOViGgI5gHeLhTqs9iXH,16
5TTOE0AG2peRUOE5iNdLXO,26
5s6JRth3XYtu6d23IqFRle,48
4yORBk6ZyYsJpnJchyZevc,73
51z11zCSSgW3OsL6UE2xcS,31
5BaRniURmLYghvDSUu8VcB,17
0EGZZ4mm5BTBrHspq3cODC,21
2iNjzjmZPOojZ2AP00Ww92,41
06QrplzAr03nfX0DX7vZEl,15
1TWnMN7Cb9HwoI3Ac3DDzo,23
2TB24lCBq8JwTkFk9QjjmF,12
1jWJcuTUgO99gntArSPmrB,64
2FAWeznU75CzuaKogazioo,36
2fP8na7DF7yTad97eEJ6pZ,39
2T5YxViSy8Znu6vsE1j0Fm,35
13QgW9JCyps7LAytEqGZZw,45
2md42KIaIVMCsyJW7Z99TJ,37
6SN1WX0OVZP2TRMnqfggVx,14
6VGGUt2yqHqrEnEeKrIkJM,44
6m2yzFxphk64CLYkDgl4qs,11
7atm51dFT3BN7vgANsVIeT,23
00p85inzGeXRXgqDVn7Ftq,36
0QQuVktDgYFDK9rNZAkS4S,26
0SjI6eZTjcpbXACDHhjBom,53
0TxdxC2KjaVPx6ZczLGKwm,33
0WEI3cNqwQ1nyWYsBw3n7f,18
0Xvrvpn9ZR609eeCbgjEE8,23
0f7cMUms0ChZDWFxgrFWrS,18
0fyBYsrmpihh1mfalssDlB,62
0hNXSYtNpYVtfeME1wZq5r,39
0jakaHRU7ubOzJTseh6tJu,61
0v3LiSaFcB4tb35ImKb0eN,36
10mgRnVLwgGuQdTrRZsnQt,31
17vw87cdrPSRkeB565wJH5,8
1EwmhTKFcQ9EZESRRDmOes,27
1H4m7QplN58h3J1AsPVY7W,32
1JJ3n9lj9c05ehwl3seVNl,39
1N7LOfeXaVkCzRSSUNW6W2,43
1QeWiDiPXHfRd2zbHgK5GR,29
1Qhq3Tkbj68i5aRPySso5n,41
1Qiwr9npNlx3noE0P2AMQs,35
1a78NcLp9rwEqODj96YevQ,40
0OlLxqpcMutBKFZctsRWHK,51
0T6OsFhh9xIqsXTbvinXes,52
0kWIaKRtIBA4jre7JwWTwZ,31
06KGsnrJI4Fd6V3rpSKDwi,28
0NurtsK6qk4qwDfxmfC2YL,48
0kCfKToIFZFQQAaSQHcjRL,66
0xpc0CPl0kAawaoe2Aq8st,15
1BrJYaaZLPg06NewOf4LYB,51
1tGXJ9OsD1lChHxcI6FA4b,12
0rKWOuuXBUi3jBGptuOy9S,41
19TcIDECdjNCWOW4itYJLc,50
0vtxnsqQPd3ctEOq20U8q0,37
0blBnxZjYFjP1DsyAuBo1O,43
0vXBObhGFYhTSIMpuoXm3p,39
1MxhhFSot6l3CI4abdhPMG,45
0p22RyiPGFA1xGWPjAvuDB,22
00t7QTffOR3SA3L1BvSQVq,64
12usFLwN711AuYx2HMWDSI,16
1upfW4S5eXLwC8PaTZFjKe,26
1va2rmvHBHJNXmtmq5shS0,50
1ydufXtanCmeNzx5EKB3dB,7
2Vc6NJ9PW9gD9q343XFRKx,72
0vSWgAlfpye0WCGeNmuNhy,29
0VSXnJqQkwuH2ei1nOQ1nu,0
0XfQbq7DaMOmVXgQ71eA6E,0
0LLeuNBWPOg3XA73yab3PT,55
37gqBnUAZe8BY8WR56kDNk,49
2ggqfj97qyiORmXoVFzP5j,62
7EL7ifncK2PWFYThJjzR25,0
1umsRbM7L4ju7rn9aU8Ju6,29
4SKqOHKYU5pgHr5UiVKiQN,23
4Ag89Y7qSUrpxcgRtSzSam,58
0QiF3l617bIKVrkBqgdMHE,30
4irYeuAi87yyGHcI4h9s0x,75
3KJrwOuqiEwHq6QTreZT61,26
2SZLtfY7dz7NLSxxnvDDis,52
28xkYPSP0P5xu5vT6MQfCy,0
3uE1swbcRp5BrO64UNy6Ex,0
0KRKqIJPX6LT9v1ZQGbfn7,56
0jsbEBnXWgHLkvjV49vYVG,49
0wxwXyrJYHyGUKlBaCIhgp,68
0vUhboOWxdj97denl4T91p,0
6xEnbXM1us9fDJy2LC0lru,29
4ZOxwKHoHlhIZPzucOUVoY,0
2AoJ1NSLrqfppo6oT5Bqc8,0
30Q5BsSJBLb9SGm0BtuJj4,0
3Xi5SYx5pOqte5tLKHEmPb,0
2bmSQxuradc103RXzvjTkE,33
2Tu4kHEeIVFn6Re2ybm2lQ,0
0QVG9r2otIXoWCHyh09SqU,0
78w3kPqUAwDjADBY3xAGHl,0
02803el8p3mKqcJzJ3Agpp,0
5Njf3sGQoxQJqcR4gUbttZ,0
7BLFY8GsDyUkaARTv0uwKH,56
2bmjoUqk5ELqted5imBtMd,51
4Uk53I7Lz6bzctGoyNxf8W,0
7FoW7q7uZGOHlGi9w5mUxN,0
6dm3aVYUAfZtdFeLAG6R9F,0
5QArbhcHhpW48U4cK3Joj9,49
2Bkfvi3pCcwoJwnmd45OnA,54
2XLdbJRfl2UHHzIurEFgAA,57
2Iwf4sAnEgkuxxnJ61du8z,35
04MKRNwoX7TqQkA0ZrtMbC,37
5DV8yoddFyjLVfRT6pfAht,41
1XKlzwkRZmyrz2OjVqNIyl,38
78SOPBLZeBjDQ9NVTePOPE,34
1NJel5c5LSc9Ac7UAeoJtp,37
18hIrODUziu3KyUxeDKlcq,55
04xhIz4DiBGDECn7kIFodv,48
6Q1LtmZPFRGNZbH6VdarBQ,42
3uvKXKQxcmjPT7letWh3Pf,41
1K86gziny1mnNIisKBqzhH,43
7yvTs8trSYMtNNisA0nT73,19
3Pk6O7DndRfH1q6UFsCaWm,17
5mPUo1HP5K4H6hepYHqbZx,18
2x7mBK5ozd9hwneRKMVpkD,18
3kBa1eXqkSvfCLmG8VqQ10,20
5XAPpyIoYF3QXP34Hv8Pvx,77
3NSgQjYihV40pOmn8AQevz,0
3SCVHoGHV7GL0hmqcOIpqh,64
70nmZhHZLNVYWP4NON41Zw,72
6yK9kwo8cBoVRNOylq0yNc,63
3bNCifwGPjqeeqzpjrFG9k,65
599cYawsBthDvauPoXNr7U,60
2I12vOWeJU5ayhr6ha6esf,68
4XQDrALwqj4J1YPqg58sDV,65
0AQXOzjEG2ofwGrDyqUY7H,61
3cQPyVlnrmmWU5fQJxl0q9,63
2wzpr7E2FkOISAbYQOtPmZ,61
7EnGzsqQi0bAVGQw8i4WIQ,59
3mRBSk7h2Vr0D0yott8VhC,53
7ae2GdeXS5Tvo5RvdNwgaz,49
5o7ZDvfOry1MNhNLBOJulo,70
7tUXZgLbOCvRJ9FBlairoU,68
7m1oRKYiZCfuKXRMWGefWR,54
1AADsJz09BwnKW4yYFQwXU,55
5zjdL4aLh3D3wOKeRkZSL6,57
1e0HLyx0SlmAhwTm2un9ft,50
0SbKWYPENsANEIIgnCK45e,51
1k31A67B0r2PDytoPR283x,50
7vNYfMAh3bvHGmRxve1YAg,53
4Ao4XHlqBTKsCil8R6e8fD,55
6rF4PCqJq0p4MAWgecwfIl,55
0K1fOHUHEsv1lnq2yU1VG5,55
5dBP9gDiDlsXiitxvB4HGb,50
0kHEr6iF9m7mrkTjv9pbZ6,53
5twSsmNWVzQ5VNA6GzwtHn,50
7lnCmYYscC0mijoPe3Blx8,49
4Qwnjgav8p1B2F1EgcMQRW,43
73IDzojzHitmvwVovPG7V2,49
0FP2R9giDksk3a1GUQLfOz,49
1PeIKwD4ifLR2jYWCsUgnX,38
0efgEM1LQDbK43rqPH2Iyd,31
3lTAwJ7GAsm6mFkRejOXIm,39
2U03OmZKC7YIPkYBgJnJfA,33
3jnTBMdckWNzC7PJV96kQ1,55
164uPGiUKnYHwJOHcgfy1e,63
1j82fFDqVM2Sgb8tfMidBv,40
1Xm2e1vDwOMeJJioWuG1s7,77
5YxP1CkunbhUQVvctFOHa7,79
4KilYheWwxakB1L43ECTeP,74
020wG4EHTwBy5h2rbpxqvK,78
5mn8bU8IjYqr8ZqTDmLtSO,74
5l93giGtSBNAJUVj8hPygt,70
2yuYI5NFhevxa05se7Qht9,76
0oR0Wr9N52K1vbAOuGvMJz,78
2Yd6hF9rBSibtF4hlcnBEw,72
4tchNSV4eZQ9vG4GNA4iJa,74
4jiCUUfjuJoG03gnw3jj1r,73
2PQuj6TMxl5hcgMG30e2Ij,69
1MtmXPxXP4ntSjfF5xnOyM,76
2665YLaM0dLaIhkjpUHT7k,68
3CwocqtW6g2rCqsI8PQCf4,63
28ZiptPMVab1reyfj4hNwt,70
3jtslodAuHKSHlVYQLRAYu,67
66lsHFgvKb6H28JRQ9vTPK,67
15hXSWGLcvtUZLtzCY7E0Q,70
3a3EzSxWvDno8RpTMv7Xch,70
2UsAeEA2JH7kKSOflP23zY,70
7gRPkCEa3YMaxET5ZYT7Ni,74
1OGORI9Hx45AEYqxkndMhN,62
0c6mLXIsBWgwAAqkagxY5w,66
6a2Xgy3nTIHI37bj5RIKqx,64
1E5m92fn5c92TUH6NP7HDX,63
500c6DLy4ag8gFAnkuzTxP,70
75UNZ7tjYzsoTMgmpWdzw6,70
7xwOv1FJd8iqnCoj3BDjpV,65
4x67awdGDlWB3eIpQdkzqE,68
3Rmv3h4ovgt9xVgWOfMlLx,64
0TAt3c8KXb1D3sWT8ENar8,61
05mrU7mN3c1822bpY58UBC,68
7yYegdhi4lwCPPmyROOr4O,69
7KksdXBhdufqWDxGxyt4I7,72
2985JpMNKG1QT5i4RSjehz,63
2TxDcppMX95JQv9WB5rtuB,68
34UHhwlly3SHryWuVfMOJm,71
2guNhJXjJVCHO5rYBVcm5H,45
7ztN8tfXYaC8LBRyLZJLA1,62
6PX2GtCt8YJzOQ4ulJM41k,22
2Ddvo2ioNuRn9NwMhiIyTf,64
7hHf4gz7kGmkuwa6XMc88W,1
0Rsfm3UqHkNzKsb6L0Yz3Y,67
0uwW1Duv6xlk2bNutlc7tu,63
1PZUD6jjtYsOUC9vDjdJHK,66
3bcduSxypEUxlM5UawQ3kD,69
26NEo4Ar57Ph1daWpZX4ke,67
3vG5tTQZsAPTDqMiXFhKJy,68
0yNT55PxVoLMHb75JaF2s0,67
0RiKAq1SfF6rfYcWpjB2T5,68
3MkdA6vwF0ifRl86yzTlJW,79
2G7vVF2QPQtlnQ7EQntij8,69
563yuGweEqRVQtjfsDVRyK,73
3IoMFT989cZDnmv8ubiUY2,61
7fO8Ok3rByqDqGc0MmBsj9,65
1DdEU9f7uXklMx6Dm0Mdwq,71
2hgfeYKzJIaUlrhk6oP3wc,65
61vDGoB9k3ximR5YNzjmBc,68
5sC9NS6j4aLaFN26zCHXHe,60
0TlPl8HWxUNFWNEtxB7Ou0,63
5GILvZyGhTZ9z39AdIsB57,57
61DpiQz5Jli2KNwJZn6s4r,60
3UEm2avDtIIaT3UvuvsxES,68
17rF54WvGGqPVxDheq8PP8,71
7sTOV05i0Qtyn4sLOUvlc4,59
2jSusUF3coQykgybOU7sqy,64
4CPhkF6SboNZoZfjgaEYME,69
0JM7QnigP9A1jijogNpun0,57
2WEni6RxGtoWaask5A6Kok,61
0lfiCykYr1kvnZyZxGN0rB,58
1f9lD5VdRIGdSihiIwOFSx,63
6eK68flOp1XqQtbWohsdNE,67
7mtGQwe1XBh3A9BgVainvb,60
62vwXXITnuKIaCabwWXyhm,59
3CgZi8DMUftJHK6WL2gKc1,72
5G3NKZf1Gqs7dQnY4Miliy,67
12x8BhnvB1W4uk3VEHOXqa,55
0uv71i1waQbyRjZT86Fctu,61
6nc3d5wRTTzkZo29kZRr5r,45
5uMrI6S3YpzJ6xjS6h8oVX,56
2WVhK2P0nqOIs9eERV7j80,55
5x9FUcABwqYAOMptRedOku,62
7jl65cMmrserp2QNDhifOC,61
29UavGPcPDfUp1w4P1BXYV,51
3hCzQ8c7PCcPfa9qe95ITg,62
3Ot04s80MZBhiYP2wHo0is,60
2pkiYFWrja3oTlTwDaTypd,64
5cijUS3npQh4PSZzyT7Fng,58
7MPQNyAX02uIEQCRsC4sgc,70
3AB0wf9nh9lDanoFRcKHKB,50
6TLHo63Z3wqHkW6adVeEwZ,67
4RJyGUzds4e11hAFJmavOY,59
3HOlhweyZyyD8QSTZjI63I,62
5kuUOpHZlZjL8b7HXkxRsm,70
0kTCZWErCBvYrM9CNjQaRT,56
3TTWvQKBMt1SfsPHSnHJTS,21
4ESkG5iVSKtUANJK0NPz1w,57
4aAtZsGjzdMfWSKh5DM4sI,54
1PuQBTDZ6WntifoXDrUXRg,64
5pFmgdBYYVWFWgMi03jl69,60
6skR4ZtK9TWsLpbxTbectM,61
5ttl4eMRPuixvadA3JRNHD,60
2aRdz1goHRuJ2FkDw3vpVX,5
4qqT68UURRP6lPHiI9TApM,60
4mKa1LcRNQILp6xSr9s1S0,66
27qRmG3zOWPvMYUkpPdQ1g,79
6kN06eEOblRAuWI0xUUS91,71
0olw5nqq5I9MNbVo9Z1S2S,56
0e0BqjHEcb6pJAVJ7WZA7V,73
2f237byd0A2w0fLlnVDOV4,75
68mG1MySxGueYJFvuF1ikP,58
0D3wXKkXF8EskL5ipBnYl7,64
668JOhJXCQeUkAsjfREN78,69
4yZI69ElgxddAUGNJjzc0j,64
2vX3rTKKQCK4a86PKINYw6,61
70zg99pT51vB4wlMS7e4q7,79
6K7V47wFpfam2aeE893rbL,70
2YfOp1cJeaPwJCKe0gjo7y,61
7KAveXwQ5xzdHT6GDlNIBu,68
3wZGqsIjAMd9w0nrxG4xby,55
7gkHUletkecTClqfRLKboa,57
4etV43Qb0OBbMcxiLDVwSo,69
7fXl3E41dDq3dfcC07VOgs,46
4giDe2KY99YzVocsSWYscZ,69
4ADL2wPwh8HwoWT6M9fjsz,59
7q3NthaBqFI6s0WnAlnIvq,80
5KFx45L84KmBINWLh6TEiL,74
3ahC30o4eQOsfQ6uHhkr0g,53
3R1yxKhYKoXqaztyQflEH8,71
0uIfrUwwg0Z7KTitul7E3T,74
7JCp9oPXLc8Akz9bZpYZ09,53
5J64qSSq0VZuh0CiI9o9Nq,73
07yM5vxBxAIXWzNqu1BnF6,67
3Rg28MEI3rkePjjLrrw9ys,43
3FKkbn11xHnb2XOsqsX3Sa,63
4TynLuBe1VGcFJ5nUC0mmf,49
6COzxYGgNRD5bP2TGZ0vSB,64
7AeZLGFFa1CYSret0vadfy,46
3cg9A9GVyZAT2CPevqWr65,72
0WDbx06MrYKdtB4fROrdIF,57
38kLHBjtWJaPXcyFhwRVtI,75
2GPKfK5j1xVDDqhIHIx4li,57
2Cz3yDcBoePfcJCYdpYZCC,61
4wW7B71eJl85oeq0G2Qfd7,37
66BJaWvpA3jvXpM5Hjwzz1,69
53rkN7z3bKorDSIxDvqXNt,68
7alOsNr36sJ8CyOEP4aILq,72
0l3spI1eHvv7iyMRSeOgJZ,48
46F5O39iDmdRuwRAS7KR6B,43
3GCLIIJdXvcKfmJlICkTVL,65
4mjfRYk0fLap5v6no1Aujw,49
0bCPJsVGDxPYwQMDZMi4NW,72
73Al6Axo6ji5BBqzI68g2A,63
20pJKlNIU3J1CrvhBr1kQ8,66
0hAxyVU6Nro3equjEQdFq2,63
7rwX0O3RlxqqIjQM8evm5E,75
1NgpsJbbpHcFg9j88eb3TK,51
2CRbiMK0W14l71SpDKqKZM,15
47yCngqUUSQVpw0U4S2yeO,45
3jUBszAaGpZq2Nw12j6bVR,3
78i2QPC8prEzftYZrBjKOM,63
4S8wmEZy12C5UJUU0IQUee,62
4WzsycqZkpkS48H9AAAGux,67
4n050GO5qafy6WP3aDcnDr,68
4zbwGwOFXOSRhdh4C0LLgW,42
7BF6s1W1W9filnjQkNYasL,67
1v1rXgg6cJjkm2S08HkY9t,60
2Hw578ePKAt2ilvQWWOxo8,54
1mMCe8c6iNVLu6fzJl2tIi,61
248wm0QJjthcaWCCXoXfDf,66
5SbVVTaws2wPaqtscvg1JG,57
59uSPFpJeWSUddwtJo9Jd6,64
6gj9PMazlwq99Z4dXMT8kN,63
3vlOANhOOpJxiCWUzq4DnK,58
0sXotOhh2L1FmVbr2IKmq9,59
48PG7tNmMOEcyTKXpP3ti0,56
7du3YUjOcmIsIBvByjkvYa,53
22qY0aRjhuzUUaH9WrvZI0,57
0r0UDwngm74U5ccMQ9gMBM,51
20aJKTqPC3SQ1u0pqUbtMO,56
6ZVXZ9Dfd70tZ8ZAkHUToE,58
3FTyo5TQN1C3ssgvKahEDA,49
4xCW2ITZ9DTDa8iUv3aGuq,59
7qFQ3hgxF4E2zHzMoFCHBg,55
206jQRISTbK1vN8GE4k95S,57
6xOya0bBsNi6pwBef1eyQG,53
3CQ4zMzqUGSxD0GX3fEJ1G,65
5T3iMVUMq34Oy8DwBzPvJy,46
6Q55uUPNZoep73rSzsjqMx,55
6kVuMP4u1WDFPmGxi1429F,62
2LSt534Q45ncwgyd2sh2kK,50
7ILNaXjTXNJAksRhMhvthz,64
0yuyFNfF1d0G7yH9lhoHEW,56
3tvxoYBfRkpXNEeqovOJju,61
0Uu0e8qXr1HeEhUY0utaB8,65
3nzga73CbLw9dguYHOwVfI,55
3XtJwOJQroFfY98WJwzzep,61
7DqrY4tkiK3Nm1DLdYQ5NQ,43
37eLs34jDlgH0h4cUmoZHW,54
3eekarcy7kvN4yt5ZFzltW,94
2RFINeQiVYWfpo10rF28gi,55
05jTNENU8jrsyAXmvEtcyo,53
1a7Y5p1Ie1kawhy2hV18Me,52
4M2wPuAl7FgUIrUvlJBMOU,67
46L8w4fxIgJFyxLZjaJE1V,59
4DVPJXPqKLIon9BHklap1w,64
45fB0PhuWRLYK2teusTMt2,54
5ZUYlw6DIVzPjbL4H7fG7c,57
4U4LEUWV8sFtos5PdjfDA7,63
0BRnrH5giRwt9bjriA9JKi,55
3EQDJ0MHppNeqOtAVoJqJH,46
3oFWiOzoO6D46cwupbGqUA,58
6YnvT0ToBvUTWjhFwvIgeF,61
4JUJAAWpMMOEASId0N0aVQ,60
6uIynqVA0BicAxnCCRlaRX,51
2diowB7koPDAVSm7RITLbx,52
1ynZh1jVEOyOhlbjHbIUZe,56
7GMszPpwzW9Yehj9Ox2QLD,67
1XKN3VuJB5MvRSlqfxzqnH,48
3nC2W3WTuja8r5XDFSWg3Y,56
1PqD4a8qULq7TNqBYJTGS3,51
2Zu0RM1e8qBQDfVIm072ki,62
6hSD8X3O97Lsqnnm9rKPdv,52
1XCxN2Y9WwLkBb0Pple8af,62
5vBtQYXPl3doQwnlFHwknb,65
6qO9lB5HScamYEOddv0Km0,64
7lhISVP7d3AByvq3KBlvH4,56
0U5TPIPvd8iAWsQ48Vb2Dp,56
3wngJxsQ68D5k6GOWEJsXl,48
63cd4JkwGgYJrbOizbfmsp,31
710n65RKfq0DtcRxxoQoV4,47
68poZGRClFTzLdeRz9X0M2,13
61u7CLDwOodpdENZTTsxUd,56
3hk7R2aaNlFhhepP7CsfvO,56
7eDlTzIJfAsbUtvlfkxRgk,53
1UJU0fACycSMSDDyKtThyN,45
4ogDI1pxczM40LfveHO188,59
7r3oAZHfnjuPNOsp8S8NvP,55
2hyh9YvwFB0cGjvyGk6Sxo,57
4mm8Ia1SKncoc2CKN5OEhN,54
7ycWLEP1GsNjVvcjawXz3z,82
0dw5cuCL6pnmBE1y2LcOQi,55
7C5CJmbJiTv8sRV9uY5qpN,54
4I0R7t0kvVTlqQGpDp0GXl,48
3QTRN8VbMCWm7RTWUJyeEn,55
7KMMRJ4dtn1rFXCXseKzYc,45
4cIEQ6n11b04xjMqZri4ui,57
54NQP70Bn4nAspwZODu732,55
0Ha2AZQ1cHCxycIpmLyKeg,51
4JfmN8cwHrE4sxXrAPPPNV,44
55GiOwtxNajXVbpjjIzMnD,73
75uMCtWUBM6OnmqKSG3WGD,50
6DB2KOEwHnjkgEnBt5SdeJ,68
3ee8Jmje8o58CHK66QrVC2,87
7FYHbpT005CqRulSFkBC81,45
4M1McbiEQSJmMyaGjWDXJm,56
6gR20bwZSjSEeXrCMBEOsy,57
3OUPJPD1OmFd8gL7ztY9v8,67
4jLFEYbIYqNWnxbuLEf7z5,62
2b6i9zx3ULzKrNWmyP0ePD,78
2H2pkZBzWDX2TzGW7sp014,69
5WFgOLufm9ZVXwVhFy6OoJ,70
2wK7D7i9bfVt3uLjFsZSEU,65
2XGU82Lx8urLynWSdJ2ehz,63
0WgQzf1vVHq7qMHbD3y528,23
0eo85yo2kaUvjBHOa4iQX6,65
1WRIN4Liz3nmoE5njV8aNO,60
5xdcexmwIyI4PaQmCW9sfC,55
1EoEU4HY57qaITp06TkC6B,79
51CmC2Dx6cvWJxbsdcpu76,66
5vsw7geyJhGKGHPDyEFXcJ,53
0MM4gg000HQECKoUwko5nO,51
0mNeYPJ73C5d4vLG8X2gp2,52
1lrXyBS39TE6tOoYgS6I5x,49
4bdYtEW0Zb859oQWYjeVmC,66
278kSqsZIiYp8p3QjYAqa8,79
2Zbw0nOYZoKU27sOYbrsv7,71
4FIlIWvpVffjZMkzhW1VhJ,61
5c5nIaR4AlqYK1cZhCBOKH,45
3Yk1AGCMd0y14z6t1dQ549,42
7xRWmHZ2wt3zDgM5mAL0JU,77
52SDL4dHqN4YtBslw8o49E,60
6JFR03uLMNMmZ3vgiXwskq,61
7EehFSuTqX5ufeVwajlnNa,65
2sGAug5sVVIZPbKRZs1nKs,55
1zzaawknHz9bMofpqN1wVS,66
3KQq8oz9Ww2ksC2T6Ma1gp,57
4oAigy8x31z6Rno1EIxfND,41
290een9dkW2WikhYNqsMgH,56
2J3jxgfp6GWoBsMPIa20oC,74
6TesHoNPZGdcVjllhAuKJh,66
13wxWKNLmPCPHmmAkpDNcc,55
4pAKlCNFJE6di1TQYk0N0i,60
4YnxNg5lHjLuBzm2uNy26K,52
2p89F5HPntIfuJ1SnuPoeK,69
6ehHyisIFQg3yrZM0VBzH6,64
5YF2z4WThIpLNNcByTimJA,55
5W6445TK7A4ZU0WR6iGKZz,59
57x0IGrEHEdoy5QMBlcitJ,69
6onJ9L9XvgDuXJab5LtQTI,61
1KfIZjptrvN6jUpUzzRYiD,63
2IpcmLHyI2eOtFpZLRgomq,63
6MbSMSXrSlvsyHf4kcaLQi,73
5UKKau8AB449VK4xnWLg0B,58
2ALcaaW3YYMo08fotltKHC,58
624AL3EwsrgGIp6bdwmXgo,66
1VwHD3Rxkh9GlV7MoDzVDz,47
1j44jBqva5YwRKsbYF3tPA,42
0OWcpVA83HI8Pb5DybDuoX,69
2QnK6yqqcI4Q25DGlDNc9Y,10
6it15CsDlkqB7N4lF0C1qM,77
3ZSJ9dq65zznUM20jfZqbu,59
0jeS8PyyIRAG0A3t5DtL71,79
5nLJL6DLanZaAq8DVkBs62,61
4ECPtHdw6cJcSXcfsXRZ9r,55
0kELB413kQh5WBO2acvnfW,36
3dLiBBKbeUIhzGNeuo5JGS,69
1wdAd6JuFOaFfLbzNXPR0Y,55
73I8DHgYBcQ2MzvfByHKUd,49
6kIjEtjnuvhGuHPhYW7WhB,48
4gETXGy39voJGFbvyYJ6gC,67
1zMiePWukCo5o7LfvmAFfI,37
4qajjURlmtTy1dRrZ3qowl,61
3HgTImJQaKLT4jCOsWjrJB,56
08fDeQNLTu0bZnT6tRcXUP,48
12g7rZrJPk2wvi7UFzgeGR,32
5a2dsl9XD05WBQtSCAkTdF,36
5VXe4JgzaRi49RgFhVFfuQ,53
3daKw0CwgbuSvRkseIMiTK,42
1pOMEMYb6xf6m3A9xGeFAq,45
3Zk7RiAdIeNoRS4aSDuBA0,34
1EDp2rxkQSznqL2u5H5Z5U,53
5ATPmYmebwGW0BhUMI1taA,42
44nqAv5AJsgNuMoBkgtl1a,10
57GORlpaqvtmt7KsEup7UU,35
2lFRdmPzu6MaNf588z5od7,31
4eex3lCsrRlUgwue8C3R0O,51
0rG2BChMZVu4thkwM7i7Y1,52
5jaCENu4mOuHJoAyAbVLba,43
4wQSqT7IwKU60WqXs0qLdO,42
7Iace73p6DR3nzZPmwnjpX,49
3syzTZ5e8XhloHPecsOoDq,47
3SmytDq4CeZ3nKE9777qEx,54
0Czg21zFuXypqp9S76d4TC,39
7yle4EK9gfIin6lQsAjCL9,52
6CnxdpRiwZHxWFzeEkPRHv,52
7t7HQLZMu0E9ljRCmnqkU6,47
4xoHBWqRYCxRFvAoDV4YDt,44
48lOCW4IXLIS1h4nzA0tV0,25
3bW9ziSoYVMIAB7izmxKSF,51
03RgUMMhlJNQdKKMpWogIt,42
5OLFWs2w0Rbujg02HIDmip,42
4ZkoVCql1LeggKfufm6PG7,38
7lmWLVGB3A8w62J6opghk0,42
35a8WpjqbsqmjHO3BL3W9N,42
7gEsNX68VQqSReCmpx4nkL,42
53OLyqsuHE2Kzhex8FdBQu,52
6m0ea8JV7U0pkCV7UAPOL9,40
3NivHilTTTs8SQwp51yG0X,53
2b9l0MfkLgkBIi4Ee8iinZ,45
0PjIiWo8wKw6frO33VXdOC,42
5by13EceSIj3JLbSQDvDR0,47
5GHYC1l4PPPfL30CoOuCvE,47
4MHQS0NA1D6vUsepLzi1ox,46
4IFD94sks6j8Bhc4XXIXnz,49
78IafDC0fc0WB2NmUTZ7xe,47
2f9DXoTIgCp7XroN5jY3qc,49
7GIX1WStJ3Ca9wmlTajYFz,50
39f1irYFzZL2QKcHFe2zFY,49
29a1MGb3WfxfPUUQl40gYA,44
7sAJ1vUvwOb6qGx73SOrJC,48
3RTpju2fAuGPRLRW19zRDC,41
44AIhFBXRCwSrQD7RQSBoz,32
13UKSWQZOcHltJ7QBiR1Xt,46
0OVuPydvNK0mYkv9F1379v,41
0mke2MXjPsEipNCtDUu7m6,43
1GTltgLJcpidR2q2Hlz3B2,47
380kqOLJFYOciv38ELm3jr,39
19UgUdi5wEziJJg239wPYU,43
0WEgOlUCB9nHPsoD8Ae4Zz,48
5D9ZeU2cczxUtzRDTpqLQZ,26
7MD5qMLhP1Xll1yACGFR2h,44
6GMpuTTdPQSfgLaES3istZ,47
5ZV4DlvKZQ6QHbvKWKtnhj,51
1cp8YZVfVimXJc2LcaFjK4,45
1LCG7BBh96DUUV6MuQhFad,57
3DTGSsmqbK9wIkdse6aWfY,37
2UXd7o203nuQXQiZRbYCQp,46
1epsUiCmy5UvIIeN5QpKwP,49
3dHJZqFEepODAStr62WGPD,49
0OsylRd3BPdrqKcy06am1w,57
7rfAUubPk9BrBNFApLJZcy,38
75AFr8ZiYTy5hxON1bHlwB,42
4ghPCY4RiRSFdkMhZDAwjd,49
6IzDxUO89KXpmw5Oqt1vcz,36
5G126blI4eRnbpb8PbPSH2,20
5IUUqAHVeuy5z1gjcVifJo,45
0OMQmKShxeq6osRrukRwId,41
4K9xid96G3YmIvQZXN9SXg,65
4rCkOvQzY9ho7lZvRViM0O,53
0wpTXkivIBjIw9YfmiDLi2,5
5jO0lrPKHfhqRl2NcCTiGC,47
2ua4WUIpQEciGWVUTPiCo4,44
1HtqhI19YOBclfQvyOO9HQ,6
6cSFenpNCXimCdnZf16XRU,49
6U491CbWdIA9xjsMS6LhKp,40
1s2xUbLU0bcNRWKK04X9NO,47
3QgbEaUUK0sQsDzpqsS1No,43
0RTS8C9bflJF1f2aZh5muX,39
41knNw2OhgF9gouyy1squL,48
3GWomAWy6PxtyzlfqKhTIl,47
55OVm2ZfT6oj0WdN64tSws,50
6ACRvx5KyZARgR9jwbPhlh,49
5qBcafzXycpvGKiKCfTQjd,62
5cZxMH8hF5NtPu5VINBmVr,54
1GRylyYKY3M9IRreLN8d0Z,45
3Jz9ElQlyRUxuS1K2kMb6B,45
2YaSzINHB1xDU4zigrtR5f,44
07bCARhk2dH7hpMHd1DUJe,42
4fxeVw0mf5eHVvunUtcVZG,47
6lvaLDCPjbxhC8EmNVHfIO,55
6HVDEt5JIvH2VAvz0AtB6r,42
7qqoKikbfX9KvlVUCY9qKO,44
4poqovyJtmlKMDnSz6QwsE,50
1W3PmIlBplo5X5T67yLmY5,66
7JUvz8eMJTJYJ1dHYUcK7y,66
74j34STf8L6uADnTN69ohv,76
3WnFulxNJtoANf4r0FVkD6,63
4whKi0lMYWNiV2IZBkTbYB,70
7wQQLVAxrmY4fox5GKasHX,68
3YntiCUU0Xqq0B68FM3YAt,74
4MxYiw28F30NGOaTZ1ySqd,75
4RaWbMItxVbuUExNkFsITP,63
3iQOfefMGDVDwo8dZoco8T,73
2sS5cCGcwXrSl7hQ8AL3Oc,66
5NOHsDSfLIH45y3i9PfRyh,73
45tGi5L8jSUDHy1RC714jl,62
64IRsSyqwD0CBbFAfrR0rT,75
14Q3OrXMvSTCJvqeSNXovU,67
3C4KPCcAUNRviPtazWy39H,71
6AWKtjjv0R9WnYXqbokH12,63
0iQmZXv7e8EHcmJmHpZX3o,72
0oeF5V2gTRUnAdG7BtaABA,54
7vE3nlnirKZ21FRqhVDyxa,67
7tjlKy75efLaSz5JYJq9Ru,65
2y6EbYibgxMVQ0T5YjZYWN,67
0qZ7oronoocHdFDKGBdgLQ,71
3EfqlNLh9HHLh8YkmezU5h,72
1NkNSncDRaf3VSlNjQHTa8,47
3rZxzqH3vl8yY0BTL4lzxL,68
3TcHjpCQ1s2l5JErq5Goki,42
1UPv6g8BKczPfZpqztTTiT,56
4aN4QlhHVjgvXYkF3hlW2b,65
6W7rpcXo9vWeDKY0HWM2e6,63
4mOXPQEZLD85vyLCfOWV7Z,66
7bKssEnDzj8sNo5gOuyJDl,71
0lbhKycRyqkOMKZ6thzfU4,79
6xKajuvfA6d4mfv7HhxYp2,37
6qhgi3McyMuwZv2GLR2aHP,52
4EnBmpGjcTOG5FEZa6rz83,61
7busfkOzRWvXsi009i3FUO,53
3khq8mtUyzJ0PHrHMItjsy,49
0qkSoNs7zsJDOhsgORAzEf,49
7vVBHIVPewg2rCkiSMFquc,61
7IzzrvxEKHgdxn3DIAlrfe,59
0CVX3h1ogdgdnG9QdJGIyQ,44
6yUFTkvNvLbDR3g0tHmQhx,59
66HnjBqHKWinYBFkOBJkTs,49
4xwSha5SLJKvwftqZ2gky2,41
3ys72Tl1Texh8GM1OKaKor,57
17XGbXoJok4ePlRZM5wWOm,62
6OWwrGLVeyTgVqJK5j0rT9,62
6Sf5gfWy6LzGR9H78Gu4Ss,44
10fj46VSvjIqMVOcJl6Jsx,63
4hyZR3YZVYH2jJewwke9ja,43
02fPJUlHDeH46EB1dHrgmZ,43
2fY4RMsZUohBLEIH308TDT,63
45qpVdZAbONKliwh1ZD8nK,63
3vFbJ2n0sNzZG2HCww0BF9,55
6DCGoIjwGDCb8EqmclJnRU,42
1JY48zKQs16W0necdEl0M8,45
7dEaRbHa20D14l1w55MOnk,40
42UNOIiUgrUFvwZrVDGxvo,50
7jJV6hcqjD76gbu7TG67k8,68
42NACeANuRucHuCOFL5umq,61
09QZhXZMOAWdOvNFZnJwQ9,39
29Nzo1DUgMGtxU6op3ZI9n,57
6F9BrSf6kqJkV6Uyq589uj,1
3aozFlnbP7zhcJKi9O0FUz,61
2eKhpw28jNtU4y6gViw1of,46
5Z4t58Sjs5fFj8LhlaQu8d,47
7791eaHScobUflcXYVvxpt,55
4OocfNloIRk77ncIKBdYwb,62
4jVl2SVUJP3vDsfHo0JDuL,51
7HLHYxRkEAWr90BGYxk15F,2
5DQGkXXLiOhf5cKqIyWh5L,2
6S3yaMAF7jB4GfjXdYLsD0,4
07VwdDnNr05uJGgpM1IG40,1
2Z4VK9otSeq3MxWcEgptUa,3
44CVGn84afMnxEW1qKylzj,0
0mAkTqg7vQ8YmpQ7o1I6gR,2
7emaYglDWhc3lznTFTHUI4,0
1uARbfg2RXPtyr6sqVQUif,63
6ovp1nCwIAOSMotiCF7pjk,62
5QfIdFbxudo54CxtXD0taZ,49
4hiPAavWW94X0KkBBgjuZa,2
6cmHSmje6WbmoOA05vqAY8,46
4PNKgqXRmLMPC14Xc0RxME,1
3hflsANR6DqnHfZ2Tiv5Jl,8
2p1AlnJxp15v7ohNuLwjbl,2
0pbuqDgYF9EdakzDzbUwj1,49
3JleotllRQS4U3mtnU1bcm,43
60AUuYrFbCBnPvDfofMfVF,9
32wu5s9tP1nLebcwWpMzVJ,39
6ORBymYSqdRRqAyZvybcXq,43
6QtHFf8596NM5x7Y4eruD6,48
78JOgfFQR1SV1ccX27Nt3U,3
1OY4ildJ63lTrXdBXsD2J8,49
5HrDKcCbir3Wh7quStaXxW,52
0j05vXv8kjUAg0rlhTvXCJ,45
5i7bwIFZhhj90GjgJJnNvj,39
5Qf9xsjIGRXnltWynliPv2,46
1ZxoxIitY7eNa4miQ0YIws,2
3dhhGh3asfF8Aq1uHzkWy6,43
6lwxNGjvD1pFlXyNI2h9aH,28
0nXVUxGyjGsyrIQzHRVesF,50
2oGgraHvZukQ8DSYivYF4C,4
3T5mo7mlf8vtRrtEPpOFmY,48
4G7zxD9wKSKeAEjbKF0fHs,55
1Z3mmjXCO6hplvu6l6JVoY,56
2tk7Ss2XmoafVuzg16OSjP,44
72XViAl7vmQCa8liuVZjtg,43
3K01yfjGY0NslZrXkWVAtK,63
7cVaF9J51UOzVIKzIdLqNn,44
6gHG0T5lelj7EluTAnJ2ox,40
1Bhy4eBv3f3m7cXQxyQVZ6,38
2W9QUD9YJ4SERyzu25IwbU,59
1ek8QU4pMSmCp7gVOWQn7Y,2
434qhYDxNYCvwimHtlSNvF,51
42bzfcGVgYcpjo2kebQZXh,40
4aHJNubSv65qlbKbvRjdQN,47
0kpTzI6X2woiehn1E1POPL,7
2EnQi0R57tCOrvQKLsEQX0,3
1jcwCL4SqL4rKppUYr3dPK,47
7lqwJUdXahWpA2lTb9FUNM,37
0PCCk7RBQUE7RsoUq66nuW,39
0HAzYEBoIzW1xlrYPGqgMi,40
0maasxZd5vifqAQRl2zRJB,54
3E1tT3qkd1wXEUtFLf6Nqd,51
4A9dK9lBwaimjhgwEcv9e9,37
2MEl4kuNaZZZrVSaKQW8gy,50
5qQf5CL5g0MBV4wqNes6f8,46
0NzzaQ0u505zpG8IAZQyT7,38
4rXcWSOHjExlnXCCbAPxIK,42
2nTT6AoxJnuVrncBzbyWnk,41
06GeXUP9wtq9ERhjx56Blz,47
6lg0Md3xQ7U5EYAcsnysiv,54
5N5hZYTM1yEFUw29fLWuaI,42
1K9QXJtypYRMVrfHixmHh3,62
13nCtj8Sf65eLh3MswcxkX,49
5IeK0mLstlvIiXdiE9AfbN,37
1YAl8UoW0jppOPAGugF2Kr,38
00ppj2gGs8oxhGnTdejkzD,39
61vWNSNihrBo2LvAfipWae,35
0BDmyy2xonhhvcl2QDg2Xh,36
2N5Tom7kOk3RUfhKrsPLOg,49
2sM5KAvI1jQPcTJk9ov60k,44
1Ezrl79QX3LqBk9v3qIdCl,41
3A1fJKVctpV28WnnW5xOsX,44
3vxNh1kdvZ1nUHYUwKNStI,39
7j5RnZGuY3b15moXb9QH1B,40
1vN4JlO0tfGJG3Jm6tnuEk,45
74leCkl7rVK7GcycRrc9wq,42
2SauOAYxHXtx70OJpQ5ZD5,37
249tZu7AvA3NtVUn6QroPQ,40
1sMk0UopjQ6CCGkELtY3VK,43
26h1Bo0lH3MWIBYhRYnrwC,5
1VBZP9N1jmYxjqKcq7fSqV,47
7r3tmo5lZ7Byl87hHiWtIw,37
5J2drMLuVDrrRr6nQBn7Zp,3
6O1Bitx3ED63QfidpF5yHm,0
5NPAcNocjto49aEwOauQJq,52
2AIRjuG5CsnyfmLU0LhjgT,41
55dObqJybLWm9O06FBDLCP,36
7rSG1epHwcN45WaysXjH4i,44
0mF0qafXLfwpz00zxHpsKG,35
4wfQ0EygzWz2v8kbseZKOZ,49
6e0QDCVxZQTEQaQJWcgo74,37
4E7DVqv5jomWyJJB2MdONv,46
7ahXFdM1H3hcm4cbVzQqii,36
7uaSDIL9QzabF2Je0FyDZ7,55
2Z1qVWjEyUipTbgUKOKuGo,43
3KP9WKBC0RiV32LIFv0ofP,0
5Q5wAESjio6RyY8Cfhn6b0,40
03pdIdVHMM3KImjsHN5R58,41
6Plaj4PIEiwnBwJAtKehdy,35
56hnDNuxqfaOPTCR3dEZ70,35
0j0W1kwvSblvih5W5nMz6B,37
5mvXiroNv8swMbCaKOwuuN,56
5lHpSim9oK1BqhJZrG58k6,32
3O2Ebqm1ILOHYTB1Nvw3wP,22
1axYKkAUrZbB1axBahVM2J,49
3QP4PFk6ExkTlHQgfOHppJ,42
4lDYedHtcFwkMTVwpdSRUN,59
12VuH6dRLKCULFpmT4I0R5,36
6GAhe3wXCDJP1RK5lZLyjX,61
233z7HPqgZKkWxKboFWHJx,35
4aAPfEpk7aZitHRZamhptK,0
3LFIaHSrgvoK2K24WFpdZP,40
0gsDBm94QELEJAcGS59f1b,52
2L6gb2H0z7RnzXMmDEqiiZ,54
2qHLzgKfeVZebpQLtFzLkN,33
58rSkwn0cgv9r9K7HII9u0,55
453dGhtRLuvY2UHAiItW1U,56
2yomYD3EFTO8OBr2BYUW5l,45
13g2BZK5DFHcHYRCPLiIDD,57
456w57RBY3nDKMs82h0SJC,50
2TyGVInCFqKCNflq2WcQZW,56
0trI4oy0dayuYLeZioJHQg,55
2oUKQWucHUVXPV3IJWayk7,49
5XXRjZSyd19EH48njq5fsq,57
0uiacvQPCC2C5OdPOnyIJy,63
1RQ6Y5q1673elHQHYRfssF,62
7rwW1Si2yr1dlLj6G2eDnU,50
46DRoNt9pP9zbSJGQr2tLT,41
5qLfYEIyjFZ4OSoaVGOcZ6,50
3SsWKfFrXaJrjjeAQOx3fh,56
3ptqFmz9Ssl084W1mkz5JT,45
4vSQiyuTOUHvKM043BGqa4,57
75IY9nZFmsCI73jFsX26BO,43
5WivaHVpx0a1bPcqrRlUy7,51
6vVqy8Tn3l2yJqBgPU5g3D,50
1jBmW1fRXgLhy1XwE0SJTN,55
69SpbQaXZIJBpRTGpzGERQ,48
54ogQbfYHleYBHKY98byI5,55
5ujyPj2JacvOyTunOQZbiW,48
3tT2PZgfllewMTwzFLCnbq,46
1G00DZUnE6AxNnaeayp9HB,58
0lUDUlWyQp8mIK02GrHGIn,53
1HsxZYc9fjXxAlO55ONF6w,59
2upeA1eDVdtH4t7zUdGULn,44
2rgc1noO20topqTWiBxUyJ,54
4oV7hMDK5c0AAaLJycnT8F,38
6Kin4bZcZM5xMUlgWnr2XH,54
5zdbfjCVtrAUwWeNFsE54s,51
6ynx5dW3xNgZsFI3L5iKfS,45
18fBHoqfGBMsp0CnuNwm6y,49
2jsoYU8alMsW4RUPqMW0Lp,40
06cX5CpHPVUYnEJ2UupXXp,52
6aYuoXa9VleoNqiq3vZ9wf,38
1nKklxNyHet9zYDrLsYufT,50
4L0CzdxeWUV9iKGUEFVRMg,65
7gYwLhNCMY8JHsnmXh8gOm,60
3ZN0KYVn1Ibfat7x3lwIAT,54
6VAbBF9tzYLq7BJJax9fEH,67
21XSuhXrp3G5bXixJB12LK,42
1kg8WVYDnes58GOJgwQVFR,57
17arbOEI0m070vJ9ILOmAR,62
5EXE6f9AOYgavIAcUfBK2t,57
4VFld1U9CQV3PIGRfZWt9n,46
6RTcqvVW3VDuHtwJ6ScvOW,49
42G4V7gX7cbV2O1HBVanEv,64
7sqnI7oQSdaA12yXYKmjZR,62
0BRakNJ3ZTNYKGsJGQpBc4,40
7D3kr6L55Biy8oLus7MkQ1,45
4Kd0Q69gdruXcMsTEsErMP,59
39prUqVo8l2P4fynUxkRpx,43
4bItHSfKpxbbVnbqHBwuqJ,37
7y5TBbPugOXsBZK0ZxNxDN,35
43XDaKoXkyETHM6FrJbfHg,34
35BgOIy3nEkEOsIAu6A0aV,57
33HlbgacEu6HqVln64Qkz5,65
5bgLqAfunEaExdIzaZVh2t,47
4zZ2rPOa8itw3VuusVSicv,72
5jXbLSVG6PDWzVisByy32z,35
47FQoQWiyf6SCn2tRkrOX1,33
3oIr6neILMnPkN8AhyHjKU,57
6KbcU0uIDHFnOSMIO5mPiG,63
1i8RYYpVX98dL2rJyPo4sB,35
36isOggheKbLhjSVJtUnnS,38
4UTdS9XCIesvyWqof7PBKd,52
7MvJpa1J0PV3gqkkIBCMpg,34
2tgTqKVSIgg1Jhgv8d6iYg,43
2hRecZEvSXfGkSB40d4CaL,36
4bvuahcw0Xj29K92NKLms5,40
50UCuqOKxSCm2mU6Ci0lp8,50
0ASiR17kpfgI59yiu7lw99,38
7L3m2Z8yi0ZQbWViF541RC,49
49p8H214EdeK34rrqCXwi9,58
0fDXd6UXam6MUuaK8lihwJ,60
3G79AJm9H5lKnngSgBT21L,60
1Ini2DN0NNL1rlz4zIovJ6,32
3b2TIh9kTfeCS2ISmFTNVJ,39
6vqQdAqNwmS87sjgiaIcK5,64
6zXjPUNosoQfTR2t4wgP8s,37
6LfDw4nhA9zQVwRfxT516u,39
2S9UiaHpsdB2s3ZNzCObLQ,63
2pU1CpdWAAfMQgOljmb1MW,58
1G4YEBaXWOxCRBNASQPoMv,39
62d06HzJFX4rtnv39L4uUI,42
1hw5UuO6s1DRAJmCn4Nc1H,63
41mqrgHlbSBA3LPypIfUoi,39
4AjRsbjQbXWkXXCzzqcq5u,48
4oH03lpFiysmcWex1AyddD,67
2ef6K7WCV8khtntJW81S7R,51
7750AqOWNuuDLxLjXzDMX0,49
3LvPRA6n1Hr3ia6tGfScg6,41
1uiTlWuuuznQ3cWFIRAPU2,41
2qEugvU0hYkAkf3IPWlUps,46
3TsRqBTufb4Q699WyhanVC,55
2r77vqSZkOktTSgmAOoHsV,4
5VsHkOtg0Llpa6mTGZhp5e,64
4COGASZEbAxmH6k5gYMo6G,68
5I2I0xdHPV5opTDQbItBIb,63
7glCSQqV5o6NU88Cn4zPZn,10
3TnhQSRwT3AVMdXw5JPq0x,8
3PkLiVZFchdmUluS9QL8fv,56
5gFAT2DbEt4TOMXyAMEixG,64
7H6OwsBoSI4BVWm5M7MTOQ,65
7dNwJbsT0sg1le5kVugGJb,76
2nmkKucRDKr5jIBEvg6X0z,52
2OxUtaKYeahAGNaBiahXtR,68
5gkSbR9E0jDgv65XeT5v5R,64
1kK7yrknQvA2wEU5zyG41m,64
0K0soSt52EhMS9FohRObdK,66
7LeQ55Z5jPBB0ggYJtAiYO,6
5hcisvFMidkMJlElTO9Qmw,74
6jwcchNlcoMZFa0EwfKga6,61
0bk8xQ2zIokFe0GoW6ZERx,45
0BMXB8USeC2zVufRWBcMuY,64
5UjhWsB5rddZEPlNUcGDLV,2
17NW5LLmN6PXrUdknZ6iT1,63
0zY4kXv0OOKLFh33DH2cSv,51
03a359wbiUsjN9h6yzXvmS,71
4DS7HoqrKq1dDjeYOKBlu9,62
7aq4mn7HqjIWeEn3YReKWV,54
3iDPALl8BoUbuXZgy6EOWY,9
4zBVbv2SUaA6LON2nxtPEj,42
1uihSnDxZidO3IMM2hmUBW,64
0RHazYjaRGLIYPvn6mtRWY,68
3juYl7RDkfwMGX5a17ach5,59
0RFFFGtPn6a58RHY3ccVYX,2
3eIPYPrEGvbAKc2rSjlErW,54
66pK7thQ0yw1xlqw8AQSlw,62
2r1Ovp2SgP1ybHNbbEAg1S,58
1tkikMrqW4NvmzIfIyNXw7,1
5jGUJXnELDaDTgiRjD9lsg,73
6EylLZvd69kYDDtT35gZOB,56
1SRkUC6I28rxLS3XX5DDqE,59
4uJL26cmM5HEiGlqE2YhoE,43
0vnrhysrKKRdNYFKLAGzRc,68
0QQNA8bZqefrGfsShzlZkb,7
6yllTYSMEmOagRltq1VlsP,3
6LfwUHqd9XiRKVbmVXqVd0,1
5qNdv1WPksgm2F87wzznPi,39
2IiNgBjUpVl06PPgjhTP2x,34
6gItxgLiMUYV5n3ityPec4,37
4Ilhu67UnrkeG5gtGytsij,0
3G6fFwzSObu9BS5XhkJzWA,36
6mhiCvUbK5Jq2Ho05kgaa5,35
1MitUwnaR9yfZghi4Qzf8M,5
4M92m8y6WXm0xHzWBY3tJJ,33
4qg5zuCvEWTeOb3ON0qLuc,33
17r16Atqljpae7Jggjds2W,38
2oUAGVmjS4FMaHKxa7KQDh,38
0DMzkDvrWz7GaTNf3257uZ,56
7mjsDtb6oMFXi6IL069UED,34
1yRyJyB90a0YiaogagFXfx,34
0iwr5Kp0R2RVpBUOVIzMCs,2
5aZaJ7puWEEwKDJg0GjsIb,41
4w4N4zM2uM4MMsr8Nsi4Nb,41
2RORNOS5sDvSXwHbOOh1xV,38
2R2H8r2X1MCJFvvLx6DYZy,37
39qUZ7zIlDXziDOvRE2UCN,0
1gAYsbY37gNkUVWKyHd7sb,50
6MeVDDXO3BPR0X2o0KLgeP,35
2DBU3G7bYWcLKxKNtsXJ5h,34
31jM1k905s5TpVflu5KH2d,44
2IEzElQ5KAtXDoJAGixG2R,39
3BUFuwaRaRDc2GIKNVkwmI,35
3CrDFdN7MKM3Mx9T3znBts,34
4LI2D3GbfBTeFt0ftOLvxc,44
78NWG8vFrAehpsCJr1SLvq,0
1C3PeqYtCFVFxUBdFZoxeT,35
4wm54RgVLbAtk5v4A9I9x5,66
54w6HSR0vBATL3XLN6KW7K,33
38n8scVMRubWOn1rIN2hfr,35
63EtlVp4DuYE9YEcjmIlbk,35
09Ltdtsh3FFIGAppCJj0HD,33
2yxfQyA2fAfkE8r13br2qb,35
2Mma8mPkMGvFljxKORvySU,40
7ons06QtOzzgDpbFhbFjRc,41
55DEy5jBZJcm75JpGZTlyC,33
2APpdfoLJELmv3sh8T4Ve8,30
5UUYrmyLJ3ZmmDrvyQHyeC,33
4tDlB4iuEuXaVOcDVh9N9v,35
06VL0LPGJodM9Kq7j2mpcu,35
4FvTKZ0ZTuHcj9QZfWKlC9,33
20apZJRGImKXGa6jXHbuMd,36
532pwqddzkT5I9j4jgVOhb,40
5RT3eHdbNtK7xZouzaH0in,37
33XbI355jYdBpCabA0wp6U,35
03Rac7rITePpSgheEsFoMz,34
6JTUikvtPRHUhcg0K3eXid,43
4BLFw6EbBWHvKe7uTokPe5,34
1uuMXHUeVR6sZ4CwnkvlQ4,38
4BiiDQtijdt0WdtiyIPhnO,15
7tgjDlQsMR8RvkdlNCJA58,83
7BdlyzVvOqmwPH9dYtZfsx,67
4sSu9BtWSCWRNjGD2AvqbG,71
2ktxr00GpTtbMNeBjNeY8D,79
1iSqfoUFnQwV0QW1EfUit8,90
1VCdgndmMisCUlCveqNeJt,48
69dXVFCMiz3SL1L7M24NdX,78
0Gx6SVfpMCyjWjA15t124N,53
1bBYR801JoHJ6fOlXdmgJa,51
3wwo0bJvDSorOpNfzEkfXx,84
7bJSEMDbVDb5OZU85wpPkw,9
3Hmf4dfRIwFaOLLTyDRu3T,63
0gXjaxw5A3iAbzU3vF5bxS,41
2E3iBt2YI8AjaN11CH9xly,60
6NhoabChWRPxubbN5W9Js2,35
6Hj9jySrnFppAI0sEMCZpJ,88
26bstLPzCvzYu6A8beXhdl,23
7AQim7LbvFVZJE3O8TYgf2,84
6kx1LwREnK7STfmjfsgFic,59
2iObjOsy2vpsariW4Y7hQg,67
378yquDsw6F67Dgq9tnQ0X,53
6E83K2PlNqMIEtiZQP6dAD,44
2po94eDrY4zC6wQ3bMAHqF,45
5hOnCHMwQdXOd4qfAWEhKP,61
5j8ZwBwmvQBOHMhMVrbovY,29
5QN3wtPjyv9VRL6f1f1EJc,34
0t0B378AoBxQ9Wuq4VT1So,37
2LtKpIWqy79CQ2NgD7O9dW,26
0RKcEMIvGTAgGBEjjfdUBN,41
2rpW6YlfARNrITNWJbqCgM,39
2NSWi83peog6gHerzlMCqU,77
5m8gxij29LQHtcqyshtSOq,46
6Gg1gjgKi2AK4e0qzsR7sd,92
3TLwAp3uX1nKsVxrDhNPOL,47
735RSTb2xbtWbDtKD9XDYi,83
6G0FACzGN80Dj2v4ass5rq,76
13ZyrkCDmRz5xY3seuAWYk,79
3Z9vR8JrHFyyjB0JoHzx6p,62
0rlHnAs05Bta4DQ8YhwEBs,57
7FgoP0HIORmTsrgQUhLQmO,49
3XiNC94b4Tq1xwv70sQJGN,82
6alCTRgBPoeAFi2N4il9Q4,47
1kBbgxAUc4HQv7cgIayIDH,52
4vaxvNDaLSoD36iZX515ug,75
2zXRRaZSuiLFd4TFcfunEE,50
07zL0LP8Xt2CCM8MXA5PJh,61
5TtF9bUEJPCMkezphzGr8C,53
1NHZh7Pr4El0JCh02p8dHd,46
6SNVTNRFbYgLq9Y2rDKTA7,48
2CiZhkfRbCQETTlxQIRglj,11
46T7puWlH8ptC6lx7bQ3TY,66
01Qb6dN5suQNu87VJ1mIpf,41
2BmCen4Ww7ps0EBbobxWsH,77
0Iu5gAorcdocbx2Nz5Vos5,51
0poeWvwv2YzuxLN5OXOoIz,60
6dke5spyTefPOcKKn2S1YX,54
7m9OqQk4RVRkw9JJdeAw96,86
1NF9EkR5OpMaoVWbsllcm9,64
3jKa8I6x0RDFIioH3y9Ny7,49
16qPkGAjjtZ9dKuSUwpFB5,54
5ls62WNKHUUrdF3r1cv83T,80
21jAVA8NgkB39vWQg96XqZ,38
0AICBlLzFCTpUqmAbtzB2z,75
3UxORWLWBMmpJiumQ0LNHu,56
4VE02IlNVRSXPk3p9B4Nxz,66
4Ek8WLusFsNHd3c4tRwBtm,53
1fCeXjoRExPP2qwSBh2aST,81
7hf89cT5FEmLV5E9fjrjG7,75
5AFXAnmid4MBfUGJHISTqT,54
21OgIYNglfbUMkVXg6mBX3,14
3SuuGrAqprpL6NA9xMqC4K,66
01kmEgrTZAGvJNicVB7laT,64
0S0vWvyZ6Rc79TXkWxT9QA,80
2u7mxWSeoqTXndK5e08jMp,76
1H2pRxXY56cJsNgAS3yC21,55
5XAPpyIoYF3QXP34Hv8Pvx,77
46eK1kembooWblMi7M7yLM,72
7zkLlx4bTeeyUyzs1L7gV4,68
0hcnAHsZFmWhZHFjdPshUR,3
4a4FDbcyhBUtKwJ7LwCdml,48
4jvjzW7Hm0yK4LvvE0Paz9,83
33BCQDhwZyiudb8Mud33tb,71
70nmZhHZLNVYWP4NON41Zw,72
1B7AZ8Xq8RqaCp9OrQabaI,6
4rnwyJPkkkvU6Xo86YMD1X,13
68kLzyjFtXoKIv4NZQlZYe,37
41MCdlvXOl62B7Kv86Bb1v,80
3XYcMmKk46l4WYMUSrfphS,67
0kqPVx9K9kEpaCMrGOpSBa,67
4ZT9FnbFu1PaBfV3itxiqT,81
26ywHG8DhB4gB4t4OSVpb7,44
3JVpozwCbw9CeB4UFhGeTR,24
7ykSBYS2P8PaAdeN7PsSNh,51
0mTDuNjEAI4v0QWjGlUK3u,43
2JfnRptu8DCHHaykkjUhwD,51
1b9yFGTYblk3jNF2g7fyBh,34
5IrEe05SfQknNhmAgCYbVI,39
2B0NWaXdBWotmNYMvnKUKf,37
2PHugyVcwpbzP2S1w3fDTA,53
2vgFCNwsIwzCi9pDDGr24Q,42
41tLoZnFza5CXreOwxzQar,30
3f6rlmQJ5pumaycQCbTPIk,56
7neFZPQP2uKCVtegFhL4EW,55
1If77EYTzi5qlM99wbdq2f,43
4ZfvEED0Fel6LeXXvJZVFs,31
5DUucTw6uLj4I3PvzykLKg,36
0u6jXPQBJRNAI2CYwNq2Rr,25
4MsseLhzh82O4VnWsCZ0Y9,20
2IbwACe3EOAMoZkoi8ywM3,36
2QsK0f4DVxH5yxYKEU2Hjs,35
1c4zFmRPnka2kNwFooLPKZ,42
19BehVEfgzWdksWM3WAdqO,39
3PN3yKVy2jBmxQElff1Yjv,35
1IzVAYsIMoIyJuNwP4UDTp,34
5bRVVn6Q1SKqgV1EMkYC2p,41
4ArA9naHLP8tM5kCyRlxL7,17
1BozLp4I0BcqA5hDAhxV8h,44
1JgxBl3PW6awQlHE2cHDYm,34
495nZkpzgWgnNYb0TO0b41,45
3Z1Xc4igRjuW1jAw2BSm2d,39
6WTONedGbMBlC2vRk02MJU,38
3VgaGYl4FXuI4wosflc2Gg,45
6ulPbMD0AFYuSv5vKFxd8i,49
0iILtbtok0PSKv0rFVIxSS,37
0x5bGvKpFs4OSV1EK1IZOk,40
28PYfxxCkNec7BhDuOiuNt,32
1NFphvohpmurl1NPmkVdzT,37
0ktFolmn0p5wVEPDfrpaka,27
7FGuyTjqH2dmk5tOUPGZYx,36
6UU22txTs2o0IaHnDYTk4H,45
5GaAU2dZRrEUBLB217ufPr,26
2iJZw6ten3NcgjJmX5ZoxO,28
12mGwph2YzDIlChtq3EdXP,20
6SNUuxeg0NWXSEkFirAkAM,51
6jq6rcOikCZAmjliAgAmfT,68
2BcwzjPvVSkek2ZLdh7C9J,60
1cEDPbmrlhoVK1h6BLwBYS,57
1LQiF6aZfnNgxerxWJRbxw,60
1mia2jUSO5ea1Pe7xmsLV0,53
4NZg8df9BxJ6spPDnr6Z9T,0
5DwYXHM4FuBXD5wyGjFl0r,5
0tdmvtJZdqkZNgt7rec50j,43
0Ev562zA4pmUsBqjxsxxdx,74
2zUwVdcaXijMUqLsp9BycM,56
5BN7zE313XgFeaYDkhFIMl,41
33ecyF2OHCK4HFUSp1hItE,47
5rK0pyEObO4DBFLy682QvR,64
6ZpR2XFuQJSHAQwg9495KZ,65
7HvO8vqEEy9gQsOhy2XehU,31
0FjkcycxVB1Jd7mcdEDDWp,53
5Fx2UrcQobzM1h2ihdhsmm,53
4ORMraWZ5vUT1Hzrz6f3lG,45
0J67SeAqemmeTxZ5K4X33E,44
15BlympuVSfZFROojEMY2M,64
2BVUOGciUUUqOPSLtHwLGp,63
2mQ7KmAI8gFLH3baaDXc6o,45
089tprIgsyFSOrZpugamLI,59
5FHGdR2grg8WZIKr7CExs3,45
5EgKqBgtyJVLvf1CuCuwKR,47
4ToogKQq58R9TvO40qRuxi,64
5HSMoHAy3sH6ByONlp0DIa,31
6JyuJFedEvPmdWQW0PkbGJ,72
11Ko2RWkUomW4PY1liDDrd,0
5Ce9z7GqSknXccyppRxNLY,64
5L2BTetlYhS14tN8PYvz7F,34
0D8n26VxzYSDIMhDO5JPjO,53
6wb61u8ayuanWSHZzle5od,61
4MI4ZR9z3kiCimG9izONuu,62
1ivuWgxFQb2xzxVNSlB1hF,69
1IaIbjNFk6i21FyXump6Dz,39
1T3E8z6VMXSsACrBSQHTkN,71
09dwF4F9mJSoy5oHd2HWFg,49
4Ijr3J0lnLCGZvpXBiqCjU,59
3YPlsrk0Voe8AOa1jyN891,61
20vHuJe3q46MNt4Zj5UNQ5,45
6fvB2ft8IylK1coIewMPe1,0
51hSi1p7g2KdXg7fJA1Hgp,53
4iD4xA4EtVhuaHZC7K5Z08,0
1XSxcjQ2SfYj1fcAxbaLS1,53
7sn0OyaKn1XKx18JjUZkSw,55
3WmVIlqFYl0uUf7rrVLQYv,0
1E0EOstQRm7YMhFpmDJzaB,57
6Knx4Tp8hE7IlYtde2dCYI,54
4CANqU20rw8PXzYvocPzp7,53
0JITWDB1tVUH2VUXmVtYpL,63
0v1fwr2J4yuInxUpPaEd7j,38
6HCDMQZMIa14cCb6mQkLEo,36
12REd1n8PeiHHWOh066tpr,65
2jt1zmAB5VEY9TLNNiXLKW,49
07CQ0ux2CwbaVN05sfG1zN,11
6Cs5HSps1CCjGw2KyzbFZl,30
7n1940b6kHcaEewFSZXnXa,73
0DosTwoHVAziTd3GfQNIef,63
3W2ZcrRsInZbjWylOi6KhZ,72
7CotyU8EcChJlqOFnxPPmI,59
3WtCu35qpzGCLIGa8pczdu,59
4fNDcRXLM39qJRgwVjtI3y,0
02Yq8TMuecXONAjkORNJNM,57
5JCi3pyggvk4B0yd0BK3ow,69
3e6UZyCx72Td2E4XNnmmFF,44
3CPBmuUQnW4b2o4yUlJOjx,38
4bw3ZyWA1ui0Adu285NWDl,66
4BTIG5pFipamu8bCjQXzIY,31
01XFgRZfZI7oBagNf1Loml,62
68J8vrLOTrUUOzaPLtWOHi,0
2XFak3Sx0XCoXJpPt5TeeR,41
5qlSH8Be6djCR8QLWgr1ZY,43
0Vc3nfRMdvY5iX6AHVWSMN,61
5QcSDOm6mcvFDl7KBT1fHv,54
3WRQUvzRvBDr4AxMWhXc5E,72
7guegNxwAH0uZsQx7i69Iw,38
5MGeW5mHnqeJiM0NPBbkEZ,49
6WK7h2WfMmnX7zOZnfzoYo,59
1eEEegafHzDJ2Znp5q6Qv1,34
4pWawf1Rq4qHDv4Ktqjg2D,64
185CVwvQgfW5QXXeuLv7Rl,36
1gV0hgMNdpSWeW7ZjSUKnX,60
60E5behybi3XUzcme2uojn,38
6zonhXHUitdQqZTqylx7Jf,41
6m3ZWIXhjoV76syT1j2oE9,62
2EYRVzZC1cfIQjRgvCtLyR,33
3OaunNUlXXs5e2PXtNAzzG,73
6vjWim6xU6tPjA42GxSp1U,63
72RFLY7sigTDszBRAKg9Mf,53
21fhmVio7JDL2WgjL4yEcq,35
28r8mD037GEBPG5a65YdDQ,48
2vtXB4ShP4eprgRW1IYpAp,54
16PbhyOxOEUtBtdKhr3UMx,31
59mH1qOaKrtOGGOu8kCrxg,44
3mof6Z6vz6gonsuIEQXank,60
0Js9hB2I66nJliPIJxzn2R,55
2m1uCqWvhy26vKSDKbfBf2,42
0BoL0e5lLRCOEdOs55YcIF,65
7IQ31sLsqagiPCDeD7SIFt,32
1sH8XzELvdFPkgJc7wz5Qd,25
0tZSzMyBgUvIb78NaaqJuH,45
1PZf3xkR1X0IMj7o924Gpx,56
2wdCiWtW5cbzEHX5YA5M5M,14
2Qyw31R2cnaEFgdHwBcT98,62
1jKq6jcjPAd2awwuYiPswp,71
6WsrPT9yw9gZyZn5ok3E0K,9
1sbxPVKNi6OLUdTHRrbd5A,63
4wyNKAZe82BNlp2lHiR1FX,76
08ilexedmUuccTWTeK7Dvb,75
6PQVjzciGxeHInsOCaTLkt,25
2LAnuLyzJhWS5ujFolCRY6,25
390MTexWq1Evy5eb0fMy1C,59
0m9LriWYZaNi5PesRbFqsb,50
1UK5Vib6AaWEUUk2qUia25,54
5qN1G8fSHq4Sv5FRoOkNGu,77
0nT2I8JnZG03UY9jRDHe1V,53
5NPzbTzFxIQPaheZuPhn4f,68
6iWnIObjnBMlaKgrAZgUA1,0
1YIqazOPARc41ThBqS7a8F,2
2pfV8fZZdLRsZYatVGKlUq,63
2U8tHbOzRICtm1GIg5B1op,0
7kh95COsNZjnTmc6aF76n7,68
1WMMrUKNFsnEG2csDURxhb,61
46lvmzK8wxAy66tjzXXSh0,78
6GIJ1H3QklpRlRVaMG2r7j,42
4UeKL6FD1qvuWlIjZdSzOL,0
02qf5aeUXhov2KmQeKQaVa,1
224EVTFiLsdQignUFLvDeH,18
7xXdY3jDGRj4szfxDrl6oX,8
6ANR2ylLSFSYcycw8JUnvi,62
4Egu7kAjEmygXrtX2n7AIV,65
6FyRXC8tJUh863JCkyWqtk,79
7jnkjpQKNKxEPiG6zfvmXW,0
43Q1jBoHh3pQkh3Oy7TA1g,61
4DNzemGNnckcJSr8DVk8Uj,2
2WH26XlMjUamdUwG56ZqWf,55
5eBAi26nr0KPcO3ko2hvLN,0
7nD2JPaxIKUdxd2UWgnaGL,6
656wIOnR8PkaTASJAjd1pH,0
3rterSutbnjnBk6EfVzJdU,0
2fxJDRmUMatqyZ6ZOQi7RD,3
3THRF1RJ8NRAnxwzuQNpGb,0
4Uy3Q3h0VbWWyyiB1MmRoP,0
4uTwGlgAfIKQTnJn2l8eHO,31
7E8G7hoSk49VNuAbdSFiwo,2
6L74kj2KFdwfdLXTqyNvDN,0
46D8MyZ8htLBj7BjblMyeX,0
27WxQnneLTZBfiR4YyHN1d,0
04EMkFMFkTaxWciZvxjkVT,1
19Zgfi5KeY5dGm348gC4Vy,1
3Zkla0QqHsCTY1pWhY63GS,1
245sMgdD4VXs2GqDpTdq2i,0
7I39nvur6FAThKJDdFfbHc,0
3vTPsdhXkLKpOHhh3BReyL,0
1fxwD70zSHgakPFIAC0pz7,0
5YOkA7qd2983FtBQnP8sYx,74
4t8YQE2FIpTIq9SxeuOuuP,73
0OCWVpJpynKvCCm5fka033,67
4pN4icvWINm9uN3bElfbec,53
5gsW8TMmNVnevjq13h0Nlp,65
6q8Lb50EtqNeeJXXe8mMAH,73
3ITvHA9zhZZdBJsOsAUegF,16
3AKwyujeGxTQSZNbx9Ka3c,61
7ehmaSwhEZv4aaJzxsVMGY,2
2rZB6indPhp8C5AZK1PpkS,3
4QDIUcFQ5ffnm912AYcVdE,2
5hsWWWUEmfSmClsm0Wqy6X,0
4iI2kB0pyRFZdq1BJ1ZQFv,53
1mf4LgYP4u7AEdEawelr6s,50
3TULfiOzT3evheiAbTXOqR,5
49VSioK272TASR4r9vRTuP,10
3g0jIUgrlOH8VTVyCrT34Z,61
4TwIbmabI2R5XUhqptk6Ev,60
6BMfjQWq48IlYlQVS5BFRK,59
5MT96Zz0ymUJNm8obKZQr0,13
4Q41paYcm3GNVETL6w6pPo,3
7k09lnI8FXcEREvDps6oPJ,1
3lSfq8WiDcQXEn8sqHCTZZ,66
3CbG6pxtFrh0ZMX0AYOwT2,7
4QYQgJhBryglC2hEpVGrZU,60
7uYgVgRSgqluZclLS7wpp4,74
1X37F5I10iTKZU0WEb6Zgj,55
2xcaABUXHZ5WNc6TtmghbX,57
4iNapoO1i7iWZxS0v2DCsq,48
5Wr2fVAVxcEfFwvJhIInH7,2
5hKjEpYrJIJs6uPl7zw6Y6,67
4qkun7AaUFno3rE8xp0zYi,3
5olxoiU59KJZTbqyzki5TW,58
6AaeSJvLxywnQAKmJeGoWF,44
1WrVjFkswM2JthLruEiCoD,0
3V8UKqhEK5zBkBb6d6ub8i,80
3t6j6WNv2OSn6qm5Vxynub,65
4opLPmkmAviwAEfeHi39Fc,0
4Z9WGxCeroZeuyW3kEwz8N,46
4Wa1K30gzHFlntJ7gijLMB,45
5Roz9Q9bbAeYv4w9saCUKs,34
5Nkb9ux4VIUED4tjG1Z3KS,1
59X5b4uyBI594WAs7bGZBm,31
6ckFDVb7kFLqQYwNEY6z29,32
205YMaOKeRMN66gQvqw2Cx,48
2MpZc61FVbWl3Psnqm7qhV,39
1FzWGnSxl5NxY6rZM8IQRi,56
0dY6FTta6N7ViLnKDDkEf7,28
2vrl9bADuJHQGOdSk83jRD,40
0JnsxRmbo5OKst0vRdLGPe,33
1F0Kn3FLjl5yvjAdt1JVQw,20
2LSrYn6Ou5DYNa8Gh8TN5e,64
1XxmTx7ZzI2xLvS8SqlXs9,72
7k4t7uLgtOxPwTpFmtJNTY,98
4z6wo6PJG4Fve45OXK6D9m,84
5DxXgozhkPLgrbKFY91w0c,93
3JVm1nYTM8rYRSp9XVKIw5,35
29ShXDWDedEwZkYc8Du08N,76
1tpbAGsGpZee5jDHMcLrUJ,82
6mAN61JH0dzyZpWslS11jy,92
37zdqI4r1gswIzczSBkRon,89
6osaMSJh9NguagEDQcZaKx,88
1b7T8NkRNgkUwrNcGSQI38,59
5PDoWY5Av2Ba3rWIdY9Ij0,74
4fj7e6Tc48Bmomwyz2Z2XC,83
4bTZeO72FwMa6wKOiqoynL,86
4ziiAuFyXiY1HNSLGM1xv8,76
7hynhxDoDpgMIV12JuVtNa,79
0fea68AdmYNygeTGI4RC18,91
2x0dL6ARBT1fuxFj0TaI3s,0
4uZwCUcyuwBxvG4G2CsNq5,0
6SIrNxmmdbv1KUbFBu1PaN,5
67GuJrAVnnEUf9P9tOip2H,0
7qxNNAN0JRkSC0JyzlMIFf,0
25ZAibhr3bdlMCLmubZDVt,86
2TH65lNHgvLxCKXM3apjxI,90
1algWk375QvT1XNJJbRsGM,68
7anSoGdgtmJTAPZBzcPhO6,83
4jBpZsZ9qx3cZhoEfuKElF,71
34w1ycoersTjtBsRQsKzgT,66
5Kr3a1wbMDSxdgDZzJhxhy,61
7rknFhrVDyxzTJkPSf7LoW,84
0L3DcFGrGtixx5MmxJbJNI,68
1c0hsvHLELX6y8qymnpLKL,85
1g2Z2lOrwayOzDqOc8EfbR,76
5YdSlUuV4hAUJvv91bAKup,59
1k1CJlU1eAEpAbNK0TVeKD,11
0O0Zk85EZqJ56YUIuQ26wB,57
4lzxJ4jCuFDXXGkE1LmpKR,83
64474bdQywnlw8Ecxf9hGg,49
31UjYv5vLsDkzchJOtUMtW,23
6t94PGXYAuo9GbJEnMpPcW,77
5KbBGUpIZd6gVFUU8tqYiQ,78
4AKWHLChPxYdXAB2cHmZB7,68
2IRZnDFmlqMuOrYOLnZZyc,85
5VQpJ2AY2iMzrRZKgcvNjh,68
69ZaPBHhRMRDjRpW1ivnOU,70
3T5QSIgoaPIh07SwixRDp7,17
1R2mapMAUiYqre6jcFX57g,66
4vCAzANUWDE24URV6wQ4ra,78
35wvL50xvKpCHEJPxLOLPI,79
4UEuIEv9Wc3wtiWUplGJ7q,68
4ByaTrfoYbXrmlbsTG8MTD,66
1LiN0Z98FkR1t0m8KmLcAH,80
3PKk9pGTfQBINlJrEyrH6c,54
6MJUCumnQsQEKbCy28tbCP,77
0ifLplTQxXkFZKMQpWCHii,59
59PYgzOiOjGDzjDT5N5oOX,74
116H0KvKr2Zl4RPuVBruDO,83
6NPjHwhEG7eQUQBoPFBrnz,64
2wRkBumdItthjYP9XknImg,71
6l2UmWFHtPqgWq0hnqlfJT,52
1l32xprL1vhaCYPZe3Jkxn,64
3RD0PGolM0mETGHaprwgMn,71
1ZBU5DSoYQwaZVgep6pfn2,64
4HRDBtek0ayfLQ6uc7rjO9,11
4Yk3S2fj55EIP6GaFjghSn,3
21WvAGxPUNJARcZoSqswd7,58
6BCEo2rSKFYVubwhXl9KxK,2
6XBjCetHKdO5L9cwMDVffw,10
3rPAD722s5FFNnwjC91t7Z,11
5yY9lUy8nbvjM1Uyo1Uqoc,93
7h0d2h0fUmzbs7zeFigJPn,89
2u3EyuCqqV31woqGvO9LBz,81
0nbXyq5TXYPCO7pr3N8S4I,98
2Ec33AVlkTTq8BHFgBTdQs,91
6gi6y1xwmVszDWkUqab1qw,87
3RZftiuTcLOqpsd8ZlwNhr,82
57vxBYXtHMk6H1aD29V7PU,93
56AMYGJzxBO6p8v0wEe9de,86
32Gk4O5K1xGfm0iEJKDvt3,32
598yNsG1JFrGd4n2kMoz7F,88
364spZLB5bhNlnPrzvUB41,79
5ry2OE6R2zPQFDO85XkgRb,88
4IO8X9W69dIQe0EC5ALXhq,83
6Ozh9Ok6h4Oi1wUSLtBseN,93
643PW82aBMUa1FiWi5VQY7,77
1xbtojAZsQjOgiGdGX6ChU,19
5TnLXSd4h6G06Fbt2ApOpa,68
5MPPttjfGap2C6j6eKcO6J,79
67XyC1GdSkKb9sbRRkUDXS,80
0W1ZfgXpC23RYQPDq7RM5I,70
5jlLBqK31dOqXECKn3jlMX,68
3aaRK3htdVkK2pqOI64FEb,62
7DcvwMAiqKJQD1rrdfxSDx,83
5YSfZJE0EYrGVsWeYqv9xo,66
6vBdBCoOhKHiYDDOcorfNo,51
0oVxGuRMnawFgA8aduocfc,72
5WJdUrZ4ND1TCZ2AsjYK3P,66
1Hd2XLitkt1PYCWSbfF5qV,73
4pCEIQ6wBVuaJdER5bALtO,74
2JvzF1RMd7lE3KmFlsyZD8,86
0NJp8GyCOWnQh71xKSPfuV,71
1wJRveJZLSb1rjhnUHQiv6,85
7cWmR9RLLMY6bj28q4bhvz,2
2MJdgSby3DtSS7bUJx2cly,67
711MglQhnhOF3UAiAs9A59,4
3WRIaWsws011vHMd9uzPjG,69
2t8yVaLvJ0RenpXUIAC52d,81
6uSSupG4TMu3vW8QgynAB6,66
6MWtB6iiXyIwun0YzU6DFP,44
4uX8Wh4wxpLne11BhoHs5x,57
5iemvGR1EraL9s3XvohIP3,1
4Km5HrUvYTaSUfiSGPJeQR,77
6kig1UFggPUyZBCvXD3Wod,63
1HTtUBEY3tuw2btgwwI2Ja,4
2xLMifQCjDGFmkHkpNLD9h,87
5NkfVQS8BkceRgoSQwcW6H,62
04MLEeAMuV9IlHEsD8vF6A,76
3wdfLVUhmX64lIyWIIEW8s,66
6gBFPUFcJLzWGx4lenP6h2,86
3QybPutx0Tjk472bBKjNWn,10
5274I4mUMnYczyeXkGDWZN,80
4kfEy7h6bWBS5OaDpccTap,63
7sO5G9EABYOXQKNPNiE9NR,81
6DY2TWhO7ioSmVzK3kuHk8,3
7r6LNJT2LqpLpEyZQJPygt,62
2XaInsPPUkZRkY4uFJ3AHK,65
0X8DcetL926BYiPJYstJTc,11
3iZ8223bfKeY87iTdcRMtJ,1
5gub2bpJRgJP4m4MliqtdV,7
577YBGuskWkVDCxZrLRB4v,77
2FUNBaa5DwItJtYEBgAblU,72
1yxgsra98r3qAtxqiGZPiX,15
4paAidoE8VAemwU4jgCc6l,72
1Jl21sidRpEdlVBvYbssLx,69
43lYaovU2FoeuBMNusVVVW,5
6j0teRL3WdExzqmy334sh5,63
1BxkZE73h9BN3qwuA15TA3,12
4qKcDkK6siZ7Jp1Jb4m0aL,79
3lyeSiAIdLoZUHhV8psOTI,56
0frzpcv2zCUk13mn0X824T,43
36evXa8bNvfBYNzePEWhG1,55
3YBZIN3rekqsKxbJc9FZko,78
5tqSUxm3Wpql0dlLMrIAp1,58
0bVtevEgtDIeRjCJbK3Lmv,78
63HA3dpnOmdDcazJ9sDfrh,60
2vNw57KPaYDzkyPxXYUORX,61
7o2CTH4ctstm8TNelqjb51,82
5x6alRKb9sdCidGQz5luEd,7
4DnEyHNO8MdhFYFrDq73BV,59
2C4aYxNpoPkmoZ3ZdPeuOB,13
0ZEhlT9v8CdOKu55zhYGv9,15
2dyfo7lqKI7NtSAhUZwnoJ,57
267z5eJwlfiP5FZ3CklTtK,5
0GQuzKlkH0otZ01oMFzsSu,4
7iLeu3HnJt7hkxfrqO55V4,4
5j6WdDC183izbbjedKsSAe,4
04MNKrAnzrHDUzuXAtNoLr,9
09PTdECef2Uxix7ma0HCxs,6
7D5n2kpYH2WSqIyEO9MeXf,67
2uduMoxSNLkDBhyLS2JroT,48
46AtSShP5IL2Ls3uHpxmt8,53
0EHzXpyi1swR8sMpbVHcLJ,6
3qjLlHdGbwDQYKYldJp56p,4
2PrmCyoClC4ulLJR42z74O,51
3E5yOnpyHFerNmTVGn8ZXd,3
0ivarc4umuzp5I3J7lPDJc,49
39WoLsd8lNAdmYLr7z5o5G,3
4BZdQn690mETPLKmNDhbGi,3
5dlAkAIEusU1FJcyaYMgVm,2
1416zt0Z35YVGt97dXMbxu,3
3kSsbFBOdaflBNNJkiG1ja,49
3nW5v0Htr1ySk8czTJIA2V,54
4g9TfQAiEN6lDNRJJsiU9T,49
6fx2QjZU1Pf5DsHXMdGt0W,4
0SvH3iaSrSb8zZnMCEis6C,3
2foNAckCzsyD0HJUbmhTZJ,46
2lWfuwRnN6aSk50TPx6eCk,2
1kq4BX4zZHyr4O5cJGcduh,49
2dsamqceYOKqLNx2Ch6Zhz,47
638OrV0KtFGrxvLoAUvxCY,1
4vtXsXvSYaTfKQ0dJXbJGu,52
5bGxSfPQfAsC6sBcHT3aZs,1
2FEWcWHnDmGD6WSqpW4VYu,58
1JIQmOrYNMohZ8oygnm9Bg,35
2da7wnI5OoV89TsdKMM81k,50
0yqcmfdOv3RuDXKaloCKxY,50
7xKNLe9qqIIEW3I83x4crd,44
7rdtBpPpe4knfd7aD98h9X,61
44OKaUDVpDynn3LWNIwqMO,40
65PbE3qfKElGTcweQMmbzf,40
6lxOK8iqm78PEN2bXcjSEK,35
1v0lDRJHo9mptTxoGFCQ7Y,41
4N73fgEEennudER9hXnHOI,36
4qg1esFGKNCCRYGVVNrIin,35
5XI2EIihxzTlKLR4UUhedn,42
02AT1Z0nscuElXMWBEzEKu,37
3FPiGFT19WRb4D0bZlw9PJ,34
7dQC53NiYOY9gKg3Qsu2Bs,67
36lkJSDyMEZoWTqtRj8Q8q,72
7xUVverKyPPPAW3sDqXhfi,52
40b31eggZB30hoqXhGm4qc,14
1chu8wc9zbNqTQ2ahROys1,17
3D9iV6cYkYJRAPFO6DRKIE,66
1hwN2eAwsXgktvw9Qe8TrP,58
4k9pqSKBHYdTGjzNeRyQ0o,45
70mg60zcy50n3NWrjWlyRY,1
67F9MFQj4YZG2i0V0HCMUs,48
42dQmgOPH74StNUDD1hgYf,8
6r8cZQUc0zieslYpGuMmLj,1
13VWHWIIVckG3bHq6oduFJ,8
3ntrdR24dLkKrzSGRv1FlH,65
2YnZugg0pdEkAtSHR4dwFo,44
54CASntZ5zw4e9YiBX0zAT,1
0SEmf7XdvzCmmEjtpZKIKl,50
4nLuHzKM936R5IDgVwuDh7,0
4K0IHrrajSNyuYCaJaiNH8,0
3QmUhaY5KZiOuaUH8H71LG,59
2vbu6iSwyXGalSzaqLBiYH,1
1f1QPwS422JMbg2aRW66bw,0
1zZdGnwXDLfVe8V2bclJQh,3
7kipZd4tWx6Mu8kBgB2Z2r,53
0SkpjIqhANcC2QQu8DIuwG,29
5CG4RXjli90Zd1KDalPqeK,47
24IHwt3oO37js9tC48hWMr,33
09fyn2OvOyE55zYnQnZbGY,3
1XT3v8CIGQ1pbbSOhv8sS4,44
1ixeHnO23pDi2A0AWBWmKh,0
5phKqpI3sIyHPo53q2Rabh,1
7qkW1FftvUU5S2P1eNEBjr,1
37RqEET1SYQaAcHDxDQLZY,51
43Ud1IajwtBvw6ONj6aK2Q,53
41TcraLQnuKmJuJ13nNwSd,0
1EYzr2S8PJmqUsRMkX3cSP,45
3dFfcTFKgz4zJTCiFUP5Wk,0
2ZbFPXkcaYPq3tu1mLJkjk,50
7ewtBCQfNha1hzKCubsufW,34
22TOCwH0z9Mcwoa1tfQbro,0
1RX0sGFlP6GYbpJhyNDzKz,21
24brHv25QrIxV6MtdCKDiL,0
0szKeS5WTmnMzFIgJCQllo,42
5wO14EzcJEdnaDRmI35PEP,21
3uiMBldZ07pW0ySHDX5gzE,53
4kjrHvBGgrRx1X14sK6pnb,1
6f48rqjb5C1sEQ4KutBI47,0
0gDyuX5rdHulQTUyrIdSR1,53
5zgzuSn1nRgZX656hWdAI4,35
0Fe8UbYzUVBlW60IlcYpHE,2
2xp6qbrEd1TAw98MCdOcsU,25
5MurSc4fn80xQPhmCjTRTE,1
5n2dJROsTksXOXKwLIpEnx,29
78bOURRHOm19pTFIh0yuEN,0
51w6nRCU68klqNfYaaVP2j,0
6ceje6UKhygjO1U1TYvv5P,0
2jsbLRAHKu0FCZcbySednM,35
1pZ6n8YzDy1NDjopqJyFYo,0
7H5Lvcs6XoLVrde3bZfUry,26
4Z4zFrdGLhkXXJj6nOcpoQ,21
0DCzMvkONMvWDiOtVzyRUX,45
6aYRLFKPuIt399nJdro93G,35
38LrhW3eQSt3cK88dkvl5e,33
5KhICfI5WQDmdEArnSImOL,26
2P3VCrDzYC9XzS7Bwu5dN3,23
2aLbP76Cm8mFduDuntRit2,23
6UF638eAEk8I2gfZGw7Txn,24
5FEBPCGuAs6ESyb9Mw7qIO,25
6PwbCWiHXgYuN9NZl6Tkn7,27
4RvJ5sXFvWt8n9HHt7yBRD,40
0XdwNwmKWdMmSWdsxt8rFS,25
5Apf3vHBoTfRBTRhrndVXO,37
3dp70eMLPsq41O60QnJcsn,25
4lL4xJcnGCLl7JbW3nSP26,20
7jP9Pn6IroUryPoKlamiMz,25
4igVZAgZAqgPJFJd25p09I,25
3a5eLAeyZQfniimaVZBDRz,24
6vFsxu9TUJJVWzMtualgyT,26
42YGM6GMUbTeIDu0JXtpry,18
5fO2fgZVjB1ZnA8X2gU75F,21
5QVIt5N6Rg7fJHrwUt55Zo,35
30wNRf3NQ1PpJiZ2lzleeB,35
4GFOE4FOXH395LTx1Dc6DG,19
72ZeHD0lrIIBDlaZefI4bf,24
3Drz2lTW7fHczqAoJ3dPWJ,28
1O3Ju5VOQqYeO1qtHXf5bN,38
3e78YrVoW5M3D6NdGqCIcZ,37
5HiP7QX910Rql8nM89Mpl8,21
6WDywA01HXByEC07ZEKt6T,17
7rxrTyHE6wCoWEThKZ4ltj,23
0ZNFoXjeI3yDbXI4THHbzl,17
2LPuAf3r9zGrHwoxksaRhJ,19
3x2Vsy7q5bHgEPCbtPYKd8,18
51Rzl0NM0JDcGa21IA8hDc,27
36TvWO91cTW7IdDaKZtuCQ,27
0h5LK5DWEDQoTYemtRGMzA,22
3JzfUGNaBr4KyZwadF2zBQ,19
0iF7lmuEm71kVoqELFUqtJ,24
7ChIxgQeXA4jxAS0DE7b7o,21
57K5A7o09IOVm4zeMXrARo,22
70kYUoJbY7GMih4542i7mV,29
0BnZQnXONdXE0YoAPtHcrt,20
1OTI9UsJFPUixcVr8r9uaG,21
1Hfjy5mfIUsBLBBf4eqBnO,32
75Eyxd1VgJKKIqMILFQ8mL,17
1j4OXmXNhQRVtC53cSEtan,16
22p7tgi6cFVBaH7vAbgcUY,40
3n1DqizISmjSPzVmwkkzUv,19
2QIxieRCegkCSS2nDsBFRG,26
4RbdImUyfncUx7Jc7m0K9c,20
1Ijr9ESO1G5gqupDotJiVU,16
6YvIfawv3lpWKbezzrdFz2,19
0YmlzdaM792n2RWVcJvR2c,14
2UDic0ZlCZjpDEMKLmxZGz,18
34xTjg4EHoL2Hmyqirtkcg,26
5LXQeJX8ZGS7Q5ZZ3vtGF7,41
48rznQklzZQNqoeLZjsOod,0
0MoB0WyFkyRFAn1CWpcvCo,30
6syPPxFX5QgjxHARzThygJ,17
4twOuEvYNHNUc9dHUqhhUY,30
1f76rJMP93OCXuDn3lzq0S,40
4ygxtBx1enlvCscjiQPGR3,0
7tBXeBQumGSr1PWlntLBBU,0
2cj1lEpsMWrr1lBxXUZX4R,0
604YDMoWJXE4xXYnlMjm6R,0
1OzKA2Fs1llRS5l59K1QrH,0
5WoSLxk3XGNjmXNI7pW43f,0
0Re9GDvERhJTp8GIM3LLdN,0
2AgIKMLI9Q6Jc6NhDnciDb,0
6vtY62O64CdRyvAgddheU9,0
2SDAuEi5GkK4qkB0yW7LfR,0
48cCTQyU0wkJrHcQMiIXsi,0
6nQsRIuMfd5o0rJGE5kDKp,0
7MbjEnJbjyMp7KHxbpklO1,0
4V4mhOnXDBTgx6grdLUWHe,0
1rPi81ZEuzjvINM8cvNNjl,0
1PLxCD183hiMW2ajB5givF,0
32Te40UQyEMvCrVlw19d7q,0
0EelMuZQ6bXJ2eLVPZUIxy,0
59DbihqLQR5UXjYYyFgzYg,0
0xPOfvI0CIsuHF3aNmczdK,0
5n8hNpNG28hR5x9E3A3DD0,0
6IbF8SQdFWJxTreZOAhwIy,0
32BkqRIuuTGWIvoyz5BK6A,0
7q562HBNUCrrudG8YPPEm8,0
6EQObUawF65Q1uooP02raT,0
5k7SekU9GZjOAcCYc1VEtz,0
08AVrER4Kh0Q9ORinSK3SQ,0
51pvjqS1XmaObmjovRnHiL,0
6h3NfvlWed8jwv1xECzQE4,37
7IXa9vNBLDwqXnZ6gG7h0r,33
1UMTkDVCP1Osrt9BLj12go,49
0By2MaUgmvhMTzSUebM8Kk,46
36la4AQp7vTlCRNyC5NLry,48
58brvcrp3VivwIxRR8gT6Y,43
6ZoJ8bgGyCuGQ8shhKGkeg,42
2TK3tO5QKbs4Tsd2pNqr2x,44
6z11fdXJnPit4DEhdFHBOm,40
4kvXiS91TvzXLlxF7Bl9zT,40
6jljsFw0Hypb56SgaJSSSg,38
1Q3BsTZ2YrH4zooshxyhmL,37
1WwAVSB0J8faKs2UWRDVjf,37
0KtJ0y5Q2xS9UAjucbkcH2,38
5uMHnkSFTkYV764nfjoGKM,49
1faolBLC36cigtao56kZHM,43
1fPDldWK8SRdIjGPXrDqZT,48
3EXrtClWmgsM7dw75Mw2M1,55
3J58Ccc5iTbCRnYx2xjo6d,60
1AWXiUQjoQfcmqaBEtaOoL,69
2IZZqH4K02UIYg5EohpNHF,80
0f0k0OJ9VbaLHX4J1t2qUy,60
42e1QfTyPYWuoddr0ghc0i,47
4JGKZS7h4Qa16gOU3oNETV,72
15Trb1S2FDZSMLDzWfnlbg,56
4wUAQIiwXE4i1jPFWvz9zf,51
2Uovs7m5wttaD4qkr8vrzo,49
1ayRJ4dlr48VJ3FK6uPq2i,50
3mayeyaPg5DQGBa78LJM59,45
1ASMqs9x07lQPj4iMz46O3,42
0M7wMmWaB3ZIkGuRFE4457,44
45ipml9tB0PVrLFAJegcWE,50
38RI4pQFGNyWFVnhogStzH,38
0gEyKnHvgkrkBM6fbeHdwK,75
6jEcFhllWB0clBHFylomJZ,47
44qXe4KIx8bu9eLtTV1BB8,49
3g1iyXOgxuPm9zkzqpDOeT,44
3N6V8ppRNlbAhqwFzlGgHP,46
1ODEng2FFlNltR6S949ynx,48
4zEvxRDaKDoFlHxK7Hy0wg,46
5nYZAg64b6sEpukTSuuSUZ,46
2uFBqk6flKDuXiaWt0vV68,41
4azFYRLO5CCUXl7DSpluma,33
0YK7uBYSa7ereS84nm9ElY,42
5RApJB3xWzniVnHtQDAaCP,45
7EJvwHjf9NKCmYBBGOuwQS,46
7Lyl8T6UVffsrp0gx7HzgW,0
1aZLIbKEdsyqxyD6iNcrbA,53
18URo35acNKRTHfEdjTcGn,64
4qWizh4UB8BuSypZ3T1zAz,47
11C6xtJLOaKqqMrl9hQwQ0,37
54JsCk6p4v9nka5elPcRcM,27
4qjscZh4jfhkpcQG4ZQfi2,60
7dRhHLtfdZaIrlQAJEUZuz,31
0RVeadY2MbHz4Pe4MreLNw,53
1PUCeAtLlyLCSeoBkfb9my,38
4A2K78HeRoJAnhiHpCaSH8,30
3ybF6Iaia01EbXg5VmxPcb,48
4OYSOVUNixTBGRjcIKpne1,34
4eXGF4fOubY0IhWieQ0OoF,43
2PFIZFcGry0po3ZfRZkzKc,68
7iEVmnzJr1V7duYKPWplzp,55
1wv8bYmoqY3TAKKQY3Qn7t,55
5XsMz0YfEaHZE0MTb1aujs,26
26vKwxgkbm2jcKyjvmScPK,37
5WwqdeavrQrbeAMDxGawse,73
1A2PWRltFrX8iB8IP3CUgo,68
1lx8ddGT5wCD6W2xmLeRKG,63
0GIOPJKTSxagq3rq07Ch3U,14
3g3PQ6TTd6Dnb4zt2d8B9S,3
6uPnJMpmcYw9f8oyQZP4XD,0
2lNm3PtNIj5DDZa96edje6,1
5PM96PMKMfD1lLX2lryUsG,51
0VMGij4wSGBM5pSTcqjxeD,49
41th2RVnBYzhP4EQse7jAC,33
23IK8TF2MSiLnuEjaYPfVV,61
0t6DdFmFQhQYWhmfa5FJer,50
10b7RJ4vWHQFxpTikfsf6A,31
2LfPYFstoasEmLDNK9geH0,30
090rX2ouW974AT3dFCxJpc,38
4rOuAGIlNReuhNunv0eZUp,2
3i749PIamGcEauiV4s1ZN4,3
5BugaNbZM9Lc7qUtd5FDir,3
2fnuoul0x4g8ZYkAYNgAgZ,4
5vuWELDzHEtD5K7yADIBpz,5
1lJZSsMoWEbrgaY6CxPMf8,47
4ybDW0xfRBCPwsjwFOUzZW,37
6BtlcfCWVBUEZwFaNJ0QMO,25
4FwiCTQiiopyzLJ14cGCsW,36
3r7wIvLStJVlbTZsibIL2t,22
5fSVerSB7TpXkUF9BxTUcP,42
4sr4NdrPfds9Qfors9UkiO,54
4bSWx86yHmy6OOMsQPU60F,17
7JmsQwxDlC89imxewJcnHO,3
4H3vuLX59XPqdtTpIesGyS,46
6FSTE58Y4IDxTj8vbfHQc6,0
7aHRctaQ7vjxVTVmY8OhAA,27
1cOj24fUMnBSXhtp7waHVW,57
5lQyKTM5MZsrObdRbIjJv4,44
63nVsCAdxu9OdeRhe58wiE,65
5tdKaKLnC4SgtDZ6RlWeal,69
6N5DRCQUSXT1qQqmqsO92B,58
2avaSeKHI5l4sLruVfLdi2,64
5BXj1QDRU77J1ngVavG1tI,54
6yJxCltgtmGxIgKOS6ndnu,65
19u5G7pWq3Nj6lQiP4W4Hp,34
1eyq8cjUQ2daFthW2PC2GM,71
2phcupbmqItBvC3OnsHQLF,0
4Jg1nU6FYvCWkqFw8Kr4bO,0
1vhNjOtmfgoGy4J6ijCUSS,7
6V775dYuMO5BKjo9C3nhqL,38
537yo062QIz16oQOgxmul3,42
044fQJmT2fZUYcA3BnaOL2,2
1hZJcuz9iMoz6tLkFlIaUy,60
1Hs3XZxhdpHrOyiZBB4kEK,1
5fRTUCS48zwiGai2Ku8gSg,5
2uXewDKMktNkkMfotqSxN6,58
0snPJPxkk0MbTc0xeUvAPt,64
3FdHgoJbH3DXNtGLh56pFu,56
2qxrA7khrMA6icoq9cn2wY,37
7DGIv9rjJSL7Bfls23QMeh,0
5xbqrbNPBTAOGDA6GD3O46,43
4gpext9x0CbdD9NWaa4nDj,62
2dURQIBrw3XcHyVZlfdpC1,54
2sYLlZU3FuCF8SKNeIvdKA,43
6VzfdkKU7J6ideJPwVJnAN,42
0xpBr84T3FTm9j4D1MdPtk,60
1xAkznu4j1yRIkPz16JpNP,1
07OzC5JlcaDwEkzWmvqp6y,51
2Q0HXXMkR28ZZkyX30UmLc,36
5dRQUolXAVX3BbCiIxmSsf,70
3WrOAryvCUOVsm8P8O2DoE,0
4Y5yjzs9FFw5qIgfZBd43I,55
7LoGfKBAaOl0nxhodJ1240,63
4m3OS54KWywYhP7WD7z1cg,53
5AM6VOkN7ficA2O04f5JG1,42
1ESuT2y9AKu1zMdxq47qW5,46
3LVRM23d9ltvRoquuZy1Yb,24
0UhZkk4agmJpbMCvT3OgLG,24
6qUEOWqOzu1rLPUPQ1ECpx,68
1I5PbTAcWMqV66XR8B2vzK,26
7kZZ2Hmkg1zfwrQLsmypNE,34
0rEFyT5IzHweiULf6QZXmz,1
6nbi2AJ9hAi2SE8jH6mRKV,43
54b8qPFqYqIndfdxiLApea,73
7yqU5HODQU91zj8ahUaUX1,2
2vEQ9zBiwbAVXzS2SOxodY,24
6Ce9ItNCpk2PkAMq5v6EEV,39
29pzjF6ZkzcW3ofgOVbF0t,60
6V50MyHPGhEmwYu0Wdyf0t,66
0uMMLry3hzWGn3q3loqMkm,58
4rr67zXmEYf9ykLigeEsbv,23
3bcYb4HwWlytUFLny0e0Q1,2
7BeV8s7R68eqPelMmvp5tu,41
6LDRTOMCSx81hKXAk1LuHd,43
5MEMiHV54Y5ODV1zvEPsyp,1
5UqqOfFa9DYXALpCCF8VwB,20
7zSDDsIlks515d0tZGM64x,57
5vywtoD7fO1CP0B2wtm6I6,44
6twIBPybEvGydyNzNz89FT,56
4P0uyibZjcXZLVeNOHBd8Q,47
0bkUkbJ1nEalT9uPKFP3Vc,0
5CnOM4UnkKNqTHO7SP5ega,0
4wUcvUiC3ljCSJrhwGz6M6,0
2dqhEdgLRNDz8s94Q9ouiF,0
3OcSljx3a7Ha50Zjyt5Cwv,0
2FOxO0DQmH32E28IyVJVzJ,0
7k6ntkoyptAT1c665S5LMj,0
1ODyPlxqhN8892ycF9CSyF,0
21W8a3ihSeIcRjOPn1Lz5F,0
3a47k5x3BNXyUiQTSSm358,0
24pgFEZBuCv40IQKO3RKkR,0
1RLwpJUmnVkJ5VbhhFTh1j,0
2vtC4gCZCmpojflO8HEjIT,0
40DlQgMasTSTNt06AyjLa9,0
3M9WVp2rdXs4B6a2hzJQZZ,0
0EpssAjtQP1OTQtrX2pUz1,0
3zWGkKlCfc6DUwV8AB2VAV,0
1Mj7rQgu2HTtDhKD90nnDS,0
4zQTsDZqgODryotrqkBvED,0
6aseQce2VFSVDSGCkXsso8,0
0HYw8jQDGqs1rBOOBSiV4d,0
4EHa21Wr2EPDZvA3LG0yOk,0
2tEloWf7PDkzLiJhxd5P5T,0
4JHdcxMIq6cPZMEqUYY7cD,0
1UrdPGorbZEZsV7o7zSLd4,0
4OYOndzBbcjxfM3UPKmOIF,0
3mXBM0LLk0bemiuCHyvQ9S,0
2rltyO7XkTWXTmn6dIU8by,0
3suGVjo7xyvFbK0WHbDlUA,0
5bycn7SuJzYnxte0W54mNX,63
70uUF91sbfXOyH4AInWYUw,47
2BURVLCtzmNylUqMVCLUbg,59
66w1iMtSQUJz5dsqJx4QPS,34
1TO1KYnFeSUqyRWuprjmZz,0
0Ll60pqkEBHqzdeclRHdnl,55
2BeTdjsTKX95HrrGolFaCJ,31
75n6R38rfp87ElycXr7OJq,48
2de98HzQLgj4mN9X68IjAu,38
4BzNqGFc5lil9r9i7b3Xzg,30
5UuikgHTxSRFRnC0zXx10i,65
6iZtDWu3FTuxu7AprIqA3Y,49
0DbRkFE2KAyNXnKzD9inpV,2
24tIKfTc9JBuBsmi6uNvcS,0
6ul8Krzy7gmzTtC0I6s0T5,0
0nDQu5i6B93GvUJH8iJ0y9,47
0VLETiR8ft4wZHlCQf3UAf,41
0r5Ju8WyodpXBHmg3f4zYf,59
0MYNeFsKpzBHwrJGfWZysV,60
7s4eOa9D4Qt7o3iRChaVIu,35
4De9grPWp74WguGnlhepOL,29
12UjiJ9QUzkjOeupCndZBd,33
1d4lS5M1URec80lUeRqUsn,34
3fmBFzP5khfnH8cyU6BAgl,40
2HuKPBTjdwDz4AgyScuMDe,37
3q4hJtKfWjpJrEFtSFmqAf,39
1N0tGBaY1qyZ7GLBoggpNi,32
1HfVdg6TNKHtpsMPc07HTO,54
7CaHAD3zQcvUBZ5ygN8cQS,17
3Q69IS4SzCvFCWkPd7o7Ny,34
4IcEBPHjmpQIRk1WZKfOdO,30
0RJJfHHtI0cSUyCzNUdBEX,0
0PgnokuwZfyZHpvGFITIsI,36
5PsCkpjTbGl6Z3BHwFHRMJ,7
6T4YnHyR1x4RfZD9dejJsO,6
0IHkWt2zUk8j35w9zqd1sZ,21
6go1wE4EM2aTQy4ciVbCWe,0
2j1lh6fHsusuOuMyxdlERT,11
4YrqGPC6YcQx7jtdtVpGyc,31
6A8NdRN6j5wlrxOl40pp4r,6
4lt2tEWKpwjxetsjy2psl6,0
60Evtx3MICRBjDGgMX04Co,32
5S7OgDkPpqVApvYR3pz75X,21
39BRogniQcxFIi9zKLxwxk,10
71lboXdN743zXxlfrsOSC1,41
71uQWxtXZDImodR71xdaWN,0
0BCHLiF9rkE4yk5yfoVDWH,10
37sATnMqADzYq0phTcUD0t,32
5AS7FLo2cPNO1r9SdYn0r3,4
2OgY6eAw7bnNwJLWPEtFLB,7
7tMGrAfLAtujIkw3vZDekN,10
42qlo3Oi69rOnHMmOKB8uq,2
1SXaNlT88KkWotaPlJwosb,34
6OUZosSgCrPo7WpS8daqUW,3
0twmhBUYGuEM0OnJDzrhC1,0
51YoY9qjpQlzNFtFnxW7as,39
5IbYzV2VzATfYU8JElbQgo,18
1o25WyHfc8wliyBaxF3RbT,0
6laytN8QTrImYMil9yMySN,13
1Da2lHU95BdwjkViCcMgvp,0
07iEoapGlHKFWWdM2YRsiy,30
0Xl09GwykxY4OFCjAKneHh,17
3Xw3GUiSfGxfyjKzaKZljD,0
78aWb3IqcEa8n7mInJiatR,0
1XyztmdCr3DrtpsBBrOkgj,28
0ePfZpWW9eDNreAMxT1rjg,1
60WI0RpQhFyXuyPvrPPFiH,51
2iyt4kiacKRcY93YbdnPCQ,6
7hf0pfANPP2TgaDTcbUuhP,5
1IH7pla7FUzFjkYud5zzNX,0
17u0JZTlZgmKeL2cd9DaP4,0
0OeBUQzpwf7PYIvGtSPGAE,7
0FZvr22qlD6sEJ0RDJWmvE,38
6LwAhn0BtAVreza2frwwiq,0
10qruR2WKhxzAOPnPsu6n0,0
6Xu68vlqiu05qseJTVKlbw,0
7rKCxh1LEubDSotIwPA75Y,0
0vqV7lfbSZ5QDs9qgw3PKZ,33
1lCRw5FEZ1gPDNPzy1K4zW,76
7uRcUUmZpU4YVZFNVZnyXd,50
08JVaI77aIffN0wNjTOG4b,48
4ndDbJMhpCC5DxFOzMmf4t,7
3eebg5U0X8EMw1Om4syYqY,35
0RdUX4WE0fO30VnlUbDVL6,72
2OgVsp77En2nju8pnCieVU,69
3k58VAgUkM9cSvRpjIVaC7,7
43GS3mtezoIFiuIZCLLiDY,71
5rpo9tGeFdtPSQtE5bbPDL,44
1EB3Z38oKDKVp4K2yEO2dl,51
2VVkqfGIVZdM6j0bDoaMkI,5
1HlGblweLq0eAwnb0NY1EQ,59
12axV6NUqaYH3yFUWwArzr,12
61Q9oJNd9hJQFhSDh6Qlap,60
2LawezPeJhN4AWuSB0GtAU,78
08mG3Y1vljYA6bvDt4Wqkj,83
39shmbIHICJ2Wxnk1fPSdz,79
5MxNLUsfh7uzROypsoO5qe,78
6cr6UDpkjEaMQ80OjWqEBQ,65
2zYzyRzz6pRmhPzyfMEC8s,83
70YvYr2hGlS01bKRIho1HM,74
78lgmZwycJ3nzsdgmPPGNx,77
2X6gdRlGOQgfaXU9ALUQFQ,21
5e6x5YRnMJIKvYpZxLqdpH,16
3k9i7UzeSUYWIfUZFeFDUd,21
2d4e45fmUnguxh6yqC7gNT,73
2EqlS6tkEnglzr7tkKAAYD,79
4gMgiXfqyzZLMhsksGmbQV,76
1Ly0ssAgeM7YqdHptao8Oe,15
6NxsCnLeLd8Ai1TrgGxzIx,24
2aoo2jlRnM3A0NyLQqMN2f,76
2PzU4IB8Dr6mxV3lHuaG34,76
1lhpxZT57yw5toGJtt8fGE,18
2vX5WL7s6UdeQyweZEx7PP,65
5UwbnHhjnbinJH8TefuQfN,63
63OFKbMaZSDZ4wtesuuq6f,73
2udGjDmpK1dH9VGyw7nrei,70
1UBQ5GK8JaQjm5VbkBZY66,72
5y4761pjcksXs1hNsCmc4n,16
6NTqBHONQqmud0ONBzsLfZ,7
0832Tptls5YicHPGgw7ssP,18
2f0P7iELCvAlV8j6Z3rGDE,66
0QwZfbw26QeUoIy82Z2jYp,70
6Vjk8MNXpQpi0F4BefdTyq,63
6HSXNV0b4M4cLJ7ljgVVeh,73
14XWXWv5FoCbFzLksawpEe,74
3yrSvpt2l1xhsV9Em88Pul,79
1oG2vWELiGjIqxwqGcyqwF,16
7cy1bEJV6FCtDaYpsk8aG6,67
4ItljeeAXtHsnsnnQojaO2,65
3QZ7uX97s82HFYSmQUAN1D,73
5X76oXHcR5uCXali0gOyX5,18
0wJoRiX5K5BxlqZTolB2LD,71
371VkfwKiXJxgH5ZPoQNHD,19
3UDmHZcBTQp8Iu8droNtUl,68
3gLlcZQMvpwgtV9THHXrGp,14
6qnhXRedMi71TBYRc9jm4o,13
3okPiJwW5nCLpug12sCL4p,15
1xKQbqQtQWrtQS47fUJBtl,67
3MODES4TNtygekLl146Dxd,70
5UYPZZDQfpCE7A0FDDqv4k,11
5uvosCdMlFdTXhoazkTI5R,72
5ZgZhzQGCqVwPydT4CkH0W,61
3RkS5epxKd1SFlDdLuKJMJ,13
4pj8ElgSWmmy5LT9a7jb0s,52
74JdR9aXE6I74oS1BVRsvb,63
0NBiC3zLXoBQXBjsbnbwJq,70
6mFkJmJqdDVQ1REhVfGgd1,76
5HNCy40Ni5BZJFw1TKzRsC,74
7BtYJLWUl3zms8owH9J8ZY,40
4xh7W7tlNMIczFhupCPniY,73
6K4t31amVTZDgR3sKmwUJJ,85
1CnN9udhDokm7lARZjMji2,21
45Zo6ftGzq6wRckCUrMoBJ,35
54flyrjcdnQdco7300avMJ,70
0fsj3HxzBHev6EJ7OLFE3r,52
2djdCbLj1pzRmrDNe7PkW2,59
48emF8Tq5PYlChp9ImqZ1o,34
1Krtfh550kyhfWPcRp6SnD,61
6kZFIsYCBeuH0f1zGk1UoM,9
4DMKwE2E2iYDKY01C335Uw,74
5LNiqEqpDc8TuqPy79kDBu,61
7N3PAbqfTjSEU1edb2tY8j,78
6zeE5tKyr8Nu882DQhhSQI,77
1dv3ePjze9tPq2pk8eWJdR,22
7IhkWF9zpiYKlU7CxHxYT9,22
3aoDEt6zSuYQ47gzarlaVo,15
1qRA5BS78u3gME0loMl9AA,73
2KmEgiY8fQs0G6WNxtzQKr,22
1zGk1kgAxCpg6PHjGuLe4J,18
3sY6z4pGcxpMwx3W026WtU,12
6KTv0Z8BmVqM7DPxbGzpVC,75
3IOQZRcEkplCXg6LofKqE9,66
7Ar4G7Ci11gpt6sfH9Cgz5,75
5EcvzboYmDIfXo9gPplsSB,16
0N0q5D8KmH13mmODXJsJqS,14
4Zau4QvgyxWiWQ5KQrwL43,64
7iLGljK0LNpGamQQEOuCRC,15
6FsQrRpBLgsrFeAeiQqytm,62
4vO9dmzNRqDhFY3jD1a3P7,68
3x2bXiU0o4WbsPkawXlfDA,17
6ToM0uwxtPKo9CMpbPGYvM,71
0PP933bHgvV0eD19dG3ms5,19
3KPwt1LBpt1jVSHz8GXERo,68
5uujhDA7WTFfGBkLh491KI,16
45s88Xopo6KvHc0PQ05aGg,56
1ZhrREyOOeFV6TxDOyiPwu,67
3x1v32I3SZNvC7q7bDhcGm,62
6hTcuIQa0sxrrByu9wTD7s,73
0hMNAUx9fFBdYQRO5FoQvL,15
1xMhXZTBy7ijeYHEcroUzA,35
0FMjqbY3aWo1QDbo3GwXib,65
23khhseCLQqVMCIT1WMAns,72
6c6W25YoDGjTq3qSPOga5t,62
0fQuzbQNLcD1ofo7B2NcFI,58
4GKk1uNzpxIptBuaY97Dkj,64
22uzF19LxQW87kOVkR79Fq,57
2u4uhtETtcULnkBfFHSnDX,55
0FDzzruyVECATHXKHFs9eJ,78
77yuzxCS3csrgTPSW0pvyk,63
5RcZ84RmZ0TVTZQR3fWHoG,36
0VAQB7OYAoeRZH7sLmhVT6,37
1NleqQdTDGWJBk0bVxldab,32
54eZmuggBFJbV7k248bTTt,77
4IU1RL4BKvFyXtbTwaHAvW,69
2Xb6wJYGi0QXwURw5WWvI5,65
2DnJjbjNTV9Nd5NOa1KGba,75
74DrA5fFoGSy4xgkZarZtP,56
4LvtB7drFpQ4UzmFHcSnCC,3
4mxaH9MLP8VN8vXX46y3Jd,46
23IataC4bHhT7D6KHA5VOe,15
6FBT2DHxQUjiECpwgYIBDH,0
6ixpB9xuMwMj4skSaF0Pay,0
707Sfl5gopQ04y2WcqBIc0,21
4TjrIZw2QxJxbVjdc3XKsj,41
14IKLtPlsqWL077svIJYey,39
1b7LMtXCXGc2EwOIplI35z,71
500h8jAdr7LvzzXlm1qxtK,57
23DZLSxCK6kM8FF2RlzKDl,59
6V1bLBjSgfpRfzYHiWvg3B,2
5kK5QHkx544IrrXBngWct3,1
1lL1jDnZTH60djVb6vKIQj,41
4tCLN0iZFhc06cQvqtkp0Z,43
0eti3iRdEgUxwcIcN2N9DY,58
4OqbIfA4l8zGnGBnjBBlFg,26
3c6vdiLeV9DUbTMWk5H3se,58
2bS2tETCzUmjALnXEvhOGo,49
3bRcSxW2FnSSwrzoYT1knV,5
2OyaNAq8BcGstyzueloqpE,54
60VcYHxoyOdZyFb1EaKJdN,60
4jkn5PRfAJoKfXF0OPL7n7,45
0oAJ0BThYPkafNe8PNLqIq,34
5vDybLvL75lAj2JGh9jS18,30
4c68Z9wLdHc36y3CNjwQKM,28
5dFoWIiJ2814hRwMYDcFiU,62
7eth0jUe6YneLljRNBeplO,4
7vqubB6rY1NpGVGpHYobbQ,10
4sUlsy0tPv9n5nqrqeA0lE,58
72hF391fEECZcAEDea2Bb5,37
4v51rv7iRmKL2c0AgeAHDr,48
5QgFvAiE7oGCBLt20wYYb4,28
1tEuta3fSTK7fXyr0kCVi6,0
0RkNZ5ZCtMEeKwJktquPQJ,33
2KHls7uaYRy37TSyOoNrqL,5
4h0Mdpmg9VXarbLIGPqJUs,38
0NIRG3SEn2Zf88o3qHJil5,53
2pkPeaj86ZEVHhgAEncfp0,50
7hxnlRuYmF1rU5WO6Obw8I,0
0Y2SrByf4G3kbq2nBEHQRn,68
6hLqEJg2GnnDG4W0Y64hyD,55
1hqvNLAmwGTh8p3wReZIhV,13
2vloGZOASh0PPNOGrFNMAO,31
63Nj3NsQkLQs2MKgWk1Di6,35
21OMoOg39izMJVeSnJjKyC,4
7ePFDzrnLt3Ynqgy2UFWri,66
6F5cYcpgvBNOG6587ur76V,27
02UCGTLUpezK4xMFGYsa4q,0
3wRiwV9HdarzkktRH7If46,55
48nCPUtpcZhA3EaeDSot7T,0
2kBAG8J7THPwTlXEm7GHG2,9
5Sr8QyyeNzeYHZ9yQ9Y9ZV,3
0FeCO85RKW8fDRytwXof2x,26
6bKuIK89XZFe5fwW8whUlK,51
2xRSduz8OjTtAC6HPn2qT2,0
7bs0ZFoLe8ovKY64qsvEg5,0
4FFKYMQcqGIKLp4pJRdkbm,2
4OJFkrRQqol4FsPesF8eu4,61
2QgWuCtBpNIpl5trmKCxRf,71
6xhEQmrVvtpEdw5mfySgJw,5
10kmdx4OFs3OHwGa1CfYOF,0
3HFdPsHeAtmIrCz5fOYnp4,33
4LG2jXgisjVZq5SUAPvkV5,1
7lPjS6Yd4lRk4BsboDsm1H,48
0s45sL9DLOcro6VbmagQKl,46
2x0supcZhd6NEH1nem9DnR,63
7IBfmCrfaR3SLVemWhsucQ,7
6o5UNB9tYzUiTPwizwjDov,0
7MX4vfOgVipkrlMyBM2jEq,0
4dBI72rgkmG0gTzswyBTzz,62
2oezpnnea1VXHpJEbqnBhw,57
7CAhxeaTYXn1qWNRkZl9ad,10
4FdDorlbJTVHcH3djLbIfn,54
19Xy2vr5mS7l9T3S90Jlvs,29
6KjJGpDZ4wdshirWmqBcT3,2
3CKLPDN1AIOYa7QPpy6oDH,7
0uRzka6sn4LVUj8sHQELYz,44
0kYIsBXBR8bg8JN6xuqIDK,6
0SkmxNE5ydxiEN0hzJbMac,47
1HOMkjp0nHMaTnfAkslCQj,73
714hERk9U1W8FMYkoC83CO,71
7utoClKnLShFg6u6dZ20gp,53
1gIKd24bixkgYzuxse32oR,14
4twhYPDyCP6ICeW3TtQVxP,57
2BY7ALEWdloFHgQZG6VMLA,72
1jU4fy1b3oA3V02ELBiXsm,19
2bwYGPDCC31QTdFca1mQRh,50
4uTTd2SlalZoG0zVgI63kH,57
5gOd6zDC8vhlYjqbQdJVWP,69
7gSeGMqiOrv7ftmxYLFaOA,2
23IWhAK0cYRwnBT5EE8i3u,60
0qUNXZL3rzJ8cXM2DCmQcU,0
4VqPOruhp5EdPBeR92t6lQ,75
1hwJKpe0BPUsq6UUrwBWTw,71
0vg4WnUWvze6pBOJDTq99k,76
0qAMjeQFyd1qD0LDiV8gWp,59
0d28khcov6AiegSCpG5TuT,80
2UXjdnCvgGGIXLrAwCVVQT,57
0mUyMawtxj1CJ76kn9gIZK,76
0ZSmRnXnP5fdANtVlCok1g,61
1tUuMjAJR9vBu2vNWvlYmy,48
0d2YnyIPgmPQqNSzDg8s8Q,54
4yjlWacI4vXSwtE7Kq7rUH,44
6n8TMVyFKoUmDc4apxceRD,65
1hHuyqVCZCbhYQixEkdQCo,56
4eNR2akrNSKuDAJSJ8qLor,46
5UOr8cSoXfiwK0jnuAQbmi,0
0UrWr7Jnu1heq1o99ZwUd0,69
2DO7ywgu9cdNqXf7Cukys9,57
10rChmECwPcvTTj4w07hq4,68
2MJrwP7dCWU3Eh3BKfum0O,4
1vxw6aYJls2oq3gW0DujAo,75
5F9Pe2Tg20NRi8N4cHHXUD,42
5LKdAzDeMyMXezSTIHkXcE,40
2bfGNzdiRa1jXZRdfssSzR,65
4Qmm1kIX3RO1DKdsYQbLK0,48
3fjmSxt0PskST13CSdBUFx,69
13yEuYLJYxPCLJR0KNOqpk,56
6nTiIhLmQ3FWhvrGafw2zj,78
2takcwOaAZWiXQijPHIx7B,68
2hYGXe0QDxegyHwiZnWUeY,14
2LxUVIA86AjulMdEDQT8DX,46
5TwHsJUggwl7XFDv23ihSq,41
4E89wfYbGzoNolObrFhoG4,51
3skn2lauGk7Dx6bVIt5DVj,73
6xM8oBy40nK1rOd8WmoOPx,67
3OK8lPgSMxSLNEQjzCxQXj,49
6EhC21cpA8PyzPctiOn0A2,8
5yakRZmZ20eaZ1J4nDgQhN,43
4843z32hdeFmLo6QBFPsCz,15
6bFsQ6yOp3z5mGNkhWP0P1,63
3qg3xTiFPdUgyUOcpoaAHU,33
172u95XX2JxIfBZi1v0vKN,63
54V4rnG41aq4tWzs76S2oh,11
79z9QkhHePTFsSeVw9uyj0,64
5YscJrQyvJVR7vPznSj0gy,0
5fVTi3rIiLvsEVYp0cRvaI,55
2AeVt1I87bc51FMKBauPGU,28
5wQnmLuC1W7ATsArWACrgW,78
3twNvmDtFQtAd5gMKedhLD,65
2r9210ixI5FD7YPopfJXnf,26
4faFAhOflLzhfJECveRwva,56
7My5AMVGC5KUYgsxZVOQUI,1
6sqNctd7MlJoKDOxPVCAvU,68
4pt3aXQojX8kMhpLUfqz2C,25
7afSN5zhUhkbpRFpYKYztK,12
63peVCtLTPd0aM9x5j97sB,55
2KArbNRAnfGcnZ1gSYhVy5,11
37qI0mchgzUSeUhPiwUWPY,63
6wvOaXPldVKgvpFx7E7hI2,28
3ZaS7Bcz9tpFIjfst63tSw,51
73O15OI7KZXrLdsjCbY9aq,40
2YIkyCfSVOoMUfN22gqttg,38
3yhWEBPvWuUIsCWeK3OqR9,35
4JYX9gxAGrRduTHDVMqYXj,0
1Tk40VZ0LpBjlIEbATg5NA,25
4x5WbFaTTCexxBKbUyfBcG,47
4ePP9So5xRzspjLFVVbj90,70
7ANcjNhtvlfmb2RVCJP7an,0
0DqMWvzd9AU6z5LBEYSs4r,30
0jqK7sGTLsHPkQrrcrGuKD,69
5W3cjX2J3tjhG8zb6u0qHn,70
4wzt5Rrk3W98pHXAqutuJw,62
4Yf5bqU3NK4kNOypcrLYwU,69
1ZAWaJppxtA3zPh1R2W2wS,54
1zZvPumuScWPZKZOCC6yq0,45
2OCnv9RtflG2LLlnhK328S,38
672N8DGGTOLCOgWe0koX5g,61
1UEraN1dxpAjEQwqrgYaYf,47
6l9HDwqU46DHCuNyvbmFdP,7
4e7bYFhQe4OWwecjtHyq1m,32
0xM88xobymkMgg46MStfnV,64
6XRNCAnxJIB1p4RPdFVSq0,54
5UAtga7XRwi2Y7Pp0sTNE5,0
4E6cwWJWZw2zWf7VFbH7wf,75
7mp3ILyl8RaBLr6zzhPyWD,40
3Lc9RexjkRH4ButA7diDoj,43
6zuJ3bs99RchNQ7JUOSY1k,0
7jULmqRvuEsvu6OkWkjBgl,35
1zVBU0PAj7ZUVmVfG2pgQG,61
59kTVUKhpcFw9zMLPSbFvH,55
3rtkoN3YlwVmDgXf4DOBee,36
265Anh9hGoozFigjUVLUeD,65
305WCRhhS10XUcH6AEwZk6,74
0UY4FvG4f9JI6kBR1BlWrZ,63
65N5mnAk0WOubXkCryAxEe,51
0UFDKFqW2oGspYeYqo9wjA,72
0lP4HYLmvowOKdsQ7CVkuq,71
57QoP2UP5AtmqSmrwcj0r6,0
0N5x5UmYcbBeHFJtCCqf62,11
1qPkQp5Q9R0kZYy4qcvRPw,48
1xgxSfIhXS817JOmsiaG4P,26
6KBj27Bko8gh71gpx0PzIG,40
2MvsO4jP0zj8nBrKEfZaWt,40
5Sbf1ONFdUHbb88m9VUqDN,51
3gy6JIMU5Z7e9Yswdv49fG,47
3N29lMZHMKTVGXUN5aqzl5,48
4Gaco6SiHpZhnPvNsXH6Iy,47
6VwCoudO8cLDMyxTtIBu4N,42
3AsOyKDvFbDpqNXkcpehf3,38
1w0hboEMff54kez5XXyRNP,53
6MYt4UaoTAi7brJd9USgyX,42
1vVm7saDXHk99SU5BFUDpp,2
5eNlrdrZSTnfJjXpPg1ykV,51
4f3nDjgqXurMryYBSp0TZD,61
3guN9JoezwUL5AmQa8Iiz6,49
19XYXNGFgeb6Y6bYvMg3eD,42
57sk9X1fPLXRfkw74XNrmK,54
30hzxa3MaRd2XXB6kXGlPh,54
4Y1pFoYkE9aulSGRD39nqU,42
6PT7wUJefYPEU1lX1lcLRJ,42
385Urz8Qa8CIcK9tl3SA8g,37
3G0FqZoEi8Za1oEXdGYcNG,35
6wSIhcotMYMwAwcO21uZCl,35
2msar6CW5wBQlhm3YCYPTa,34
16SdVJYuXEufNaMgGv4d4A,33
1zK7i2QyuCmpYE209BMcPZ,34
4caYbCanhI1iKxVsLETOh1,33
6Si9ImvDVWAgjX3pfsldGM,34
3T0wVh9SHCwI0NtMoqPnbm,33
4jhf92TFSbLis5IFBEgimq,34
0TiXAAVOLdhZnto4Kwsgtm,35
520tzZUTVcjEmxiTjYNj7y,33
5Ztwhn7zR0q7wRe2ZZsrmN,33
5d7gSSTkL4syrnxli8dLYJ,33
1rzyMlUqq6MvTvzZYdB3C3,35
04XOESV0aVnKMlUU1NhIG1,35
4FX8fPOIDRR2voDqOkfeKk,36
6yDXKV8vEcJQgFievS1SbZ,33
1qP7KmHJbzvV8KsFPhW8wY,38
5XL2uuMLIYLefXJsxmLXus,37
2AKOOhml62GZNFWDN7VqzT,50
5m53JNox7zkJDMfoeLEa8D,33
0oHH9pt7O822uyspUQW0NW,35
3PnczrUPUE8F2gDYw4Eyt5,34
2DRRh5Q7WJtMt11MDMlC70,36
18a6Hmy684ySE4RX3evAqJ,33
489S9D7zr1jSMlNZHLnKKX,36
2qdpQrNXOuGGGvFmbKGpZM,32
1Pq0jcWJlEYBgteQ1triQq,32
2eSAEd4El60OeatNib90TT,32
1zqzDv6vyh8JUHiG4yaElS,30
4cw0I3t6oxDCmnI1XGL0A2,34
1cN13ivH3D66m9DoW2Z7iU,46
1DL2gvMBTCFmg2dREI9Lwp,45
253ewjP2R1LjKqA70mGdnk,47
4vhVDkSx9RSb2k6mWFMYNI,65
6aNP9GlBi3VHPXl7w3Qjr9,46
0K4USWqV0DZZ5sffa3wxh0,44
0VU7avDE4OZ36oVmLPSEZA,47
6C3wj5V8mqLYtYqgJCABZW,46
2BlNyI35idBaI6BN6WGZeQ,53
5ajVHIX0J3vyUmPhqCBx9U,44
4u7EnebtmKWzUH433cf5Qv,84
2ISPUUp4pzssWuR2Ic09vR,45
6In9ynCY22Ed1YRhpLMZLl,37
6CD2NyrQ5rHmik1DjhdDdn,35
5L8t6EbGKFKc6MQlqQzYZz,32
62daWSLgfeezIl4MTQFb08,35
6susMmS2fohWe6TSlOfi1O,34
2u9vZyQU7Ld88MJ35nS55u,44
0YI4wdf0gMuM3CgzrRslur,30
7mg3XY5ti0yzp8RZL939Da,39
3yuJVbCLjxcu0T6bZoiWXg,31
4OOuZMDLHw37tWy9XJu3F7,33
4pbJqGIASGPr0ZpGpnWkDn,79
4WLcEC8RoscRuzmNf2EeXf,39
6SvRYfsIeNSVV2EAH7I9P0,40
0nUCaKwNqO5whVAhEX1A1R,59
1pQQRiL4O3weDAqk85hrYN,37
4omLxn4XuiHhpwTpO9Yj68,36
2N5mE30V04xDvsX2caDLlj,35
02lvTeAFIIsOd0wVNoRkQ5,39
7pgv0D1HCBAFbGHNqHmegV,38
1WttHhgIl0N0vXZYrOxF0C,45
3uaVLkgDqlYy153yFBUVtl,43
6IAVxNFi1W88UhDeyvOsdo,67
6VH7sh6fC6YPi297UC2Fkg,46
5CTAcf8aS0a0sIsDwQRF9C,64
5HJiNvg6s7ovq5kPrztHKp,40
00ITtxUozN0vifE2uYvtqn,41
3OCQ5ybKASY4EIb4i9hsd7,38
06UXtRLTF6kdMSM3uaVCCU,40
0TpWjIOuNMnpuRjriPbGiF,41
6jtctBYvybxCAmlg7nT6CS,37
16aW2zHbbpDDoSy0HCA8xc,37
5T8EDUDqKcs6OSOwEsfqG7,83
2YrfSHux2BaTXQs1535EHC,38
5p6xhgQCwzX0G9PadMU9GA,60
32wghPySDJ1mNdqhwW9YMh,44
5vdp5UmvTsnMEMESIF2Ym7,82
3vVSwkIqE7j6AaIxsxXzNA,42
6xdLJrVj4vIXwhuG8TMopk,74
4w09y5LHv5vJDZO4hWS846,41
0V7AVcMTaQqLKzxVloxWHj,44
4tmERaVkzL7X64Oku4vDo0,42
4xSDpJJNXAUis65Ogl7f7i,38
1pBFEy8cz0Fq4Pru0c4awd,62
3S1RgaEOY4JxjIIS0kt5Nu,38
4ejjjAuVya6bapdTjZE9Lx,36
14YQ2SSnv07HZjPP4Ud9mX,40
26FJA5apYWeehOGnZdUPob,44
6nnH5zeFZOH3HMpEOG5DLg,35
30vbOgHRjyUbUZ1KWOY11C,35
6xYHezItSIXOpxMvrVRJTb,37
47KKOdexdhKL2jgX673WrW,35
3QfLERjG54GUIAS9w86kul,43
7nhWtCc3v6Vem80gYPlppQ,60
6CWbF5O3DuLExK7M60TmmJ,0
3aFoTYsFE6N4g7M7b362cp,0
3XRZYgmphJbmMEclYCx7Wx,0
3R9pp84rf8oe5OYtOYRvya,0
1vO74sgANNL6FF380qz5zb,0
69Op4XR486hl5LSiBtPHmp,0
57GgptBE1aWcVn83dWVjU1,3
39fYCFxeafJIYvL34AienF,0
6L9WzM01uxki7u0NTK6xLN,0
7ltU7qHAjo7XFCTznK1OeR,0
6KEEQ2YKESpvvurl6l2eIg,0
5HmDTAedbpgzSkyU7CuVzE,46
0es33Xx9LmJoIPwlezBCmJ,46
22RKxY3GXYzNiJu36nFueQ,41
6wo8yue6rY0pY2zmztMMCj,46
7KCTbCIcb2acPttGcCkKbe,47
2LxyITcslKIKdMyYdHdA5l,54
0zp92Miwhh5vO3B3dhxrxI,41
67XS7eWumbLVktm0QSkks4,50
1hQ02BkTnR0BNs3SAznttM,41
62jnuBopQmg4qx6hpYltC9,53
6M33ukGn1XGp1Lv5FhbcZy,51
1zfFle2YCXuUFXlAAZ4QOS,57
4zXvB4MoQD8onk0NCZbeHG,70
06EC9TibZK2mACTZ2usK1h,64
1Y373MqadDRtclJNdnUXVc,68
383QXk8nb2YrARMUwDdjQS,69
4GetBW8bJ8lB2Y9ugFb30p,26
3HcRaJ9jRDE9NUrbUNym0E,27
2WqCgsVO8BvllitpNi13gN,32
0b0v9MiKhNBbgxSYpMZTVg,42
5X0bLSho0KTiSQYCI0IOcl,14
7dbjRLY969SvR0inx3h1eP,48
3BnVqaDfgKyI4CFCfozors,36
7ny2ATvjtKszCpLpfsGnVQ,59
3KhF2YiNpJvGpfiCW45R6D,70
5lN1EH25gdiqT1SFALMAq1,69
3YU9X8ryOR20beT7wOlDIJ,55
1IkCG9jkzCrl3TadPTh4dU,45
2DDiTcZiC9iuluUyHE2yXo,6
1AnNNZspExK2PwVFbhw7G1,54
2E2r97GUoaRP3jCVX3nLa5,12
7GonnnalI2s19OCQO1J7Tf,76
1QEEqeFIZktqIpPI4jSVSF,78
2ccUQnjjNWT0rsNnsBpsCA,69
4KfSdst7rW39C0sfhArdrz,73
1JLn8RhQzHz3qDqsChcmBl,77
0HOrDVS349XFcpCYsO2hAP,68
1CQqupcyMg7176PPmIVmSj,66
5QTxFnGygVM4jFQiBovmRo,75
1ynmMEK1fkyiZ6Z6F3ThEt,71
6BD1X1PeV5UzYUdiVaD2yL,66
52KvuGmgcgRdrLMXOtda0E,64
1XxUDJp9zsjd6tBSvE3la4,58
4QwcuKjGjtl5fZe7kDdULV,52
4MYb7NWLwXNDB7bYs3HeX8,64
1nmZ8yqKkfooOuYvtFctDp,66
4gvea7UlDkAvsJBPZAd4oB,76
35k31HZI4z9PbBOioaI4dZ,66
1bp2IO61zbQrbWNmKKxg3f,75
3jYRpwbctfqB77uU7T7K3U,63
7b4yGtR0rujvLi5EBfKKJ2,67
57trQKFZdJxHia4sMJioWk,60
43DeSV93pJPT4lCZaWZ6b1,74
4alHo6RGd0D3OUbTPExTHN,69
2RNd6VgxG19db0zs0M1C4Z,61
4bHsxqR3GMrXTxEPLuK5ue,80
5fsU7AtSTp0zySUf46hwbt,47
1cU34sZG9kF4FYHCoAD0Ib,60
5Okf7KBikV8we3uqCMFjiL,60
61BywQA7q8KjpGjp3rHuRv,58
5RsUlxLto4NZbhJpqJbHfN,70
3pyoAvbBO4kDKkh999Miyj,49
0gaMmmhGi5buPXpquSAfxg,59
648BMGrt98kUbLo24A4vgj,64
6mpAOrpdrq5mJTGo8nrvSO,48
1i5oEx2vFczQ2sCY3c6Kn5,58
0vOkmmJEtjuFZDzrQSFzEE,68
3vV3cr2TpPqFk07zxYUbla,69
43btz2xjMKpcmjkuRsvxyg,73
7257drAN3eTtaaUUPw95B3,57
7pkWZL0kA26s754CwyK0SH,59
3aAuIvgJGdp4wWd60riWfB,65
34D6mvDTAPypm92EPs8Rxa,62
6Nd6ntkzr4t8o1FKPGOSMt,70
5ZY7Gug850kv4heJcWZGHM,55
5XcZRgJv3zMhTqCyESjQrF,70
5t5rCnsgRBtcKqTB7SbD1Q,59
7MRyJPksH3G2cXHN8UKYzP,73
5h6SovHOYpIMlAkafxcbq3,57
1j06ieEC2BOCM0fTmYhn2l,57
4zEi4tr3lEhiAvTRxEzbEz,62
5EOoMWIB9iK4ZpcSex9Ec7,72
1grnSNpTAe14gjtqfArZan,47
2ymeOsYijJz09LfKw3yM2x,63
2U2ByqoO82fnayaPzO4x2d,56
3obciWcyGwsVNZ76PYge6C,45
5ZIU2kT1wNjQNclQeVCz5O,56
2HHtWyy5CgaQbC7XSoOb0e,72
7e89621JPkKaeDSTQ3avtg,81
6s0NHplywwr1IjnQpUpWJk,67
46E4di5YoT3Ab5bheoiEId,52
6L5BZEcZmD6RBJnimzlyKr,67
0PdM2a6oIjqepoEfcJo0RO,74
5MMnwYs0hIxkENRsbkWJ2G,75
3LQPTJEqOfljGBxmpgUnoC,67
5bSpsKGoGKXOOfg7F3ZtKz,54
4TIJ7zSBNejpoIPaWpWRKc,71
1zrba5qe6xkC84AlbXNa6u,51
4iQZi2sMZlbTpcUlo5YGBf,50
2RlgNHKcydI9sayD2Df2xp,79
5B6Z7NwVqA7W3UFiqBdEJC,63
1Qrdlkgg9I4J7r3P4kZNwr,69
3qiyyUfYe7CRYLucrPmulD,76
0PXw9NKvolWTo7U9JkNzmc,59
5QRs63VVKNaqUjg6XSSckM,61
7HF88mJXq8DpotZohoW2mo,50
0GTK6TesV108Jj5D3MHsYb,69
5izGeTxueiFX1UPFGohY9w,67
3Sm5TYFgMXyXwgAcY2xweX,54
2374M0fQpWi3dLnB54qaLX,83
6JHXiRD1QjMK1N6AQEnL04,63
40riOy7x9W7GXjyGp4pjAv,82
6WCeKlgDg5zzOY1OvMA3q9,42
6XUHsYE38CEbYunT983O9G,74
0KMGxYKeUzK9wc5DZCt3HT,74
25suYHVUwWFTG6G31kuhZH,52
3Pu3IChaAoa5EjgUBv5F6x,60
0tKjVEJlX3IZ5L1rEJc5hh,64
2ZS0wDcdfrJPC86u5aJGo9,57
6OSyCAmXT4Gkd3OQ2aPOaF,61
2dEgwtRjYl6TJkIwjRwn6z,60
6cqwDeMvlCKI9CoeVahGrM,64
6P9iLOJ9FwBe6S9xrdp5jK,51
6QJCZyJv1fhkCyZA3lRoAD,68
0iFlO6zAJQf5tAwScQXWOx,47
6cVHu0HmKo4oEOSOqooTa3,63
4YKBYzHTtBZA2P12N5VomO,57
0N9TTISCReU2I9PNtMVixa,50
5mB0MGsRfKZALHrXjnktCK,69
3aYLIO4htUZCAygXUbbc3Q,59
11yEJucml1zdV41bZIX6nD,46
3ZuGavt1YrOkg6G93lgfUw,53
7w4ojcH8NJ4LBmJZhSBTcT,59
3UvB63cZSpGUL3LvAj03dI,48
5nzEilkVhvnCD0xpW3raTy,67
59UINV3c9gQ4bzgXbMf9aS,51
0wmzw4EVXp2XrOC47r6IOK,48
3pJfnBjO3kjudEchcPEDxS,71
1bWcjMOceu7dFyBGBo3jJ9,52
02KG9DpLT3bV4fzUM1bORW,61
6gpsPg8kaMbc8rcuHw7t1i,56
70Bcx7FG6i9ad90se4kSS9,49
7lta1NBNyp50gaTqHT6U4S,50
2aSFLiDPreOVP6KHiWk4lF,59
7o2CTH4ctstm8TNelqjb51,82
4cCQ0wBIc9YHhvOWvWNj7S,16
2LawezPeJhN4AWuSB0GtAU,78
2sXp9Qmvc7mRaDBjBgcGGi,24
1AhDOtG9vPSOmsWgNW0BEY,29
2EqlS6tkEnglzr7tkKAAYD,79
2PzU4IB8Dr6mxV3lHuaG34,76
0J6mQxEZnlRt9ymzFntA6z,24
5SAUIWdZ04OxYfJFDchC7S,64
57JVGBtBLCfHw2muk5416J,74
4gMgiXfqyzZLMhsksGmbQV,76
2SiXAy7TuUkycRVbbWDEpo,78
6cr6UDpkjEaMQ80OjWqEBQ,65
3KiexfmhxHvG5IgAElmTkd,71
6KTv0Z8BmVqM7DPxbGzpVC,75
39shmbIHICJ2Wxnk1fPSdz,79
2zYzyRzz6pRmhPzyfMEC8s,83
4CJVkjo5WpmUAKp3R44LNb,27
1Q5kgpp4pmyGqPwNBzkSrw,72
4pbG9SUmWIvsROVLF0zF9s,74
08mG3Y1vljYA6bvDt4Wqkj,83
5MxNLUsfh7uzROypsoO5qe,78
0PP933bHgvV0eD19dG3ms5,19
3YBZIN3rekqsKxbJc9FZko,78
3UDmHZcBTQp8Iu8droNtUl,68
63OFKbMaZSDZ4wtesuuq6f,73
6zeE5tKyr8Nu882DQhhSQI,77
3k9i7UzeSUYWIfUZFeFDUd,21
0hCB0YR03f6AmQaHbwWDe8,76
4nuUssdgKFy2QyYHHNkZQW,66
1Ly0ssAgeM7YqdHptao8Oe,15
32kgOw8wejH7zUhtXCM8DH,19
7N3PAbqfTjSEU1edb2tY8j,78
54flyrjcdnQdco7300avMJ,70
6XUHsYE38CEbYunT983O9G,74
263aNAQCeFSWipk896byo6,67
0SYRVn2YF7HBscQEmlkpTI,23
2udGjDmpK1dH9VGyw7nrei,70
2KmEgiY8fQs0G6WNxtzQKr,22
1RJeiAIwR9pZBgJA8ndZLL,66
1lhpxZT57yw5toGJtt8fGE,18
4bHsxqR3GMrXTxEPLuK5ue,80
66lOpKgTyFjOrac4S1s94g,22
10igKaIKsSB6ZnWxPxPvKO,69
6NxsCnLeLd8Ai1TrgGxzIx,24
3RZMzCvYsmJ0u2ioKTOsmJ,66
2X6gdRlGOQgfaXU9ALUQFQ,21
0eFvoRSTTaR2q8bSWVjwfp,14
3qT4bUD1MaWpGrTwcvguhb,73
6HSXNV0b4M4cLJ7ljgVVeh,73
6Qg7cgN1oZ5mG5nZe9UG0X,16
61Q9oJNd9hJQFhSDh6Qlap,60
3G69vJMWsX6ZohTykad2AU,77
4YMLW13PuuO7o3jkIWlKAs,19
5EcvzboYmDIfXo9gPplsSB,16
5UwbnHhjnbinJH8TefuQfN,63
3x2bXiU0o4WbsPkawXlfDA,17
5e6x5YRnMJIKvYpZxLqdpH,16
52dm9op3rbfAkc1LGXgipW,72
5HNCy40Ni5BZJFw1TKzRsC,74
1fDsrQ23eTAVFElUMaf38X,73
5ZgZhzQGCqVwPydT4CkH0W,61
5y4761pjcksXs1hNsCmc4n,16
3HfB5hBU0dmBt8T0iCmH42,20
4BVE5tIIpYabZcYCbephNW,67
3aoDEt6zSuYQ47gzarlaVo,15
0FeCO85RKW8fDRytwXof2x,26
7IhkWF9zpiYKlU7CxHxYT9,22
1zGk1kgAxCpg6PHjGuLe4J,18
5BIMPccDwShpXq784RJlJp,73
5tVA6TkbaAH9QMITTQRrNv,76
7Ar4G7Ci11gpt6sfH9Cgz5,75
6Vjk8MNXpQpi0F4BefdTyq,63
1oG2vWELiGjIqxwqGcyqwF,16
3CPeWqqaHR0hmyfsWhMJQs,67
6FBmHx1FuaSnTnnnaThgbF,70
11dCfArPrM7kzYpUrFHal9,15
78lgmZwycJ3nzsdgmPPGNx,77
1HOMkjp0nHMaTnfAkslCQj,73
6gXrEUzibufX9xYPk3HD5p,72
2d4e45fmUnguxh6yqC7gNT,73
7iLGljK0LNpGamQQEOuCRC,15
0QwZfbw26QeUoIy82Z2jYp,70
70YvYr2hGlS01bKRIho1HM,74
43DeSV93pJPT4lCZaWZ6b1,74
7LRMbd3LEoV5wZJvXT1Lwb,77
54eZmuggBFJbV7k248bTTt,77
0dOg1ySSI7NkpAe89Zo0b9,75
5jzma6gCzYtKB1DbEwFZKH,73
3IOQZRcEkplCXg6LofKqE9,66
5uvosCdMlFdTXhoazkTI5R,72
45s88Xopo6KvHc0PQ05aGg,56
4d8CxkF9zNGiHWd7lUqyOo,13
3d9DChrdc6BOeFsbrZ3Is0,81
75wP08AtMfGfjk0nPdvVw3,19
0hMNAUx9fFBdYQRO5FoQvL,15
2vX5WL7s6UdeQyweZEx7PP,65
07KHJvlYBeQVqrmifTEqEp,61
2Cdvbe2G4hZsnhNMKyGrie,72
0qRR9d89hIS0MHRkQ0ejxX,70
77NNZQSqzLNqh2A9JhLRkg,74
7xdLNxZCtY68x5MAOBEmBq,57
6QewNVIDKdSl8Y3ycuHIei,75
7dQC53NiYOY9gKg3Qsu2Bs,67
5sMIFZaagXcwKiSfl95zIW,55
0C4bx13JIMSWOAxd8TaoVq,71
1Cr0L9EsOePPOAoXRTxo1p,49
395C2pn0PdOYPzM4B1jLoO,12
64UioB4Nmwgn2f4cbIpAkl,66
6QZo2TgclkUMwJgggi8QSQ,50
72ahyckBJfTigJCFCviVN7,70
29AqPjeqZcXpGvdxLchZoP,5
5OQsiBsky2k2kDKy2bX2eT,73
1QEEqeFIZktqIpPI4jSVSF,78
6NTqBHONQqmud0ONBzsLfZ,7
52MmMUuyjO64Y1EiF7Y8KH,46
669cOBjpY4Y5O98Nmk6139,48
6qd8ZujxMAQXQeVuQBFHTZ,45
6RXBjCDKM6vAGiX4ojUD1E,5
0sgDEFq9oeC8ueOK0mR5IA,12
6NdcSEhpGGAYXNnnhGS2s6,66
5YxEnjsmZ7evSmOFaRuvRt,45
5tmrnhMxx39jnu3kjopMdP,60
1oT20g6f8rvymheUIdFr19,57
24NwBd5vZ2CK8VOQVnqdxr,73
1hKdDCpiI9mqz1jVHRKG0E,23
1xOXXYh6lTW8laxlW7JP2J,64
2RlgNHKcydI9sayD2Df2xp,79
7CR06UPgZvsd2Y3MNjIVnA,49
1L94M3KIu7QluZe63g64rv,75
4KfSdst7rW39C0sfhArdrz,73
7D04SIiYAZq6Kpc4qFhBKY,48
57bgtoPSgt236HzfBOd8kj,81
2b9lp5A6CqSzwOrBfAFhof,77
0wJoRiX5K5BxlqZTolB2LD,71
5SZ6zX4rOrEQferfFC2MfP,72
5p3JunprHCxClJjOmcLV8G,74
7FwBtcecmlpc1sLySPXeGE,76
7b4yGtR0rujvLi5EBfKKJ2,67
5u5qlnyVaewWugJIjzilIc,62
6hnCx2jmD0RPkbtzUXSBn4,51
4o6BgsqLIBViaGVbx5rbRk,77
1pwE0jB6MTtTWx8fzqriAj,9
0WNGPpmWqzPnk0psUhJ3SX,62
3JbE6e17yvNdPggjPDrCyO,51
1CtAzw53AIXKjAemxy4b1j,65
71SvEDmsOwIWw1IozsZoMA,71
4oDZ5L8izBals6jKBJDBcX,71
6ITuEsxEy2qPhqMowdDAeI,64
70C4NyhjD5OZUMzvWZ3njJ,74
4nmne9J3YCEdhvjTzwiAgu,61
2hdNya0b6Cc2YJ8IyaQIWp,69
5yEwEUGYpCWsSOC0rm8gFJ,43
34x6hEJgGAOQvmlMql5Ige,71
3clIHVzJ9J2rvvrFUKLICo,61
44M6Wd0vAzN9khoCQSR6ji,3
5UWwZ5lm5PKu6eKsHAGxOk,77
4xh7W7tlNMIczFhupCPniY,73
3EM42kT3ARiZJhXJPoFaZe,43
3ycOJKN5U4l1nLPM5IYJh6,3
3YuaBvuZqcwN3CEAyyoaei,75
4sQdW03IQh3tsZeBELdt5G,46
1xKQbqQtQWrtQS47fUJBtl,67
4X1LS2LEYxKdlvHq5oZesi,14
2BY7ALEWdloFHgQZG6VMLA,72
3fkPMWQ6cBNBLuFcPyMS8s,67
5RsUlxLto4NZbhJpqJbHfN,70
4vO9dmzNRqDhFY3jD1a3P7,68
07ANB9prOyNTWnMbDGNzdW,1
0SvfyHYDp2uIsHt53LDlI9,58
32qR2DcQRSJ6G2s8SC16oP,2
5LPGZnsy07YNxeuTI1X3RT,53
1K89oHPxT4wRg5ocaDLq3J,43
23aXhG2x664ZNxtgU7gjzE,42
6mFkJmJqdDVQ1REhVfGgd1,76
2HHtWyy5CgaQbC7XSoOb0e,72
4ECNtOnqzxutZkXP4TE3n3,67
1QLyDdhB9gmxbGv0K1kFyT,61
3dix9ONSeCaR05vk8K2kEQ,27
1bp2IO61zbQrbWNmKKxg3f,75
3f0U5NaD1bCk8nmKpn2ZJY,61
1H4idkmruFoJBg1DvUv2tY,71
4gRA0i5sxx3jAhHaVjPnUN,63
5EOoMWIB9iK4ZpcSex9Ec7,72
5PHGTeEdFxTEb4hepxug86,42
1xair0UVVvZdwvtPJb0X4B,2
1A3OA6zON5HHueFm4ejrRF,58
4yugZvBYaoREkJKtbG08Qr,75
7MRyJPksH3G2cXHN8UKYzP,73
3KPwt1LBpt1jVSHz8GXERo,68
7gSQv1OHpkIoAdUiRLdmI6,71
6hQszXJIYhtjmSTmDqZpeU,59
0vSiz90JRxvYsbCTx84oVM,14
41aOyMZXFwvwRpugIlNCGF,15
78Pny5O5RDkHJNPZf1QcFs,51
18URo35acNKRTHfEdjTcGn,64
0N0q5D8KmH13mmODXJsJqS,14
3QZ7uX97s82HFYSmQUAN1D,73
3noZh3GynRLHd9QxtbmAyX,49
4alHo6RGd0D3OUbTPExTHN,69
05NYcsjJwOYq4jIiKPVj9p,68
7J4WbEdRTZGJDsSr5AACCw,15
1ZhrREyOOeFV6TxDOyiPwu,67
0K6yUnIKNsFtfIpTgGtcHm,69
0PdM2a6oIjqepoEfcJo0RO,74
1ju7EsSGvRybSNEsRvc7qY,69
7kNNylJ1kswWbHeRM6UDuE,61
42Lq6GBO5KUSNeSgJsOoke,51
1GqlvSEtMx5xbGptxOTTyk,69
3x1v32I3SZNvC7q7bDhcGm,62
00qOE7OjRl0BpYiCiweZB2,67
1orVKbp6vqtfAPOmvRofVq,64
5NK8jad728pj6YeqM5VJD4,63
5QTxFnGygVM4jFQiBovmRo,75
7cy1bEJV6FCtDaYpsk8aG6,67
67eX1ovaHyVPUinMHeUtIM,69
1CQqupcyMg7176PPmIVmSj,66
0832Tptls5YicHPGgw7ssP,18
3KhF2YiNpJvGpfiCW45R6D,70
1JkZg3eMQTmTn93E8Yd3UL,70
20OFwXhEXf12DzwXmaV7fj,76
2fY6tqgrlrg1ky9fgs0t5u,14
1qOU8KzFifXE9YrgjVwYvc,65
1gcESexgftSuLuML57Y69q,70
1gZOnv0YjmFIM2oXVin9ZR,15
28eg5bkYvIHT7HPmzZFwLN,61
6LoSKNsYkRQbyuiReooMjG,55
2kkvB3RNRzwjFdGhaUA0tz,74
52KvuGmgcgRdrLMXOtda0E,64
4mcZYzoGwPRDdhWVlygiHf,63
7GonnnalI2s19OCQO1J7Tf,76
7LbfuQVct78YoghmoPtsQ8,64
5UYPZZDQfpCE7A0FDDqv4k,11
4e9hUiLsN4mx61ARosFi7p,67
2Y90nL1ohB4sgYELDs7uNx,67
6QDbGdbJ57Mtkflsg42WV5,67
4MYb7NWLwXNDB7bYs3HeX8,64
3qiyyUfYe7CRYLucrPmulD,76
36vTL8WP4ZoD1bbUaW0V3E,63
2XwYeBzumtjxVbFWwhJpsy,60
5gys5nzVQIYhgHIfiOJYva,65
6hTcuIQa0sxrrByu9wTD7s,73
0S3gpZzlT9Hb7CCSV2owX7,69
1UBQ5GK8JaQjm5VbkBZY66,72
3LQPTJEqOfljGBxmpgUnoC,67
3MODES4TNtygekLl146Dxd,70
0HOrDVS349XFcpCYsO2hAP,68
7GNf8GN66LzBmENFQWxBKb,11
7vidktgNZFQylTgH1GEnMs,68
5B6Z7NwVqA7W3UFiqBdEJC,63
1b7LMtXCXGc2EwOIplI35z,71
02DurCgOvDdX0uKEjqcl3W,12
7GqWnsKhMtEW0nzki5o0d8,67
4Y7fEQ4PAzhlLnLviRw2P4,65
0vOkmmJEtjuFZDzrQSFzEE,68
4qbiCq2xkNPyojuZFeNeqx,60
7HKez549fwJQDzx3zLjHKC,76
6cFZ4PLC19taNlpl9pbGMf,69
4TIJ7zSBNejpoIPaWpWRKc,71
4aWn4NHlELpOehxsBaQeoe,45
5Q41NLTmGbVPozwHKK7bk2,16
7mzHEzbsl5iOvBRuXwReZU,50
2V8KvnD5LVeeDChMWEkSzC,65
4BP3uh0hFLFRb5cjsgLqDh,80
4DMKwE2E2iYDKY01C335Uw,74
6n5lHdpuBDdA7pYDpiKzEI,56
1W1GpfPujmgp2vQqcpUhtU,61
3lN8PP6R2IxbLP05QpYXng,67
3XcjIvaZVUFAIdIYZqY9bd,59
6H3kDe7CGoWYBabAeVWGiD,75
2aoo2jlRnM3A0NyLQqMN2f,76
4MhTFsyqIJnjsOweVcU8ug,22
2Z9B8sd6HgEfCWqvOfhFD0,55
61jAJ5ggUq9nDzjc0Yr5CH,44
1Y373MqadDRtclJNdnUXVc,68
5NIPsWpDjJTFBoPxCUUeXp,19
5UhpceEr5XmbVwyoIUIRnh,66
1JC4niMbshPlor1BPagn2L,58
21LMl54FIe7J5oOoZzgeiQ,61
6WEhrGVoouF4bTVxnZAC1X,1
0oSpCoA0I9wg2UAKT4XGTX,57
6mQzZ2aRnKSNgckAehBgwD,58
1OaKrd3kWUOrltf6hoTZjk,58
2OqQDFY4MgzkAoAZ67CscA,62
0HZ3OUVrGHxttD2EuHqRm3,66
4Yp8lnGcIde2SWAqrMM3v9,56
6SHSvo6OGgpneKfsxFGhhk,54
5zMR44ZH4KVZj4FlhTj3SE,65
7l77r7rGqag5Y6gL2Oz6Lx,54
7zzZmpw8L66ZPjH1M6qmOs,61
1Xf5tZY0WFqH975R8OJL21,52
46rq5IQZbOUszZRY5Ys2Gp,1
7IqUmDJ2GjaOqrzDCXhrV5,4
6aDYL0klsShJ1NDScruk2G,60
4wIlE0wVdqBi1tFGuSAx03,58
3pGeMszs8vgG4osWUTMEk9,52
4N4SnTk6rQbLAcARYnjGD9,51
23YKjuTD2esIoc2ICqTLxZ,53
1F9SIR4geHCMuZcdkRzvPz,58
6pz4tdLoIDJdnpXnisSDCK,61
7uuirrtCr8O8fz7kQS6VUR,56
6379OM1UeWonOckjr8ikLh,54
2wM7hjeO69ca2EjJMRyx8q,1
4B3UHhdjB6dkOtjalFQREm,51
6F4kIwgUAFU87bqpga91TR,1
2kmlroaeR5LXqij5Z73i1q,0
3ljSgbje1smfadZ2vdeQF2,0
4lEuGfkju3qDWHgn8inAZ9,49
1jImST6hhs1EV45p78RBpM,57
4ze6zk0fJVjqfbeUSBGjzf,45
7gZ3kWNtIxFgxjsm5OTVMB,63
6urc3cyjdF95Ip04L0rDDE,52
6Pdjal5UmVNsjaMB5Jnmke,51
3nQtkvFMNkRwxjKVAlGPcG,57
5YdzyRQJpBP6Ca3SP1e1dj,0
1yLFnEUfKDGCDeXcp1nIem,50
0yBNB2Ba5Wdh2YDIVqZJTW,51
4f2N5TmeBDDHjBuuGUgFF7,46
7CGJHhn4CmqNSNQJrSlbLm,47
6Ql7vGoL1FE7FgRW54l3NC,0
2vVW17crZs4KInids0h9SE,0
3gyEt1vswIEbpQqBs18Lha,62
0GQjTATSapMJFHoKXiqprG,47
42LotTOpEfngkjuzHH3vme,46
4jzj9Pt1UiXpGt7gA0KSVb,42
0017A6SJgTbfQVU2EtsPNo,41
1mgYxX4S3g147iVfxsKgtr,49
22OyxyfNgc0xRVWLfcDSwE,42
2fLL9lFVduAN0QHgbQ5oSV,49
0B6Y0XZfvH7T45Z70tIGjM,46
2c6nvEo7EDzIEX40wbx7iL,42
4qLLIwHNbT5etFv8o9pDGc,43
3YVPfN7weMRxqSCrKRW6pj,41
3x8N0uirzvvWp3Fjhz7p3o,0
1O1sgYGqEI6amm67FVsRmF,40
7bXDWW3m5d1siUC0ML4uYq,38
6eEYGGFfFbtKHCgJM4uh9v,71
2I2i2xm7RFAz06ZYsvlzPT,41
6kdM8ydQjUwkGkxCozayJy,56
2E5ufno5JwzZiA96JiHUGN,57
03HA3VjUvxG7BiYX146J0a,45
5bpaHLJ08GNBKW35ZfCYJy,56
2dhJM2skHC9D41gHj34Kgw,60
3FF0SMFxv6zHwNzl4WrhtR,41
7DbukmbGCAGAArcRdQwHen,41
7mHKh4SM1RrPfGqcSLnzkq,50
124qbCWKsFvtyzbu8b4HJN,52
22UgD3bRXzveuNnhZP72a4,33
6Pt9gKCvcb970sLaTXhld1,47
5Op9PcisNc0oGnS4dysmbu,53
4ZxEF6c6dHYiRkGQjsZEY5,51
7FUwV2j6iYeLemfKodARmw,37
176kpV6izJDVUwkG7GSurq,40
2Hmz8V8A5S23VT0h4Y2ZDB,37
1fVzpydMREur3ZJYTiDSgq,40
4Yq4i6ISO9v5NFYaiWgR4C,30
6QsaoM6upioGbe4WZhLCmc,43
5qm4gm7bgRqOsle2HhlaF7,2
4IRSKJjzbeO0qJoT6yejDZ,40
2YsRHLJ87gpTeseu6EfVLx,47
5YIvqEmx62bGzXluzNkHAP,41
1t8VoYuUY5oA2QKbquMZQp,49
3d9snMJKWWca3FB7PwJ5gx,35
2w9kljwEMm6gVFhPSQrzmE,5
0luikRcaiVx5eejcYyNh3Y,31
6jFp2s1RhPF5piYacNLsYd,45
7pse475uICmWRY5hEkvPvI,44
1xvbeaWhNbKdYqr1AQaXyx,31
0DERH4d9UnaJJuFoufN3dg,5
3aZ3etcvQTzgRn2X4WZlzX,39
0NrWlujfMeGgRlWRJi00zL,45
7uWPQnmMjqyhcGuHNY79ob,36
2CuXNmzClkDWeTl6AsXBMt,33
4iGBPovu7Hy7TUg6Wk6pjt,56
6pymDBwVLIAyoiW8BdlRbF,33
0toYxUoM8HP6isTJsKNKqa,46
4j6Pq3SGop6DSZLd28DTjx,45
0DYFK6GnldzwhuA2wwAnmn,35
12XBk6u0E6HIkrjImA3tzC,36
4fM3IUQ9kh3fYh2Ni1iPZU,29
4tRR0oqkIFjs39wC5cAuK6,43
2GORop0i2cyx8C0A3JzL44,55
1Q34tAtTWI6RdW1qzFQiPb,60
34D6mvDTAPypm92EPs8Rxa,62
49MHCPzvMLXhRjDantBMVH,68
1qjrYozGqc7upUgfN776lZ,65
2dtK02TSAuTvVYU2wGAVG0,58
5X9778yPpYFP4nHjdn9B4s,52
7wWw7hBmErNg9u5w6Xx0vy,64
5MLLuLqPdUlx8bfKtdkLwO,58
6JHXiRD1QjMK1N6AQEnL04,63
2yBVeksU2EtrPJbTu4ZslK,68
2RwFdFIN9JAyVUzevwkzez,64
0gZXockVcE7rEhSf4mcGLO,64
608xszaAxVh4m7NcKJiAbF,68
0Vth3l4XAo8hNYmxjzhr2y,59
064SVQsmWl5EF0zahmzkQk,68
5RgFlk1fcClZd0Y4SGYhqH,71
7Gr61S9VTm8fcYfAo4Fd9g,56
0UHiH4dy1hXULYl8CgNxRV,42
7cDzJyC95jtGO9zAeZsWOg,61
2r008pcfVYc0zgQvSRqUJE,61
1oar8gdDX5yHWzVstAHDav,51
18a9EGG4xhRELv7bgAw5hb,60
7IX2e7pEShera9T1QIMvi7,58
6suCI1pLqqvVVLLvLzjoKc,45
4AjKVyNUMdUveKK5OH1OJD,56
3GVhCuS4BRxCTvVj4Cmc8w,58
6wGMLoEqD2k3RBXFHD0yUp,52
3FGcQkWQlkeB82RdZwlw8V,57
7qpuECko60EoztznowMWj1,50
0B1zVsLqmV9ibIFdNS5tGs,51
10LRRKPmx8uHcSxLVWK0ct,55
1tjK9HhmpEfk0ijyIKsoUk,60
4IYoyOVK9oQyJS1QZt5Vyj,44
3Sm5TYFgMXyXwgAcY2xweX,54
3gHFKiDanj4d2rqgHlRFFc,54
3u9g38eyqu5eJxU4Mhhzam,43
05oETzWbd4SI33qK2gbJfR,68
7gUMShP1l20tC0xf17Zplk,64
30upl1YT1suEgSDpIopSky,48
5AHjRKFCVUaRClF2Oxx8Ld,49
7v5rsCN3LhX9XaIlWyTdx3,52
23DZLSxCK6kM8FF2RlzKDl,59
6tUkfUpdIx14aSoKkTxrfa,49
5zVKisBri6JH1fooBhUaVq,46
2eRYuzlSOBk3HlMsCSOLPJ,56
31S6oGx81hVIjWz6cu5oNw,45
5ljGmNLjvQZm2hw8cDJXNJ,51
2BstRQGodshjGpeDGQiNgo,69
2U2EMuFyUk5LYMPlMUpOxM,45
7pgAdesi3gGZO8lAyzOTvu,45
2hw2fDtNPkIowTNuQRmlnN,61
41v56RunWqxgqTD4H2cwOD,46
08o75xMKmGrKny6GsXrNJW,59
0nlZjTPzW6S9JIESuGfImT,60
3ggTCH9i9dJ0sRdAxFGzcr,52
6tunhVGD8C05MZNjSVIsjw,62
5EdlwzcgIAYs2HGvOnczPN,57
4M0m4FUdc4wD2guhUHogLF,63
4WSbbEjRQ7uE3IT9crL10B,52
5VBcEJ4mtXTmVEJtc7hx2g,44
2TcwEYyydQuEMJwdmSgVLD,53
2JWKzkQbYsNzx019WyGzaH,66
5IMtdHjJ1OtkxbGe4zfUxQ,71
3qxBN4nWvSDibXmEq5of9E,42
0rhyBUAgNXwdyvGVXSrLzc,51
72wERbZ4yx2cNaoEj5jYnl,36
478thMMvYGris8eJPcDRoq,51
5gOd6zDC8vhlYjqbQdJVWP,69
6MfVSA5iKBPHzo6RGARjL0,60
2Up5Gs5EJeAPeR3Ce5Aspi,41
58gin7AIJheIrPffOdiE1z,40
39qYD4J4BKvZMQgxfXl5bv,67
6vuEG9sZtC4W2zT64f7zLF,53
2ySmDfSawPEwvjDOxUQvnq,47
4DvepM4TNDah4107ZPVHP6,36
0hOA8SoraNo2ZP1amtVYnY,58
15taea6JZLAfG5OX0pzfG6,47
3rPM2HGZFQxdRghP6LCJ9w,35
7AWeyu0x4vJp3pb2RKadBT,25
61DLPczTvnkCwvwNqwPKgv,3
2PfBSkCKZDXMsJogMT0wML,15
0XIvZ82aDF7JiSi3ZE320u,14
2NL4BBBSgypHnxUKmQdYcT,10
5RHG4SQ6iJ1qQJmt3EFJCX,58
3iM9wFGlyR28IBZrXYZK9j,57
72h0DNOOO4HLaZHOW6cW7t,48
2RaA6kIcvomt77qlIgGhCT,69
473dVAB97y06dfl6OBb1uj,54
2Q7LpkYrS0PBpoq3iCqypa,16
17lu4tymfnhmcIDlzBbtAb,58
0mDpR6DpKc2DyiGtH0NcX8,54
0SFS1LxNP5wgnoDA7nGKQu,53
2KH16WveTQWT6KOG9Rg6e2,76
1Jwj7grActJ0oT50gGyoPw,36
3VsqqDTRWI8TfFV3QZ1Y2J,44
0bJncTmVkKIzgKK5jNopV8,1
6gjOXtpuILSt4KB5vptcVY,0
34IWciPnoNci5KlmSBjQiv,24
7LZyhNjhyXj27iEXUYQYHo,4
2BVzcBHL8C2Cu44AfAkfLJ,10
13Yvvh5y6C8dKR6JlTr0GQ,0
4mS1Su5zf50QwNcjYjYzG6,11
1yl4Lly0mQBJwDeocjsbxc,1
6DXv7vJPrDRxo3Lnh4bacS,51
0PsbWiVtix5FoTZ1s00mEl,64
2OUd03ZVU4iNMhuMUIXiny,2
5ipiDdraWgsMVmL3htk7P5,42
63tg0BOsXkohsjx3B87ui6,40
3XC7Jd6SfrQYKZJ6inyRHK,66
4fQMGlCawbTkH9yPPZ49kP,64
33o8XKWJMbMrfXz5TZYEgC,0
2PHYxHUFjHUGmdj8MbVINJ,1
2B9i8K60LxOChRDUnmx2Fk,0
2lC8mX6MPdp8bDabe80ZPH,4
7KA66zSwthBv5X9bNQEeX1,8
3bIgVAJqxzUKUIg5Wj72C8,36
505lCWNDROW6OMK02H8SPw,0
3SczV3nRJdCX1Tt1cO5481,34
0Y2SrByf4G3kbq2nBEHQRn,68
6ap9lSRJ0iLriGLqoJ44cq,56
7LygtNjQ65PSdzVjUnHXQb,65
4Qt4C8wHxu4TSjrUivLy3O,33
3bB66GhyUtnqYDQHm9ZBR5,5
2bMlSOpa1WVMQZT9zWYUZc,0
6EWIZKl3rQUSnvT7EI3uta,0
24GaspdcJWLts2R1wurDfW,8
4gVTozEmzwAUXpwj3jEetX,59
02138lFv3Bzncr6ScNbLAF,44
4wCD1vI3vPwhvQsrHH5XAb,39
54s7NH3Lnu8nlrX08VPwFI,7
0f9h8awV1X4jSllHXXYdfX,53
0GoXEhMzYwI1LCaohRqxGl,48
3OXc6xDxasnl4uj2jl1q4Y,44
1FOUJzuApMpMM1wiuy3qfl,49
1nE78lQ7ix7XNrjuzTE4Jz,12
5NnZ4JJxWiqqhYNu3rwmFj,51
3R47BVunpwXhQbLWrClD94,46
1uZOev7V8UkfhCKuMDnAdy,2
7elZqrBZysXba7cTLkrw05,49
5nk6wxUSFUBxUKxjz0fKD6,48
38GIXryQTvtuteKojD6YIv,0
59CsbfwLNCAUGbBQV3Tki4,19
25fowDvPAUn4hUkZKzudZp,12
2fja4gHzPsIXiK4bMeU0hN,58
3w2GGz0HjIu9OcWXINRFJR,59
1PqETpgGlfWvkWRF4ypD9w,4
0ZGLuduCPjgWY1n85ykgMe,60
5fx7fRMsdrj56XSbY2iudA,46
75dBEvc6WfD8ZJpHV7CQSp,3
4aVuWgvD0X63hcOCnZtNFA,75
6uufS093628MRruPbXiW5g,44
7C0rG4oWO7VeZcffyW1sK9,60
6Ip2Ia3DPgc9PJ6hcQW6Xa,51
3okPiJwW5nCLpug12sCL4p,15
0BKsUAAa9voObnXzs4PJbd,30
6Nabz5Gsy80XL0MJoOmgF8,63
46QazXxQS0B31CnbRCy8CV,64
6LR5yuN6XStHDZiusCxqYe,47
0wCgXw7v9mjsLum925Jh3n,48
1vYP1P0mj1KlRrlpnm7LgA,28
3qrEG6rQ9Qm72MNWeUKKiU,66
6K4444NmCw909sumeZS9Ba,23
5XcZRgJv3zMhTqCyESjQrF,70
4yJZP61jBhVTesHBZ0gpQn,36
0DgevHFzyhzIWN8hzrO98C,37
2bD9x9kN4wYyVoyckeqlLk,51
2f0P7iELCvAlV8j6Z3rGDE,66
6O5ukuckMu68CLrU0sN8FW,1
2ZSCy3P1QzpJySCWA6NRIU,21
0TF3F5Lw5apoD1zvR8LikO,63
2ccUQnjjNWT0rsNnsBpsCA,69
6vvmYYUvGXtZLU8msxKvzF,65
1qRA5BS78u3gME0loMl9AA,73
3gLlcZQMvpwgtV9THHXrGp,14
7990Xs9HQx7FXVIDVPEwj9,10
0MnI39P9Dze0PSUjetb8Va,61
3yrSvpt2l1xhsV9Em88Pul,79
0wzABO1igQsSy8cQ7dIeHK,14
3LTMnFa0hhwisyq6ILahyj,25
3AhXZa8sUQht0UEdBJgpGc,71
4moXVLw4YS7tVNmjs8v60A,16
4GbnjrrobeVLCl1FQ5C0OY,50
0GTK6TesV108Jj5D3MHsYb,69
1a2iF9XymafjRk56q7oCxo,65
1eujVQsT9v7ZTtvAkTEdZr,9
35k31HZI4z9PbBOioaI4dZ,66
371VkfwKiXJxgH5ZPoQNHD,19
3D1Xnj2Q7oh7Vz3RH9fDvC,60
6ToM0uwxtPKo9CMpbPGYvM,71
4nXkbcTj3nyww1cHkw5RAP,71
5WSsTyBvMEFG3ac6JKb9gY,54
6MvGg9X7lIt64WW28Nxfxo,47
7nfGP5B3Pc508kEb6zL6r9,55
5AICUm2wDa8bSu2HFRyMyU,13
5MMnwYs0hIxkENRsbkWJ2G,75
0EFEkt29P7Icr7dO4vN6yk,17
5dRQUolXAVX3BbCiIxmSsf,70
1JLn8RhQzHz3qDqsChcmBl,77
7aHRctaQ7vjxVTVmY8OhAA,27
5dIgg4mrQHOlVm1ZFYHW29,44
0oWHLtxWeMJhmwxtrxhNK0,1
48C69MxPGtl8Yk49ruZvIU,47
3EZEk457H0jGFXajWbk67G,35
2G2WsFEP8lqYr8vg1mPtyI,47
7aHgY12niQRYzKDmFAAoeA,32
0QlvzPsVzBJBQmO5roImhq,38
5Rso4igx5lTkTAbDEN9nuQ,0
0NgtsllfAuvDGUts5g8EKT,33
2VYz9OtMHyQOB3mpF6y9oD,43
3UhcjjQsLKFbsC0GaymXWu,34
1rNyaI4WQlNHb4P2p3YIwg,29
2mYYk3wqFEERVj93fW05iM,33
2AIE0bOki9EgMaiGHM6PJV,39
5X9mQ7bV2wY5S9uIZsasbs,46
1Pf45EbaIsoGsXixOSYx88,43
1W0DtbgeAM61FfLnyHjrbQ,1
1kXPcN9OPdz7kPxc8HjFsY,37
3bN4tg6rnNPy9GCkGhym4T,18
6P6oguLJZicO3F84oQli3F,49
5qzZf8QtBUCdlsRDinh3jP,43
3MrRksHupTVEQ7YbA0FsZK,75
6ejipC6dh8CGi2WiUACOvN,3
0d1ZZw6gP3koov69lrmnvM,31
7btm8gdGvpuRg3ElLZDbKw,36
72UIwMy0emYgGGZlT7zhcf,23
7oKLdbEvgGUgqgMyhiptrS,34
0Z5Mw2KAMIY1VCY62veecM,23
55OVm2ZfT6oj0WdN64tSws,50
60wMiIhXXdMwgdUwlbx420,52
5bmS5SJDhaPfT03jMjiv2F,34
1Ot0nJcwTYaZRUEbMLQmJN,32
4kkMJy3pYxAyRnqMzb3HZE,22
4AeQoeXXT9MgJzbVGrjUov,28
3YXHTOLPqPlSfRqZCHtFol,0
6oE2dMTxyo0lwqdfzRFPQw,33
2Y0mzGRYmmzBHO9wXCCBHe,29
4q5cQyhhUW5X0PQVzA8VsG,12
4Y8lQSCa7EwVhoyEOEPYsh,27
1ICvGsUKmoCTgerSITAqFq,33
5C4eNmmQrEGRDx9iBGYzC4,32
5TFyNdCLlC1ZRuwczqaS97,1
3JWIByW6qzV0IGsElrPkAj,36
6jmtQXRzJSaryAZQyK8cCI,19
2Ix5ordj9fc9QSurgrfZOu,29
5VFlp5zYtHPG19O2gRd2iU,32
3760Ge809Qt37dtRMHsG1f,41
1KdGSnUj7Zr1XdTbyuSr7T,53
5Sr8QyyeNzeYHZ9yQ9Y9ZV,3
5ZtpVv3d9py9ecQdyaFTws,1
1aG2YL1eOMjXnfYsHp8vFR,32
6fMITQo0DZUceKEoDPvk2C,33
7HR024DKw3SnKzCDJp3Bnf,3
3aY5lNTXxsZB3S0CJPsBAH,31
1wkoUfVkyqldOTu9t27gaf,31
2dYye56XHC7zq7RVrIXndl,25
5aYVqxyetmT5OYmvZCA90X,55
1yjq6IfLqwnoBRputaLwFg,25
3uWeSkSVIAWrZPnVSaYSJS,44
4cVkkJcOhkRfuTRqAL2Fvj,43
0Jci9dBlCSDgL5ivMMSAQx,3
11OyQRCOBtmQqD3Nq3UtMq,34
5RcRBIMNpdxL8zeVE6hSwr,31
4bYJKHG6KLdGzHQRJMaFc8,3
6nVH9xeaOrcQlQJjnMoVXs,25
5hojlRf8Cm3C1GFXI80fFO,29
5G9xdPkixKrrlH6sNfNBUV,25
311VVjCigMAhxSb47qMMjv,25
0UDWsKlQFNj0O3aFEdFvjH,33
27pKk8jhBwIzeb0A7Kkn9T,35
37TpGJkcnu8Ap7tdTbwGlD,25
52oNaIc30LGjyfat254Bk6,34
5xpyX5m0fivzAred2yI8og,32
13aKGvTil3UUw1yk0pA9fG,2
4QpQD2qeHHwzEKZ1rCJLcv,31
3Z9mE6hpkwil8jogHOy4Lk,0
5nchmPYCCHoHS2AdmHv1Xg,0
2YtxwlU3XKbiGWRxooaHRb,27
1Uqhs2YD4ghyiI73wDX5eb,26
01R0Xdwje645C6xFCnMRvm,54
2RJhl1DeqFFwHhyHVcoArh,26
2oCtKhTsYRh1S9lbzvyxoQ,1
4si2egyVFj30L8gLvjuA6n,40
66Wrh0XOTSV49oNZThsXe2,30
5htRl6zcd0y426EKHTZHhn,27
27Fnx28gzhfHybaVvE2ZY4,1
7itr4N5bXkAWesPUomCNf7,56
51pQ7vY7WXzxskwloaeqyj,69
7r45JFRfUkMjj5PHdAmRYk,4
1IBk5PttmnPcGnysEwtiXi,6
0NB68WBmKfJNC3fhhqfZGv,3
1ni7sP45dNxWgh9eUs8jRn,0
15mlPrdH10GLQJafz07Q8X,47
2bPg5VMINVxErc926XcyOu,4
4IiRAL0swv6SGt92wsFXlG,46
0BG2iE6McPhmAEKIhfqy1X,5
0FMhMAFPLg8EljnROSoVnj,55
0OBwxFLu6Yj61s2OagYbgY,68
5dGVIZ6oc0ScR4ldWGbXSU,42
7bNFkCSO1ofu3uzr6voY7T,52
39upzShiWUjweO2v6Ewfjw,41
7t6CAWplijBj4sdl0q3z0e,59
4I72mMJwJ3jnnRls1SBxws,19
6O9WS3SoRGTGPOXz5wT2Yr,25
4fUU9WKxEgJXyrZJsUA2iP,65
4delgtiKX7L3nsbC0exhCS,58
3T3aWHBbX85hqRPsd8vhJB,46
4LQ33pNDlSJwKmwXNfupbv,31
5lmIYnlQtX87TBSo7A2eUI,17
5YgaxBGE09BdrdpEwkvpx2,55
7egyR1d4Xmr1TsmpJct9bL,4
5qMfl9sJQN2ernHq3kB6mT,37
6J9IYh4Vhaq54x84vcet3H,0
2x0supcZhd6NEH1nem9DnR,63
60VcYHxoyOdZyFb1EaKJdN,60
4JwjzS9WFkWlpzGCwh82fn,61
1FK6vbNH6Ew6Sid3467GLa,20
5GyPVseTXBFhXEOXYaTeXh,15
6K6et6hTnu1IyWAZsyQlYO,14
2yrRiQtE34zp4EuL9DvrdZ,13
0B9mYgnAQ1MHmhnfHNuo45,14
4WW0AkyHHZgXq79tU76cVG,13
7cG5fCOSThJTaKxDHoRT0s,15
0xycFQK4tNdLoM9DFE7TSn,28
6FRwDxXsvSasw0y2eDArsz,73
0NSeXLBOh16zjbENkAu0P6,53
2axEs8bWWk4TVXVzFU4rkO,15
49wUEruAhNTs6rIUJkla9B,32
5iJCAZlmEXMG24BcZYV9j5,40
3ykSdTGmYPFl8pDBXer1zG,68
71gU4Kd5eQXcg5npdYheJE,0
0Gql9hTkMSka2wbWxworri,2
4Qs8uJL6dhsJJKl2rX8a9F,54
7lY8aoN3wUR3NY4nUwigPv,61
2nVHqZbOGkKWzlcy1aMbE7,69
2NfX1qsrbx4SHVsVuUgrpH,0
5cowxw11VmCvuGQrRQJCc6,13
6hu1f1cXSw7OAqhpSQ2zDy,63
6WE7jSshLCuVKoCmobVKVf,63
0A52Tcklg6nNjkCNFrHwyM,0
7a014uMHF3nlqzXCxV551C,58
58fdemGY4fTjdB37nTPGRk,0
3GbgDxpsb0uydqD8haxjwn,0
0JWKLrluTUkqd3HD19d03E,0
1S2KfHhrRCLG7AC83P9PhV,0
2ENr1hGfAEGoPpWYxAYgRi,0
3Cgv8rC4pdfRTmmQEpRjkO,0
5lrrbifCju6fWX4n1GPRuY,0
1KDsONFxp3YtnJTaLeWFIi,43
5ptH9OIrv5HW9s6BGjr7Np,0
5DePdEDIcKXwsNqAlw1sie,0
4zQxhaMV9hNuDX1PBNQmMA,0
7fgqezDkkq9WWg1KhtyyBL,0
4TmV78jWcevcBeObrLmauE,0
0DC5wcWwsGTGlBkVsb6PVe,0
1StVUopuLYusKECak8YT8J,0
4WAOeFAymBTuAHQjR095Xy,0
6i4hX1H06CZsc5GPSjnVRB,0
2pWfaDaWA4M7Km2BVl8Rgq,0
4C9vR1eo9GlJ1ZX7lvhi0I,0
5pC50BNFKFiyfQpj2zATB6,0
1WX03sdsyg3x6pggvGTvT4,0
5aJVMQMvdAYYkdMjNnPXLo,0
73lJYoFl2F1Sii50fJtgRI,0
0rwrNoVmmr7iLxY3VFqjJ8,0
2RaVpm8NbOkejowL9KlSO8,0
2DyHhPyCZgZzNXn1IrtsTu,63
1SRkKyJ2JjMZgyDWC30zKv,63
4Nfwdpfq2WIxtQ9buCC5qO,35
00MI0oGDVJYM1qWbyUOIhH,43
3vV3cr2TpPqFk07zxYUbla,69
63diy8Bzm0pHMAU37By2Nh,55
0FWRA2sewbJ491kmjRRFw6,1
34HVMLzEcmItJU1nLSf53v,0
5zS9mvTXCSPToAYlSHiG4i,42
3sY6z4pGcxpMwx3W026WtU,12
11G0yprQtMU53BLPMSr093,56
7nrtHjt4Vk4Z5jMHOwaS8F,10
1iQpStZpzBb5TOuTDKJKdj,59
19kuZ0IExry8qYJ4lU2A0r,40
3QfJhbiVGJucxyUbOFiaLY,2
5LY8GsHfU7G6tmeXxStEb6,40
2IJzqbcbQZjcca53yGkX7t,52
5TIWXsp1qTrUs34C1o2QVc,0
3rfEkOyccbDSBNBi4xQLnm,0
1LqimLGplEGwREUMplhIcC,0
7h9fTEEMKLoZZVAoJFdlKz,0
1u1DBObkLFscNCpRpXbYb9,10
1sRNnxZZDt6rPyvSbCw5im,41
7dkqXFtfMDbz5h6iYcrUmU,0
6D9p4KYFB9wC5e3osnpVkU,24
5mz1m4rdUWDHOnIy9fEWyo,0
2yEcS5L2x98hPVjRn5TVnN,32
7d1eEz2jOjE7wPIn5LLRmc,0
1ZZZO1HhRYkCeY545WzBUw,34
46FW5ZZ6fOF1WpMTEOVEHX,41
5l3iCMN9GLxofclApZXcmR,2
5Fz2wrKAjhKpWeTwvE1Ct3,4
54Yce4HmJFORYQVIfnmyLc,28
64HCsmzpvUpSTM4mNAOR5S,0
6DrxbTWxIr2lATrvikvaTp,30
3zoTVFoX4ecPuwqKoTshPF,0
1MTMedlCphum6mRcd8YzvE,3
17S4XrLvF5jlGvGCJHgF51,71
71PgBc2BnQtIBq6Ct2jDMO,2
67SMaSkF6rOBiTkwLCMUIW,0
225xvV8r1yKMHErSWivnow,75
6HzZhqXNyfJxuvQ9zfCc1U,53
463j73X5yU9FdnoI0XaU9k,29
2wEyJ0yjLLuE8Nk74vvqZC,22
5ESovjf8cOPtYanYJ26gKy,2
0aEb1gDzaQMb53iXXoM7Lj,0
7yi70YT2UBu5FpNLUUpkc6,2
1VhxPhSHM8YAg9KZv94oKb,0
4egaPLMx5eZuXyOzf8R5Dw,0
2xIC6uINg7ThWUrUXPA70q,24
0ygHFKdqHqikl2mOFtGeRQ,2
1uTbFcWsB8Vptdf7U9qCHT,0
4K2Tu79vpqrLNyDVtCvBNR,21
4dYLOPfFc3mAErEJwr2Oo2,21
7uDhxDSeMgt6QNsYhlw7OU,0
5FKkbyGm42hw1y08l2knlO,56
45Ia1U4KtIjAPPU7Wv1Sea,72
7d7nFnedVJnEeeGMMNhyKC,0
3ulPX3lyADhCnIaxJv8nxv,41
2oBoGj6WvCA3dUcpJ4L9Pb,1
5HkFTCxSeJ3kGNyQJbT4rJ,47
5sUrlBp7h4aijnw9QwntnI,3
1lhmgubpHo0AGAX7BCiO2a,36
0h7lem3jmeZbW7wa0q9k16,28
2PnNomkEqlg9ADKCVG0Wt0,38
5lXG3SLCMVk7dJzp1YeMni,36
10LWVafpsc00GjdXTQqITk,21
6EthdXeeDRmN2enXANpFiV,28
2A6yzRGMgSQCUapR2ptm6A,68
02eF5vF3ASltFpWHDVWkdQ,0
5UQzaJnSGvBD5QyA6VpHy8,0
22CIOfLZB9z8He7WgHYAgH,63
4bID7c3Y5FmaIOEhVsE8xi,28
7MooGz4ZPE4bNxjFegR6Jx,64
2ORySgkn0CbUMFbEoP1wwE,52
1PtzhbVrXUYq8YodSbOXzT,20
2BdSaGVMxZzEeJYjjrlo6n,51
2ipxxnFmqMLWLcjpiIaKMc,34
4bEqHXsdbYBOghD2DUYROa,3
2qgudkFpaRq2YcJDWhKW44,54
6IwbrqhA8HxDwcIWNbAbGV,42
7bJSFZJzWv8J7AyzZIGASJ,5
4Ua2SU25r2XCnT8CpmYAyM,2
1106NpuH96tUmf53qlKsoA,35
17WvocrxbKL2t7HyoSpSCK,37
3nl8DKWk06tn3aC7McNxth,1
2NQF9buClFG8eImtyKajAI,33
7rZWvXQPGt0IC3q2jmt9yO,32
5mpjIvDq4cgQFyZviKwSRP,42
4F8DMoCuGvaa5kVMZOetWX,10
5PHMByfnN7hGWSnZsUoomX,34
63x2g8hqYpKJZ58oxglyhG,10
29hGEpz5e8binaL8xQT1EI,31
5ihuK1TOIWSNfLdlJvO3Yh,30
39ebdsdmxmnX8NmL6ya2es,30
2TBhRXwBxfIJwhrB9gLlnn,35
59K4PhnglJahRrNs6lu83D,30
7C112D2j1nPQyBXTWYhzbn,33
3eDKAKSjpTFVESPkMlfNXa,31
3btLTcvS1uOk5IVGTn7Gh4,31
0Ky98GMSlZQdctbAhU3I0Z,50
2pm72A1aBHKwqr05xaDW8h,44
6myCSm2QEXMrgtUxVN313f,30
7fvX8AXBlE44ahviQ4Ailz,31
4bGdBAWrCkz4ZxXbWOreoK,10
4oYwvjJ2Yq3Yn4Fqgn3uOg,35
6lXQpIvwBSi7u1BTfud2N0,9
3SOSAvBON7ZfpxPvNm3KJ1,27
3aup2Wb74T0uWASlue8sqP,27
63xoPxJFZUrgNKJtnmDPaZ,12
0RleEAKmcUbJ3R7AK0dSfV,42
08LwN4NnSGYzDWcdKtV92V,16
7lSNZV9U8D7BnzwTIM8zlG,40
6iNLRaWoB35tb4l7SKLqB5,0
6lx5aHjUesS2XEyLxXknLQ,42
1C493ttl2J8v0Glb3jzPjQ,28
2YvGLm7HGIRwzH1pgQDmRP,1
7DxbMj1H50Yk439xXi86JI,29
0V9B1YARzvYkmnS3U5RuQk,12
6YnhY4SuFyx3gMgeyTlVdI,8
01M4pDUAFpAiuvtNSDRSlE,27
2qWDv8zJ4xRQWMT6BSjCNk,29
3hcUREHAHIjauQzwrxmJIk,29
4hu0hZxoEAgGnf1wgpEax8,31
4XEQqy7GlKVKKoC34yE0RU,37
1D3NaA8JL6QrKoYNj4BKN0,0
4ttKTDA9f5i2dAPSOqTRtB,0
2vbRZMSsenMBhpF6am4uRc,31
0Etl0p4Z6doS0xFxqdhrOn,46
4u3oXuVeOGoByIMz9pnOKf,62
7tFiyTwD0nx5a1eklYtX2J,76
6lSxM9BKcEZBSDKl2VODsF,59
6lFZbCc7pn6Lme1NP7qQqQ,66
0vFOzaXqZHahrZp6enQwQb,73
3YZa4IzxK2UtEKTvdTgsi8,58
3gdewACMIVMEWVbyb8O9sY,81
0LN5gIsS5tQSmRzQrHSaTR,56
58XWGx7KNNkKneHdprcprX,68
7hVhRCDV100Jq26NGR7adw,60
5CQ30WqJwcep0pYcV4AMNc,78
0mtUvL8w3vQiMm93AfnRpO,45
5E89Izp4YhPyNShoxiOJ1u,55
6L5BZEcZmD6RBJnimzlyKr,67
6AAa4zIwllv49ACRh2ndLh,55
2nluoJKvE7rTBN7kve8dnr,51
6aqm56xP40foYBBtAWWrnY,64
5eo3Oql60QR7NL2zcEsbe8,52
183Klch3PBWLz2S6zNUVxR,52
5nTnApD6zNvuHJe0fXU5Jg,49
6Pis6qeFRgoQnRLFiuuPaJ,27
7pu8AhGUxHZSCWTkQ2eb5M,63
6FsQrRpBLgsrFeAeiQqytm,62
7cdnq45E9aP2XDStHg5vd7,65
1pH0ZuY6owJ8sao2eZsx7g,30
1dWoKufYqWrjfxYhFnHyMP,50
29SyMC0plk6qw8NMF7lfRL,72
6kotXaSQaGYxE62hVpdHWu,61
22wxe2Yc9JzihICXYLGAQ7,56
632wpQN4nWLEvxUyGZxyLM,52
4i6wwcBc3Qrqir83xBdbM6,41
3PzsbWSQdLCKDLxn7YZfkM,73
6KrMDGTp9CtkMLKyftDUTD,44
5JbsyfzMUtqXKgx9s4oqn1,28
3TO7bbrUKrOSPGRTB5MeCz,70
57MflfPN3ObQQAQtPUp0WF,54
3uVmR6oQq0NluVZXkipKHV,43
423hwXFgoN8RYmqLoLuVvY,70
2PuUFT13yCzUOZun94WOXv,66
5WyuRWUcOOhAic0tj9Pl28,61
5Pjx3qeo3aCwSYQ6R3yMzE,41
57F04Uot63WsXQC3sE5TLq,0
4rVvheUQ2wQpn5uXX5l0gS,40
6uZtMNTfU5u8w6fsnXeOdb,64
37jorMjJhyf20GU3blbbPh,41
5e9TFTbltYBg2xThimr0rU,78
5x53pbGk6sbl1BGom19QQ5,63
0hnlRgTh80b1emNnM0jmwt,51
5Wj1rJnCLpMHdLaxsFtJLs,71
1BCfh9P3b9ghCYrt3N5Bkp,36
5qRJD1yaLJ5s0J3JpbgnwA,56
1CM1wOqD2AIjt2MWd31LV2,60
4RIp4UTguC0F6TRV7xfKjv,50
76TpWFiK5YCgw1hy26DWZp,66
1YhyOTcVjHe73cm6tYrHkA,49
6C4LXC9UFH1IKiHYOp0BiJ,72
1Jmqubf9kGkWeYQXQKImL5,69
31010AUbrLuIM46ucf88QA,15
5xD021bM8VbqrhCVhxRozx,16
06ku5BBS2HufqSDVkcSR15,43
69eihm0ByPDKtOnZ2B9mA7,46
5eU8qMd0TpaLqTGDZJaLDs,64
6iwWFPOSfhH6kArlU52fp0,35
64dHj8ZxaI2Wj0brEehVMN,54
2TNJMzB30nuEpww7EOx75L,55
66LhCsc06aTa2Ig7iYPDSP,58
5FBIJ3i1CWaZLf1VTNIh7B,33
6yl8Es1tCYD9WdSkeVLFw4,72
0bVtevEgtDIeRjCJbK3Lmv,78
40riOy7x9W7GXjyGp4pjAv,82
5ERnPWGQc5QK7M7HW3rjC6,12
78Az0Z1vNJgqv9QSB0ULLV,24
74EV0g12ihUoOUXMprFpZB,23
6q9CRTF8dyABIcKj7bCJwf,55
48UPSzbZjgc449aqz8bxox,81
7pmNNEJcBcODkrPHEIf7Cy,50
4P5KoWXOxwuobLmHXLMobV,72
3bbUkaQYGQHkx1TJi7gPSL,16
6xy6jNeNTYwjnKTDzMyHw2,20
2SUpC3UgKwLVOS2FtZif9N,63
5SnOyuBtyzufoXBAKOdcxD,15
4VHvZjaD1sdWA7vC4Dm2Au,53
61lqNlVRnWYiR9C7BDJw2l,16
2JS1iE5A5RHvUPH5Zl9jlF,16
0LN0ASTtcGIbNTnjSHG6eO,1
6wjSNO6uJYlgbbfauyWhiw,23
0AJ62x1CXjJf3VW25CeZXa,0
6bOTe8T116DNpwp2H6Hxgh,8
1gij27s31tFKcTHa8f1u4g,62
4hy4fb5D1KL50b3sng9cjw,14
6fXseQ4TPa02SRGDf7Hm2p,39
5Uf6OfGfz436zAegn1kui6,9
57J2znxukXsXzS3XPuZ1TG,8
6hDegaGv8VwBoMhGqoPfxR,51
4o6dYxgEN6ZIlY8rwdrSPz,35
3yP0cohcr97BUNJcgvmSVg,21
5kUdKwPCyamXAKGgF1WnCk,34
3oAV5Aa8zx9buAu15zHNlq,32
6XIQe8CyDYFHN0iCjfRIuj,5
2miAut6dp9BWdGmOxwSGEC,10
6fZO4Uk2yM4MwrY13n2zBI,1
7u5dBtASrtOuBTTZjJrvuJ,60
40IzXkMLfTKAgRvfJvqmCx,3
5BHfKRD3LTxFz1tX8AH0DN,46
43GS3mtezoIFiuIZCLLiDY,71
0yd0NF2DaG04KLqJT5LLV2,6
6crBy2sODw2HS53xquM6us,65
3k58VAgUkM9cSvRpjIVaC7,7
6YEOmCsXSk9ZPE0FkcCiuQ,59
39J10NL0mFTAdJbapoo2rC,57
2avaSeKHI5l4sLruVfLdi2,64
5pQYjzkALsgYOcFTC8DMmU,12
12A0IAyIegPcMStxpk47YM,7
4zmx3vEPgRPjRT2CszUsZo,12
5C0LFQARavkPpn7JgA4sLk,28
0IXpUl1fn2QZcBavfuq0H4,63
3fBuhWRaAlkXOUFFJL0Mag,4
3cwDSDzTiWr5H5xMQhQ6Mx,17
1i8TVeZA6ZiSyrdLKQ4DEd,7
0swJk3Hoi5woYCdfnL5lWj,6
4xrlTtOEd3OHvQT8eu5JYY,0
4f2QcB0RYGz70dXGjvpR0w,7
0gmbgwZ8iqyMPmXefof8Yf,78
5VGlqQANWDKJFl0MBG3sg2,75
521gC8oqqmUknLZpodHOh9,13
0eaZbB3SewakRxB9uHKjjj,7
31dqpLUModJWNbxrXu6TWd,62
1tQ5TSr1tyeQUbHKBee0jv,53
54yLLvpezvPO1lA3GspiZj,65
0O712LGGTk8e0CFMdUPSB5,6
3eOFG0vqpsMqhGHTQJmjQi,2
7cvzMbuaFpFH3ZkutMcfNc,3
3G0EKJZy0j3rMG077UawaC,49
3RkS5epxKd1SFlDdLuKJMJ,13
1wHSxWBfPr3GO31y8KGrWe,16
2RH10TTlPhq8S61rXlVssL,46
2iGtdYI4lI0jDpnxJOqZRw,39
7mN0AL5ZsYMxJOftvVclOi,37
6FEKEO3y7QFcMwoGeR0GtU,56
5LFtkeNjLpZAey3Arj3h4M,6
37i6z8YqVrsvlx9jAaF6Rf,35
3HKthdb7Ejnydb74BvmQW0,8
3UCsoEI6l71mhwaiNM8DOD,0
060AenZFpUKot40Pv0CJ0l,42
65eRcjlStTnk8opG5eIQ8Z,39
0Bs0hUYxz7REyIHH7tRhL2,62
1GcVa4jFySlun4jLSuMhiq,72
4P90OxmWTJI5uAt9e65lMV,38
1KYzwQbt73OvhLAta0KQ4j,0
0uvBet3H0Q08SIAl90hIp1,0
5QoFWpXoaUyT44VmR98wLl,46
4wpBgGZWcMPQA1iusHwl2t,0
7r6KRHz2HAjoaBQCtQJfzR,4
5BXj1QDRU77J1ngVavG1tI,54
6lnP51cMlqpZ8bwmyVlgvG,45
0BTYL86ryKRHvAndNeoiuP,2
7vUyjcxGN6qLETksF03PYZ,0
107Jwc012wRPAvjI7WKCPI,2
564Z6w6IbtUnIO4QLg4y3P,39
2WLFdsAANOvUECXFk3OKgK,0
0hKRSZhUGEhKU6aNSPBACZ,66
1DgMJfHxwxypi3CpC8veV3,37
3rXfT58koa2PevJMNT5ahk,26
4KkGTqja19AHqItq3XBV3C,46
291jfQK5C4tNrLUJyMARNl,26
4trhHl9s0gsBsm2FLPll03,0
3aSNNi8Xp5WGv7EcQNM7RW,26
4t6NQkpUmvpvLDCkl3XuwA,49
4qxsM71CUQmCD5eRIJIqpy,39
3bWGaqVeYKMlLss40mPgNn,62
1JO1xLtVc8mWhIoE3YaCL0,74
0HZlND4giwzgolBpaNIRGV,55
0jHkgTtTaqg5LNCiYDQPUB,62
1oDUsoyto2Yu6hBFxVyMqw,0
0sOoGrE5PY5EBDQnR7Yysu,40
6lrh9jZ1xoMwoErgPSj2rY,63
664NjRsLgSJtqX8VM0Ghh1,50
3o3HURR06RatkEIE2Kcsht,1
4bjvLvKovcWqZwDbXT5QQX,58
5MDgUvbBUi1nu1yt11mzH6,0
6xMHglHoafdDFGXS6qfwSH,61
29jLxTAZZwJPIpnHITiybK,24
7t5G1WOeZAf3H8IiSzE4uW,43
1Dg4dFJr3HW7sbA7vPejre,65
1I7zHEdDx8Ny5RxzYPqsU2,71
1CyCmgz0gm4AjvLE7JUYRm,0
6l5XnGdX73q4zuniAQgKYC,26
0OzwLNVnzfG43IyQB2RMPH,5
4rr67zXmEYf9ykLigeEsbv,23
5ho8fuTb1GIvakAGy0ZbWD,26
6PF9OvMNlndPgJ4ArsJCq3,0
0JiEGVMAF8wzdnmXVNxELS,0
5q04ftJMH7VjaKEbNUz18u,1
2sKDXzkpDYJZCP810LQ1Sg,0
3KfbEIOC7YIv90FIfNSZpo,73
6O9lWxS5X8htEKFIwzFF7T,0
50JK22El2PTIzZBU2liLDI,62
4yqtwO7MQIIXqoiRBPHAgR,62
4pYVwcwdWc0SaBeGpUbaja,0
4fG5viBmXibOWwN119zORo,18
4XP7yeRNVAR3sAmgK0ZX9k,2
73kgeinD9RMBp6r6yqUA6w,27
7g6j2SGvsvcUi6OLD9Qe1o,33
6V1bLBjSgfpRfzYHiWvg3B,2
1EpNicLvl0fmssAOAxBIfW,25
0pNeVovbiZHkulpGeOx1Gj,71
4DhbiXEuV7JxSR0wuqetTa,59
0LoMT7TGL2p2n1TFx1cNRT,42
74DrA5fFoGSy4xgkZarZtP,56
6LnjelBSl5xYpdfhfFTJbX,48
1ynmMEK1fkyiZ6Z6F3ThEt,71
3yI282DoIJyERd0vGukMoB,22
4GHF75LwRT2Hsv9z3ZXpM8,8
6qb0O5HW7H4q6R0AbP38Ko,1
5RfhUFcQBeonzqLRhU8gvK,3
2I3CLotxmAz4SgJDU9yFjl,49
5s9sZ2i76iAZeFt5f9uUKP,8
03ZIYIkSXFEe8eKeG6qzE8,1
4lzwvEOsDWdJ9qWpa83pnS,3
2BcvvHttiZRvguFM4hR398,12
4OQjzsqsnSy4YPB9yaRh0f,40
5c5a2Ptu8eyIpljhQHjIqk,70
6pWsAhgMZzoLAJ0hJP41iq,4
1hMFIOaHdvpWK7XI80Wx4d,10
0NWPxcsf5vdjdiFUI8NgkP,70
0fUeXvuwXDKRNqvrxveHWF,1
5aagC9VbZrcwYUZDhgC8Ej,46
1SwE3FURO4wYshsLRggtfv,11
3bre1AeDLj7UFDj3VO12Tb,2
5eYwDBLucWfWI5KsV7oYX2,19
6bxqVA0hflgfiVxdBcs7KY,2
3L8DnKNfRS3vv13t1E5jc3,38
6HqWcIutC3Bwk6awM1jnGP,12
2Rtya81WOGAAQNoCMRmJRD,37
3xRzUblYGZhVs52fMjii7R,53
4iu49FeQQGiUh2Dn1A8qCl,49
2KHuxWSwK8fB1zZSL1pECV,6
7d9sZF7jmepe2EYdETlNWK,63
6s0NHplywwr1IjnQpUpWJk,67
27rgTetikreqkvedaxrF5N,56
1Wj8TbAEUGChMPD1vvsUat,43
4iFiqGqxaEQzm1CfoGVZib,10
0rkcFGA6XEVd2XV2JI6msk,3
3azzw8vbVQUYQP4SXajDVN,1
7oy11oZXWxwRYn5DUxk0oW,2
4g78lI7TkiIXIOZwzflR2U,1
3bDgjbhgJrCsKfntgE8xT1,44
5nbNdS5SKdpiDZjCBh8W7b,18
4dSHIPkmOqNMG3pE5O6vPn,51
2c32F1jt47FbgVmJXwkDGq,2
1VJ7wyKWyXuhLxCMnk8EMT,38
47aeY6IupdZAkLVoe5atUB,40
4akqDi0F86Avv9yhujAk9P,43
66afTtzrwCnkeUvoZsWqHX,1
5RTeMqtMcVCOukwgiNg11H,37
0RQubSwJFQaAHxKC5HQfFb,1
3nABlIAhAuI5YdL4EExmvt,1
6n7eECmtIZt6TX6wF6vHZe,1
4YJHaGo3uS2LqLjNz0ubTQ,1
3fxETTPvwxkkpq3Ax2ZbcN,1
5sKEMQmbR2QKn3xXs9KVTk,1
1LKGxJ4AVGDXTFBNOe0804,1
1Qc7zCw6k2KTvSEl4IKSdP,54
10XGiS6tt8eNJg2HeXVQEJ,1
7HRKgCruDphRaLW4wmx8xM,3
6VL8CcFIupoA2VBt4GDoGv,1
4gphxUgq0JSFv2BCLhNDiE,73
0fmsS6mNtTTKjsBTXoh0KN,40
7ydzsqzHWi8djS4baQoWbT,0
1SBfo3rRQiP9RnBvgtk0hF,0
3QrwftqtZ1D3jybjudsxnt,32
6NWD6siQErobvmydHcmhCw,39
6urgMsfVicYs3mGUEcJg0m,28
4Oiztg8nd9FOrBoSmvSzrB,14
2rbsEUWhJoC1fwTFihoOWI,1
0ofHAoxe9vBkTCp2UQIavz,79
5zH710lFSLtkHbMkslLDjR,65
0S2cMsSo3KgOQF8QdxgYrk,7
6mHOcVtsHLMuesJkswc0GZ,71
0GjzyfE9VVSVVkheoweAGs,0
4ewmSyDLQ8Bl3Y6nRQsL7Q,23
0Rp4akmfqBTpbDM6EoqtNy,7
2Nz6aF1umHh5Et6I5H581L,62
4sUlsy0tPv9n5nqrqeA0lE,58
67oyFnjJnn78fZP9KjeZx0,65
4RGxUjaCmVtD30pIhtEi7w,59
541EP6U9FXMjq1ulE7v3w8,35
4BCmdMShfg9uz1WeyXaFae,48
6JWlRd8ZFnXhCzg0mi3N5V,38
4wumYSGWMGz0EZazVy9sRd,39
0Osbam159ngkQww6isBBQJ,50
0LHzd11GIXVmND7TfQnGiy,50
7nCUy2nKoBQQDwT5f2GDQW,1
7fLCvzXRYVJWbxQ0q55kFN,0
74QCZPlpayjvQ4yJJFljfQ,12
2GAIycsMaDVtMtdvxzR2xI,54
2U9v51tNOoLRhwrU6j83uU,43
4OKf7CcYuw5H2HptkcKxcP,61
49Eukh9IsVghsZJoQRmAXi,0
2ZFxZ4QNiciMhvJV2GjKWL,50
1wy56SOfUlZ55h9IqSH00g,0
3mP3rF78g5vC9RthCEXvtV,0
5XE8c07vbpQBUriwybOHtd,61
5tGGKJ8OXHQk9DxX1BABUD,0
5kJQrSESEFOEnEaLfiUot1,0
5OU2RLatJbkSdqbQy2fMna,0
0bl3loogtnE6ssdEGb9GCn,1
2A0IRQ2Wq0dCoTfZGWoGkI,41
5DkORVajfAFyI6PJnFFfng,1
2w4EpqGasrz9qdTwocx54t,69
5IK2FtuC0qmHHam9sWFxUI,58
7EHmKkyAr6MZv5Y2FdZbXw,59
7z85Sqa3JrNebHK8sDtcRG,3
3vmOEg3JBiNxaz0mHxPSPC,7
4oE8zFdponjE1mtTi4geXA,3
5ihS6UUlyQAfmp48eSkxuQ,77
6XDdmCAuodZfXtEgJcxpS2,10
30g3R8mv8qyLKv1A0cAFil,14
7gSeGMqiOrv7ftmxYLFaOA,2
45rEbIrmTMmPfmvmDEqdEo,35
4f1KbnoiixqLu6EEDBwopj,32
4XJyrGQgwFr4nV1UkSp9t9,32
4SXU3lUZ1eb4JWWbkQw43Y,18
2DnJjbjNTV9Nd5NOa1KGba,75
4MZEZz8MqVgvIMXU6AVP22,33
6Pa1NQGHUceBVf0ygeC4wa,38
7ufDF5ePKsnxYgP0DAZoZE,49
5R0v2GLujsGk37QCkGdvMQ,46
7nfiM8DuaSJ61KaerHchcA,10
5FMlUJ6wd2aN0lkdlRrEtH,9
4uKop5eqeLow56qacdfO1P,35
3wlYKN4v231l7qvZFxYFeo,4
2ymeOsYijJz09LfKw3yM2x,63
10pcZvQ4QTKeHRvTUAeHVD,48
62leJoS03BiNzdoQmb9ByN,50
1DzQvaFztN7CnbqcXOO5k0,0
7kigmgx2tJJsZHKaa2QC0w,36
08onVqQ8YicJ98Ycm1qoLf,58
0fsj3HxzBHev6EJ7OLFE3r,52
5WwqdeavrQrbeAMDxGawse,73
4rcHWl68ai6KvpXlc8vbnE,70
16x9viSmRS3PII71Pdeowc,57
1PUwqWUz1Zz345y1s9YRv1,54
57ebBLITHpRgRKGrlbxMZS,67
4hWUOIDHda9XOb1zDchftP,55
60F6ntlU0uSzgChmyQyVJP,50
2ZBalNGwjqdKJd29O76wBV,8
6qnhXRedMi71TBYRc9jm4o,13
0S6bnMvhuqWG3ZDJuc5rGF,5
5AzpZ5ADn1AFPxcEBd2Ugf,60
300zfRaCgTmEm5Eqe3HqZZ,64
0hKF8N8aflF1uDzEEnPr2j,62
3zECldeBYO8lj8QZlUB2Be,2
2JEiLgAJl2jRakXjgAyATX,38
2ZOTtG7v1OrSNs6EINIGb4,67
0cKuO2BdECtbVQDCGx1dqa,48
3Cx4yrFaX8CeHwBMReOWXI,73
5zA8vzDGqPl2AzZkEYQGKh,77
2xabqm0YNQCTcPteQjJ22K,56
5KRRcT67VNIZUygEbMoIC1,14
66S14BkJDxgkYxLl5DCqOz,74
2QgWuCtBpNIpl5trmKCxRf,71
27BiHcQDEkxVn69zy1t3Es,1
15rjQH7nTcTomKwfVMd4xl,57
7Dm3dV3WPNdTgxoNY7YFnc,63
07GvNcU1WdyZJq3XxP0kZa,74
5uw9UIOXj6R8pOwXte8F5h,18
19Ym5Sg0YyOCa6ao21bdoG,69
6i8ecOsx4J2Px1maiqzqoG,27
4bEb3KE4mSKlTFjtWJQBqO,65
36xEjbl8DtevPJgw6i9IuY,52
1TfqLAPs4K3s2rJMoCokcS,81
39lSeqnyjZJejRuaREfyLL,71
2LbkpJUH052AvFcNIgjHTO,52
2WfaOiMkCvy7F5fcp2zZ8L,83
4RvWPyQ5RL0ao9LPZeSouE,80
2olVm1lHicpveMAo4AUDRB,72
5cOM0fTHceCkJVwuyHdMnk,55
5ZpDiWqCG93McsnuHu9uCR,54
6t1FIJlZWTQfIZhsGjaulM,63
3L7RtEcu1Hw3OXrpnthngx,74
4GDmAT5ZZyHdBo32UYDIvM,53
2GVYPY8Sv7U7cJkDFu3Ft1,47
3KYiA4vq6RPO1dE2XROXd8,16
1OOtq8tRnDM8kG2gqUPjAj,77
7ptv3yXdBWwzO7rVA62rwy,52
7e89621JPkKaeDSTQ3avtg,81
5ChkMS8OtdzJeqyybCc9R5,81
7gXdAqJLCa5aYUeLVxosOz,15
5vdp5UmvTsnMEMESIF2Ym7,82
1hlveB9M6ijHZRbzZ2teyh,73
5lWFrW5T3JtxVCLDb7etPu,67
70Z9t1qhytWtG4cCmmi7mU,69
69QHm3pustz01CJRwdo20z,70
05RgAMGypEvqhNs5hPCbMS,73
6gQUbFwwdYXlKdmqRoWKJe,70
72hcFp4tYkd3dbNA9dZ3Pv,67
1jF5Id0OPFU1Mae8BEUF5u,62
6iX1f3r7oUJnMbGgQ2gx1j,60
2jz6rWGqVCYsymwxGoaON4,68
29pzjF6ZkzcW3ofgOVbF0t,60
02Y5MRZD7AsElSRxsQtQzw,33
0C80GCp0mMuBzLf3EAXqxv,69
6fybp4N6eW3bsFAvARxyVe,65
0s6e7ZafqOAUBDoQYGmxrc,56
2APxH5XbOLDTmW9X5yi6Hw,57
0c1gHntWjKD7QShC8s99sq,74
11hrac0abM5C78XGjnxsNx,32
7pN5EnbsRXnuYlsTHPzj6J,30
0X1sqQ652p1sceKM2nJlIJ,69
4RS9PmtHQe7I0o5fEeweOY,58
0upLyFR8Rr52ZpMp5esQoq,64
07q0QVgO56EorrSGHC48y3,78
4igIYHF3B5VBxEafHauVo3,66
4ZpXHlV2vQVfPXUvbDSZ92,68
7nemcVsXVFZF01iqpIIo2Y,70
0TaT50ZZxT4ytZxuqkE3A9,65
4f3RDq9nYPBeR1yMSgnmBm,64
2AmEv442DGwSxMGZ9XEvBA,61
1FTSo4v6BOZH9QxKc3MbVM,74
5wTM2Bm8phDwHAuOsfBwhU,70
35E2eKIEXXnP5q9L51iOAk,58
14g6foD6sxO1qgkDKuPgWv,57
6mcxQ1Y3uQRU0IHsvdNLH1,74
2fXKyAyPrEa24c6PJyqznF,68
6wVViUl2xSRoDK2T7dMZbR,67
4W4wYHtsrgDiivRASVOINL,69
5QLHGv0DfpeXLNFo7SFEy1,74
48mJX8glOrQkrSdVBjc0Wb,58
0i19MAZbyn8uTir7FprXId,66
28c4nfBHdb3xviamRCEsIe,60
3L7RtEcu1Hw3OXrpnthngx,74
4R7kumtHnf5SsKyPYrVO5r,64
1i6N76fftMZhijOzFQ5ZtL,72
7c1Dar0pIAW7w5TzaGjt9t,64
5p3JunprHCxClJjOmcLV8G,74
57iDDD9N9tTWe75x6qhStw,78
0kA5scXMiaO5Ms2GQ4pRWa,63
31Tp5iKrVUayn65qhg06nE,64
6ZAwEE4kTdtvyE66iRhFxR,60
77XlfkvXtMwppbEU5sku97,65
4RvWPyQ5RL0ao9LPZeSouE,80
3NYCaxkggl0Hh8vQptSUvV,65
79MMMdYL00iwKVHBSAUkLY,54
4QlzkaRHtU8gAdwqjWmO8n,75
29SRvYOKbMLOZeOubNGtLb,58
2VmyLy2HQlkevZYboXHM5O,61
0WQiDwKJclirSYG9v5tayI,73
1IsGA5ceSC4a5nxgAEYnQd,51
39shmbIHICJ2Wxnk1fPSdz,79
0a4agFmqHXxcZl1nho1BxM,70
4z4PB23xYTg1oANmyZovsw,55
6HZ67VImxqr8aMBEEhblzf,63
31AOj9sFz2gM0O3hMARRBx,81
6UGpcXcENaUqQKPc6oqOe4,60
2CdS3DRqWR5LAhy4hM5X9W,64
37EJtTS7jT5WUyXGZzrwnI,68
09QZAEmdbq28OaNyqTOEvY,59
4alHo6RGd0D3OUbTPExTHN,69
6PNvv1dmDbOWrAYwEcuKBX,61
3tRv4ZYZimrL27flnjgeR6,66
5kz9GDBTX846OXwqWoyKzF,57
3pRaLNL3b8x5uBOcsgvdqM,72
0EqtsCvcDjEz6svFsaV5HN,56
1300POeOaj8qho30FRHjgf,59
3ZpQiJ78LKINrW9SQTgbXd,65
407ltk0BtcZI8kgu0HH4Yj,65
5YSI1311X8t31PBjkBG4CZ,68
4o7ZPI2fmEi3piRe0Hrfpy,59
5UWwZ5lm5PKu6eKsHAGxOk,77
07ABETRdek3ACMpRPvQuaT,70
2MLHyLy5z5l5YRp7momlgw,75
0qi4b1l0eT3jpzeNHeFXDT,71
1JSTJqkT5qHq8MDJnJbRE1,83
7aQjPecQdIuNd1sz3KCDhD,69
5PntSbMHC1ud6Vvl8x56qd,68
6b2oQwSGFkzsMtQruIWm2p,82
57Xjny5yNzAcsxnusKmAfA,73
38paDDziQ57k1f4VfKTeGk,60
3TW48DvQ7ChwY1Yy1tkMaP,68
2UWdUez9MB9yzL7Y81Mcip,69
48Ej1CDmpsETlImicgiXWC,57
3zwmW1gM4E8FlHXV5nE16u,69
1L94M3KIu7QluZe63g64rv,75
5qqabIl2vWzo9ApSC317sa,79
760xFXFj5Fksa3jawSCn5g,51
3CMVjlbvNJMHDfYPX7xCpi,60
45Ia1U4KtIjAPPU7Wv1Sea,72
3kxT1j8Q7BgRuuz85NZwav,34
7H8zey5My6uNdD2TxeCb9F,73
4mpAm83XX1iS63l8wmkEC6,58
6ctbCIikHbC6tSOL1rewQX,53
6vZZtivPrtpggT5SSXsYTy,67
2WfaOiMkCvy7F5fcp2zZ8L,83
2LUGAmTUIgFyHPVWmFRzvw,40
6Qyc6fS4DsZjB2mRW9DsQs,77
4VqPOruhp5EdPBeR92t6lQ,75
7wXJyWtRktzx7shORVNX5B,49
7d8GetOsjbxYnlo6Y9e5Kw,77
7LdKMBKthcdBnAqlAIGqCB,36
7G7tgVYORlDuVprcYHuFJh,72
4jKq1e80xAYixkIwt6YyV1,56
4KcH1ZRV2W1q7Flq0QqC76,71
0qxYx4F3vm1AOnfux6dDxP,75
1Q1b8eVkUPGlpSArl8JAVw,71
1f3yAtsJtY87CTmM8RLnxf,81
6G8fblD9DbcEmaKOKDy3XL,49
7Hj5QvOZvdZKtlBuq8nTXE,28
14sVnTYvfzo9sQM4RkQTaq,65
11bD1JtSjlIgKgZG2134DZ,77
7yzbimr8WVyAtBX3Eg6UL9,66
1pHP4JeQV9wDx87D6qH9hD,63
6TfBA04WJ3X1d1wXhaCFVT,77
4y1LsJpmMti1PfRQV9AWWe,76
1dQOMZz9SkT7ig0w65lQWC,66
6ADSaE87h8Y3lccZlBJdXH,79
0wCrg1LhgPcGMw51qqpI6k,57
3d9DChrdc6BOeFsbrZ3Is0,81
3bHhUEOTIbezeZ856R0BX5,67
4VGvosVIeFMCUwHibq7a9Z,57
1G391cbiT3v3Cywg8T7DM1,76
1AfYo6cKm3yHsJHdmNoGO1,71
7fURZRPkB2S70sYR1naKTK,49
3G69vJMWsX6ZohTykad2AU,77
6PypGyiu0Y2lCDBN1XZEnP,73
6y20BV5L33R8YXM0YuI38N,71
0yac0FPhLRH9i9lOng3f81,73
0gEyKnHvgkrkBM6fbeHdwK,75
6mFkJmJqdDVQ1REhVfGgd1,76
48UPSzbZjgc449aqz8bxox,81
3AJwUDP919kvQ9QcozQPxg,81
6wpGqhRvJGNNXwWlPmkMyO,76
0ntQJM78wzOLVeCUAW7Y45,79
64BbK9SFKH2jk86U3dGj2P,78
2N2yrmodOnVF10mKvItC9P,74
2IZZqH4K02UIYg5EohpNHF,80
4JiEyzf0Md7KEFFGWDDdCr,77
3vNFsxBbA4dPkymPF5Jm1b,58
4xqw8JSmfNdHLCuT23pHiv,13
3SVAN3BRByDmHOhKyIDxfC,74
5Xak5fmy089t0FYmh3VJiY,75
2gANywSFYF58YFMPdDSAjC,67
3ovjw5HZZv43SxTwApooCM,77
4KFM3A5QF2IMcc6nHsu3Wp,71
0c1gHntWjKD7QShC8s99sq,74
0UvCh63URrLFcPkKt99hHd,73
7o2CTH4ctstm8TNelqjb51,82
1gVgkQFOKa8Wc1HYsJtPdH,67
5CQ30WqJwcep0pYcV4AMNc,78
5HNCy40Ni5BZJFw1TKzRsC,74
3TO7bbrUKrOSPGRTB5MeCz,70
5jafMI8FLibnjkYTZ33m0c,72
1SKPmfSYaPsETbRHaiA18G,77
1Jaah2tmN9Hv81A87KZ1MU,69
6si71supnBUhddjR2FJc2L,68
0QnONzv3TvHAWk294h6DaQ,70
3bE5slaVEfaDreqARl6k4M,69
1zng9uqqXoPkmU05nsAlsw,73
37ZJ0p5Jm13JPevGcx4SkF,83
58XWGx7KNNkKneHdprcprX,68
1jzDzZWeSDBg5fhNc3tczV,76
2LawezPeJhN4AWuSB0GtAU,78
6zeE5tKyr8Nu882DQhhSQI,77
40riOy7x9W7GXjyGp4pjAv,82
0wokCRaKD0zPNhMRXAgVsr,72
6Zyz8lsnMFpIrCTuvGurCB,64
70C4NyhjD5OZUMzvWZ3njJ,74
2TVxnKdb3tqe1nhQWwwZCO,79
5y788ya4NvwhBznoDIcXwK,74
3gIBSlXYIN1mru35l4LWPB,60
612VcBshQcy4mpB2utGc3H,73
1GcVa4jFySlun4jLSuMhiq,72
4gMgiXfqyzZLMhsksGmbQV,76
7x8dCjCr0x6x2lXKujYD34,76
0gmbgwZ8iqyMPmXefof8Yf,78
1Cwsd5xI8CajJz795oy4XF,73
3yUcJwYu7fXAfqMj9krY6l,68
43z6scIZU2QcEieMQFAJRG,63
3JfkNCiXjHEVkbFfCQ417E,60
5QpaGzWp0hwB5faV8dkbAz,72
6CKoWCWAqEVWVjpeoJXyNH,72
3EYOJ48Et32uATr9ZmLnAo,77
0R8P9KfGJCDULmlEoBagcO,71
60a0Rd6pjrkxjPbaKzXjfq,83
5W8YXBz9MTIDyrpYaCg2Ky,79
2Ms33RTRCT6gArrpcrPxmo,72
1M2nd8jNUkkwrc1dgBPTJz,73
4lO57zZGFcj7vSY4QhfVDq,67
2pX4FpOgwItRVPPUFdRcxA,59
6OgWHP8rRXiq7VMaryVaVo,61
3p7hKG5voXWeSlpszlxTUF,0
6HSXNV0b4M4cLJ7ljgVVeh,73
5YciOakY5dB5dULkiLdCaf,67
7jP2937OACDPrN53DzO0Ye,59
4aVuWgvD0X63hcOCnZtNFA,75
3F8aTQzmKovktFcR7MCGFW,57
2oaK4JLVnmRGIO9ytBE1bt,74
5HQEmiV2lKnSO6qa2fsR7x,70
3YuaBvuZqcwN3CEAyyoaei,75
3ZOEytgrvLwQaqXreDs2Jx,80
2374M0fQpWi3dLnB54qaLX,83
5MzphLubufqPp6GYQAjhQD,58
5JSMty4xsozv560lo6UxhM,14
3MCuDi4gQrf7Xms8lTpTAx,60
4yA2SM7XCLkSgkBUSoZb5S,67
5VGlqQANWDKJFl0MBG3sg2,75
3skn2lauGk7Dx6bVIt5DVj,73
3lPr8ghNDBLc2uZovNyLs9,73
0c4IEciLCDdXEhhKxj4ThA,70
47wPvRG8FEwbZP22UBgTQr,78
7xyYsOvq5Ec3P4fr6mM9fD,69
4s7gALAaoVZZ1vNJsEGyiJ,39
2takcwOaAZWiXQijPHIx7B,68
36qObRwoCMwNofaby36oTz,20
3Sg4TiUcWtEHGuuNxOG0X0,39
7ouMYWpwJ422jRcDASZB7P,69
1WURfdj2VWtsw4mI88DMa8,33
70wYA8oYHoMzhRRkARoMhU,75
383QXk8nb2YrARMUwDdjQS,69
3H261TikQodgvtJTsy62Pq,36
5PK1JCSdr34gWgzYHgt3Jq,65
0It6VJoMAare1zdV2wxqZq,65
6gAnYT3Eh3uEQJbfGbXjnm,7
7kzKAuUzOITUauHAhoMoxA,72
1C2QJNTmsTxCDBuIgai8QV,63
7nMrNxioYZvJDHkklyO1Cn,13
5VVWgWH8HFLAtM8lbttvn9,60
6EIG6z3kmWu3aOzLAHHWV5,19
20I8RduZC2PWMWTDCZuuAN,70
40pPI2TbaYSZlKfV44HRjn,61
5b44idJ3d0ethElH4Jw6uX,12
0lP4HYLmvowOKdsQ7CVkuq,71
1tjHKKI0r82IB5KL29whHs,61
20j7B6mL9gnNvG3ic6Vwh5,66
2qkmPUG7ARsRwhVICQVwQS,60
3qaSqrrevBrb84xl5JlptU,68
6kyxQuFD38mo4S3urD2Wkw,61
1bCmvezFg5MRcENzCGG1Cy,67
2daZovie6pc2ZK7StayD1K,59
2D52zjCyqEIQa221lhw6uk,67
5wq8wceQvaFlOZovDtfr0j,59
5eSllZgRWCIJsDTAqFRwQw,66
5YXr4AGfUQpLSxtFSsKUh6,58
2IFqUmfW8oQoKn6ToxKsMs,58
1244xKUG27TnmQhUJlo3gU,59
2fAIfPLrPUTW1AmJRR428Q,65
0xJLcjd0gaZct43xG1UlXS,58
7aBAo2pO8LvrN8mGba7MvA,64
3lX49Bqy21Y5HneUJ7p55G,11
2Qypz4SJmX4V8i4GA95ksk,32
1ZDmAgGNPW3PgRnVOPJd3y,30
1GTPxha6U7x9ElVxkQw3OK,64
2g4LWy7YxrbWYA2RJP8nFk,41
5zRuPOBoe38AjACFMsxkof,57
0jPibF4bsrW5kLxEWYoxM7,15
3DQVgcqaP3iSMbaKsd57l5,71
0s1PewZjIU8DJqxktjeZaX,29
2cCE88eift4HGqdCVYVn3t,35
5jzma6gCzYtKB1DbEwFZKH,73
4Qievb8Mqy0qxdLNVl02zt,57
04Glred2wGdSNH11Qh4EDe,51
1mea3bSkSGXuIRvnydlB5b,78
6EZDbjz2X5XzgIZCtbsrXh,59
0TaWdoJiAJoln9OQ1RbdNs,43
18AXbzPzBS8Y3AkgSxzJPb,76
4dPKQxaraW6CG1rTBzV6DW,55
0Bs0hUYxz7REyIHH7tRhL2,62
4A48NL57P16zSRaq3yoYry,56
6sOCmuWkp0anAqgfLqzNjH,47
0R194013qdfjeFiap76Nzs,52
1PXsUXSM3LF2XNSkmIldPb,64
3Q3aKDlRbgOPsUhYVSGDBH,33
5HBUDrdplsitbrwYYXFH6u,28
7sYMg9phXqdP8L9nPjFZIu,9
7mW4uXsGvXaqZQh6bcd1Tf,15
5lN1EH25gdiqT1SFALMAq1,69
6vluCORdF8bV6zhXfKyKBp,60
0R332cdlS9LyE0Ge2PSlVC,56
2Kzf4lpkPkxy7DwNlvbSpp,28
0AyAhgf2sihNnGt1ymLhg2,24
7jJsNoth2NoCozMjRclkMB,38
5H9y7se06T9etwuJs47e2m,19
2rxJabc4yx6mAIsTmxg1Gv,34
1STAWoWHYJh2UVUx41pYMD,52
113VT0dXCsqDAAfe8JQ2xm,12
4SE81CrzH0qPA8KHqM9Syz,61
3Vn9oCZbdI1EMO7jxdz2Rc,61
5ocPGNK6Xsu7Xk4JdcBMBq,26
6i0C8nAgzPr3vhbOMnDgTK,42
1riX7P7D7CL0ui06UqBquh,33
6ZJUTPXfcEZgPbdvvbkCvm,41
4vpeKl0vMGdAXpZiQB2Dtd,69
5oPUBUzrAnwvlmMzl1VW7Y,66
672N8DGGTOLCOgWe0koX5g,61
6tM8cMX9S4AyRd5sDDrzhN,40
6fJSEk0GDtPOk3gFxcnbUy,49
185ZAmEXHzplBXOWqNtwAa,38
4ZxEF6c6dHYiRkGQjsZEY5,51
3G2OX9eOHcgzqArjECc1Ye,23
2n59jYOpSwdLjLW8BfRQIG,11
5T7LRFc3HfK4AN0r14ZbkQ,45
6n7GUf2h8D2Ad2wUy5s7nE,57
76Q9wf2sC4BQbg6AdvLHvJ,51
6IA2MnXrjQVIwD2jufil0D,25
3Xys87IBYvgmRq8T8pkDIR,13
2Fxmhks0bxGSBdJ92vM42m,95
0E0ZAWynZx0CutIg4rb8q3,50
1jpnZg0IEI96gC0RTsBWzJ,31
5CXdKtyCJ3L6iyexETMdaW,5
0cGR1le8zMJWt8WcgCyRpv,37
1lFC3sMgOcDrVzNh8zXRnl,61
70WSr32oW4jC1na5I0j0D6,62
5UYo2NoLUzBlP09NGJRGsc,40
2iA8mMAiIVeIazjs8D7vaA,12
33TwP6hHkYLQuhAfWrcYZL,20
4PiOvTL3jYu8pvNMHjOP1B,24
3UfQlRgwo0CMiAFqacfp8C,42
7FTf3bJuCq5UYHjUwggKNB,52
0KN8JErFeAySSJhlzsVtG2,27
7erwmNbnZygmlqYHhSXKoT,18
2RhrdmXvvtjoQrVfgvKF0p,28
2qfllT4Nm0fdekD8KNcyJs,6
3rBjgY3DgrvNfY0ot2LpCo,1
1LwP9g1Hjbs64jXM2Qsxry,62
5xUz3xvyPPrNfnBrh9IOZa,49
4km6YR5kJUOgVloN4V8O64,17
3NSWmqRg23nA55Fg2ZxD1Z,27
16KCcwE616Sk4qTsW26wFf,38
7ezxnrzFzaOoy9yYUhP9S2,40
3DPFmwFtV5ElQaTniLOdgk,69
7wIQKJIOrQaTbzrZKeq6V0,32
5QH3pNXpDzSIMziqX9lL1l,49
28WbijaWIjv7D6D4qVIcYQ,33
7sPH8QGsiA2skKJL5qWW2D,19
0F4EoaMJmWNz8vS8tKgsqY,55
15ea10YpJIl3mJq75yzqsD,64
799azdZNV34Z1w8CQ1z9ds,45
4sHQ8z0qNXav4ajC8WtKKy,45
462wlElyvKcGOzrhlprJbQ,17
4oSLqDsjuAJqKYihXID8uB,2
4KacUpvbA3Mfo05gttTjhN,73
6L89mwZXSOwYl76YXfX13s,79
1HNE2PX70ztbEl6MLxrpNL,74
2m1hi0nfMR9vdGC8UcrnwU,78
6WkSUgo1VdpzgtiXKlFPcY,63
1LkoYGxmYpO6QSEvY5C0Zl,66
33iv3wnGMrrDugd7GBso1z,70
27L8sESb3KR79asDUBu8nW,73
42et6fnHCw1HIPSrdPprMl,74
29hBRadFZf9QTGRHZmxm65,69
5oQcOu1omDykbIPSdSQQNJ,69
0nnwn7LWHCAu09jfuH1xTA,69
2g2a5kDeZexbUTD8abcvm6,68
3Zwu2K0Qa5sT6teCCHPShP,76
1oagRT7LfpVlNJN6FSZDGp,67
6SpLc7EXZIPpy0sVko0aoU,71
7lRlq939cDG4SzWOF4VAnd,74
6fx1fKIs5e0pBL5FpdC7RB,66
5eB7w8UZJKjL5XmnC6Pctg,63
4rstj4vgkFq49R2VV0fbxX,59
6PsISpFaCEKwysPfwO9SfC,66
0gZp88SA5OcujHLDGkxtI3,63
1yKu2MhpwzDXXH2tzG6xoa,69
1JURww012QnWAw0zZXi6Aa,59
3mNecsYFb6LQg7822DPXCP,65
3iT4vWUWxqsn4hFTkEaJCi,59
7B5nuJ3GhcJRsXU48g5Qhu,45
40LQiUUUKXVGyNs09lHVjW,71
10fddGyyeUquZZ2uPTjD7P,61
4xNfsvj9mOVnMTvHZZ8HNk,56
2R5uY1gbIKzGB1yAOH067s,57
3hb2ScEVkGchcAQqrPLP0R,67
4Gd9PUEuOTOJtbgd4YxLXM,64
2hiB8QxWic092OablwpoVC,50
2f5N826udWfjT9iomeaBJt,64
2hKdd3qO7cWr2Jo0Bcs0MA,77
5vYA1mW9g2Coh1HUFUSmlb,68
5K7AMlpc4796JRWXb26nCV,70
2skmOCFU64Bg7Ytkgwliwe,63
1OFKUn2VLafrHj7ybnap0Q,68
2ouURa1AIXp3AvkS52Jry5,63
3uPfVXcjnpOjyzI3jb3js4,63
4GiVcDqNQI0fc0yYuRGH9m,65
5mkGfmJGFZpwK9nA5amOhv,68
6VoIBz0VhCyz7OdEoRYDiA,73
2Aqc48sn8He26hmTvQ2BMj,67
6txWz9UapYHVxEd7dDIHXT,73
0W7AbEauB7cP4pidLclApe,59
4TQeNHx85xcP9YRkvJC6K1,64
3cfOd4CMv2snFaKAnMdnvK,79
5YScXJKtefsgdskIy60N7A,62
0lnxrQAd9ZxbhBBe7d8FO8,65
0z1b34WikhOH9ZxU8QDWcv,70
7IsEXPk6qqt30FfQv4SZMa,62
75HZ6Wxnw8xbgz6HU9kKCS,58
1HL3yEnYq8LEyFQ3QegA5V,66
7vFv0yFGMJW3qVXbAd9BK9,77
3Uvx1TO0Kg5HgGPk58lHXv,64
34c09e1nnPqjQ48TKZvSnt,50
234RqTZmnDTnxWlVciXHLD,59
6ZOBP3NvffbU4SZcrnt1k6,77
0M955bMOoilikPXwKLYpoi,70
3WbphvawbMZ8FyqDxYGdSQ,69
6lSr3iZTC144PKhvbPFzMp,65
16DhvbuyvJob4Q9GHNYu2n,69
3e2KBwxibC1rq4bA5TNKW2,62
5z6xHjCZr7a7AIcy8sPBKy,72
1gyee1JuFFiP476LQpRMYU,68
6dRAAG4sB71NAtVCHJep7s,63
6FOpPA0a80RuBqqgDozvja,66
1UREw2MCfU0xwBzCAjxlUD,64
2nLtzopw4rPReszdYBJU6h,81
0COqiPhxzoWICwFCS4eZcp,78
3UygY7qW2cvG9Llkay6i1i,69
2gSVKxPDww9Eep5rdvtdem,69
6W21LNLz9Sw7sUSNWMSHRu,73
40rvBMQizxkIqnjPdEWY1v,74
1ZozJfi8u9cO2Ob8KwiwNT,67
0s8OMEGJQJIUr9VFwNEH1v,60
0QVf7U1E5qxHHill6UnYtE,48
507bYMYfbm6sUS9iEAaeSd,69
2vPZ4Lklyu75zBR3SgbFNI,58
0ADZ5dmXhlfzjMw6lefoPl,70
3NLrRZoMF0Lx6zTlYqeIo4,75
2aibwv5hGXSgw7Yru8IYTO,79
10Nmj3JCNoMeBQ87uw5j8k,76
30HCB1FoE77IfGRyNv4eFq,64
0Jur3mZsQba3vqSpcmsOPm,61
2PdIo7ewQPuAsP99LVg9uy,64
6zfczP87XO2SxWlQtnjFNa,69
6iRrt1UtrgsxsOZUjp6VgC,52
2HMFUciWgE8VQ28QnCoBcG,48
5yoe7tMBqwQOpsfVddkw9c,32
5maosvba9QkQP14u6vtxog,54
6aXwozVYwf56zRSI5Z3lPK,44
0fD6vPYWty2Jy4VVozWzfp,55
7qjuiTw148Qqxh544oniQe,48
2N2QYANz84q0gQrWp4QTg8,58
2afK7FH9DWHYMqltxqf7IT,53
7ilOQyCyjY35pjorODPbpT,44
3aA5fk4c6a7e5HM4rJqkSF,55
5YzaostcCu9Sgp5T7bFuX3,59
3BBrd1T2R2m1GzX9dj5ify,58
0DiQAYZAOQLL9mwinkRS3E,54
1qRsC0QNSTXiTvHeeUlN5k,60
3VIJBrMpvimHEw5wtPh2wB,64
7nZ9CzhiFRPhOQCn7eDSnn,63
0Dw3M1B14FRabDfVYr5pEX,46
3AVyKOmMgvRjsC576xWw78,57
49PyCCLOdJi0jHkGyyY2vv,61
0X5C4WjQNubRysTkHOubz3,60
38wCbVfMreML5ZhF5iQuKA,68
1YrnDTqvcnUKxAIeXyaEmU,69
1mqytV5qZcmzG6MgvJCpkQ,58
60ubljabcQKHeMpjiypBcH,39
3KN1A4XVt5lYudW7M6gD9T,52
1RSy7B2vfPi84N80QJ6frX,73
1FvDJ9KGxcqwv1utyPL3JZ,72
2EEinN4Zk8MUv4OQuLsTBj,65
1xaTREM89RbIxkcjlpf4Uw,58
6aBUnkXuCEQQHAlTokv9or,70
3Oa8vnNXStoOHLbJwwMEDP,52
0F0imGVd7KnvQPkBmVtPo9,51
32TKQVwtSGCHIqmbmaNdFj,52
79CfK2gMGf0svanec6LJOj,59
1r8oPEXqnhUVgkUkJNqEuF,64
5EclH1u6hKzOV3m1I3LAc3,48
5UPnBgnylUCjtAPtAH4tJY,50
0lVdukU9ejbFQwZIhg47hx,50
7twcwXwtIqOEmQPCejrSPK,0
76HJoPhDFxD7rizsbCmZND,51
1idZSAVHfLPQq9tDTYhnIA,38
6BrMEbPSSj55nQhkgf6DnE,65
2OErSh4oVVAUll0vHxdr6p,67
3O4TPMOgChXOerSdB5WENH,53
263aNAQCeFSWipk896byo6,67
4dneV7C1yDt9UtyxrQY375,62
76GlO5H5RT6g7y0gev86Nk,65
7ABE6G4uQxbNtYgVrpBBPA,60
3c4bJL7mARZvd387847GsC,57
1xShPgQbOUa98avWJQFDBY,61
0C6EIiQu8CS4eYtOCMEiAd,56
5KMPp9asnxJwvaBuSZ5Nsn,44
27r5xwtP8VRqdkeWfaEtQ9,48
7kSAaTFnsEPCSDzfl5XB5L,43
4n5QvgYuN2oCSythoCXZeV,5
5mmn8mpZ7EHZOHmuY6GYVP,4
7zSAI7Ae6DPVepN8MksKVZ,50
7LyIoUsiMtelB1I0I4drEF,28
0F0MA0ns8oXwGw66B2BSXm,32
6mib3N4E8PZHAGQ3xy7bho,68
2h47SG8bNphmicAll4H9RV,53
6w6I3AFRv7tQMmUTgAghUB,44
0Qv7xi6uPSqH2k82tOkGSt,64
2qg5p61GthL5fsdXHw12w9,1
5rBOBI3INEw0u0rwNNGib5,52
5lwQGZYF4BXOzFtXc5zk8q,64
2gsY0pB4cJOVX32K3qOZgB,44
4CRpOsjhvgxjF7rQufmyZ1,62
2o49Twc3qrNMOt8gq9W06L,60
6MHOg9xiYC2gj8zcASaLUo,52
27Z1opuTMIEItuX9Gc0MBu,44
49wHCjiu34kM3VRgumQ1tJ,56
60TmG8cFPMBo7kTTFOLiAB,55
5bSASu4W0HJx6CuG8rbRcA,51
2xGKkcdKQUyqKKfOhd58gP,0
1lNn0udm3EHKFRCGpNKZxn,38
0pUVeEgZuNyFzIMKp67RbS,67
1bki22ZoLCkqb0QIJ5PtJF,22
6N6Yn22lGPa6PC8asQjGDZ,16
6Y0gqGszwuiaa10jYPyYRV,50
758wEKVqfYopJIHYWdLVd4,64
1D2QnxvMOac95EG9C0KbsJ,53
01q4ccXbvPlCwZ1fPiFaeM,56
3OS4XXm4S42pnESQmtN9MG,54
2VyOpoblI3AHO6R8dr87Ia,48
1bNuTve1e53C7OWoX7Kkj3,32
3bkcq1VrFlcoqa04VBs4J8,45
05oFyvdztPdpwSwpoclD4c,59
3PQEaRs2JEwtk79IqbQYt1,52
1JhORTF6h6N2lpb3lLWeqv,41
7hs0Q5T9oyYMuGg4EQZenj,51
21T9lWigjSIMg9uD6ZfRnQ,52
48p5E25cFPanxuwCTmTpuL,63
3eiUQTsfRQ0abO6duxLcxw,30
3XGBFBUEalGmIDcjvu4nrj,30
0gJO3qjzYbIhoHFRtArifw,22
20goDx14UZviYtCPtLbqvs,50
1PnQ1sK77wMXagGDhwfBdY,43
5xLfQuX5YAfog2JgPz0dpA,56
325ipyWkzIGakH2DJgDlOT,47
1EjQRTG53jsinzk2xlVVJP,50
35WDTZhAwkoBF65jGTzF2O,52
4tFGNFIIZ9ANSewxGZyiDD,53
5OWokvF4QOqMDQ8ByQsm6V,48
6iqQCvQ33Ss0SiAgl6MRnz,38
15049rGLXHwrWtE4euUb5C,63
1RCtHLyq1xIbgGMrYRrKJ2,59
6HlMq7SQIu9CuzsJ3yOFpv,35
7vhhU4SsMDV8uSQlCxf1Lk,5
4dVbhS6OiYvFikshyaQaCN,69
44wXefe8WB9Fd6xwtmAwbR,68
5OQsiBsky2k2kDKy2bX2eT,73
7yCPwWs66K8Ba5lFuU2bcx,21
1FkoVC85Ds3mFoK0fVqEqP,67
5OwponLnwCAYnWql6cwBru,58
5JZcX7TTLx4l0xFIXJ3DBt,20
3Y8Ff1nH44jFywAtpgmleZ,15
4iCGSi1RonREsPtfEKYj5b,11
4UJmPSJsBsIR1U0N79BU1g,65
2VFRnfx3nzHdeSrFhtq9Jj,49
0TcOuAT1fL2RA1YUgTrBvK,0
4PXH3g9qGgMqDlC52dJw07,9
3NJRRGD3IDzR39LFN7e5Ol,0
0uppYCG86ajpV2hSR3dJJ0,73
4XizBlyqR7ZGVTX0Fyonm2,4
4kAJawkLZj4Q7N5521ofP6,24
4Sxx1wd4nnB8ob8Zsujwrs,50
5wQnmLuC1W7ATsArWACrgW,78
7j31rVgGX9Q2blT92VBEA0,77
5kD9T7GForh8LnRz5ClbL8,13
6rUp7v3l8yC4TKxAAR5Bmx,72
2tyW1uBUnYMKAFEfKDKi9B,16
46ERhnELy62toOMlxe14a3,8
1zOaxkbS1kAY1gIi0g8sOm,14
3U7H63zKWLjOuFZJUmTowp,15
5ZyXUaBaeZYAZqHxKX8cKL,2
7Le8BxBqidxMRbK6QS6DRt,2
1M4Wy6jRce1x17qyE7yQAB,54
6REiraH7Pe3akd0mkFA4l9,59
1jH0OiLvqyyhUOEUu61XPI,53
2kN05N1AQQplsgFweFAqYb,64
76Je5Wklky23mVoxiRszcN,68
0bORa4VpL8NzyMXEI6UFGK,58
2M89czls4iL4UaGx9Sh4So,1
6CZyezhfB1LTc3m4bS9VfD,1
58HpsDKeYoLtNhXFQyQmz5,57
5ZdzNVOmCSp5HFLk0EgvJS,62
4WfGrAJVC3A5xhUTja0gUG,19
1wYJnu1hMrYMNrkXKTVrYd,8
4tyl9OMKMG8F2L0RUYQMH3,26
6yl8Es1tCYD9WdSkeVLFw4,72
4KOjtG3BcHOJbfuGARHPcT,52
7fmmaDJBKinXoLsZAI4FKa,0
1IRZwD3r9VOehOR8rGeV3Y,10
7rQfpOyX6Tj1dpQ10toy4H,48
1PB7gRWcvefzu7t3LJLUlf,0
3LTMnFa0hhwisyq6ILahyj,25
2fF7mQOxo1SZuIMHTQgQD8,22
027h5P3kCyktHv9dpHUBBS,8
0ninYzj2nTdxEK457nEvSC,0
5EauMVTXVoQOkax03XXVaV,7
5A1FmxbYVRZKy4nc16MAue,64
7nnWIPM5hwE3DaUBkvOIpy,74
40e9kU9Wd4vbedqSA7Io4n,58
5LlsD7LdSMkGV4Iu0a2Zq0,67
18WHd7xm12Pz0rU6LSMJog,0
5YpTAKhJSOC1mfz9Nu4l6b,47
41QhRnFDdhMLtR8tmnolbr,64
60CirPlTOEWOUBus7HxV3B,59
59gSh5ihFRsCyB4gpwDjcC,56
0eQjA54TJkwTHDJKG8OkRg,52
1Dr1fXbc2IxaK1Mu8P8Khz,75
15HadeuRG9THazDGzLH8ZU,9
3GfOAdcoc3X5GPiiXmpBjK,64
3h2pnVxdlwh4NWjRkSiMac,2
4RDKdzgdnlBcpJ1SJoXbG8,31
7L605WhF5EGf34ggj87yK6,19
0THbsvMRmCHpFT3YLX301c,6
3oX3F14vpkCMJnFoF3DSEr,3
1b7W82wt7cFgOQQ5XVKKoN,21
3KsatAMRt1a7iryhWt5I8U,62
74EV0g12ihUoOUXMprFpZB,23
28Dm6CL7cbB5hv8BLNLHJH,0
6YnUxW8CtOnI6mp3oh61Gr,13
7woZGXjtaYwuvSoU1zToB3,65
0dOg1ySSI7NkpAe89Zo0b9,75
7oK9VyNzrYvRFo7nQEYkWN,77
15iEXnizukvzpAFbLIRGKs,13
5j6ZZwA9BnxZi5Bk0Ng4jB,24
1bL6fctRT13NffF2JHU5zQ,2
3ttzGcgmxvD8iGyb3NEZVr,0
61US1T9Eq54jUoeMUcchQJ,2
5XkVQZWvsVwedk0Jv54SVH,8
3vls6Nh3JXB0a8sIXhnMTo,1
3ufbsUF0fpOjHmBOGjYSQ0,43
1f2V8U1BiWaC9aJWmpOARe,74
3kjg4p8oHDOFzqK0b75LzU,1
4NnWuGQujzWUEg0uZokO5M,70
2JO3HwMRPeya8bXbtbyPcf,71
3Kv4z77qhv7DZ7W16x2S0z,48
7GASUNtLpNwSmvLNkRSRiU,51
0fMdbQrsYylKuCFYldizco,32
5he7AYCR3MGloRnuWEMroT,59
5ibELGcXGqX5x9TWFeNPxY,60
44PQEofvkk0Ul7M6ZDsOGS,38
7CPiFuM7R0Os87sl3UJqPB,56
1EyRK6kk3yW8ZmtqAPLZKJ,50
3qel23hQWhHT3qGewBQ0pE,51
2V6n1Pq26T0Rdp0jgy77xp,1
5quv9YDjbVlXddPEk08N0H,45
2QN3pPQYoKsh5dIgEVnsYG,61
1U2xFfjK1QUuicENnW0iwv,53
1RTk31cNoWdx1HBRbkc02a,58
2VbOnf4BivY15wG1GS5Vtv,65
2aSqq7claHAcS7KJWI6lmO,47
4qoikTP7LVRTkoCaNj8rgG,38
3RciEQxS7PxtLqMs7OwRsU,49
2cop62KNgi55QqIozb5bMf,53
5CeL9C3bsoe4yzYS1Qz8cw,68
6vLwOFz5BYeEJPyvgUea2D,52
1qfYG2JrchEyJiqKnkE7YQ,71
35b08f3X5XiuTV0oJHZB9g,50
2zzLRQ78kKfPTx8FJQCdC2,71
59XNy4523UcEvQfYM8fdQB,69
5dKBaysNJtfpyNTRa5lqDb,69
4c9WmjVlQMr0s1IjbYO52Z,70
3FzKPS0oVknVlCW3PhxIHl,63
0wzRcekWyVCSyPtlPOeJau,65
6JzzI3YxHCcjZ7MCQS2YS1,52
0uJyE3M3ecGZgzltsQKs3a,56
1KgfeuVn5OlsBEtoEmBa1t,57
1wo3UYTeizJHkwYIuLuBPF,66
0egYMfS7hjEneR86a9K61w,60
0Ui05Ov0s4PnRc4JI3Pilg,63
0VhhaYztcRWc7PEjJCjr1g,62
75ARkUKb54dQ86YezuoNhn,14
1jNOi6m3Hn8nLEeHCp5Msr,58
24FmdHoCr2jZGE6Z6dZbJT,45
2hvOsGJc6qll4WzW8Ljqc3,65
4qO03RMQm88DdpTJcxlglY,69
11VwZwNF29HrqwalYUMitb,66
1YwNlWLf8auhazSQUDQLFU,65
2xt2piJx6jlFkjS77YiqpL,45
3fNf71Ktya4CYMqGM6eRud,47
305WCRhhS10XUcH6AEwZk6,74
6WrnSlcN0dzTO80mVVbBto,55
6GyDY0yE47rfk8pcuKhioh,64
7oXRMDUzBPekkLRTJhSGvC,66
3eSyMBd7ERw68NVB3jlRmW,69
5FVd6KXrgO9B3JPmC8OPst,82
3rINKmrSbky6jUVEvNtIX8,32
1QFh8OH1e78dGd3VyJZCAC,73
38w6aqERgBYjyvWQsltcvs,49
0cGG2EouYCEEC3xfa0tDFV,74
4dk40nfaQav6b4ZsJ9OYUo,64
3ZXcjz3A5vNsR5dA1e6ITl,56
4WoKuMjwJXuy9IqX6AH5JE,60
39lSeqnyjZJejRuaREfyLL,71
7aS418hRnOnYrXeyrZilwk,69
4PxVSYOpsYTI9gx6ZP9IM4,44
7fRvtXvJMpGfTLdF0M09a1,60
1MANhf0nwr6gFwsRJMeDbr,50
0BJU4rYOfj43xHw6gvTIwE,56
78RIER8V6EhrqVPOBi2GYa,62
41Laec0pItedzpw2D8HWYp,57
0CsM8VGDi38kusMv3pxyj1,72
6HvUtPLqkP0t6zd6YNdWby,60
7o7E1nrHWncYY7PY94gCiX,70
1EXrFPfVNVsyb32yapebbM,65
11HLyzoCyx8hXKXVmrg1Sy,53
4qngSTqniuB6PYTE1JdbPG,48
1TfqLAPs4K3s2rJMoCokcS,81
0Ytxje4D5iXTHN3MOCC5jS,62
3zLZ7AVfbYuy0BnRWLafZg,46
6IDHh3FcwLVcG5NsmpQgg2,65
78ocJAEFOYKVjYgXZ8fggD,56
4pWHlV64Ni9epy7RrKjFus,42
7wnagOAqma4Sg6JOGjWr5R,61
1p46bniF6fC9kT1v5yjJOI,48
1I6q6nwNjNgik1Qe8Oi0Y7,63
0sId1fkKRfPlyMMOSVShng,53
1oYYd2gnWZYrt89EBXdFiO,74
0ZYf6N5eBeXStMri0mf3DZ,54
3ix6K4wZY29bCujrSznwFZ,71
4ZhPLoMzZwewHLLjV1J15c,73
6SooMzpsDiPHFoLsk9XAvU,22
2X9fsxb6O6bYEopJYmUbNC,66
3EAFamlgsYPA3HijLUPszI,59
471SXWs7Ko4d2rkKOk7oPF,53
2wSAWEYUHkt92X4SBAPqZE,72
6WEBIVqiEsevfgJefTyuQQ,57
3kDNbgnKWe8rd7DL34tQwt,42
5uRsBdLhn91AYcsTCOGNOC,54
2uXewDKMktNkkMfotqSxN6,58
0XHGKdViVybbZKqEZ2tXqV,41
2gQaQUhDCNGfBVXTvxAmXQ,70
2mIrfke7vosXAEWfz6ucyo,65
7qm1JpihtROAIU1XpvqYHS,56
0vsRt9W2VisbZW6mqqjbp8,54
3EGI5qmVmGlfgy9BmNb1R8,61
3kkWD4jESZLL9eXrzJypGH,49
2V8FnzDA3T6Jrc19HlHy9Z,45
7eiP7dsQZybO0vw2jGJvWC,44
4d6eqRtpDX7tydHJGDZUBQ,71
7psTNaKmJxmF33orqN4a9P,57
61EQfJXizp4MIpLYWyLoQI,55
4Cn3jeDKxrpxJwRjbc5GFB,54
1gsQmDnyXfq6jPIXYCPKHB,50
4nI98GEywAAxoA0i8Vap4s,39
7AiDf42w2K2c3fWgTE4ytW,27
6j4eSvLSgkb3ehJksCtq3w,50
5QcQcmeXFT0ayv8sBcnMYY,39
4B9lC39ZaRFEku3aneRmAE,39
0WnVjkW8k8Zo37JAI7K8zF,52
1K1TFdBh7NrDyKiwiJEmsy,57
0yfNXxlyXdmP0ue1iJijx1,66
06luxtMuY4HXVpfWIK0rjw,35
05vL56xSoxthM0r7IfcQjo,57
4R6oOgh523J4M1I0XYe14f,64
2fdfsGuqb6SBX5ocoBWHUd,63
2jVQ4jYVOGBUj5hHv7GYLO,33
3QtMzmaXaQnHp70RsAZ8rL,43
46sVotiw129Lx9RButaL8e,36
17XvbAd3K1GOjWy5uQvK2U,55
3cUxncrTWSA9lhlQbuIwUY,63
47R9wmldBrYFtkNRjVSPZq,34
2enPRFda84VE2wtI8c86Uf,60
69VE5kmfqG4dJSkrB1OtCI,62
5OUTFH5acycdnf8OVo21Gv,69
2lffRiAET2Xt6BNb4EmkS2,53
1QgI14YcWg3tOobXjzlNMl,53
7saliZ9OxOgVZvac91pnHH,1
0mRtoIJczBZFw3ISHr7JIN,31
70uUmt0fNudal1sT9AfGqL,0
1175r6ZmkUjX8dRJLz9Ohk,70
4EpZ4eYuZOwPSSwyqpdHnJ,79
5EYi2rH4LYs6M21ZLOyQTx,80
4k7P2LIQco8YCVbIZl1vZB,60
3bH4HzoZZFq8UpZmI2AMgV,80
5H2WmzaijYOGTHeHdM3w9P,67
4zvHZWOGyL7WcmqHOgtGCW,70
5Ss6DqCldgTmIo6BekVOJT,68
3oyf4dalm17kzTE8LJDbgR,76
4yp90BbE4dxPXfGGSpbFwT,60
1b2ReMGta2fe6lEMpvU6eB,26
4cJOLN346rtOty3UPACsao,66
0puyikpyVwe8TTv2tvMHeq,58
0ZK8TGOsngrstVPsnrHbK1,67
3c0NlyfimtupjK3PlaQDLl,55
0sHFw13WH3LtSB3yP8UMYJ,78
2s1tc8yYKf0QAO70Xe1VjU,53
1BltsyC5W3SAABdxyrDXwi,19
1wz7B02oOtrTW6SNLG0cSk,67
4yxSvdt8kl6jMdvFaiNtve,54
2ctvdKmETyOzPb2GiJJT53,68
1lCRw5FEZ1gPDNPzy1K4zW,76
3KkXRkHbMCARz0aVfEt68P,88
3lOok0REf4j3790abX26PR,63
6ixkZ2Q9gQeh52C6GxbETg,64
3Y4rUyw7XBCK6hGHCOt6rp,63
0xtIp0lgccN85GfGOekS5L,69
2G1tXoGBaEMJ7FKGnkf6ud,73
045sp2JToyTaaKyXkGejPy,70
3FmAUR4SPWa3P1KyDf21Fu,22
57asCheDC0X1S9QnyTsmOQ,60
4YLTFu7iyC3q34dvf5hRDq,28
7zxLkZbUxITHabPzGN8Xgc,64
5wv2XK6ms7KBBVDD1cOwlx,66
7Fnsdfqnh9tV10Prog5RIR,34
5rgy6ghBq1eRApCkeUdJXf,75
5W3cjX2J3tjhG8zb6u0qHn,70
7aJjhQlplwtUS7emsLIEWC,49
6urCAbunOQI4bLhmGpX7iS,67
4pbyDPjFgfPqFTcIMC8xpK,68
0SLtqCrXBRrnkxSOMA3X4W,67
190IqlryWu91WBKeDgZqZz,63
2fuCquhmrzHpu5xcA1ci9x,81
0mAGeks6ns4FZWBPkjD9HR,72
6hFHsQWB7HdVrSe7efRR82,70
7s41ZGjQB5Ur8T0fQlk5uM,64
6kdCN6gTWLcLxmLXoUcwuI,73
5tyznRXlcIx0XlQ7S8iCMW,70
1p4rYrxjVkj6v2eMzRhLfA,68
4KgboiBmi0XOSVLMXhnG5A,52
4oMaBqivBDg7ID3EHtydeX,56
1oA0tDRFjY5xoNDXuMBGGA,55
0E8qIw6KblOtDQYzzHQrxL,63
68UIOPderAlQy5eb7K4iUO,62
3GSMdtJphymHEsR8K9jT5Q,71
1FHNctV68GUNLgXclG2DtR,69
28V858H8DAUHqxh6KsNx5l,68
4Na0siMtWOW9pJoWJ1Ponv,64
7iN1s7xHE4ifF5povM6A48,79
3oqWr0jDWNXxWufNogGREp,70
7r7HYGxvCIXzHicl5DGIxM,27
3zksbXteOCeSusJ5Xltr3t,72
22JdTYxdp8gRcrLNSxJnX1,57
7noel9mKBqjn6D0OWA3qmK,56
66PRDvzBHhbcdbc4T4mrZY,67
5GKVcvTgnFYtfh25qKQtRg,59
4uvjOKsp7mSjrDhWdkLPBY,68
1Dfzjb9aFxgSFM0vnNTDPr,60
06KyNuuMOX1ROXRhj787tj,79
7i9763l5SSfOnqZ35VOcfy,71
3CRDbSIZ4r5MsZ0YwxuEkn,83
2auNjgM4xIOANxtZT4Xe9z,66
0LEIjyWS7ByxvVKEIlg4mH,39
6WkJ2OK163XXS2oARUC9JM,84
6EsBn1Md8C5YdbCzvwvZq8,71
11LmqTE2naFULdEP94AUBa,74
59WN2psjkt1tyaxjspN8fp,78
4EchqUKQ3qAQuRNKmeIpnf,76
6ooluO7DiEhI1zmK94nRCM,73
6nTiIhLmQ3FWhvrGafw2zj,78
2DlHlPMa4M17kufBvI2lEN,80
5sICkBXVmaCQk5aISGR3x1,79
6gZVQvQZOFpzIy3HblJ20F,71
2mHchPRtQWet3iIS3jANr1,62
5NoQvINZLBV1wMYPdNmReL,64
0cuq829zRNq4AEdmDJA4aw,63
0vek0LcCbvcMtj0GkXMMJy,59
38peLHRTxGZAd5TpEO3gB9,60
7Jh1bpe76CNTCgdgAdBw4Z,75
5G1sTBGbZT5o4PNRc75RKI,72
2EC9IJj7g0mN1Q5VrZkiYY,74
4Ai0ANRDYwx6mCD4Uty1WS,58
3cMunJsyeFbyYm7X3LgW9T,55
0pQskrTITgmCMyr85tb9qq,73
3kZUnG3jVpgwh3TQFdTv18,47
0UFLbtupYWaDGMS4io94Ml,48
0qdQUeKVyevrbKhAo0ibxS,75
4aWn4NHlELpOehxsBaQeoe,45
3ccAZx3wLZDVB2Nq6rikf9,52
0dBatXn1vVUl0jLgXRClwD,66
1H5N26VqHR4JhuaRKY2I0u,61
1fv1OaT7y5hJksXu0fmkRt,37
07CyrZF9eVd02zzIse7tZA,53
5voO100jVn9PK4NUETgM8W,11
7bIQeY33PkduZRmR3h9BIY,57
5nrmGFJ87crVoJF5xdRqwn,66
78JmElAFmrPNhLjovDR9Jm,69
6QLFNz62dpOgQTloWuUbNh,58
6nbWsD9NuzBYxn52iRLRBL,23
7ATyLePQnHxFk5kzxWCcsh,45
1tMZpzeGkj5C0tKSnO2lrG,33
1MUbG58cE4tuynKublSM47,25
32rUsiLCvd1yZWr4UFUoiu,45
2SWpDaorS0j7fXFj9AJtFG,3
2BcvvHttiZRvguFM4hR398,12
3dh2LlmeMqKJbzn2WUgt3d,59
4UQLQJu3DNvVkMVglwElU2,61
5Bkib0XUhVqvADQoJaRoWN,14
2oSpQ7QtIKTNFfA08Cy0ku,67
6s1lXoCa6EmIGnr0GrwcJp,53
63xBnyUVKIupzjHno4wFs3,55
198mZpm6peW6O3ea7VTK9L,0
2Pr1nZpt8A8WP7QYpyq6L3,68
4yugZvBYaoREkJKtbG08Qr,75
2GB8OypbvrvCee61FKx5dp,54
6ZYuLBPPgp3fSkRykxcblQ,21
0LHItNoPqjxWcbvQzw9NIv,56
40tnCfx2mTtHozyaRDcYC5,59
2aC4dekmnklfC6edwh3Wda,40
76TpWFiK5YCgw1hy26DWZp,66
2VXjgueoSOIxAEswR3uRsp,45
5LeB999d5zGavmLn8zxExw,53
4XMRt4xFqLzGs4wDKkSSeu,60
45s88Xopo6KvHc0PQ05aGg,56
0xHxeH4QTqlfNrQvczkoTA,41
3rzYUfyzdZW96cHXnGn1xI,52
4GzCrjBowX9gghAPVzIKiS,20
03yOjwHoOPDlTUg0NRxN6t,52
0LrwgdLsFaWh9VXIjBRe8t,66
0ncXP2m8UxsXqGnuVkdPyV,36
1plcM0XlbKdjND7Ufokuzb,57
5SwgE4wA0P7f6AEz2UQMB2,55
1Qa0Y05al633fG8f9Peytc,67
65NTcXUtOb27NHKQ4fAcw0,60
683b4ikwa62JevCjwrmfg6,69
4wdvkTP86WAvmr1pB01KFw,9
3OeUlriM0EZHdWleJtjoVr,70
6fAADiK2jnjdm5QRI7hSYc,44
3mlMpmY8oZIBFc39D9zLbh,63
5e9TFTbltYBg2xThimr0rU,78
13VWHWIIVckG3bHq6oduFJ,8
3bC0IKk62yB6TDaratb1s2,58
2xYlyywNgefLCRDG8hlxZq,44
5tlyFGagMcqqpbqo2jYKU5,15
1ADAOmHYyKwwBbXYINniwa,18
2Gy7qnDwt8Z3MNxqat4CsK,71
6Qb7gtV6Q4MnUjSbkFcopl,69
1tuwC1Ob5vnYZhvg3zyzJg,57
4xiyq1iRdsxuU1BPUJ490Z,68
32fKHW6Eac4yBXn9WY7Aic,53
6WCeFNVAXUtNczb7lqLiZU,70
3TgMcrV32NUKjEG2ujn9eh,74
5Ohxk2dO5COHF1krpoPigN,80
3Dwq1oiOFys6Sxr5SslmXw,68
6cr6UDpkjEaMQ80OjWqEBQ,65
57MflfPN3ObQQAQtPUp0WF,54
3QcuZo6WLcFkqqLmDs0d95,66
2BPjarKTt9Gbjf5Z9iMACP,30
3B1lK5gNppO22gQLozrxeA,55
16GUMo6u3D2qo9a19AkYct,59
1BvJmtaXsqtH438BcDPeBb,65
19NrEarQuj37iHHzqoA7lw,50
5VSAonaAPhhGn0G7hMYwWK,66
74y7rve8M2xupgDTSj09VO,36
7ykaUgkdQWJLsMuOymTV2A,59
7e8utCy2JlSB8dRHKi49xM,66
6xxXrNJnnsQNLdgNk8S4y8,57
6u0x5ad9ewHvs3z6u9Oe3c,69
6gGSSrKMiV2yec1DrqGhhy,56
6K4t31amVTZDgR3sKmwUJJ,85
4iG2gAwKXsOcijVaVXzRPW,71
2wm3tJarIFNydVe0lRiBN9,33
31u6rUeIEXGrYVoh10U7eu,58
0LtOwyZoSNZKJWHqjzADpW,75
0d28khcov6AiegSCpG5TuT,80
4MFQ0wsGuiKJrPNLUaCVnt,44
2YodwKJnbPyNKe8XXSE9V7,68
7yMiX7n9SBvadzox8T5jzT,68
5ZLCyAR6Ti5ueOiPGl41XH,55
6BqWhxll86CGGE6WxgdRqG,64
7w87IxuO7BDcJ3YUqCyMTT,83
5Pdd4QCr0rREXM03zBM2Eh,58
3n69hLUdIsSa1WlRmjMZlW,73
1MHYAqWWdDRePmnqORynrq,66
4yEyeWa53n6yAx8kxxj8kt,26
0N3vopQgoNjJerO6u4Le43,24
3FtYbEfBqAlGO46NUDQSAt,77
15RPEE4Xjz1dQK71zdAJSA,72
7CVYxHq1L0Z4G84jTDS6Jl,63
0jBE7Fn78EAvmIs3dCd6GO,55
086myS9r57YsLbJpU0TgK9,76
1cWD3SRnt48gFWzqTC3pWM,45
2tznHmp70DxMyr2XhWLOW0,72
7HNpXPaTcX5CoNBjTAEWBr,57
0GO8y8jQk1PkHzS31d699N,78
3CeYdUfGPCjKMDYyI1PpCh,60
6mVD1SfTvlFAPVi7txFL5H,63
4yZB0cywBNhhpNe9fnqgjz,45
3ZffCQKLFLUvYM59XKLbVm,76
4YPhn26bIFm2KUkL1VLzQG,17
1fBl642IhJOE5U319Gy2Go,68
5ghIJDpPoe3CfHMGu71E6T,74
6i40XRqEwHAnSxwZWasMRp,60
1jJci4qxiYcOHhQR247rEU,76
297rZsBEjFw9d0Gl3iBLnd,45
1MJ5f5EYBC92ADD6xcz7nb,73
0yTJtxZJ5VLfBEHhiNUNeY,66
6RKGBcDtgzXx21zUjpeu6F,65
4djIFfof5TpbSGRZUpsTXq,68
1UqhkbzB1kuFwt2iy4h29Q,70
6cMswWRv4lAU3mh5lclgCc,57
7hm4HTk9encxT0LYC0J6oI,64
0wDEiGfq4pw7FAkYKpkwMo,60
0LIU3eOAwXCZlWOiHuItkj,51
3SUusuA9jH1v6PVwtYMbdv,65
3Qa944OTMZkg8DHjET8JQv,72
3JAqEYLvkXUECDgWgY3SBv,7
0yTlrnue3pJTJd7h7d43mk,56
2ER2utkgCONFTjKxDFA6o0,26
6LdkP7aDWJ6sWL8lb3MDDy,32
5NnFkbEjahUGx5T3qxbNCW,63
7sNCrCpi0CZ40Rz3aij7Z9,45
1Z5joKr22D3U68OFn30FU6,47
3Kq7kKBwHPOvdmyZanK4AP,55
0JFKj8g0LA9uMNlo8d0pM2,16
4xEF6fLuXzUiWJzMqhmpTh,57
0vlgb85Gh0Acih48xPyrae,15
0n1sFgYEpGbYkp4EXFfKVp,15
79edhUCJIHerzdr8Tgclw7,57
6hm4hIgn2ah34vsCQEV1ao,11
5ItSkFh0VDnPTLP84t1FIQ,12
5rbHxYjIAs4flh30UL66dO,51
1ip7DKU9LjT6aR4FdvD3Mv,60
0v9zEZ8aSie2wi2V8YGkE0,56
5sLvtzrdkCpbyyaSaYpS9c,6
5741GhL8qxmyPbHakSOGRF,7
51MgEk3WbfGP2qbixAVAlZ,44
610SfeNHoBc4uSkKLLKVKD,29
0isFRKAT3wPwqYddnDY6Te,13
0hmxVkpxbcdHAXUoZ7DeCQ,60
0ZtvwVeDVPzdCJyYH0ALen,53
380vwKxkPp73hCveD9obIJ,30
1gGbKphHcAq2YdQm7vesO3,7
2YdyY8Wi7FmVcJ9oZqSBzf,30
6Nn49DQCmWuDD5QuOgqZlG,39
2pxjt64uD6eiFkh8R19tQu,15
0zHwJgn83eZezUw1zc8ZSf,26
5LKVaIil2MgufgyuprQmjS,16
29lIqq81nEtIeroiSNDNM2,24
5KCVBcxNjBAD6WvFXQEign,38
0UpW4nPCjKEX5D3mjQcbqJ,32
4bca5vEisb9ImSQ4PlQh2T,39
4VjCZgSxCQOKw0XM2NpK5q,18
78FouivfyGM9FXwjRmdIqd,19
3iofITmfiaB3jDsdVYGqaM,9
2ZlgqiomIrjvkuWFDSVOLY,53
00WIXhVVhswHuS6dlkScuw,51
7g4xNJVKi5PELSSZ3FBwbl,8
61z9wv7ZwZeNJZWW1Oi13a,4
4KzOYxD4qIkUtZV9ZYakGu,71
19RSKQNmByQMvgwQFkDMn7,17
3I8Ri6tLa4QA11MMdZywtM,62
25RxRBQozMjDnKryWpnDKh,8
3ipe1oZ60EZkyiPrIooCgl,11
3YqT6XhLAej3bRERl6ispS,22
1OmwxjOieJ3i0YHECkBEdL,11
2i76C2MZFJqg0Aq7Ldyea8,54
6lsIkghmTjTEVQAaQKVVId,3
1GXgbR3NV5Whpw6cTAjcM5,2
0OwLUCSkDeiTHKhsXRtyCT,45
0kED1UvRyzEtgVEQVid41E,3
2Uz062U0fpe2vQ0ty6occw,44
4zB544yCIaSw3cuHltMCRJ,62
4SRtBFocTtcaWP3etJb7GK,64
03vri3F9DxZ5QVZ5LWsgn1,52
5cIHoC2VDwGtH9MWgRghb5,51
4TIa51S5pZ7U9UdqHWqvsx,65
5ILkHJjfIKqrQ8yZgJsBvY,55
2D7vv36dTHmoozVTvQJUhC,52
2xrW6sZRmahuSAQMxO4BmJ,57
1Pf45EbaIsoGsXixOSYx88,43
3Gw2X0ZJgxlggAIuG36rVF,52
2ExTlf6wuN0WPFzPSh3V3d,59
0K8N0F3efUhd55TxNGgmGD,49
7qVnkPY1UPmSeWULwXSW7a,48
5GuLKwgYs2odLi5LwK6oKA,56
1dO4IJX1pwbDamm6Kcyu4p,50
6lvaLDCPjbxhC8EmNVHfIO,55
1wbUqPb4FPoZ9GPdMyu5Wo,47
4TkXg2v2OeFBaJLXz1MNFd,48
03ZDwfZKhjHLqk9tIzd2KB,50
7uLfw6yj5AbSaQTDwUVzzI,44
3jK7Phs5IsCWndQVGD4NZz,41
14z1iYshF7NLwKryltUWld,41
7a90KTDVjWGavOHJ06oaAy,40
6GGpso9iwdxajUMNRlPAm5,23
42T2QQv3xgBlpQxaSP7lnK,68
3jxrPXWriZPIXKGbuniXhW,46
0DnA2DyUwy0W4xMYtRxocL,63
5buITai6eMzU8rJonMEI6e,63
1OhctVvuAU8kVCtzDWsCTj,57
66s45uMhk7Y4z0xUgESdm3,62
15VRO9CQwMpbqUYA7e6Hwg,72
0sT86uFdDw1mfkOGYT01bQ,50
3sYWyVGfPuit80szWXhrRA,63
1D6dE2mMlGz3WN1gjKQ76E,51
76hhfwZpMKGO3phNusrquG,49
40xcrghLmBuKzRFSZ6klGZ,44
7kbQE1Xbyf7kvcn4DVICiR,44
2PwwiKJYMYbuWh7j5yAbwT,45
2b6pyyrxfP79LhV2hLtTm4,43
1ERxZwkfoHM91tdOWVPI78,37
0xuXRQJfxmdP6gvfDe2Z4L,61
7cRWPAHuHQ36agbu6Empc8,50
5TM2eqdzfWPHklI7YnBmsD,18
5fbR5XxBRLGMue3QKtDgF3,45
7pFydJbDEToJHtvl6g579k,46
6KgC7EDUXYwEa4qHLZMSuO,9
5E6bjaFJZszZHSphdOPHpE,36
2bXR3wHjJ7zBZ7RRuTVCvQ,50
55IOt0T1KbTgWpsliVyaWo,35
07K9jPEoVsqoEopODxiAUs,0
2RVQIq7bLi4Eu6xHPyQ46t,62
15BSoozSq9X6kLmXwhUX8A,44
2J7xJcaxx8IuhAheIjDzdz,31
71aq76EEn08wWdU1X9zM0g,34
0eKRwDBVWxCXWpLYFYrbd1,54
1tjK9HhmpEfk0ijyIKsoUk,60
7lyjPebrs7neketibbAKB8,29
2YIeE3ClUqkonhOViNHbGq,24
0GNlKuzh7ZJTJ1iigkQEVp,23
5lnJhq2BwP8mzmAUvDBTJ8,32
2fzRBJ6xbrHGyRCBR2fE9n,0
4Lz7zvtWOXJlJ591pSo7Tu,49
2Rwux3fRY1xxl167muIo93,57
5qrNtSNkPsWfjqaYNugzYT,9
2VpWQNy9Ywa6rIPX4l54A2,44
1bmX1yGa3aJkvfHgpdxwdo,39
6WK9dVrRABMkUXFLNlgWFh,71
7HDWE2Ib7cjkhzULV4K8y3,58
1qDrWA6lyx8cLECdZE7TV7,77
0gzqZ9d1jIKo9psEIthwXe,72
6C4LXC9UFH1IKiHYOp0BiJ,72
4qgZs0RNjdzKAS22lP0QjY,65
5MxNLUsfh7uzROypsoO5qe,78
4mVLzFbc3gaCoWCEENLouc,59
2yzPBlE5UXK2sqvnNM9QQ0,67
4jDmJ51x1o9NZB5Nxxc7gY,75
0viZ7D81W8pD65TkzaFkXT,59
4GssB27iJeqmfGxS94Tfij,75
5t1sJQEcAltWjCfGL50aQT,53
1QJ30tpfFRvNuEHbUzudoG,57
3eDJXbkSGulxTuB2L7fP9B,54
1aWpVsNjEiqpFvV3KhJiWu,59
58Eyr2rZWIYM19qhpals74,57
6iACYlu0i0csBkEHcuq34H,45
6hyKhlwAvLvVh0ZysHFLnq,54
0bTjMx79m5NMCsHDTyAwBY,59
6E5gsJm3t0RqmiHBfUBaya,65
4uWDkbZzZZYLEcwBFyrAhY,52
56fiFTRrSiHHH3gBeaTg2P,72
3KiquXmZBWCD2qPgr4o7t3,26
0g9NUt0uI1HSWgkLynXRbP,51
6PcRGZGpM4a3wcaK59fPsZ,2
0C4bx13JIMSWOAxd8TaoVq,71
6ZfTIN0gmZft7Ewe9gjOyR,58
6wzbluFL5sh3fgx5iyxvMk,53
0FkcmHJOsWE80rlpzfT0Pq,67
77CCfbJgFZvKYpL2GY6XN9,19
5pvZGipNqXbamr7K8TVolA,56
2NgM0Rr5uLzSR4WOVR9XW9,56
5EKUb1FKsyYVaSXb41YBIj,35
1aML2CdNXjkJJvIhzqN6Ka,60
2eZjO58Qe9og2xmyfw4qwJ,73
5KdOgQ3VAK05QrGC98X9ta,54
1tS3YIyOAczsBzjub9PrZj,61
0N651LYsMd1I2fFLNmbtR0,52
08vJxMYhmZu6YTWqVmLgrA,58
6RqqIg1s1Ir7vUeDbtV91X,32
5qbtHIOOPeiALZnn7QmPJN,36
0C5X8RJXZNuGO2CfQJumb5,67
5QqMJ9JYmNU8zHbjhNRI3p,59
30XZElqGTzvdg6clMAMcEp,48
6M6enRLXXbqhUHDLuKdNQf,56
3cjPSKlHrekNwiE1fZybZ5,66
3t9seJl7Y0B556M2ndthl1,44
63Qk21b9uUm3jgNVfRckg1,43
7727SnLGNGvHlfhyj9Xj0c,53
3zXXm2D9Vh4jven3HNcDW8,46
6UsNqIqCC9WIDdg9Xxxv84,48
5hABaSxhJKWPSADAFsFjN1,44
3Ksb0Eq6OmtmYuraqpsijU,56
7EEaV81pUNKvqsTrEHGoQH,61
6nMNpGl4VvMhtYigbbOmBu,62
1848Fg5mU5Dk14CaahuasP,45
1mQaehT2IA8PAb6drI1RNB,58
7c8vaoaPChZNEFEPWoAQ4i,2
7m3GcIhH7holai6lVlEKNj,49
1n2ftY1tDVEyf1uFcNjAuN,40
0Aergaee1PD3zbWcjxcUJl,62
0XRjftXFxSo0ZEC0ZdSxWQ,56
5CxHzMIN3ZOH8f18RdNYwO,24
1Hy0m0aaG67ttQZoytmKd8,60
4aeS8uzdE2lHU6sGpwWTjH,54
6PRU3PZGzX3GAKjV3G8bpm,39
0Mw4XuHVUyFuf3qRJ3AU1h,50
7n9PZGuun1TU7YqecBsK4x,60
0zEKOcdfzNkvW1OFnazAQO,55
6x9YqifhoOc10bPCB6ABRs,42
4pbids8jHfPl0HW8XMhOgQ,40
2wJJNgD6GrKoQ435VxTRv6,63
6AyvMqZpBNwxn1bG99as1v,44
6TQkEzHzTtG2jO6TqPIIMc,50
2r9IVJY3OIDb64lplJJ8mY,46
65nxwwEt3wwNv5hFqUQWph,50
61oG7DvhBOvdXBALpVY9VG,11
5YVtM6pBdjRhPCr9iH2tMC,44
0jCVWQsoQM4UDvd4OyQbA2,42
2nrfQsRZEIkUUPGNZQgS3c,17
4KTgD62vgozCfk2Inbo9fm,5
4OLNZ3wmdoMpAjlIXsEEBV,42
7MUApcEEkcIQ2iufufk2Xw,46
2KJwci3DPtYbfg7pxczvWf,60
2XAjNdO20yRaXSGARd6fCw,47
4x241uAmPrxKZdCZKt2r5t,57
2gYCaUsqrnBOt7DymQCY6d,14
3k1vdqn4iv8hRhIZeVRNpJ,41
6Mf8ozEDo35UcgKgKajrBY,63
1w3XQHyd4stGaZmIlBU3cr,47
3tyirD3obARHIGu2GBU3sC,40
2pAUx2a1F5JCaVgytQm8fI,63
2MrmBl3qmsA26YPvaiSvmW,47
3VyTSj0Ub87UrSOfVNmzpD,46
4YOmGns9ojNuDVV4RfrY3c,46
4bPrKGqQKiBmf49XB4F4H5,59
7rGN3oqzCpG2mLcwoPwDQm,62
7DtaoVCnStRPqC1bs3xZ1Y,43
1CyXjg13hqTNIJgcNNIzDz,39
607jKEHXU6EujgA90vKARO,43
2Dacl6eI6cIwTcLtqpQcA0,43
3O4tAyCKMYy1DIosXy1wAv,45
05h5rk4vraQoYmce4dor9H,39
3rPlqhhhBvDWO5GwiDljsl,0
2NToLZNvVaQD3b8ecqiDzh,52
2ZPILPb1oDWzuB2VsIF17f,8
4EmokJEqiyqIUPJ8W1MbbW,46
71XANkrvmPFBd0bsFuLpvm,38
28Mj8V1IVsfHnHhl4RkZq2,54
2aFsfzUuXuxDr4xo8ndfUt,51
4OBrZqJzkwdDaXoYVfmIw7,61
3qXKIZYG9VJaFlyTB8OsAl,38
1OsZJVrWpTUAdoBOMEqjdx,44
6eEYGGFfFbtKHCgJM4uh9v,71
6dx5S8zTzRqYulcXGNy0oy,47
6DTI3UnHdigW8AP0AIr5Wr,15
3hF0Kw2yIWzG7AOH7FK2If,50
34sgVMGuXsU6J7RFVgmlHJ,37
3L1c1cwqg8hRbehzw8beLm,45
3FF0SMFxv6zHwNzl4WrhtR,41
6XaR5tiIlnHcAmX1ERxUDE,28
6PLY5MiCWMiQZrmTQdhRxC,21
6I3WvkMMeP2nB40Mvvu0zo,9
5DkwgbwtvFzj7ITGkaSGxS,50
6CCkq87g6MxHZ5uCYCqdk1,54
33W6nFqHIhVCfGLiafK3kr,40
4KPEOTaA3Ofd1Im31B1maq,34
6GbYxW4CH313YQbxtzjLNN,38
6TIBQ6xqAEbcTDcnXJqgVT,43
4SzxBp2OeQ7DTlCPwVSnYk,41
2hGEmiZnMqj683DUd11mKS,40
4ObVlpkFLvycg4mxf7pYan,33
7gY7VZlhbr6dNbRzLKkaPd,13
176kpV6izJDVUwkG7GSurq,40
4PBJXOk6c6g3PcYWMft5B9,21
7lzmBLvFqqYuS0LIGSZMxh,48
6MGryNr7aENIEfPUV1cHyg,36
6VJoLxH7kLiwXuKEM2A6P0,39
6zJDw4HRcwXVsyaAfSZJQE,41
0aIXTE8LOTPZZtx6woNmAn,41
7b74X79mhsVEmJLcFsuqws,45
25BeGqGFDgTGpAnnDTRFmG,34
18jRXhmNTcKDldl6PgKvv7,42
6oTpaLzR56np5u2MpbahkK,34
4V0dhrqmMPQ8NQOgQ1EOYh,39
7yqidL1A0Pz68SvDCNE0Vg,38
2y4Q50w1Q43pVp01ZUMK75,37
58HEA9tUNHri5ZI690qxlt,46
3IsUyAWHrvSA9bZJTROLoZ,38
1qFUgLQ1FvHZsQJCBfoLrX,37
11uhroUNVpmyKCqd6gXBtn,35
6dG6mKSZnt9pvKlbP5BFsv,38
4kmkRciKhp38X9AA5INybm,37
0QRnRlNFMjjJuznhZfz0e7,37
1BPOfdf7EwvZ6NZsiZVB9N,10
7I9Xd5GMl0CNvnM6PFpS1q,31
5pGwWW3rbWmjxcxoQKB0uD,10
3PtVCgZRsZCVfyrPpGdX39,33
0zID6BkLLhlz6QTeHONlEs,34
0LDqMUfNZjXj7qNwWJqX72,11
7dnLkrhDNYymXBMiS4ZZjF,17
3t2kTBMZGwDLbcfZ0vTbaJ,39
5mLBgcrYdkJo7bo9s4vXVL,45
037Mpyr0SSSsiPxu8acXsp,44
5vJxGkAeihig5jOV5SG0uu,42
3lA5gTX9eoqgmit49ELTnY,12
2o8SO1ORcZmNh93M0xqIb7,33
2Mis0n6Zzz5XhS8vDk7hkx,40
2nkFpD41Ql0q8apFD4bpGo,32
7g74UJ4l34GKdoPniASVyv,31
5CzYPYavKzmVq87TAxal54,22
04gYIUXKUVY2bZhawtyxD0,43
1MrZOAWrE9VYYlosHFekQg,48
6iaQACKUBkVOwAVHeDxMJ9,35
4b2gt6O1WK9AbylQfZTNKI,11
2pXIvOQ6D9caGsaMS05BpE,39
19qXwSfOTLMfjVvl8BdhEW,33
108azuTlbkrLiuaRMQu2nF,40
1zfFle2YCXuUFXlAAZ4QOS,57
53cI5R2gk5vekR0eSBX1Gb,32
0kZMyLzcsahrZq5kWj8ARz,40
2o2s2pMpIqJxfL8PIELLAT,43
1KyA5lXW7cAgMLwxRdVAu3,48
1DZHzaYUXBCZCQnJQx1ak2,36
5FzONa0dimxw0VFT1jNg7Z,10
3VZjogSj2XePaVubGgFOUo,8
6zKEILPnV6rmNdCQ4XGntT,34
01jEKrnZPFX961cWuMufoh,33
4SmTU8sASXN80VKKAVuJOo,41
76aP72cmBmX9fxSmeZ0fPb,36
1yu1uoq6zaCVEIYLq0OUGX,35
3VsqqDTRWI8TfFV3QZ1Y2J,44
6GvPBeWzRMK7AZAVQnla6s,41
2KOrVm4MVVvUdYNjBcw4ki,18
6XtniGKKPgamhiF7la67fk,6
6gdVS26GmfBQP0k4mfxBSs,30
2VrwbsYYd4ZkZ0Z9bGGAg7,3
0E5EcB6lR9ku0RkBEKmkR7,44
42REV3P6Mnri7QcIunsUF8,34
1iM2zM2lMSwISrbNxvUYbQ,34
5Q41NLTmGbVPozwHKK7bk2,16
05RgAMGypEvqhNs5hPCbMS,73
0XIvZ82aDF7JiSi3ZE320u,14
5X0bLSho0KTiSQYCI0IOcl,14
0PdM2a6oIjqepoEfcJo0RO,74
5PLPlz2rQlwMTFQqnQAPgu,6
2b9lp5A6CqSzwOrBfAFhof,77
3U7H63zKWLjOuFZJUmTowp,15
2ZS0wDcdfrJPC86u5aJGo9,57
6LFoyjCI9eFZw3QmN46x2V,6
2PpNgmrS9mAyrkRAwn6YPq,60
3D5ORNm9spaTcdRx50ksHx,57
72hcFp4tYkd3dbNA9dZ3Pv,67
28clONjZmul6FjfO6tZQDE,61
3MrRksHupTVEQ7YbA0FsZK,75
4zXvB4MoQD8onk0NCZbeHG,70
26fZwf1ImE4aUJ4XaqOkUg,60
43thLwzSasUUZEYjYPeJh3,59
5NIPsWpDjJTFBoPxCUUeXp,19
43GS3mtezoIFiuIZCLLiDY,71
3qwnfEm2N8lvD9BaJvOfaW,5
3cXiUuiGpFmZ8OdAWKk8Ck,63
7pkWZL0kA26s754CwyK0SH,59
2fY6tqgrlrg1ky9fgs0t5u,14
3vPrFUtWpKT9oNW94NDDEW,7
3D3lmTEhuWaunO1yxpYPD8,54
5xLyTbCFONUGUuG0LtUxjn,71
3rdxvEfBp86WNcRDLaFEk9,14
7qQnBfwXrw2tZNFG4Uf57N,16
4MhTFsyqIJnjsOweVcU8ug,22
6FBmHx1FuaSnTnnnaThgbF,70
2PfBSkCKZDXMsJogMT0wML,15
4NffXDmI70vw19P5Efoe0T,5
473dVAB97y06dfl6OBb1uj,54
0sgDEFq9oeC8ueOK0mR5IA,12
57fqmDaokbxZ3TaB0jp39q,61
0mDpR6DpKc2DyiGtH0NcX8,54
0SFS1LxNP5wgnoDA7nGKQu,53
5RHG4SQ6iJ1qQJmt3EFJCX,58
7LygtNjQ65PSdzVjUnHXQb,65
2kR3B09M6KeJnchOkxwszt,48
1HlGblweLq0eAwnb0NY1EQ,59
1brpdmqkx3kSxyqzqXfW7J,65
6gQUbFwwdYXlKdmqRoWKJe,70
3W1iDAW7PVwlMC2zJIKF0k,4
1j06ieEC2BOCM0fTmYhn2l,57
1iQpStZpzBb5TOuTDKJKdj,59
4QPRua3G7RQraiYX2NwdH6,3
5CWWOxTehNz94b4Xs0xFYV,45
5F8WPtrurLmNE3tv6Sm14m,3
2QfjV18pg4Ye7Vo4TsSobq,48
6QtDzKo8oVwnOx7Sg7jxUe,0
1o0hcMxI6jYzQm6ApPde3L,47
6q5vdf6Mfkk0eETYzmgokj,2
0gGJO7JM51uAUu7EE2lxx6,4
2mEk0VdrbDJ11DBC6Y92mh,51
0U2TocFjqul3sis3sE5jZl,51
2HXixVqzzm9rEUIMAWzshl,67
2KH16WveTQWT6KOG9Rg6e2,76
0kFM6t9htbB53Dg8frGDGh,54
4ZpXHlV2vQVfPXUvbDSZ92,68
41wWrTueWew7qUU0Ru87Mp,64
2dEgwtRjYl6TJkIwjRwn6z,60
27kMqdX3aoN3gBndVKlTfR,57
1hqrYSqvNc9x3BETX1cZhk,66
0X1sqQ652p1sceKM2nJlIJ,69
1Qjpl8Kav6rrO92ZuG0OK8,54
5ZIU2kT1wNjQNclQeVCz5O,56
0TaT50ZZxT4ytZxuqkE3A9,65
1AsRjeavWPH8sCQbjMP8Xh,51
5t5rCnsgRBtcKqTB7SbD1Q,59
7990Xs9HQx7FXVIDVPEwj9,10
0IXpUl1fn2QZcBavfuq0H4,63
3iC3Numiy9P3AkF7iioKmx,59
1Z6lKdYhwp8WYoBqGCKxlM,61
2E7W1X4maFFcjHrVrFA7Vs,65
5IXUAYqwxmAFj69RWYFzbU,50
57trQKFZdJxHia4sMJioWk,60
73jxc8OqPUqXEzsRnCgw8M,53
6fybp4N6eW3bsFAvARxyVe,65
6EPRKhUOdiFSQwGBRBbvsZ,74
7wrBlgNqYBAC5yFfO4fnYb,49
7Dtukb9NLJs1i0lohMlIC5,5
6QDbGdbJ57Mtkflsg42WV5,67
4lbhQdbiTpNP7GowZG8KsM,55
4bHsxqR3GMrXTxEPLuK5ue,80
46Qy1xAr2K7rylRYwdQ6Gw,53
1UBQ5GK8JaQjm5VbkBZY66,72
1Y373MqadDRtclJNdnUXVc,68
2SiXAy7TuUkycRVbbWDEpo,78
2ZSCy3P1QzpJySCWA6NRIU,21
2W7CvGjipq3EmHqNGN7lN9,55
3WW3g2scq0m7ZY5JCxrdWw,50
0S3gpZzlT9Hb7CCSV2owX7,69
3KhF2YiNpJvGpfiCW45R6D,70
5ZY7Gug850kv4heJcWZGHM,55
4N4guy1faBG6oseDnhjkWy,13
1Fu3vJJwVKY7c7JnTX3Mvi,46
4KfSdst7rW39C0sfhArdrz,73
6wjSNO6uJYlgbbfauyWhiw,23
37bE9UJW1aizOQVxooJPoH,21
6P8zpVE2EIzyDneBl30Hma,36
1lAFy4E0nBlf4YQaqIJ51g,11
1Q2CupFbpMieyx9VkoMjVb,37
5k3429BLhyd1s2vWoOHiBL,36
0un3Yr0M14Ro74vd4mIYkN,21
22kLfZrTORXKj0NgIIkyPD,40
5SXCQ4OJXIvA6zm6R3wkqC,33
2YC6ET3q1F29B0V7UcPV70,59
5xYGyDdPqhPPfw5T0SwWJi,26
5bU4KX47KqtDKKaLM4QCzh,66
6TQFJhzfJcUSa6rwbKMEi5,0
5ghMfHMHakVS0omjj2cBSA,58
2HP5PP8SVmoUvGKnJRodCp,42
4a9i7rCLfPjbS1sNamZeQN,66
11PKEBCjw8OCK5YUo9vm0H,68
35eDKPItEQOmf4MUwBtMMg,41
5apjl9HKCy9HTHQFivcsOe,53
5MiZQMuJnf9OXjXubJP6M6,29
5CaOMqc74KpXPJeWNUpj32,7
03AOspIZ6HveZ0fsB9bUGG,31
3tr6MkViU8Pn3pAUZ8nr9J,38
0psKtF4j2UCvtcvnjFBbkC,19
2ryXXNvDg0Owrcsq3Gs5fH,13
4KIVREKrUJ9mGs6XxdsYBE,22
4CRD9NiBb23XQEhupP97dR,23
0qTnbQeh7q3kz7UcW7kmn2,30
6FsbnJ9arnLKwqgMeKzUv6,26
2j7hWAkXq1OvuyFoobuMTc,31
6hypt8VPJxeMXTTcRUHS86,71
25zLlUDKRWiVRc6QEbX7tD,28
1OnpbKIQvroNrs7oPSCACK,20
0sfqCKMsf5GVOaRFnk2h6u,36
6e37x4epb6Ot8BNNVEINcl,20
0pvNyNdBDrdtsl30gHgbSS,33
4p6omNSlS2FcJ9QSdHMIEa,18
2oZ8mwFb167Up0PE8b9Vu0,27
28Cr95nnO5DUMQbZNYApBj,18
0FrRYymxD95kUZNhcl3QFJ,25
08QVF5OaDzIfJzSkaKGn8C,18
1RcABeMCAH0UQi0yF4drXj,50
2ewiBP3MEWfbFbrNNzefM7,27
0uViGnp3wToB4GpsGYC0FW,0
74t8ZSV8l9ifqSVZGLyMTv,37
36QG29bbGuJkxNgzY6o9Mu,62
7Eieiwd3Jm0aU9IxtaA1Ev,0
1ogRu1dOUgHvel8To8oQbe,61
4BmRxdTggFJdMobjpsa0rj,17
2hZLdH6rzTcUJW6AH9oMgP,26
4uuxDQPVXrspcuqFIg3fin,36
0z09OVa4ZNJ4oQydl9XolX,0
3Ew1a7YR8c55e9ShskOZFO,0
004s3t0ONYlzxII9PLgU6z,28
1wSIkQa1KbiVfV3UHzUyx0,33
1aqsnPgXG1tlIAp3cOy5pR,32
2hwP5iDppOTJu60B7WIfac,26
2yXyz4NLTZx9CLdXfLTp5E,71
4JXfNOePhdgMOI7KZ1L25U,61
49n0EvY5DSiPr84KXPwuHf,24
10ASBwZsp7oUUDsJEYz3uS,65
38Oc0eRyEoB25D4sU8S7ir,31
7pDHM9huHHpRc9CrxZElsW,53
4tKqSkln4W66s7f7S6Ng8X,19
0t9ZCDl0rPqoHUSuFHX7as,39
20ctnlkFhUjbTflVEnG4WO,27
61J38XZCLXYTfhAzi3rOHI,31
4Rb1Q4OHW2uyrPb0l0dvUi,42
42lgso7JdwvXRnLygVpKBU,17
3rhGu1eB7NapjN6AunWvGO,35
4USOnl8F2U8q7KV7S1y6Ho,37
0c3fJd2HRi6uHWgTljIae5,60
2busyK7jKVJaZN4Q6gZqKw,57
6ZxrUCaynLgKSUudACOTwj,67
6hjOykTyuvJmXUkOnr9Iu8,26
2tHImX6L0zzQKyle2E99O4,51
1ZtVN326V42hioNyRjU4P2,61
0UZhP6BBkksOGmJ3hAABRD,44
0GbN4lapADSramCU7SdunV,0
6vwO2sjv52r1efQm5JzKJ3,0
6eyfNzFRKw8VqELJCcFKGM,44
2a9OPIAax8pUKzNZKCxC5L,23
06ZQwfPghgSJ2L6bXQUxO9,34
43ncKp8gVEEKQ0HM9XI8pw,0
2BOfbXKOlLwVXqUrCdQAfF,0
0faXHILILebCGnJBPU6KJJ,68
5ynWvN3bQymHVThxutO4hG,55
39f2Hv4h7zoiLDXuiQYZw0,45
4PwwOQlMospZqfThpnkypH,0
64dKauK20hL0fc4VHRWBtn,0
3anO2IahAOsmsz9p4Mb8aR,0
2gJPWGnwUMEFoTDqEndLfR,0
7rCdJQj0RPjmHTXQDsYPka,0
2qABxQZhfAthNxszLiSsUw,63
01EIjqyCHyJkiyU22Zfdfd,0
60a0Rd6pjrkxjPbaKzXjfq,83
6rUp7v3l8yC4TKxAAR5Bmx,72
4urxRqBRiaH0i20OKBsgxc,63
1O3MJFdmFQoXhZa8hCTm83,23
5MsQuMJQRxbZpVRnqWzj0n,36
2hEYslbdYWFSIA6JboUvnR,68
6WaYiQUPel70HUaCZj5eND,67
4Htt3QaBWdLggq88rJI5MU,69
34lLAsdH4Y5TLf1B2SIj1I,60
1bKRtH1leT7y003VikaXUc,59
17gmQiUAmUvJwXOrOHDe2C,41
2yY9il1hItc4lu35EvNUvH,12
2ybM8JeSucvZwWUphBc7AX,30
4NsCz4kyuOyjVXGkBXdjBg,20
06WohfoFEUa5faNy8f9S5N,59
51rdCmgHBzg9HJ7eHjVRK9,58
4KxEJRXY977tTYIfHvL81N,8
3czEbp9uVLR9bmtoshfcj5,25
57yI1u6t6cFXbjgjQcRHug,70
7zbimINjcXaCBMbYXwaEpO,22
12nGRgtkjrqb3mvsEp4yKj,58
7vhFKZFIYkbgxt8RXputjM,26
0vPkRB52RENZMpHybpFKYK,64
6u9aD8ovEo4SJY76litOCd,57
23sOzJDUM8pWioTt1K4mX1,43
213oVyCST0lajvSSN7V5Ap,30
0ceW5TkemJUEmJERavfqQq,62
6geuGKb1jKb6TV8sGE5eaC,53
1dfqBlSZTcuoUfxDhh5FUs,27
0IdNBZt0O8R9qBgezYFGOi,57
7mzP1H0tpLX84LJbpJtD9D,10
0sWUVCkhnqQLKqVZ0oUYKK,40
2mMNBgFRyEiRoGvrdoONeq,62
3gRwYAsiX4e50J43BkmZxI,62
2lll6vULr73q49c5osOjal,54
4XETUJmrPQnmPd9elRiRE9,24
2eEGAUSEA7IFhEcgWcGWkq,57
1jHCw2Ek5I4H8gshB7DJtN,34
639L1OUV4JRqnPHaQaziYO,35
0KLTAGe0gzsG3UevFT6DMr,30
4n4SbofFYMvEFGwhSNlule,6
5qD3Qv8Wu3r5uRD0DahcZy,69
5mpUKTdskZea0gStWzeHUZ,77
0xcF2mC6MktbXOT7kRiXoF,66
31XxO16aGfm37OOK6uBGtE,6
7AJINadgHJ1AJITr6U65yI,49
3mpZzg6fdRM1uUlkLZafVH,51
1Si7crvw1M6Kgz9XiAtMiJ,63
1qAuIPMALdFtGv2Ymjy5l0,66
4jPoGu1ozcUKlftLVxOmqX,58
5FzPEGHio0vzpwBO3c5DHn,58
439sdo18d2vVo7crU9KWp1,51
08mG3Y1vljYA6bvDt4Wqkj,83
5dIgg4mrQHOlVm1ZFYHW29,44
3qT4bUD1MaWpGrTwcvguhb,73
0oWHLtxWeMJhmwxtrxhNK0,1
02138lFv3Bzncr6ScNbLAF,44
6cFZ4PLC19taNlpl9pbGMf,69
48C69MxPGtl8Yk49ruZvIU,47
2zYzyRzz6pRmhPzyfMEC8s,83
3w2GGz0HjIu9OcWXINRFJR,59
3EZEk457H0jGFXajWbk67G,35
24NwBd5vZ2CK8VOQVnqdxr,73
2G2WsFEP8lqYr8vg1mPtyI,47
7aHgY12niQRYzKDmFAAoeA,32
7LRMbd3LEoV5wZJvXT1Lwb,77
0QlvzPsVzBJBQmO5roImhq,38
3UDmHZcBTQp8Iu8droNtUl,68
5Rso4igx5lTkTAbDEN9nuQ,0
0NgtsllfAuvDGUts5g8EKT,33
2VYz9OtMHyQOB3mpF6y9oD,43
3UhcjjQsLKFbsC0GaymXWu,34
1rNyaI4WQlNHb4P2p3YIwg,29
2mYYk3wqFEERVj93fW05iM,33
2AIE0bOki9EgMaiGHM6PJV,39
5X9mQ7bV2wY5S9uIZsasbs,46
1Pf45EbaIsoGsXixOSYx88,43
1W0DtbgeAM61FfLnyHjrbQ,1
1kXPcN9OPdz7kPxc8HjFsY,37
3bN4tg6rnNPy9GCkGhym4T,18
6P6oguLJZicO3F84oQli3F,49
5qzZf8QtBUCdlsRDinh3jP,43
6ejipC6dh8CGi2WiUACOvN,3
0d1ZZw6gP3koov69lrmnvM,31
7btm8gdGvpuRg3ElLZDbKw,36
72UIwMy0emYgGGZlT7zhcf,23
7oKLdbEvgGUgqgMyhiptrS,34
0Z5Mw2KAMIY1VCY62veecM,23
55OVm2ZfT6oj0WdN64tSws,50
60wMiIhXXdMwgdUwlbx420,52
5bmS5SJDhaPfT03jMjiv2F,34
1Ot0nJcwTYaZRUEbMLQmJN,32
4kkMJy3pYxAyRnqMzb3HZE,22
4AeQoeXXT9MgJzbVGrjUov,28
3YXHTOLPqPlSfRqZCHtFol,0
6oE2dMTxyo0lwqdfzRFPQw,33
2Y0mzGRYmmzBHO9wXCCBHe,29
4q5cQyhhUW5X0PQVzA8VsG,12
4Y8lQSCa7EwVhoyEOEPYsh,27
1ICvGsUKmoCTgerSITAqFq,33
5C4eNmmQrEGRDx9iBGYzC4,32
5TFyNdCLlC1ZRuwczqaS97,1
7KA66zSwthBv5X9bNQEeX1,8
3JWIByW6qzV0IGsElrPkAj,36
6jmtQXRzJSaryAZQyK8cCI,19
2Ix5ordj9fc9QSurgrfZOu,29
5VFlp5zYtHPG19O2gRd2iU,32
3760Ge809Qt37dtRMHsG1f,41
1KdGSnUj7Zr1XdTbyuSr7T,53
5Sr8QyyeNzeYHZ9yQ9Y9ZV,3
5ZtpVv3d9py9ecQdyaFTws,1
1aG2YL1eOMjXnfYsHp8vFR,32
6fMITQo0DZUceKEoDPvk2C,33
7HR024DKw3SnKzCDJp3Bnf,3
3aY5lNTXxsZB3S0CJPsBAH,31
1wkoUfVkyqldOTu9t27gaf,31
2dYye56XHC7zq7RVrIXndl,25
5aYVqxyetmT5OYmvZCA90X,55
1yjq6IfLqwnoBRputaLwFg,25
3uWeSkSVIAWrZPnVSaYSJS,44
4cVkkJcOhkRfuTRqAL2Fvj,43
0Jci9dBlCSDgL5ivMMSAQx,3
11OyQRCOBtmQqD3Nq3UtMq,34
5RcRBIMNpdxL8zeVE6hSwr,31
4bYJKHG6KLdGzHQRJMaFc8,3
6nVH9xeaOrcQlQJjnMoVXs,25
5hojlRf8Cm3C1GFXI80fFO,29
5G9xdPkixKrrlH6sNfNBUV,25
311VVjCigMAhxSb47qMMjv,25
0UDWsKlQFNj0O3aFEdFvjH,33
27pKk8jhBwIzeb0A7Kkn9T,35
37TpGJkcnu8Ap7tdTbwGlD,25
52oNaIc30LGjyfat254Bk6,34
5fx7fRMsdrj56XSbY2iudA,46
5xpyX5m0fivzAred2yI8og,32
13aKGvTil3UUw1yk0pA9fG,2
4QpQD2qeHHwzEKZ1rCJLcv,31
3Z9mE6hpkwil8jogHOy4Lk,0
5nchmPYCCHoHS2AdmHv1Xg,0
2YtxwlU3XKbiGWRxooaHRb,27
1Uqhs2YD4ghyiI73wDX5eb,26
01R0Xdwje645C6xFCnMRvm,54
2RJhl1DeqFFwHhyHVcoArh,26
2oCtKhTsYRh1S9lbzvyxoQ,1
4si2egyVFj30L8gLvjuA6n,40
66Wrh0XOTSV49oNZThsXe2,30
5htRl6zcd0y426EKHTZHhn,27
27Fnx28gzhfHybaVvE2ZY4,1
5u8yv7FPvdRZLBF40BaThB,9
7b1B5NNjkoIpNbGSw1ffP8,5
4GELnDqZNS3EWPi6Mk1rmJ,5
4BUOfv1BDuFVcXIhjwDDxb,4
4rBgm0zIGwwAhuUibPehy2,14
60SI6wyS6S7dPBV6B0ILtO,51
2TFi29E9X6MPc05Vyfzout,5
5TVcX5PEr29TRSqiHtHrqq,5
1Ovgu7X7u8zYoURU62ESmu,49
6XjpxthF6oeDDSYZX0CJq0,4
1CHmeKI1Z7UX82uAUSKFnN,3
2uEz2uLMNj9ySHMkwuCDo5,55
3HeYi0kMBereApC8YFNgJO,3
0iyFMU2QF4a2SmAeCwf3it,3
44PPV27QqLimtf95CEDuC0,2
3JXOMZdeJ7uMR7UfC3BN5T,2
6ANCLKKUMPt0vfRdYQAqcd,2
5U6iZ91dNg5XirDUXWMalJ,46
0VL2zZ9Tt10nHFhG7Ks0n0,47
1HVKyOwoBkhseTKSYAt9Tg,2
3RTBg6BKtmN7TamQiLEebB,2
2R9ebQopHFiZxUtMLHalTi,2
1usmQnyxf91JTKRjIBFvGj,46
3BGlVOKQh2lRiCkS0nhfvl,1
7H1owG9Lfs1whDTDG3xRlq,43
0FviQvrqHxxFnR2p6bVOwp,2
7dcIDgKNr0OrmO441mPGQl,43
2HYJoS3SWjIct4WS02DWtB,41
7Az9kfq4JLD8auD1xoErrP,6
39J10NL0mFTAdJbapoo2rC,57
6yl8Es1tCYD9WdSkeVLFw4,72
6mJQe0vTIojlxwyMwwy6YR,52
0OBwxFLu6Yj61s2OagYbgY,68
1gzIbdFnGJ226LTl0Cn2SX,68
7avvBGQq0tH4nY95guF7fP,54
0W9Xvd4Qx1aZPxEi94vgRY,66
5r9AgnhkPQXeKG1w5rauDq,8
1vNoA9F5ASnlBISFekDmg3,72
0YOVFzGazR21xDobJvGkxx,44
55tTwiyz2MxqwJa3uyynag,45
2nmaEzFZrSm2aMLtfJDzyG,54
7gzf8MA7ELFXecW1BB5cdw,26
7nemcVsXVFZF01iqpIIo2Y,70
1iGXvUsVVkYBas0Cniw6NB,6
6xMHglHoafdDFGXS6qfwSH,61
57O02AuRevmxMzFXhROGv7,16
2EC9IJj7g0mN1Q5VrZkiYY,74
3svP6woFniGpIEqEPziJPQ,14
4OdhffpvG3HxDJMxYOKh97,58
0mfEQ5Q07mIMbrtlK8aNOS,41
4DmpyFlJ3rwi412gXqza8Q,14
56KqaFSGTb7ifpt16t5Y1N,72
7ptv3yXdBWwzO7rVA62rwy,52
7xSXEGgKFPLI5wpwdSaXOu,14
3Ud6fFep5ZlXzRWw6Sm8no,75
0thtEWfxrgpXfLTDQkNxCP,31
3XcjIvaZVUFAIdIYZqY9bd,59
7EfCJIUryOFgdBEXDCfcmG,1
395C2pn0PdOYPzM4B1jLoO,12
6IPIjf0vsB2um4Lb0v6nRE,49
0ZbYgFfUB0GZH2nFEH9DVO,2
57bgtoPSgt236HzfBOd8kj,81
0bSr5pybJSlgG5OZH441gF,50
44j5NKqMXzrv5tVFmH946w,30
0n0eMsX7WgEtc7dlscbuKU,52
7A1odihHBrI8n9k0Fefh2j,64
1cU34sZG9kF4FYHCoAD0Ib,60
19HjHUjCfDrEYhVSIKG6nK,60
2VdmtbDiJ8K335JH45rEyp,44
0fFotmAiRwLfpogfYs48PQ,51
4y7EaP5J09FJmclmmvM1jN,54
3QkNkun3dzkeGo1jpkC76S,4
6oiODlk4XCb7SjhcY3ilv7,7
3J9NEWkd9Cx1MwSSvDySkL,61
45Ia1U4KtIjAPPU7Wv1Sea,72
0deI3lZkgbVt6wRsv5s0Ev,52
1PUwqWUz1Zz345y1s9YRv1,54
2C4aYxNpoPkmoZ3ZdPeuOB,13
3EAFamlgsYPA3HijLUPszI,59
1m9yGw9LwTHc7s3i7ARXRn,32
4fUU9WKxEgJXyrZJsUA2iP,65
0SjnBEHZVXgCKvOrpvzL2k,63
1qRA5BS78u3gME0loMl9AA,73
7aE5WXu5sFeNRh3Z05wwu4,71
4RFqi5JQduiSlRZCVlUDGH,55
5X20Xf7ViUNe20ZevgfHGF,17
24IdPCimVnJJDRuB5YSDiS,57
5Uf6OfGfz436zAegn1kui6,9
7Dj8lFTfYuB3CkfNpRuWjb,1
1dv3ePjze9tPq2pk8eWJdR,22
6H4EbYO8f2Tc0ijzJ0tqZm,1
39AKmo6kwiRcyOSzbSuD0T,1
3X7abqSXC4xrxuC1ykpWcY,15
7FIqkrMFzbORpWI8vjWp9L,22
5r35Zd5Onw3aV3Gm9XdgtI,9
4Qbjmdlv1eZDD1u8SWe1pt,12
5Q7cE6wGHMehLFo2ppkk5D,55
4alHo6RGd0D3OUbTPExTHN,69
3eOFG0vqpsMqhGHTQJmjQi,2
7y3rC6oY3Au1XGjdxT7Akn,1
5HptO0MGpoqSWWZjGEbLTr,5
3jNyatJv1JxuIlwKoYlo7Y,3
40LQiUUUKXVGyNs09lHVjW,71
0rZTJmLQx7IquBctp98d0z,37
0USXb7vV2uLFdhjBmxAIgk,9
5LY8GsHfU7G6tmeXxStEb6,40
6FAAnrcZvVczet411n5nle,42
4PJEK76V3A1S0XzZJuTWh7,46
2pQ6i5Ll6ggtG5T4RK5J9G,1
5UWwZ5lm5PKu6eKsHAGxOk,77
6L89mwZXSOwYl76YXfX13s,79
7IjdIp3WlQtEnN2BXjr7ov,2
1jq28NGw6wdtFKx8MBPy6C,70
1cTIkQUcWtwooj2rDcNB5n,1
57x8qMZcFHx8WU07JFTUNG,25
2bHQrsgmBzX5WF7thpMZrV,1
3t343ArThcwgLwNEnabI2I,2
0SIaBQ2aaOgY1IOdhpYEtn,0
40IzXkMLfTKAgRvfJvqmCx,3
3yP0cohcr97BUNJcgvmSVg,21
3x2bXiU0o4WbsPkawXlfDA,17
3HKthdb7Ejnydb74BvmQW0,8
2aQvJuqjeJFOPHinHNm4mI,0
4mf4p6CEp2EOjDoH6Nnxwt,1
5SZ6zX4rOrEQferfFC2MfP,72
4vO9dmzNRqDhFY3jD1a3P7,68
0hCB0YR03f6AmQaHbwWDe8,76
7itr4N5bXkAWesPUomCNf7,56
5MMnwYs0hIxkENRsbkWJ2G,75
6ToM0uwxtPKo9CMpbPGYvM,71
63OFKbMaZSDZ4wtesuuq6f,73
4MYb7NWLwXNDB7bYs3HeX8,64
12A0IAyIegPcMStxpk47YM,7
1HOMkjp0nHMaTnfAkslCQj,73
6NxsCnLeLd8Ai1TrgGxzIx,24
4nXkbcTj3nyww1cHkw5RAP,71
6gXrEUzibufX9xYPk3HD5p,72
46QazXxQS0B31CnbRCy8CV,64
70Z9t1qhytWtG4cCmmi7mU,69
3vV3cr2TpPqFk07zxYUbla,69
2RaA6kIcvomt77qlIgGhCT,69
1XGAxBPuIMGSoCcV71V36R,2
0orySH7qPlY8KlhGRLEAlO,1
0eaZbB3SewakRxB9uHKjjj,7
2tyW1uBUnYMKAFEfKDKi9B,16
5XcZRgJv3zMhTqCyESjQrF,70
1QEEqeFIZktqIpPI4jSVSF,78
3qiyyUfYe7CRYLucrPmulD,76
2gTj9PRAEFMpqsRNphO1k7,44
5pLgH1bCkBV3bbmvm0qvom,60
3odPjdX1SjxxjIr0EZjEht,7
1orVKbp6vqtfAPOmvRofVq,64
5tU9JM1v72X7oM808Am6Fq,57
0FMhMAFPLg8EljnROSoVnj,55
7s2orxqJ8qE0aG3Ngvct3C,47
2vcsxeFsY4ZuqL7czWl086,0
4YMQXzscifAREG0a7KNGhB,65
3UsbGR71AjcBYOWoUlfTdm,35
0plCazD5B9XGKqJgxhgRJm,3
5Zi5WxBEBRkucpP79iRjGR,52
21jBRxUvrWXTwBfGnQwyVy,17
1f3yAtsJtY87CTmM8RLnxf,81
1FTSo4v6BOZH9QxKc3MbVM,74
4JYyMs7TpnRXmXvRi1XhXy,3
7gXdAqJLCa5aYUeLVxosOz,15
4mn2kNTqiGLwaUR8JdhJ1l,73
40riOy7x9W7GXjyGp4pjAv,82
4PREkXFb8YawThmhZICrXR,52
7cy1bEJV6FCtDaYpsk8aG6,67
1OxcIUqVmVYxT6427tbhDW,70
5B6Z7NwVqA7W3UFiqBdEJC,63
28P5HAF0Kll9Xd9dX4qw7A,58
29zkoUsOE50f0I3n44LjjU,11
7Ar4G7Ci11gpt6sfH9Cgz5,75
7vidktgNZFQylTgH1GEnMs,68
3KPwt1LBpt1jVSHz8GXERo,68
6BD1X1PeV5UzYUdiVaD2yL,66
4rTDx6EhOqj9hGTGvvntIg,24
4zmx3vEPgRPjRT2CszUsZo,12
6tvs6KCRXP8zKhMmMw3OO1,3
0qgrrDnUUhyxpxbBznUnzg,69
7uyWFXp842IIc6GzFIUDvA,43
51T1wGHtx6hXW89UCzw1Rc,10
0uppYCG86ajpV2hSR3dJJ0,73
39lSeqnyjZJejRuaREfyLL,71
3UUwbJd2j4RORlalTUhaDk,48
7safX55XidhznxK5eDdDm5,61
39OPZvxdhToddt29z55Ukv,11
44UYb53g0qYJyg1fe2LiA9,32
6j5XX0wwygH7kqTWplx7j4,5
0vg6ueDexrELdda2VyFlCN,15
4090PyjhaukeGh0c93jh1Y,19
6Um3XCAxl9YfFmAnGl93xc,56
5XenUjG7cRnTkUe8AVuuMX,53
5JvTbKF57YCbYAjx1uMv7k,0
25FTMokYEbEWHEdss5JLZS,67
1L94M3KIu7QluZe63g64rv,75
3NMel0L1RZfekf2wLABmj2,64
4ImIJRZNJhNQLLdUFSYJoS,68
1SNipdzMky2C2LwvoVRzsv,62
3lwpE0SEaQV5DWNjqMtYEk,60
5KeMe6s7NC1h9Xg7CgDbYO,52
1ZSu2nD48t0pnj0LcpdXGt,25
3IiMnjK7S2PlsPVMuAH7rU,59
5Cl9GDb0AyQnppRr6q7ldb,57
1fH2O7d5hmU1GQQkQgmi3m,27
3WvENg99oEKz7rPg6CbLOM,39
3IALoA4pQ7vMHpD1roexrF,15
1qUoDThveJHYpSrPGK3oTt,50
6qKSmXS6AOmSFAnmSxkASx,54
0GSguwVydcDTrHPoQsS8FU,0
6dRAAG4sB71NAtVCHJep7s,63
6x5deYIe42rgRbStECDjYQ,63
48gS3f9HDsXtlMBVdwvC2Z,57
3IqHzcXy7IsYYND6lKwPAi,7
55SUneDPq3ZOrJi8sVG78G,7
6uCzY8MKTcLDExUR6nGl99,53
7GonnnalI2s19OCQO1J7Tf,76
69RTYXKyRkS9j3yk6Q872M,38
4VRRbrw7ai2mztUrXrAvfd,56
0UrWr7Jnu1heq1o99ZwUd0,69
6nJPHXRpKYv2yqtalEjKy5,68
7hlLPJo0pxh1jQUERqf5O2,54
3r1nwFFe5Vk7y5eYvmh2Kh,3
2MIbaL6JQjKHINyx7OcaQd,0
5TYtHFn15WDPvE2UDhbzKT,57
6uEvFCaOqXyEidoO8BZbyh,67
5V3mdRI2yQxbSsJGDPc5lD,18
4YsnD5GTI8nVBUXkmlqur4,49
7mqJvR6BgtGbOssGZAfdaP,51
5wBLDkxVvclanSitx5jq8e,66
54cWVWqgyFukgDKQYmaKM3,60
7myke8Id4WyKFlWcRBJdIF,56
5eOb0vsZDRtczatY3MEVk2,2
7M1L2Cv5025QeywNsdfPDK,54
6EaGa19IlwQoB28FXba3GU,0
1DNRyoXyqj4b3sbtPjfGx3,49
4IkCvLPQfBEclen1NuIDIL,56
0hTiTU0yqthnByyZDD3bcc,63
3K4HG9evC7dg3N0R9cYqk4,74
5eek2X5459T1HoYJk2CKXv,17
47ih1BN9dECO0Gu0yPeMyD,0
2Q7nzt6BXtuDdroqKOag3D,45
1dfHpGeaXunLRNvzSZOZtc,57
6UIo6YbaXihIZ72MWUpcGb,63
0tZ3mElWcr74OOhKEiNz1x,73
1mU8A0bKStnhYuS043o6Je,54
3tMELHc8vx3wdlXardClYj,30
6W21LNLz9Sw7sUSNWMSHRu,73
3MELdmLOjkgqvNdselIUEE,44
3XHnaUAFX8PfNMW1hHC75N,56
30ixK9SJmGcMcSAP4Ksf8G,44
1gyee1JuFFiP476LQpRMYU,68
3B2se9cssUOksWBQwkaiRr,0
6SXa1S8p30ZneTKS8W9BSG,47
2GGhdqZ8yJwgici7ko5sdg,0
7MHkweinOceprzkRWIYTTc,51
1AEYT6VxrxXPMoQUxsY0E4,73
0abrjTBmZ4xiA3seMA4pTu,29
1wsRitfRRtWyEapl0q22o8,69
0snQkGI5qnAmohLE7jTsTn,78
1wYXIhJXqlIAGS6sbzpTL6,52
5pOw4EIHqmSY7SbZETFGAc,40
62ovcuwlrPHfLxueBGokp1,1
01LODLnhlfNphZ366BqKc0,50
4Ut80ggQbyiJN2pGCs7VfB,52
5kXsUxYZbRJ58plUgjQp3r,54
2s53BFN2aKtiBA93tRQtGj,3
6sREV6MpLHTqcOmBK5mvYF,60
5XE0S3m7Qgh40sjaT4g2VU,30
75SduxBpIkgLMVSJOEn6yf,32
546QTayX6j4GcZsfTRrVnL,51
7MoA7Nfk8C52FX8f9pAzPp,6
3k4NN1toPhPi7idAtJSrHZ,2
6yr8GiTHWvFfi4o6Q5ebdT,16
1HrEnf8mgS1Grlf0PKjDCO,46
3FUS56gKr9mVBmzvlnodlh,57
1hKdDCpiI9mqz1jVHRKG0E,23
35ZmCVnfYRdK1iLGCxNhMa,61
0WrZxwjIBUL0VNN0AAblBQ,37
4ke10RxaICD8Aigf7YTFrd,48
52g5Yh2do20q06afVynUhM,38
33UHqZ7yeEOSzeXGiM843n,2
5Pm9uuEL0q6aXSRT3161UP,49
3v0ylYF51SKkgAi4PrfKTq,48
2UREu1Y8CO4jXkbvqAtP7g,75
0JKY13K1Io2aqXJb96UyzX,58
1LMVGL3030W3mGmRrd2hCm,4
3zmduBNsQ6BPDTZAkXzG5K,71
0Cw5iiA8OHWIhuIIA8u8N5,57
0sohcbFmi4BhkQTOBf7vOv,0
7nbHTIo9Pp8wzNbN3QpStj,0
3JPMPDLIxizTViltvBQdJg,45
2KTAe6vWRor7wNIDOZrtfr,1
5FQXMRDSTkn9fowDJ3kZo8,62
56sk7jBpZV0CD31G9hEU3b,72
6NAmbftWAovcMCnJzDCFsU,54
4d4AIYFkR8MSWtKBmphyir,3
3X8WHniDzH20AXb4AxQPX9,3
1AnNNZspExK2PwVFbhw7G1,54
3b6uenXXbpCRxXyzFzWi3J,58
3UhtakYj3bzgVgNahxpcnB,35
2uxL6E8Yq0Psc1V9uBtC4F,57
2TNPagu8Z4zvDOpmnktF00,62
5w0jXRvylCbWxFrJx2H1Fl,54
2LyZvxgFV8Fu9jXQS4uRhx,30
0GRu2odJjampqZpyubbFU6,4
6hqt1z34Oz0OZtSfy62OFD,64
1QixTwDZCcfBzA7QMyont0,61
4oCuLwHpF4oSCbtf7MGJDe,0
2ZICF8SFI5tHttaLJKMY1X,62
5VrSusNzgppBYodq9jhRus,0
2r4DozzHauSjM6NJ7szgVC,50
5tXPbEbEouMSEbqQHO0qQa,56
1Q2fYlSdwuutWj3QplhY9q,69
4FthwGFz9SVZgCVqxNXsSK,60
03zYFtluA21jFWQVPMbUYO,63
7AimHQrOUoUTYbVX87D3Zl,58
6fEztciYVlIyWTBe66clVj,54
1Z5rNEbxOW1ROlikBEk2W9,31
1Yf6xbi1dJVdiKoWwxL1Ti,27
1Bxv1MamHSiuQcLVbS4rup,45
3EKjTDAEIdyQqsA9qtb5P2,53
6yHdk5nqzCpVGHTklAS7G1,0
7kJXDNYUsgTavs6zKssNB7,0
3PYFbKFr2nDS7z2nNNkrnw,13
1kcfQBjEFgSQ75F63kQsUZ,0
4ZBLFgkbSB0YGsooiVejSz,1
31PXxAJEOYqriWiFERTmsC,39
4garVZS975VltCYQNFtQlY,40
6x9LOLRF3wnjp5GsXKSKb4,0
7ut6YM9zxmfExEEwXLFH2J,25
3XdAzyVBwPctMDkFjKRlO7,3
1A8mUUvrSicrZoP5QZaSXt,30
4BcvmkvHVazDQ5IM8wkYuP,0
1vWSlI10yWoGvUei1oLuyt,31
0pXryv4FX0gZoypZkAybkH,13
5RxCC8ecpIb6W9MVrJNmSF,55
2SL6oP2YAEQbqsrkOzRGO4,76
4e3S4W8SmflgP8jwK2ceTZ,59
6MNtx2I1QaELzsLDaxAchs,54
10qlTaZXfdAkUfsp5dcpcd,45
2imkodSyg1hOZwZuE2fJdU,57
1Ibc5RR1a2AzgkfvSJnZsX,28
4I58RPHVzDldHfK3t5HiZA,63
3jUTjCISntIUFL8jnAjzgc,65
7DnrADDBDIIXw2ZlU5q49W,55
0XHWClSz0v6RIaRSGqJH3X,52
2Vim06YsRb4uJRpbeq6NR6,62
6ofXkTz5zCaEQG2qQcSo2f,26
0DQtwZLpvln583U1WWv6To,3
5awYzFyHCxgvgtiE1H2WvK,0
2KE5Cwqi7obr78iry2jElv,0
1RvuWdj9YsXn4cMMLXr85Z,0
26Hu22OnPChPeK3II0J1Tt,0
2QnpQuh1qFzcn3ajc4OIwv,0
47FyQCd3TYLrZ9TU6MPaWK,4
26yRRQ1l9J2jhrCrPp3R1g,31
7mNlE9QwjGnxPH5TQ3wuEp,22
1WROQ5j0KmM2dEYxKcL6xN,0
4GnMGHL8UgSLKnMHCkRWxu,0
5C4yy21AJ8AeMeK0fVQCZD,0
7uCDNfNCqcJT1y7ZR5kP6t,0
0DzwkXawqzpt0k7jxjfdEf,2
18u7fTP1aMOAkDSs3h4P7l,0
3N4tKKBTxNI8OQIZbpS3u6,0
6IGTR1a8JdYKWTSOl9rtUx,0
1Rkx7ve9RqSuQ877R3X2HO,3
745PEogChr9LC3ctmXeijC,0
2FIsdQeDKKTDuts5vRspj0,0
4xB8DfbPm18bflN7fI5c1w,12
7goH985cO5l8scNvaYOmT3,14
76IcyIbm2z4TJ7VjQ1tCkS,0
5VKU0Lh9deNkVq046FVIir,0
0zPlMUMeYe9GoqN8mzaFst,0
0GuQcX8wTe8bUZ72ZncR7m,8
1ObsWA74zO0Q2QQeFZ3tH3,0
0x6sp8GeimTiAUVGkp3ZGv,0
2eMxI1qN0ft88sasJrARw3,0
0FNbtFy7loRI7jZC7QZETm,0
4x7gAMNYaYJbAP1A7OEQ2s,29
6q9CRTF8dyABIcKj7bCJwf,55
2JS1iE5A5RHvUPH5Zl9jlF,16
1s4Ie0cT6P73SRSfh3oyGW,12
2pxAohyJptQWTQ5ZRWYijN,8
48PBqbMjiYPq3VsY7vG5n4,3
0q9YVW7oLuDqxfjGTxb7Lx,0
1sPTEnb7kZhNRavK7BQEW4,0
2nKOUDSm0EhVvQWoDyjl27,4
1atIRUDGWlVhz7vaoGahu6,20
6fl9npjIxV6oEFrWqJ6tnp,0
1MpkOrGvHUe23gtL19NpsO,0
5cduio5YcoomK018qKCtsK,0
7vNgFQlOb4cQMqBh67XkI5,0
4UmehW6tTXGC7HsuIGujMR,3
54s7NH3Lnu8nlrX08VPwFI,7
06YVA5Ajbk0Kv4ddFSEuBM,31
0Z7O8GMQShj9TJrm2yX1R6,59
1WbMAxHieH1wOCg5WVav9n,23
4FYeIka527pqJV5Jm5EXai,1
77NNZQSqzLNqh2A9JhLRkg,74
2VXLXoliu0NTVAYE8Jx1QX,0
1A4nZYL9FOOlOLMZxRAN3y,0
3PPJVaa7maBPrYA4OS6gyG,32
5fCwwY9VFcpQr1JOKsHmPX,36
2Ekzm3AGOE0u3uXy6rhAZY,0
6pqawkYEUzzuKve6QNfBaT,9
1GuflZBOKGX6uCFXdysSU2,0
2q9ZHNJl6oCCci1DwAD45v,0
7rNzap95cCcOafjFtofpBk,0
1kDYCn9VIDmOIbLZ2Xc7OO,3
2pDPnlF496mf3EBwrTCHN2,2
6jwS43q1m1jvf76tmOo1Hc,3
4Ld00UQYL3aPcK4yOnv0JP,2
7vzvx0aTRlmmJtxMq9e7Zv,1
59Xo3BICqRNDdvNquirBot,1
3SNIh3OFpp5twMP0DJHuSE,0
6CfjAVG9FwmwRtxE8yEWlu,3
34IWciPnoNci5KlmSBjQiv,24
1DLbjtj2CSYt5Y9kJ0mkXE,0
56oiTsf5I580TNx3dGVB2m,21
0wkQ1NGp0D1QjC59vmbYNY,43
521gC8oqqmUknLZpodHOh9,13
3VLJ7dEdTBQ5qPMd0XHKGI,17
37KWuFlX1Huz0kNzciHcAm,0
1KvFwIDhxZlVGXahX8QIGV,7
1dM25yro2mjIAO5D1SvFDr,0
0NIclV5iB1lE3mjV00ySKV,42
7oLPStzymWKxwHlCUkAwNm,19
0Ko737UNjXO17LK4Urdlwo,10
3S7hCLF0tbxelnFZMdkn32,0
4DEwVUDlGnVdJhzrb4IEYt,0
3ad2YBjPdml9PfkdoU990V,0
3UTItBKzuk2IOqxVu0C2F8,0
02gIQlGYI0KVK87Uo9Ekjj,2
0usYFHAPoXjEK1UpzwPy0i,2
5hkgrWxkobGtg30I7DsfVu,63
3kMBEnLhExewYVmOD0wGu0,49
58ubvrlEOugu8SunT0qZIv,40
2BqDbaNNOMdxKc6jfJ8O0e,53
2nLtzopw4rPReszdYBJU6h,81
5lzXML8WVfoQeUvEVakaHx,61
42ZVk59gT4tMlrZmd8Ijxf,70
4wkKpuC990DwNJBsbVIAPJ,55
4eAwB5pnKFTmsgc3zWoYO0,73
6RJdYpFQwLyNfDc5FbjkgV,72
3cZr1Z832aXANu6a9fifkx,60
5ynxx6zC4dgzsMHLYQ04Dc,69
3jjU4Pky1ja5J1onU6ei4T,65
0NIkKL6wsLK5V2vX97zOTr,51
44NRdYQw7P0GWuiunRv3hr,67
7CpbhqKUedOIrcvc94p60Y,72
6efSwlK3LOlWOeKK9xlUKF,65
61mWefnWQOLf90gepjOCb3,76
11Ojp7JniVvwd0gmgvyKkd,67
40rvBMQizxkIqnjPdEWY1v,74
6p2liQLGoDaLXgND68bfVt,71
16cRbq0B9cpBivRgXHk4wd,43
0EYOdF5FCkgOJJla8DI2Md,75
2Pvw7sZ7cTFMihs9RxNYvD,2
4BSjvDSi3ZtrSavQqgu6jO,56
4CbKVDZkYKdv69I4bCaKUq,72
2UDumaw7osnyjH7RZ2DLpB,67
5hheGdf1cb4rK0FNiedCfK,71
4LFBVDJV0xpayUvquQVzhS,67
7fcfNW0XxTWlwVlftzfDOR,72
2F6FfZ4w8z3eJpSxPotVO5,69
1fnULsZuORnAgCFFbM8nTZ,66
4ilzPm2qnev5hFdUz6dDyY,59
36HzhD2hKH5bLYCFUiriO0,55
2T3blUc9Jnui2a0ZhuNOag,10
4Smc57rqnTjKvz56WJaunv,58
4YDdWcdzHhLDZ5d1j9nRaJ,55
4FX7dhugVxsKsyC4DgwJyM,46
6I5gEJ0E33DgbtBUFHgD6n,53
6nULLS7CipGMSzgQDxDpd1,69
1kdiiFGX1Htx0aVZYaDwEJ,59
6264zKFgXM13JuRBX4MMyD,64
0M955bMOoilikPXwKLYpoi,70
14EORgkbXqIx5K4Haucmnb,68
0pJUUPm7vb34VNImGEkg0L,51
1uwTmwkjv7wFImfzegvdI6,4
7x8dCjCr0x6x2lXKujYD34,76
6sXETKGy5KofLecDpck5Fn,33
5xgXG5BfCNO6KJrQOHKprg,59
1x0AirtLjfVquI0A9iBVep,55
0M3adYbGtyRHACP86dey1H,68
6TfBA04WJ3X1d1wXhaCFVT,77
1ZjzU4Xb44zj9oH9aYgss6,0
6tRLpMmyh0DlURAR88cy7A,49
3asFGFY3uLjMDmML1p0tYm,70
03jdl5GTBhKsgB1Yw8mVPh,64
2MH0yZZSWuPhqGI0u8iTkH,31
0i8JFpqe9cKwnrcvoNgl1L,72
4rBJhbvK48X8aoQbgOD71Y,54
12AYnMm3c7fuBfqvcXrosi,48
7q6BhGVElCaDYQqL3VhO5w,2
2GV039LpIeFtgTKKIZPrf0,59
0Xq7FPQaLJgIHSB605YUMy,54
2l83DkKT8v7ghZUiuHV0pw,27
7rSERmjAT38lC5QhJ8hnQc,70
4njLEd40fsHHYdOOeO28ME,3
5pRElcsPZrgZXkoON2o5Go,66
7piw04hPQZ1OHZ9Fq9JOXR,65
0AHHDAHFRaT82UVw5fMr1R,59
2iptAVf9jZerlywLwiGhak,63
6UBJyFbJZChFw57h5LkS3U,65
5Yz9Urz9CYn1HLiOlYkU1r,27
5HOe9xT5P0J5S5wfab48Tx,0
12C6ufD5zOWsQGHQY7aXRM,62
5Xz0Aep86l2yafsqCtMcsh,51
3Xfg7AegXaDLoD5GOUMf2e,70
6LYY1uIKNhs52KCmmBrLxD,0
1e5cCYVlVLT57ckVTEHrI3,0
1cxCqerH9jNz1B6xnlT02y,47
5K7RDuh2JihPUScuOB76Sq,54
6jg3Om6ZBMKlylforWGPEC,63
464HG7mt7NNKtKY0Hco8Y8,53
5BInskLvwqz56ClUpfqdI4,51
6CqYhhUPJORx1vvdTNc8jv,63
5TA9c4Jv04XnnYBvVOFYcT,0
1twBt7aZiy7HWPG025QGuP,10
1D1LnW0mJ46GStJcYzgA6V,36
7t6UwZU9FXcOoVwPOBGrbk,33
3zp9opbhvvgVHsEf0CU8Uj,30
4PUO11T670jn0QfvElS8FN,9
2mNr0dLMmLfkkQq4OjNQmX,50
59YF8QFkS4I8B0kC7A6kM6,38
0CXdfD4s26kKyuPHRACtlY,46
0MiA21t3re8Uh463Zrt0gp,38
0hdbpjuc7tw96jezbBOwBr,40
1OMPuhoPpUNvFviKOhbEaM,43
3XU6GFkPFhxK0hJLsIJDH7,26
477Vaa5czrnd9xB5lD4FZ2,45
0C3kqX3iJ39GorFVrNcMmi,38
36mNg15fAijSqafcNgEtIc,40
6oX2h5xIpkqcEhSionCoa2,33
2PEfsNLgQSm2zAzdRNkCr1,37
7DcwLh9k4N6hzTG7csUApr,33
2TjRHd8hs5qdzec9cOf0TY,39
3NDR5GMFW45B9wrGSOaACm,37
2G7SBK5Tr4HlN6L3N3gGzp,21
0iRk0TRxGqhQT9FTTGDQlb,19
3MWiQdv8sMw8rdJscpqeuX,24
5ZkHhBQnPdVTYPxyCvnRGo,28
0SynP0Y0Ybyr92Y94ssFRy,28
1gbb9v5diByJQgCVeWIAIc,34
0Jhe8RFNXhcWEWX6G6X2ke,25
3NwQkX8rfLO6cqqUMHBQPH,35
2C8ILREHy0CgIPVpkK1NZy,36
22h7LfwIOGE7jQce1rgs1A,35
0fOVzL7UcWEKL27LrzZPnq,33
4MWHvUN67gG10foarCrkJL,27
44Qviq32xko7hyCFdzVvWF,29
0csPrqmow5I1RC8ExuZ4Vq,21
050vmlJyVUbjkJ1C6hrWKr,39
6ItnnZvUJeM8qUvmBjbGTM,40
0LL3pUZ2iEL45h4rYZNhmS,31
5ZI0tKsFY0SD8rZO5qT7bo,38
0Cjwt7Z8UnfGFIxbT20wJe,30
0ifzgYh7ntezSHVj9qwCaH,30
2VvTyxx06Esdm48L6V0rqT,29
6ebc4E12NKONhhkHf1ud2b,30
4D2ANyqiXCtwnWHtgUuxCy,29
6TgCyNr96joTEhv1Klh9NN,30
1f6DVTZxkjVpecZ2JzilHg,36
3Gm0yg6GQN1tFnhUGYKQQT,36
4np8Hinsx8hQkajMv8myRC,39
6c2fhM38TQHn4nfNQfWvmR,35
3BAuV2yRc5r0F1VJvWmMmA,30
5UDEi8SNujka6BfNh29eTt,34
0E1SRi409dTK0QcC7hD7Bl,30
3JwZMqrd0DFaDgRalVIKCx,23
2qRoACE5NFJUfm6KdHg9vL,16
4TidZppKEGjlxB99IxZCeu,26
5r2LYZLVf8WNf8BfaeWUzq,21
1CnRd0ZgMCb9GL72Clwwkj,25
1AJ8AeP1TFvvCGizmxLyPt,21
1dWf79EQ2kJuZ7aTLdlzYd,21
1zDFq57mLkKc2wd6nfc8oq,21
6VJloY2Xxqetz3VvMYoYDo,23
2TNd4eAOe1zu28mClWcXz8,17
7IHZxpSS1FbVBIY8GKinlK,23
0VnVmLWdJt46gLpnIXsh0g,33
4mVY6EgPvdaTp1HckpWlf4,32
2M2sRE3Z8ybw1vF3w99fVv,29
0vzgV6YG3UduVRrkdW8fhc,29
13BpkO9VHwHQGxVPMlIkl9,27
0Lbw9FBbnN9vgiPWnD6Lrt,18
0AaH2y9elmyLhZDUZGBwgh,18
3IKcPRETvaJ7ARE3W3RWyN,20
21SWFVcdFhrBwJbpINQ4rJ,21
0u9c0SWTzvru9vX8IAE6Jv,14
4rNhyXX37nvNkRnoD2Gff5,21
0QjploZFoXNkEeARysbQmk,21
3pNkW6pIdmOnM3ete3N6TD,21
1Dj69qOIfqD21IisJJMie1,25
4fKAPa1mPoF0fE3C5tqQ2t,41
632Xl9n1wHgMKoxD07WZHW,54
7EUiapvzdmXuh191SHrpFT,3
2U0nXVgU5FcLTFtPbkcv1v,54
3wcAP40KVCwLnuLKxLYEs5,24
3h2BczCiAjSwHpEyq7UXja,23
2sGhn8rcR2qrMymhDIfxyO,16
7vIdRrMklCkr8fwP6kvw3m,61
7jhYBaGt3WSzYaW6CRrmL2,0
1wnq9TwifJ9ipLUFsm8vKx,57
4Y2Ck2OglehYuE8HMt46PB,13
0WrrIkbhC2H4WRqxqY1Xot,50
02MjAy2BTPTdqO19O5VtHO,38
5Z7L8FJk0aRrpxYyvoCFik,38
5anCkDvJ17aznvK5TED5uo,75
1fQaoh3imrMunWVZh5kf90,68
0uQgnWXXTGPTwgypj0MNmB,0
3uetL2NzwSqpmEbMdgcgsR,42
51EmxIMMOFEY3G6REpX9Ze,1
0Swvh86QCHSVk3yXUDeEM8,5
2fM6IykCVPDUucdkbdX5mf,0
5vJKDteoDcK1uId4IUJSmQ,0
15zUfY9L1p7bN9JsgaTAP0,59
0rSdhfeQmYAfzO3kcjsCpg,1
308BpHy6evPQz9hSPpSLNf,1
2D1O6DE5aJDGHsb0W38EAN,7
1VGoxAxuw65pJW0ATxjFpu,45
1q9ru9Wx2Q9Ez8irkGcyFa,56
6LEpnhwG1zFp7rmSgzt9qr,53
0AY6XbTfRSk9wpCIQTnwc0,44
0dnx2LK0rnPTACGzbLc1Jx,49
0fE5kL2rRlaSQ86OvZG1NX,48
2h1rjzw90ZeMgbzOHJFHao,0
2bcrVoFMJAco4bwKmFFKkm,0
0bIaAG656Kq0JGmw3N1TeS,0
4iWYPj04kHXcZK0st5yzZf,68
5jGeQRvBScdvFEkbiAlS7J,39
2e8r5YIPMCxXVJPPfwaSK8,45
2weyHZ3Rk4PZVZODz1asqz,47
24Pi0KCtYWtnKxxzopkcPG,60
3iWlbqAaoIR7H7gyO3a6rV,59
6DaCyC7XkbzvOu14letZUl,25
1ugJHNt9h6R2PSuITjw3aH,0
7vQHgaUJCODPVaAhJIJyjz,35
3iGjPHGVRKPgQ6LvSN2zJI,52
3R1dKSBSfC1qAunq9qr5nL,19
3siZ8Gr2G9zelmm1NZOmP3,49
6jEDx1AuVMOrK58yydBgmA,37
3JDq9RHax5vBjyamtba48p,0
1xBCv8m2xTSIijcgfi2HtF,22
5V2sX7luo5vAsnfp8mBA3m,59
42uM866bNjDQdd9lN9f7IY,0
5DsD9rUwGiiWZxyDPkm48V,49
1yYLeHIe61GotPPs5Cqu7s,0
3t4ZPAnEu7nkq9yWYPsbb1,43
0umQQTb1wwU3slaGJ08Y6j,0
1FgFXxPsmUmiJMoJNi8idR,47
60rHc4AkLlP4XVSATvBb6K,59
5SwCwWPx2LjBEkC8DXei4Q,41
2YBlMJksqVb0L3HiAV9B5v,33
0AGJuICX9Uhne0ER96c4Rw,44
5rHyZ8jMmAXw4C8hLww9G8,0
65XY6Cx0263J5BPnY8mPyE,60
3X8pRT8kfaXUmuDl26P5Pa,0
2nZ63SBfnreUBTnpe7YJt0,0
6bdt0GYvmh3lCMfZOMswfE,53
2opyAm6zOyjR0An5LkblfN,52
2tlETUiIcT9IiQYDUdnj4B,0
5zsgyaahJyDW91qyvzSG3Y,34
0MKH69gX6NZWTorqpAhbox,18
20H8UbFNGzekNvRbJsBoOY,30
4mgDustRkMhvBTvO0mC8Su,0
411GxeLBfejBTzT1WBXSgn,44
4ixhOZtG2MHMB5eKDM0gCg,0
2MwCQtdvtZGbW2Iu92FfFv,46
2H3RItApoG6UTTbPZuul5r,14
60OKW0mZiPFHVpHl3eHueg,58
1Iga5GHOuh3RxXbWytxGfx,0
20zGk7N5dJOBpYkkpMFYTE,40
2K7j4xrQENCi5r3Hii4cVe,58
2eDjwnjzODPYouW3en1eTw,33
5oMBsH6iijc4NjnkoHNmTL,0
084ILpH20VSBeamcU7mM4K,26
7kaVhqJkTwXOr2IEOv6vSz,20
7u57tu5WIpn9YCp6AMBzuG,23
2uU3O5BpNnOAN7RIvsPT41,0
7cDcYIYKD6Y3CzB57JwR9T,21
3K32pMnJSoDSgEex4zrzfP,33
6Bd0NxQvDsQlb7WLeSwvfO,18
1LJH0nZbVzhekkdg59Za9J,0
5txoZyuAmtCfmDjUCEphWm,69
4rcHWl68ai6KvpXlc8vbnE,70
5kaiM7WaSYPybvKqEpN1zM,33
0tKjVEJlX3IZ5L1rEJc5hh,64
40WtyuI7co9HbxEzmzzf9a,35
6ADSaE87h8Y3lccZlBJdXH,79
3TW48DvQ7ChwY1Yy1tkMaP,68
4mdcJOb3hClffn4VSpK2hw,33
4aYLAF6ckQ5ooGGGM7sWAa,73
0QbKDAp6iEC9XtQbkjRxMm,3
665Jxlgi1HamPKbW1vwzx4,66
0GJiqR0uCbQQxYelOClLbS,34
3pyTksNccLM1jRvzQ4zTke,59
6Bd8wKokB3KwlWfG8s3GSG,30
2hjQWuAy9fsSykGerWU8Wi,50
7LIVrWcWJUeCIBsHBkcs2T,3
6DHv5Uiag2uDDgyytTThkZ,35
29wJiSQcze8HEmxkUQykyp,70
3evppwc8rJ86Y0jFHqyF8A,30
2UbB95KqBtsPOm7cFH2yXo,31
3TL3pr5KVEp2zhhgZKQhZc,6
57l7Y234WdweMtdiImaGqU,29
3SoNMDkQr86wqib28yaBI7,49
6KGXbG5wEb6WlIFAGKDQh0,7
5prTs2HAw2G4idHZyeFp8o,74
0u04FjMR2FedXkOQIFUx2r,33
32kgOw8wejH7zUhtXCM8DH,19
6BsbglI7wMq8AXxBqqPzmt,29
67cIB8595L7mYG1DWCqWNG,14
4jDmJ51x1o9NZB5Nxxc7gY,75
51H2y6YrNNXcy3dfc3qSbA,70
1Ui4pQVNf9qpwk6mUfiR1A,29
18DfMhEx4ddoreHrvZDF6Q,58
5QGcPVSJ8FD8eicZvMcNcG,2
6qB7YcFpeBEQa0D6QO482y,68
15MJ5NThPjj6xhPcts8MiY,70
54b8qPFqYqIndfdxiLApea,73
3Nf8oGn1okobzjDcFCvT6n,69
528CAH5pTLq86oZ52fHifA,62
1Eb90nmqTrxylKFhcUzW8P,74
36lkJSDyMEZoWTqtRj8Q8q,72
1HZ3cUZUw5htSFmah1V8Ko,14
6fqLce5TNAmNgbFwXD2DdG,66
4LFwNJWoj74Yd71fIr1W8x,75
1h22h211rde6dDCeW2hXpN,66
1eyq8cjUQ2daFthW2PC2GM,71
2SbsvihBJmgNKZ4qkXFWrp,75
4C8qZRxrteBY9F8r2oZrV3,58
7dQC53NiYOY9gKg3Qsu2Bs,67
4QEbXYWpDDWHzXNINdZlzW,10
5pEdaQSuxgifkk9syZvA6k,3
2NL4BBBSgypHnxUKmQdYcT,10
4vtraETxj6q2K58am1KLrT,0
4YUiaAd06ErtRJyfyAi0kZ,0
3Dj016lu9g5nVJ8ebMTfEo,0
6ULwhgWVBtR6wcv4zaXkHv,2
0kN4JHgF4LNPAPxEU3GdoX,0
1R1tWUfcrMiTb2DwI4xfrL,7
2pQR8kOm7x3oVrofuYFVBz,0
7LU2IIhnoVn722ExuO7zxd,0
2djWEUWTHHziNCGKhN10t0,0
6Hav2JJShJxEVq34t80hkA,0
4TF7GGsPSvuFEZujlrouSb,0
4HkJqkKtL0hRGH38d6yhJA,26
02WVK9TPtjSOcmy9cDkd5D,38
0mtUvL8w3vQiMm93AfnRpO,45
3kzmI3qZbtBKcVfiUyT2xI,32
4gKeCkrFA6BX1M9HKqZXNi,30
2ZMafcgiEaAx90bNT3mFiI,22
6EH4t79u6Qv9cPeSnowYlu,37
6RaoAZP9DWRgOZS5Fzayws,1
28fpHwozqEsERMGZwshWGF,0
1BgQUsAUiQFuIUVz4FFyAk,4
1BINQwBuKPKhpDyXipBXLl,0
0SrczT8VHoziloOp4adnhC,0
2wJu2DUjZx4MUL0FtKbvqG,18
7JvWO1fZaBWdIaeZ0jCtwc,23
3Zd0klcOIvoEnGi0JZ7WMP,0
0ot40eQY6BkGZGf5sV14fK,0
79q7xFOodcfIVbpNHjE2gB,42
7uRcUUmZpU4YVZFNVZnyXd,50
0Kk9ucpKYg4LR8bZ3Ym5Aj,0
5yPctjzVZhi0UZppV0Vwbk,22
1wp0NDVViJ1DCoYct05RLh,18
5som7RgLrVXCadUrHxCIIF,24
1wwR242udYdQC4ggSSB5oe,16
0Ntzm4r741PnDM8Tyxlte9,10
1cnA8Zf6McVyoWTr8xf0Ml,2
6Z435tBPT5JamUR9dN7y8y,6
2lRhq1ZfHNiaVNHkTWeXUv,54
3kQ4N6OIC6hhFsVjn9ISR1,0
2JOQYyJH6lG8hxpzmInRX0,0
75aQjpPtyPhLQ6MDInibPo,0
2528tHFeJZpm2xutrKFNIb,17
2qJhgvsVb8BUp5p2RUBwUd,19
0wyr5AIL1aSrzL0Bb7zTU4,15
4WLcEC8RoscRuzmNf2EeXf,39
2Cc4xF0pwkk3G3VE1YofUu,12
7Dk2q3NMtkiHNAA4DuHIGF,12
0xmfflYlysM94u8bsP3wno,4
4JjQPwb0MnDsO5wIvxlvNi,2
5uOTvcWHsvvDQ8z1Q9K64f,2
3MODES4TNtygekLl146Dxd,70
6kjlvJLh2DBsSQtqVzFh8I,58
1UJVIPoofun8KvEAqfq8jw,0
62p6fF2r4NY6pwZbxxvmr8,62
4hLQfgtzEyxme6w5GiwAEy,55
3l85BgDKG8LVAlEnHEU8lP,0
4GHvrcL0BoG2eDCM9gPoOd,0
0jgXVGgqgU5ugcsR0J5mbo,0
631W6GfTqgZ0YAeoICDcLf,0
3PkX1lcy0f7sYzI1b5SG5H,0
3Rtv6zRNKpeSygXoaF9kCm,53
2ze3FsjHLwoT18zzAP6SMM,32
4VvzR8gK84DSY70rpIx59p,0
1SA4BHsaFWGTova6ALTjyl,0
6P3US4DIVYrPeyG2YbOCeM,0
6ijuIOZJcPMGgEMcv3pPGS,0
2wSklOtazPXsuQEBvFL6Ru,28
1Kl3i3NlvuPqN5b8ivQrrp,14
2C1HfPSxkTrp29qSc36eUN,10
2SUpC3UgKwLVOS2FtZif9N,63
7LZyhNjhyXj27iEXUYQYHo,4
3tXzOcxvj5XAjwiTiRWUGP,1
3o3HURR06RatkEIE2Kcsht,1
7HK8ucZ2YGocZBdijlhql7,20
3qAqWMAacEDWKuI9pMfhRm,14
5CYVudnz9adXy4VgdTvFbI,13
0zoKeqw3hbI9156qhmZ2CD,14
5CjVzwMUI6j5Y8PlfJauvf,35
49Z4NzrNVES5qz9i4hRguT,23
2WNP92cnREKAU4PmzwfKvf,38
0QyIxB3MqUoSQX0kBjG6NO,39
7gpavVMJwJYFNUzfzUdSv7,48
0gof4zJewt0Krlibe7egiR,24
53VHRWhYdLLkBli26hQ1hz,31
215wUTQQUo2PElJFEFoB0d,62
3WrjbE6biDbu8x8g6FqhMR,25
6mHMOEW1ByeAuuwlSHchVE,0
47RYQsFm8QIxEEqLIaWd6I,0
3DHWxeWr4uh19MklWjLpR0,41
0nDoWlJuMZQ3XfA70L2Loy,32
2loctOuEydT8m8V0XsbPsU,41
5tASX9SKT8vFTQpfm5UVJT,44
3ZFwuJwUpIl0GeXsvF1ELf,25
1bcklQyAGzDxQiNMczMLt6,2
7o2CTH4ctstm8TNelqjb51,82
0o9Vb38CB5J1GQNDkrpAV0,3
3YBZIN3rekqsKxbJc9FZko,78
2UkAjD17Sc1bH39sKCTCJN,52
11KSXTdg8h7l2a8fjAC0Vs,5
0oqVuh6ldLQO2TKCcE3rzE,2
7zLC4HAY11GvvKsZHNrkAp,7
7ddn2swf3epWYsTFKu4Lvx,2
3m8laLj79QtBGgcOjmETNp,0
6xAORvvGEMK44FygUsiMQy,43
0docub2BW5HcsWU4WoOQqA,1
0Zj9X09LIkNOUNX0I4Tet9,0
6nxlHmpBJYicXHC0mvcKOm,46
7di8ToervYD0T8PY9cU3jq,0
6LtNEH08J18r4HLs4HzvqW,1
5O6JuXxnhwG3W5YClY2mEb,48
7MuESknZc28tXA8jrfvHfp,0
3ycOJKN5U4l1nLPM5IYJh6,3
5Z8EDau8uNcP1E8JvmfkZe,65
3YU9X8ryOR20beT7wOlDIJ,55
6fZO4Uk2yM4MwrY13n2zBI,1
1LDAh7QQnWvp3GJ9QDa1Pj,6
3L8WgDYS5TtwbyxOPSAiFf,10
2nVHqZbOGkKWzlcy1aMbE7,69
2iAq1y8jEVOQM6OA8L0XtO,14
3ptER26gZWGlFsPT7HJfqd,2
51pQ7vY7WXzxskwloaeqyj,69
51TG9W3y9qyO8BY5RXKgnZ,70
2lPACBENza3HRYBvQPOdWT,2
5K8gqK84cFZV1dFJAMC0jU,3
1OiXstIrdWPR7Sl4V2UhI1,0
6EFGlgetr9YSFH4gnCPVSP,0
11dCfArPrM7kzYpUrFHal9,15
3k58VAgUkM9cSvRpjIVaC7,7
2NhrdplfGpqU2F4vIKR4Hv,5
3ZKpdWRhiIp2t5WqFwVEG3,30
1GfG7elw3IndXv932o0Phx,1
1L8kJLp3ExF5ZGHwEZEqHe,44
42v9l3Nc8U2CZ7ZYS8n7BU,2
2JPceo9bJGGwiwjspYLhad,2
4Z4ZLBzCXSlHSCaxZ3WS7p,48
6tVs6BS4vqrFsCrHS0Ycsr,45
64Ret7Tf2M8pDE4aqbW2tX,14
0wJoRiX5K5BxlqZTolB2LD,71
5AQhw6cV5w1NipoBJbOb3f,36
61lqNlVRnWYiR9C7BDJw2l,16
07KHJvlYBeQVqrmifTEqEp,61
0jSRZBsn3RqAhBDzAefHAD,53
2YzHSCRkNrOJmmYZ0HPBJJ,39
3uMmllZo1AfoEnVT4ENCD3,68
7mZyNgtUXX6ZVgs0zsHfAU,22
2ls7Y9Xx07TqN7WjbT9sZD,40
50Xbiaj29QvHFy6gwNeL0K,0
0YSBpDBrLyip567LPKSgAL,1
2P7D92bxIfHwo2TaP9u4k8,0
7aGqzztb8FoK1wI27EUtGP,1
63kMZoG9xuU96GQdioTCI4,3
3KK9srDOhT2rGI9XXeaevw,1
5jtKi7F4fweK8wgeK646Qp,0
2OUd03ZVU4iNMhuMUIXiny,2
2kUzt5LsTUR0ggquP7O3eN,62
6WU66nFWemwQyQNjCAfVPZ,0
2MKpKeSlLitOXA2XCmFgpq,0
4zpWGC5MmGN6zX4J9XV8Gv,8
5SnOyuBtyzufoXBAKOdcxD,15
2Th42VycrWIKjhjIfur3xO,38
200Yp0rZTkp6ITSMbGjMK3,2
1L88LDjEGFIWj8YZe6qyDz,8
6CK4xXnpKHJQA4YFoQ6Ads,40
6dTEviMGUJLTwto9AM2r5h,35
6jbUknjNdYMr4I5WB1Mmis,1
0bVtevEgtDIeRjCJbK3Lmv,78
3Q5oNMl4OYrycajbOofpyY,35
4WpCUxvZhpWQynzvIAXmtR,0
0GTK6TesV108Jj5D3MHsYb,69
1eK4KsyjAzr2xJ86Tj5SWa,4
17XgxMFNzBYv38TEJRC18D,57
5KDNFlHAdDJ84fhK27c35X,65
0ss3ny5ZmAYMpTWJDLgnV8,50
114bGIxUrj6vnZwWEfEdMP,50
7mQwxVogsnpR3h6AJLQLlR,57
4yAEzjMpN9RZxZLqjqmW0X,1
79cAPxneo5AvbNgR6ch3Cj,54
5ceGigL7CZQ3Ih6W8SIbv8,7
4e9eGQYsOiBcftrWXwsVco,74
0Ti2dlF2xLjXblvdU5fCxM,70
77eRSoQbDt4qHlAhUqovmy,58
6q61Aa2HZkqLW5zFrij5ZK,38
1aC1IBAETh2XYGOE8kCC6t,56
7v0mtl6oInUtHOmTk2b0gC,60
5BfbdJLRp9gUyyxeGJUECL,54
6PHn6aXuM2FkzonGWJxY28,56
4BdPYaw5KvboXSej5XZpAW,51
1fLlRApgzxWweF1JTf8yM5,67
3IRovqSVYx3CNtDWRebsET,57
4OSbctVD37ycS0H3rwRm72,65
4AaZtoVREGSOTMzdzLoCGK,53
7kF1iPJTj3VFJX9XokQ80F,63
43lcnmBoTbTRjaer77OBf7,39
14no1rD0brutYOOJq8h0fe,2
353YRjUfYOlM1HgNwMrWCs,33
2DlHlPMa4M17kufBvI2lEN,80
25LbeGnYJuqbkxqc8VyhTs,34
4BL79Qie6r0TkXuNQLC8gQ,2
0CA3RxBx2xSQXPfpmUBK1v,57
3BmjRmFTESgWZLPSVGp8aG,58
1rSo624QuuCteNxAzsU3SV,55
5cZqsjVs6MevCnAkasbEOX,71
3ER2b5TBR4XRx9DHiZJ484,0
5IvKtrcNWBkvyW2yXZ2Y40,55
5tJjQIhH6mH3PhG1DjW3gD,51
1Y13csEpu3TK5gQdzGLrd8,67
6ISuXA3UCPMtsyEUGUTAyn,59
1d5UuboIPRMD4HaU3yycKC,56
2l9U0zTBpcsAfCuIUO9FxB,43
7ISL3LO8AWP3fKIXunvqTa,66
3CkjLJYnnyOtGk4Jx4iYS4,62
1lATXTBJDHwawvT1UfxWu3,67
55mJleti2WfWEFNFcBduhc,68
1vxu8vMNshg5J8z3oA7QJZ,63
2DMqiPZ8uLE2AtwHLInHOI,8
510UgVCpnUaQ5ACHW2J8gu,60
7oxHEN7q9V67XUReaq0txr,50
3876zu2BcDL39vLkkJGKLZ,44
4w3InOZmItJiSlhnkr3lv6,67
12f3UbBnYHrZ7vbRXfyDA9,56
52DNTZvyZREUZC6dEjq3J6,28
4kIYLdQ0eoiZaVrGVWLvqn,54
71UYuIZf0TeXAjyy72COVr,57
0toJeVTW2hHX9qYVmdOpBs,57
2vajU8g5DJCuthr5pb7RVT,7
4w5Grfxx5Rpup6mo5v6bW0,67
0hsMhZA3gguNuHOcDsGmOf,47
5MFr2IB9u3t7nYdRL53viF,57
200UDgTJl6xvSejJzMP6Ne,50
70PH29yzcK8ZQVseOZlAJG,7
4ob71GMH7PAokRzPhejagR,55
7MUazB4rGIqFFIkjT95rCO,54
1gAbEXZi4ZrmA5KPQARXrD,54
25xMfbsrHq7gZFtiGenVm9,47
7iymoplUkeIAat6dSn6wrR,11
0HkwDCJIbWijtfKg63gQBJ,57
3q1dhgO6MmeA7LUoz86BPh,26
58U52B6rDjT30RIquT51dE,46
6lFbdi743kgerMZDjSqbuA,53
61blBldjlrjCOiMnRfNSFk,6
7JuGl6cntiqvXVgXJFSggk,56
3t0J8vI9StQD8KIBkT2Cp5,63
4QonXqjNiT2KXPkTkZy3tD,44
5TL60rdO2ruxtVb3dCTtUJ,47
3a4UuAErF1VMAkwqzkc1tj,6
1bA2ZK7CFxEMnyn1dWP2jp,64
59bem62WIxhdH76jIWEm6S,47
310yA0OSNvWriki14qBLeY,8
4ctpogwllZ06lgqpFORcZR,48
4bAmAVdks2Y84VNVVLXFwN,62
6gyAv8ubr2vaTRdn5bftyb,49
69uCmYNvkqnvIpyTKJXZ5P,50
0e4xfVTScciruWRTHG3Myh,40
0EA7tn6U2YpoUIOjN3AP02,6
67jtXlxQs82ATZhfdywYJa,5
5fnDDcjcXKUvJ6iSnpiU0v,50
6UqRGwjwYL0stXbaodTxwo,69
6wHdTGv5xb3HU7As15DLda,46
58aeU18mt15CnihIz4MsS3,48
1aajQbw23khpQMme1AeKI6,5
1L0ZuhK7CHY33fUTQuWG1U,50
2ZIMKOI0DT7wM3qTND0IWm,45
3nbtUMjRUH5VDwhvvcPRF8,48
3Zg6kO3S4FQ0jMfTIgHzyl,59
4PwXNVqkIM8KBuEgYFqDiE,5
5I1K6LJMvIdV5kpHS8tMkr,54
6RxxunHQUOtYojwJGDLB51,44
1Rev0uexcpMr1ERkucbXnT,45
6UW9S0skvWZ9PUvLti7aZP,54
1YEgACMNGb2EGptiOodOyZ,6
7qBNJBQJJjQjYFZlP3IPhK,55
23OzWEhGGgu7RSqzKhsGhE,42
6RBsFW2PBiJtCYZmNpia5G,48
33uV0G85zoAlzHYTJyaGRl,35
5SNTUBSq1Qzi0URdB443h1,35
7l15QDWp4v3TYh5u3pQjxa,59
6p8uFTidsF68EHK5p753gU,46
1fappIhSOUyng8mHEfYzkP,4
7uM7YZwNZqdDMG0NfGhmux,67
5JdhojQ6h2Cy2t6uH5jPAa,50
7ctdCk91bL7jjDx3hmbB5z,54
6n0OQD5aGspHuwFPJ2ePGC,48
2MmmLzAFA2XmKB4hP843gh,46
5wNJY5ICnoVqzrfZMfHx7l,41
0ZNkenDGP8wVlnEwfiBJYO,44
0DHUariIorcAgunTr0GTy2,41
57wbOuofBE6Cb3mMPuQ24i,48
79T9m6YkRCgP0955CE4UCd,55
6HdURgU5JoS6IbMrTCC3QM,5
0k93MXOj0kSXo84SvSDeUz,17
1aJ1xeEQ1ivKGnTeuYolJk,55
65AuuSC0parBq0hAFyA22v,43
3d7xGRzPWvMUJtJanQiD7x,4
5ahvjrjn7ymaeaWKFZrsca,56
3CIzp3oPhSkSMZjANQPtVV,3
4MmESCOyomLv2BmcHkVAQY,3
2NsWGd3UslepVF25pKw1sp,46
5hRVBXMn6TFyOncZTYl7ej,5
340sV0G2e1h5jWsMyDRmc9,4
5ZXmCqIzh9cRaMMfdtHuyZ,48
3bu38wOOaBOOf4OYi23R6a,36
69lKbD1RGW41qnsksqtMuq,32
7Ct0Q46k5PkXzYiNE5D2dn,9
7MCgEv2ovQuxfijz2WZ4kH,54
1kFu2TuUmsARXGYc2eYXiC,50
66MrwENuBlVccH7t848vjD,48
5lIat5pyge2yKkV20FlgQ7,55
0elb6lDN4B5Ao3TWoXYUzs,47
1oLxfF4dmgoKunk9LCQBCX,3
1UtjCEfOU9JaAMuGIhBPBx,41
7vHshinTU8161w69EPbabY,66
1AgZA1lTtCXeIbhXrIup4W,5
7yebvgOaP8l5WkYh59dPxh,39
4mPOYg53faLL6brBcoZ5T8,9
0dqfl4l45vqw2TnNrnbsy0,71
2kBgJXGbVA6WcA40IFA9KF,64
2dy3TKVDEbIeWxeIb8JWqZ,80
1E7RHPXA9sZ30qfms18J7J,63
7nDIflSHQXzaa8zupxwv3U,74
0amRhMUb9wYrDOmSD938AQ,10
5YfqVqJwjxiyhxvofbCnHp,62
3fRIuTih8bzc0vtY9fHhvF,69
0HlMshB5JmZjPNbOuOgFHN,76
04elniHFWwwFHxi3SZlGI6,60
3yEtuhGR8jOtusa29jWrhG,69
6bum69IXoiGcZCb83ZtfGA,7
4Ih0JljQ3X3PbHfmuk05PR,7
2swZ0X1njeU32SNJeBKIfW,73
7gL0eIncXB5ELO8BFMR3Uv,67
0W8NvcMsIuygeFnfNz2KnC,64
5giBWdb2pJwFl3avFUKGXj,52
4b55fVKJprjWWj4KhKgxMf,65
5aLELbBB0Pa7TlGJJyBJo9,66
27n9VDbbjFnEJsgjYTnwTM,8
4Xqpt53kWML7eTObGxQ43i,70
4bUrpXdPZIJMPUksA8ggDB,59
35hemoZQuo9lEbFSS05I9h,58
65qnIZCLVTYdnNxWMJQ3kj,51
3zVf7Ssg55ioIak3B1aWSY,54
2MnKininlD8bY9ggRNSJ37,67
0wDEs6WvqDHq4XJZC0dHhO,65
2gT8OWcAgPg0yawg1qw4Nv,51
3zVibdZHsVH05p5Crux6xX,65
18hnXK4HWm3BxT8QijiJVO,67
00Ro1lnV3V6i87aY4t8Q43,68
7MkFd0UDHlILDrhBjGZH5K,72
6rB5eNXwpxDbVJJpWzaOlf,49
4XEXrp37kZXpQTB2r5vWbS,68
17Sfr3T1chYPGcmM4VlhCh,64
62vIBUC9hTfE4nlT3x90uH,62
35iMl0FlgdxgOycezlyrPz,60
5XyItd5rFfdtoJsWHxON5x,4
2LyHAsMcpW0Dm17rWYa79p,59
217bRMES4HVbPdUe8l8ECN,71
1soECbw2IFdWt5W8Rb4uG7,66
5ZA9ItQp7DyG6pPkSsq3Bn,63
3f0O8XWSxYA2zxLCpq95Wl,45
1ePEbbeWx3scydfir7HBcq,62
23Fw0qh3Onqn2276LiL2pT,64
5A9AILetvfQg3LHyX5X0pV,69
3QXFOKlokWXMh2x9Q29764,55
1PZ3QsCFec05Ls3PwOqKXZ,69
4SbE4uWiMlhJRyqoOwm0QV,5
20rgOJWz8xHUn75OtCYsde,39
1WbXIpiGBJkCiv3hn40iPB,72
5pCmR2xzpvlNXKvYTmiJ6S,2
3fk5fBFB27GbWGATdBpOgr,64
51Qo4o1rz2FJ5h0ie2Okjt,43
77zrNNK2FcNwjtGXOsH4R2,44
0sHZajNhJcmvkIQS4bCEIk,43
311GQYEovWbjZAyTUmakDT,47
5WZPTq3NoLhIys3RyPF5Ye,39
1A474NyT5UKjqElE2JN6Km,55
2ozv99MuHIaE4DZIzAr59q,62
6I1JuzUGxTAD0kDY65fg1s,64
1mjnPkzmQBrm5x4p1dpxnP,38
7zoa1nv5hDuoj7fWh7X4IV,43
0rZlPXF9Kx92ySiY237rsN,59
4sLW4tfhCMYPfiN7u8r9DT,51
3vCeDhrInX8te6SoaqZbvu,9
5TTKwmlIUZq4PNnpZeF6bf,38
02zyl88XvRAQdwbzLQui8y,38
2anaAv8v48ZGZTyESqIoma,44
4oUsaxFNEZUidANbrhbWaM,54
64zjvItFmkY8Q96tcmGQ6n,61
7pnPzV2XKnsCtjSLHeWQto,49
5PycBIeabfvX3n9ILG7Vrv,76
30UA08ePK3varU1cNX2Owt,51
3WXfQDsASfXrSojk9WB3aR,58
5o0WVQVV5bxs13WnWa3mVo,33
13PqqV8pIb6XpdZ85CACxF,53
6B9r2hH46YbSEvnivmeF5C,52
4P0EVqfv3bAlghLra4ueOv,55
0n7NOq4PbMute1OWyAJ2hV,45
3bleyyGEiQNGsvbbFK8u9f,43
0z1jqSzPEiblIxozrI9Tto,49
2e3fohSwZ9nU6Q2tks0fFz,62
1Ql6nNEgjJbVo52HeDUV2Q,44
6VZ9ABcY9QeQSxOjZwLrVv,48
2gYCWZ8uaR3X0QCiRaAujn,49
5AQ5u6zEpcHqwnTuYFesR9,52
3syBpDXkA7BCbOhbWLwEFx,34
41QntlFUOHpf51ctSJHMNZ,50
2comgM8wcrT3UbA2DFk5UX,34
11WuRl9efXTiWYtvB2y8X3,40
5VUR4MhJWAbp2ZHtSDvwJ7,61
3cd2IMv32gIoFO1aexTCh0,45
0iZzWrpdwwFrynCW0bmyVe,49
26T9IOS6Bi9iOUjKkcZsZo,58
6hwmqR7uQhytLnJzt1RVPF,62
3dgMqErrCJWOmSsSBETEiD,2
2yvjjJrWzVzA2zg4VsoEmo,65
03r8a51GORTXZSBCaiGILV,40
6poj56vC9JUu1yHTsv92WA,64
3esLMWVvotR95tEwAKkU6j,43
3uz2tyLRgSzSlhOIXCz0DB,56
0VQr4Bv3aRRK2ybbN2n5xG,45
4KGzk03tmRmFmujHBtvtzH,51
23AlECRNyoiDwmx9o9E0tD,38
6EF2wGmHfnKSVjR3t6Ufwd,50
7wzsI1Gca3y33WE2FhN45m,44
2gGGapSjwJUMTFZ3TUBZ1p,49
2CZp6sRzNcCPkvnrzy89bF,46
6aommJFM8i3iT4inKuDSXh,74
6AEHWKKEglbd8oBJeenGD5,40
4Ko9JaLUvf54PmluMaDCqm,47
2ULleM0ihp3dVsEAzOr7vH,41
4RG27Wgxju2byhrb51krk6,42
3h3L1IArPewYKXLgb6YLX1,45
1XVG9J4jQRg3Ox7WHM6ztO,47
1uWgQtByTaFLR5ld2SW3XY,42
43CGfpQS2COhomAP9V6Dhf,38
748Vnqa1Rpwteiarxartiz,55
3rMqitYF1U4IHqEQjWhmJP,48
0HdHd5mJlqFqv8PqAGDsEw,48
69gBnFLDtc2lub6xL0sfi9,53
1VjQClC73gSUPHM0nCmqs5,49
0GARcbxLIOmzrs0lHpuvmi,59
6QcTLtjZUX9Ft2tWly8mYq,38
0is5MOZLNpo5iAY3M0B9ml,63
155XcCEwMrHE3YcJciCnvi,50
4N4STDrAmiZoVLVFGwDXp3,40
0ftQLiC3Whfsb3b6nWAoPK,49
3IyHmgfNBS3CSSP6zsCjQy,40
5jE0RnYQ3cE3oLw59bUnry,44
4y7MogcFeMrp4QXPVHloyB,47
2mR5kqpXgOndUkU58lXpJW,40
3eoegPFmJo2k7eRUR31bSl,39
4kM2u3kyUDSVrL4yfDoXdp,40
4yFh5okeS2u5iO5vAsBsHc,62
4zZU1HHT7TcfluhNFfIyLN,47
39Yi5kzFTB5AsTy0I81aB9,58
6AerfqsL2ISs64dixwrfM5,17
1jecO8NeYLsVWVptITz4c1,62
6Wco7dkgzYPgwnGslPH0P6,33
5XU7fx5eLBb8C3uFYqikrQ,39
4y2wnQgN93puWVDavsMTUi,39
0WXBLLPbYbYllFJWU61hwa,40
3zaKc0uMw4GI7xHva4tjLa,39
4IeogZMcSklkHiUvVj3Rlr,41
2Xr1RQQ15GeaJ7TFa8CTBj,41
3U0VWhffr8bNtIb9NXLsAF,52
1VgQ6AZ8tVV0uhvhH9usuj,49
0JJ8lftt4ce2DldcEpyrIJ,39
0O58u6HNqiSN7UkZVrlN0W,37
5uDvSztILYXh5GF7Ku5gag,40
6dJrnufNiYJxtd4ZX743bC,39
5KFdGVgTD4wLrlUesiWiVc,51
2MMSi1VHFZJPiAvLdjFLtE,42
4f0MX5DNAc2qwP1pSI7YHT,51
3aFgMFP4SZTEmHQS3UAJzw,37
44E4aMwLp8EosJDp8WyQe4,42
5N2I59WWXb2sxyATLkhCLI,2
3E0LxDw9oYZbuTBWRcwBxc,42
3dMj27D6Bt1wBNEJtyFPWi,36
6iucNSMhAZDglVgJ1yclmA,36
0iw2XtkqcydW4BgdsTyH2L,44
7qD0RyUnqjfGLcRO7GMgED,35
2cElznINAHvKeHzv97ZuAV,45
72B3hbvWUv2pFd4h1KkQfS,38
6ikqpsmK1si8HemHsocssD,44
5TVDnNLRq8ABVgfVqVqtsQ,41
0XeSTQIu2LqnAKdOigQUtT,54
2RruTqdyG7KLnGRhY6UNNX,39
4tVCzrJgmTKvCQznIkEPAb,41
0vtC4wOu5qCztrJXvpWwZw,36
09JRFc5o6X3UsQzoF5ICqg,48
2mCJpbOH8h7vwu2oJYFCjh,39
4AaWrj0s8jwkrQZT41aMXM,39
6kHTEuxVOl4281mEvfMpsS,42
5ntc7RlZu43qOqNsHfEseg,38
522ebhSF4Bquf1OtekBokP,27
0mahvpoKOar4XOl8nf23HQ,41
15BhfwZAJVDPufb6O9lMxB,38
53Jf3ChStU9gJy69jUYRVw,52
6PigN4VPqTNmmc3obsHnZ6,42
6qINThmTDYBm8twguFRueG,60
0NwlG2Yo9O296mEZmcvEM3,40
6oa3KgZJ83kb3qfjlExQKz,38
6lCnlQ9f13pCokyCNfiT0I,35
7vCYM3eDr2ZDpYOie5oVDI,39
7quFrQxtdcIWpezAhMvMHu,40
57NAFHP8zVEhnWKpFjK4aB,37
5VmoRnclAlBtbt1Icr0PY1,57
2XsfAFoTRjddzRz52aIJek,39
2nAhj3MLDEKCRTwsCa7hb0,39
6SCtRnXBnJypWrU67y8BGM,40
4KgCkReDfRd1WAFTqFgL98,16
0vGYO4f8xV0fqEaS5MPR35,26
31riMJMbPsDBPpHS5Yi0Ja,35
1RZll8LQqUMnFVTFVoQllu,38
3h30ZzkjCyx7YfVRmR8Yyp,37
1pYNSCvnguhc0VMPxWqEwV,39
7n5PLRFX7I5gcFIsheqXbl,50
4bmZEbZkt0LuV2SCQHAcWo,48
1HKy1dIWhAalbTCyyYR8kZ,59
6WKynwuNv6tsxlFsnWYkQn,57
5PprWUDtMegwUWZkPwHjDQ,52
5FFKnBx45in04E98mqtfaN,45
7q1HTi8JRpHEr73M6m0Z9h,5
0ZFrmkdubhTMeKduvJiLMW,53
74smyjR4BrrfgUJiT1g9Hq,40
3pm7dLjzj1TlNwxA80LSGV,4
3ao5EtzaUJOnbtjjYRqPGG,8
13roqX9Iow1epU7pMOYmgI,15
6rHuYlI0PyYjXUuLcLD4bK,33
2w2UDzxOhiujUtZjTxeODU,54
2IZlgFPnfBqnSqymiNRaYZ,38
0wi6K89xCYDLPy35wddqTG,5
2wrwZ2h3WoVPYnWOYq6JLI,13
4OyMwhSoV7NywZ4W9tK5hG,43
1AcxJ4t47oSb8GtAlWaxgn,54
7q6kaOmPSc5cXRPp82pCs8,43
6KYYP0xGmFX6z8NPzz3sil,42
5g9EIVLc8vm5H47dpEXFfE,5
1s7MlV77vmjAHqzVq60Vfd,17
1UIKfD0kg5yQdXgXEsZFyB,4
7rQsYPsTMjIfEqJR1qLveZ,54
49rlL3YVFGFr5woYWwKjOk,4
3g8YGS38REdEPlWhVIlSLi,44
7knYmZG6hwaxPiM2EWolTg,37
0FfLmzYvQ0mz57INerkDru,51
1i5lXpzjo8qBAVRvEoBl7Z,53
5tXg9mqG6pLXVevnB9NqNH,50
2AXyvJVjAEWVhRFORkZtst,37
57hO2DGhBI2BbqCjVxpJcr,48
4V8fOkKXGpPcUp7lvFWdS0,59
5JkKam7azyOKIW8Yy0u9fQ,42
39bqrTfp3CrDoWCCQFgImJ,51
47hZWKFZVqF2wvHDIFhgcU,58
2gMxNLe9ugpFAia2NE8OGV,45
6TAo21yrAU1tZskiRxivRm,50
14bmVsdGFImJLshEcxRHGA,3
5t9FpLt6rnfuhSoqZw737T,43
21i7PKEXvd8InFaDT3j5m9,4
0JHJZleYBzcchU09DVEWjt,40
35H95rUd08Fwm0DeDifwZM,6
55lPk08JpWFgX2OUtmTWln,42
4fzQjePo7m0KyiquwnekGx,2
57SRdgtkfzKxzyd4OgEfWW,52
1YPsBcPaUgzDLVMnkNjezF,45
7e3gyE1cDH1xjfHtorqh23,4
1BhhWCtAfUkBQTID7uLgQ6,13
08WmkTJ4aa1yhPBZcgQDPa,7
6KBNZRqnMt1sSRTws0ufqU,40
7KKfvDIIyl6tqeXADXah6W,56
4SN5CP1ReUEwDCm2PcrLho,54
3APg7fIbVJvIuNEXuK34YS,38
1bJIEtBbAA5RKl6vo6v0es,56
20USnYqI2EWN1fLBD2PF0i,57
26IebVGadxpt7CEBNH4eoq,3
0jh1UAMBLYHZrAdbqxkjeY,3
7DzFjsPLcB2CMz7uK0cSKb,36
55UmODEAjd0V5bjmFkhvWM,2
5M7XyAAxB0WFLnN8zsMEn5,44
5ABEwAmOIvGgTWQtBvmGHQ,51
2sGM8poruwUdS3tKLbK9o6,37
4lPq7yzD0FW8HUWQ61Puvv,14
5HMMJiXSrxvfwN0aOwBog1,37
0rYfDnwdsArNfvV4HWgXvd,52
5WxznT1acobTk0pqVEtaO1,54
2Xb330Rlb2zXYzhp3OBMci,45
6jt9ksqmpgggBsIj5pVZNd,48
4uKv2XmKAjB4SmtpmxPL4d,43
4w7aLWzTe5FmvHSbuunVsl,55
1FaMsrYFdk914HDLQar1tz,67
2WZHRfGs61DKNfmYzM4WIm,54
5rUTxVxfvEA4wdEecWm7el,45
0VQUyufAldw4Eitv71TPmg,60
4XBWfrlYYxaMNQ8HNBrasn,47
7sGUv00CPJhdgKp7TmjRdG,12
2rBq9rceYqbr4YIqbSLhNg,55
5RFG2hZsZho967u6Y6Jn7u,51
1DgVEOwweNRGPdYWsfLDXz,48
4d3cCNTG3PUgWhPButc4N7,50
4o7zeDjEoPALOH9ZN483Oj,55
14sOS5L36385FJ3OL8hew4,81
36Qy3bLHeEeDHCTOFyykpL,43
4ZhEevPVamfM1HFBCDYbOu,48
28jVyHbondZd7dQrZVIk5l,46
04c6EIZdGm0BYsw1lUUJcb,50
3Kuu5vASpXK8oRsxOvau6P,71
7zs5zHtydDQ4RTEylVtXRp,52
6J7WMB5GII6pEOzy687jhO,66
5Ea0SrK8cEebWaGaqlU1Pa,40
2ijkXuZ7XQxe2ICFVcnITE,47
6hEX91iLDiAN9cjeGNMBwO,4
4CGcEaOtbf3xkY809oUjBQ,50
4LQpxVBNvFI1QC9Q34G2sl,61
0iHO8dmXhSYCgfow7ckt9W,59
4PQUmnZUbTRz72oAtk3lkn,45
12LQ2VPWJEGOC9IA7b4x9G,1
6iMoJ3UdrO2ZjzzcaN8Eom,69
5Sc7mfH7bm7w9SkZXgQhq5,48
50LkC6kI5monnjLcXegk6l,27
26Nca5uW3NbHDP3kWdw2RA,45
6xUy203RnyyOfbqf96Nven,69
4wfJt0r7lGcC8Fd28Wkr4f,49
5QbbGWoqflXOBSNh2A8bs0,43
5Jrqed6NMJGX0myYXR7s9X,47
1qxGBjpZ7syYNTDiXStNAL,47
0byab45cmZntz74RxcASrf,9
2gWQzeOzv9zDob2zeo5b1G,48
0Y6D9Zztdntz7kOZWYsTno,47
3XQRNNfOG6lHP7yk4DfghU,55
0AcXoZdweaXpvNedObXU9r,45
05iPRsY5k3Bbm95I53ZY31,46
7JAo7wy8BzmP9smtTJ3fuU,65
717F7aaPBGVz777aXLiGP9,47
3LJ4PTtr6UMRzGBK41KBJZ,40
2eWvagH71b2grgDcwQcomQ,33
0UQwlF2pRkr1lMN6kNNUj3,80
6ipp8Dhs33KinlF4BStgca,68
4dLBiOu6BXGaEL8ByICR6Q,10
1fCD8KvWR3y0Y80at1i4Le,54
5iwz1NiezX7WWjnCgY5TH4,86
2egI1hFZDAYrkCgtepoore,77
5g6OSIl8pr5SVpK3Pl94yQ,51
6DrUHF3EWygcmQ0DIF8KP4,67
1WoDc1x28zHmxnPvvM5GLh,65
6IRgwlJMmQIxS9WXbQLAYX,65
2bIIQIXgi5blVkSZ7Y2uTh,59
1fVK9eG4r7r8RFlkqIcqSA,46
4es8O2QvvT1YwjU2xyjMJC,55
23WI5V2eD4EyGKxSl7Pyeq,72
4etqoFocnO9gSKtqtQbwXh,62
392fx2nlTxr8VrMUU9ybqi,47
0UnJphaDGpljP59lXRMaiE,52
1VYdx50j4dHw3fca2EpNNx,50
3UW4SUehKFC6qmaTZ3OiTp,63
6hgMxMYRqMXeM0REDayIIl,45
734vYzX6YKgSDHzXuLQJmg,55
6qhihuZN2R90pvpeaVP8qo,34
0A2g7e4FUHJ5YJq83uyLRF,54
0TgbqQpWj06HsIREGbJoOi,54
37eGbhE1xVFSvcKkqGb6i1,79
08j5bEz5uMlE9zCFvLyaDr,61
3Ci6uIZmFwpCdt9J4Ozj9F,1
2GcjfckZexh9wRRjg9KtQG,57
1Tui5vFvdCRmewmVGikTrM,50
3vmVl9pPrBthxN5VpfnCev,9
13Dm4KwsIxVVlAYXMR31xp,49
2ltjgZUx2DgxdYGxuyhNAd,48
20jvgYvnqySWnNCsHQZnXk,54
3vgiIJW3iSQRRvgYiW86i9,70
5ErnvqMFGlEl3AZdazIiLw,27
16A5ZOVLQsIxVl0HyK6X7w,28
4jRxEVNituPZObHbCSBZL3,53
30R2SoOAsKJmaHzA7CGZdA,3
2OnZJrC8TSz4TOUH4voW7G,28
1khmgu0pveJbkbpbkyvcQv,77
39N9RPD9MRb5WmoLzNzPeA,52
1aV0ZqbXNmODdF2MqLD8Av,27
2hGX7o1gV6cC8s20rJTFsw,20
59Jegg8Z5gDOTkGA6DiAVo,40
1BeAxDuc9FbQNWvXWlO66W,61
0SMu7ylGvRahZQ0aZocIEY,44
0fGSbGIwNNuDr3R8Skz7KX,48
3xgDQRexKiyS4Eq3oAvLaD,65
4KiXDE5NqGi5v4vh2Wpfuh,63
3VXnDxWmTQTxTVW0eCEZX7,62
6knserZIT49dmAKBhVJN4p,33
6NTwqaUxw06ege5fPSFGiR,52
7tiqfQ8TSYiRah8puEJ02l,46
2flDia8RwKyi1S1I1kTY7w,55
4bReoLwFXeqKxy3XAJkVQs,47
7JGjgJOUPjyc35carv8hoh,64
26jw3v6qgZVHDlGBqX3DCe,48
4dTQw3ElTwrTSlA0JcVs8s,37
7chMvjylTedOhNEnRQzBYj,52
5ZQvlEQGGW7XmgnhgJcIIJ,57
2oqP57JkErjzESEtYErCkb,48
6dxPjnXGRAAwbxKKPDxoEE,29
3fFwO4IdgnKsVWBJ094wTF,34
0JjtHSeiCbypt1jWINEUAw,34
7K3ov6gvO95n6M90q2Wfnz,26
1zYerdkXmtR4b3Omz9giOR,43
4sjZp1MksxeS9NXv8sZWdQ,41
0PbM43TJ49KStGWa6QD0YD,33
7r4Y2Z10DO44Ju82dpb4ve,43
6ANDIETazjrN1iX9aQTomf,28
7kRhodBTcAQXGoZdTEw8fZ,64
5e1s5JMszwlJxAnIjqReqd,34
0oX2JtPUzUWLpZrD9sGwkU,34
2FJrDD1ZvsUg9klCy4LjCj,53
0opNK0x4DbKNulbE5a4fy2,35
47SEbR9MiQ1EYUxxkx3mRH,23
3lEfEePgxGH2WwsB5fHC1K,63
76L6IgXkQQgFsDaDFuidlw,25
7E6HBa5KEiHyj3FllY4tYv,57
5VRDemuG54tH0QTaHA5di2,5
1Jif1CkLayvqkCFnQYbM8e,33
19UexFwFsQlqR9scNpqyAb,23
5EuI0mkobesD8SBLQDJVun,31
76wlJTsge6ujLwcvOwbiV5,50
4Ysoro1Osfsz5e0d2hAK33,44
0B0sF6fGgnpYxtihwVlYBj,40
7HZKPjrStKgnQSigwWEvia,63
69yEXv1TC4w4mfUPShEYbk,34
3gr9yVSWSRKliwUWlgNPRb,29
5ruNFnip7v5Clo5J7e0LTJ,15
35nOPy1FXWlSYDEQ7UF80f,31
6ilO9eUhqrTKOlc0Wh4XUT,31
3z9GkS39JLiYHGUqeeKZ6E,25
7c24zQJAIo46JReewQoqpn,14
6oXtGVfDrg6hOJrcj1Il4N,36
53rhwRKKrsWaT6tuSzymdY,37
7Jl757vT5eNqemc6PtY2dA,58
3Y3WwiS2DKMJIKeptVSUNx,37
32oJWBfiKE57Olhs2IgaEx,50
11irxzV5aFcjAH6GrJd5ll,33
1CzYBc7oMCOmnEKMo3tG3s,45
7mE95kOkRSH7MQ7JdodZQr,16
5TcvIdopkgFzBGbuUZ0Rzz,49
7C1trmcQQ5n5RNy4l6ziCv,63
3TKpJrY9q49Mj1JOsM9zGL,85
3fNuYHHay5uUISA3fePcTH,46
4fagZbabdRFs9rcrKceIQg,48
0EdgK7ASb4kfRkW8pVMN02,70
492edpLhOflovry0RJRQ4J,47
1O7LD3kX8b75oLmHdCvGRb,47
5FhYGAbUG4fgK0Q8eQZocT,51
7dLOOzJGQnsgqFcflWiEcZ,54
2wuDt464E6oTVNHq48fEVP,41
1N6zFKgPHfmWAxZdq994ns,44
4sfj0sS0eR6sq3qwCCmLNL,47
1a7WIQgSIwxmeaKOtEOift,62
4rvnIyOOA0ws4PMiZpZgZK,45
2s1tFUAu7atdMKuThwOJu7,50
2pkYhGilLJDAX4jGGOsE8f,53
6Fvhy9aaBvsLBzC7vDEhIr,50
2Lh9Vp6Bi83hNe5RFYh8SA,49
4p0D9nLKX2kHs9Fv2doUqL,59
6ci3PgdVFw0Jk9uL8PTTwI,48
1Hz5ITGy0Aust07MVZ2jI4,42
721s1WVdSDXkTIo1WYR8jW,44
4eMKEM3m4sO62SUVCxqnVI,44
7dkhaBy2KuMGR9SDtUyXZ1,45
4MQ7kuKXAMfpm9KxGe3LM0,59
2OEr2lzItRFTQvtzXT0wOm,51
0gVDmSZXW9PlLptkHA9EHi,49
2kJIiIqbzYVtv2iTpbQts9,66
5iHtOyCXBBkjRMhLLCZMm5,47
3a0y6BB3cEu01NpISciQJ2,42
1cKDIdp2Gsa5d7Pb2bv3K6,51
3iT2DE52a7FkqAJ89sPa5h,43
1S7hEPenrIVKVTuEjtXKz9,66
2r9hCNjupNy2C2g3r6SNz6,69
0U6bQIAh6MCGo1xjbIIx2S,81
1x1tGzVEM8m3cPVcn5lXHw,45
1VpoazEusm1ki8hoSK49ua,51
58tYBkyFprVpfe0HtJqH27,47
7K4qs6xArR9izybon4i4gW,48
50oXdyxJ7xixPeedg4eaPC,47
3L7C7pkqvlyk4QqwbqlDPJ,45
42YabrnORAsErCXyBCdPcB,47
2JpAPtD19FUCNPdPFVo9uf,42
5YN0zHycJ0Yxz31A5QsVov,71
1PBYQRJNn90vYx8KosIiKP,43
3GE52DOmiSQ2R3FHGmYSif,43
6vRCKJDtnrJEcyyzIMa0w0,70
1bFQhFmmfURmAIzyp5nIRO,50
1mxaJVle5gMi28Bjpfuwt8,42
43JjxYXZmBUdWafs4WHa6v,46
6idY8fEvG9gi9gl3L3b3Kf,41
2UijtofYLPpDsqJLOXxANZ,57
5xafH3RXDs4GQqc0O5IhUa,53
2ae6Io73vB7sGIUhzzb1ti,50
0t4P9bDoxCIZ3Wa4HjgFOG,41
5yAcox3tS3c78EMvZ8Gi1u,44
7M9w4C8WenlvWfNRAulZOX,77
5VAME3mVIuLtW0g2Lqv9hq,49
3zysdGd91RB2oMEkSQVYno,52
3d4opgagC9pd2fhDL4HOC3,54
6aoGtdWXBkYQ2O2wnyIz2x,73
6dji95wvWJgIxi0f3io7mz,42
7o9SNYNMZTLtWo5W0IH6PI,45
4npV4yaAqVv62cSIWmPEbf,47
3y3brCCecHC3Db18aIOnny,79
1MI3mljRwv2P9Nt3devOTF,40
1FHqE8ythlH0NbgBM7cy2i,40
5F0Ri2uaGz78zLg2RifvzO,42
63lqz49MWHGKGVoOJVVWwo,39
72MNORxPoYqbnaEKJArZod,41
54rZW5jkApNTZ5FOqU10bU,41
7Feaw9WAEREY0DUOSXJLOM,83
4n7jnSxVLd8QioibtTDBDq,83
2Wb7cfgUCj3C95H5vCrsGg,38
4giQUjm7m3rffmwsh2dBiC,48
43JztBwps5nHk69OqYOv9D,51
4mNOezZPgOhiVLf0T3U2H2,38
5NIZUEc6twysdXCpP52QZi,47
7BbDdO8vovsdClhMFK7pOi,48
03MG0l3WB6a9dJkXqnhGl8,50
2aRWvh5XCMy86wmRsL6sFr,39
44ETcHYUz11q8QbqcgSwL6,61
1ya5gWA89bk37QnP46HEfa,45
33WaAIUnrgkyeosXb0iXNu,38
35FIDQv0u26DSknDahmcdz,41
1uXl3Nuhgkwx28NIaCMUzy,13
7DCdlReHytM62WN1KBktrS,60
2erUyluamWVQh4J9fZmEEN,42
767fgY7pkWxWry1qjDlXcg,39
6OBMQ2PK2v2YhYbAssXuWj,37
06BrHnTVDOydsfg0LZ6mQb,56
76pb7byVgncOfaeFzHqs5M,51
4tvULOtQiimA3XkmRl9xVn,49
1CtQClLffhYcQKRIAtM0qm,46
4cMBFU3ZjlbscquikM8sM7,45
42x0UBMhimdj4cJI7R3tHp,35
2dfAAclpEqZU2yAZg0vShU,38
4gdGqn423SFKDcmglB95rn,36
5xD5mG8uIsyxA73S0nP0Rh,49
3DGar7krWlmrXRFHBcQF6z,74
57TxIrsbEN2xlRvkjYzUeD,36
19OnJPfQM12cSK8byhmk1F,39
2rR28FTYFsaJQtvatVq9De,33
5ngSlq8HPaVvz9NNam2zih,37
4mw8EFpRFtYBxLZ5Tso2kF,37
7tG7pY6DLgpCeUIIPIvv41,34
5rrgrV39SifIwb4Az0RDsn,36
5gU4UfBPa5w88uDrpcF2Kp,35
2GC6IHhKKK6E5ti0xozdYK,35
1hz0SWhLPWKqpGiEBnWFpm,33
5Bsaf1lRrFcRLbLeGRm70p,30
1FpyIuBKyNKG2O06ZawDlo,37
5JNHieecqULXHLRgJpAqIL,36
70aDcXXp3gYIjhuYz2SmBY,32
7A2XFVNvO9TWB0mYiP6Mc2,31
30ZhaZWc3F9gvOdA3GFYn1,34
0rX0u6pOKV1EUZFgDkPMSR,29
3lT55jQR3jCGNXg0eLnJ4T,36
24j5At5CXjL9J0zKDDieIu,35
5Uk8mepfcsRgKhH3MFA3u7,29
2mET9mh9cnmcZ7WeET5lxo,40
4cG3yeSTHN4FsrjQBnIUFB,28
6bzv2B0L5zDctD2j8mZII5,40
5909VernmFpmjtNuYmEvm6,35
1lAwiSTdYv2QM6diNuYtYi,27
7h9amwuFvQAqYZVaNHk6Gp,35
6MY8JB1THlKqdyqe5YSAng,30
1oIdcFtf58sZbS7QyZQJ2P,60
4Ed7NDNt5NmyVKcCKLRjjG,47
2ahVlPHe8XlXKFjL2zZLPD,35
2Rl7eTc2aCUte9eVEvi4Ce,37
0YC10NaIHTVyQmdB8uC0v5,34
69Cm6g6cFre6OQs4oeaJji,30
6lvKBxr2KRLwC4qI16Gj69,43
12JJH1FR5wS9URi8qVLELV,31
4GlM9yBl7W9lBMPQEWoEu4,38
2rR9h4WY1scxaaDuVacT5k,30
3pSfoP1xZllxEuZ6Oh6ebn,63
1Kr8qVQBldnHQbaMW7wS69,48
6qynl60zV0oHvGY57xXaG1,37
3zbSYBDUbDEbqUIlCmOw09,50
1siV5UzcXuFK5tMUVQ5KiM,39
1GT0Q2ZTeKtIBueYKr4vhr,66
21iD8UKoYicaMmVISo6Pi4,61
5fSDXbY8o9pA3TKwAbfwML,69
72wEtgEkcLQ5x4F4ktiVSH,60
210f6k9YxkeQt3ZThb2wxV,58
5zqb9vPcTA8rCwvIJQSxoO,58
62yt8SPi3T4P3iMzcZoWY0,48
2sH1DIngiSA8EQfkcQXpBq,54
0K1XXuhaJBPWMcgjj3ug3u,50
3DF2hxIwdG7DxAwr9DKpYe,53
5AYu4sjnd68gu3NkfM856Y,1
5uRd1tmUAvfFGSPR5266Xp,65
48svUiwMMYQRPyesVEnof1,68
35AoMYhAm6slJkJTB5HOge,51
4nyoGMA1aV1wjq0KqtqnQY,40
16LDbpqgCtvEZDQ5wfOWrj,49
5fq4jxlqyjAVFLOB0lZIdT,54
6QSMr4Ok2KiGIg4bx03voz,54
28DGGDoEqgw37Bf1mXPzaP,40
7pW81pPhFRm2zcMM8xemyA,55
211Jwzk66OtOIfZeOYgj95,38
7qozat5jqKmwgs7kLo2NWh,37
7iGi2GMQZEZ2OCSiIu5aAi,60
3U4qk5suqEgGrSgrcWGCaO,35
6n319f8IZ6dDrx2n0egj8L,34
1PHtrsNSX7kT1xvmL6JPbi,39
28XF6A7PGV6eTC892VA1Iu,40
0IOl90pE2n0Xk43q1i6Zup,31
5ZmHL8Qgu4SSdgv1F5HsBK,23
5qpOsk78CSOdAc1YQa9yVV,23
33Q0VIsdJhjjG6kbFPkXGz,25
6c6JgrtZ5OfOd4Eq9nyPQL,14
38fryZaf1J2WxQfetcJncy,14
7kQxPgKQx9VKLaj2KtUrv1,39
2cBNg1EvaRCTSl8xHeYJCy,17
04NdZUAWOV9qMseKt9NDXK,19
1ec7hegul444eQIQKT0Pl6,17
0FNncxWqxQeccVxlwBo55N,30
4OREn9rotePJ3DX7c91QPp,14
78xQAmZvT0rLAqGEMSu1ZL,34
5TyW3W9NrJA38Pk3sdWq7F,29
4im0rQek6ndUW4eqMPa8Z2,54
2xSQ05tzoYMBIuJQUWUe56,49
5SLA6uE93kQsIMX2MiLl0P,45
5pbRoC3jkKVxmR5C51ua2i,27
7wUuLKb6d4XnycwcU2C0JE,61
0EFySktVEyCxSWWPCHbSXz,27
0w1QW24BtNZMQvVHRTLFYn,42
0XsxkeJTGfto8ea2Ya41P6,43
7mEnJTh1DG1grTeGexAOjW,42
2joDMe0FLqT0jqOlSH3FvD,38
7ivzri2A4UwtkFj0v69DME,38
6zddqIRjNzePlJNOF2W6IS,32
3R6BkHp37wmjYlpzaU1ODd,36
1Jt4VUK3aUpfVbvVV02PLt,39
4txiOcgZkXgi60EprTZp1f,36
1qHdG361ZY9IVF5QiwajKH,30
0hOpiCYtwEYqenDr8ME31H,47
0s4iOHoggUmyJVT8xkF91t,41
6dvNENlPXw02bT5TiWiAMi,35
3BskdP7i3VfHb2V8MiQNgh,30
7MjwVppOnmmhM9cufyMHzV,31
1ThRQyaQ01tscygb9IZVH6,54
21Lt7mVtIA5TpmT969Gncq,36
4G2WtXPgkDl0dnwzoBbBSj,63
4NEIzOoQWNYLglS0iWzfUe,45
0DvqAXyoA7zRB8wgH0DjRO,61
2yYbsgAPuvoFQyomzNvmB0,59
1f7e2KsfiEhmEmhKAKqqhr,44
2HL746RqBIfvVZZK0FLuXM,59
1HET5OdOXWBaBES9e4k6ni,55
28ivSOZ5ESpdKvS4XP2Ibx,50
3qThAX1vBbI8ATxS2BP1Oj,43
7o2SgrTlLry8e0pHJrdqQ5,51
6MzyclGrr8mFu3tWUDilzX,60
1On4Zw5nSEJKpGIGSK8QYd,44
2FKsGoYghIBDdxsXXBIfJg,54
14kpqRxMt2iAvNvMEoGJws,60
0thyWOAQnRjrk46kUK2FZu,43
0PlUMPy4OsPMQwUn1JEbYu,54
4Y7Ti1mRJlqNwjrUoCJhB4,4
71RJdfj98rgn9By72ky1hY,42
2YsEjFulzaAjBNgUcSxy8Y,41
2YmI6AC5oNhaAa8mAAd0JA,41
3fVGdhLSoJSZzrP2EISemI,49
5j3DMUT6O8pF1Eobm0JAhc,6
0jVAASD83TspRi2gG53o6R,55
1uGJs1A9hoH239M2Y0KJB8,49
5BaolTYoMS1V2mQgpeHTLg,51
6LdMXBL9RHbXWtZQ8GJCWs,54
3pryp80305v997WVunOQkY,53
4FfxTYuivKhlcHsA5HKLE2,51
7qrBYrivpvfXUPBMmqh3dA,70
3NmwUAsMVQrfSTiJHz0umD,51
3F0mcxksBp33QrL6oyjvLN,62
5VmL8CrjM82tIGWwum8Cbo,62
2uya74pnB7L0uKJNUW9Irj,3
39cmQVtCidRVYC6MC6hLZe,48
24Jk4wYlLRXI9TUMdkHoMN,65
6ugrRFZUNIpLiqhLUgC7ix,63
6pPdSiA17dUM773DCRFhUx,56
2jK3oL9MV1hb6sBtUpt4ZF,42
6LU0kE1IZ2Z4NzE5a1oPhN,40
1r5J8bYOWq1Dal5jMQ06WX,52
0cZcOtDqLaavK7LowhTBsa,65
3gGiXmOhMcFZwtsNZKraUc,41
11lO14k9p97GWSMdUpjIIF,3
1PB9UotL07ZdTjarKoL7zt,49
06bGEmVqy2qwKINAuTWg7H,41
7j1Y0cl0RqV74Gl0eSvDgS,61
12iqqPRu2loZsYRwhYF4J4,45
5cMHH1V7mG0gHKZNo79WCL,21
4YvbgiIq1Ztj01sGfU3RZk,40
6vDt7HlcrB60lK7gsQRr0e,40
5A1ttHJNuGEoPLhhoHpzFA,40
6qFZbhksfzJOQ3LbXzv08h,55
6s9xry4WwV9va0iJXCEJPQ,40
3xrTr8ALJBHOomX6Dt9Nz4,40
2ulRjd09lFHVNAiASlhY72,46
4lhe5Iy0XVRoySNQYMvP1l,44
2yn9vJb2G9vv6EGt4fP2QB,47
55hgAzy1kaC0Cn7EFxDeUz,42
7y3uqmsAIB03D3gK3IR9It,51
0CNuKKi6MHrr8DqYtpzbCD,50
1fSHWLTwlHMnNIbF2dhP1Z,52
3Yz0NKJA10ZSYN61e89wZG,3
3ECmobYasUM8hdjaSZHm6E,42
6G0GTbxO22gTCjO3GeNskH,42
2tIvbLbeKHBMFIJV5YT5XK,40
6cW7FhUH5KInJVmIfWcOXU,41
2plFJ8lWAbdeNrK7sDaR2I,13
0gwpTcKlLwn8TnYsoZLfRl,40
2QFvsZEjbketrpCgCNC9Zp,60
5sm8mtcQQOhKT8YgCBwVNr,40
1N5qne7lyHKzmK189SqFh0,40
6xPn5m9gUIDqhe8EBvdRIP,43
1Ksf0moFKGhOJ6uNgQcEAT,50
1OycCM0ijoTj1aGdmRlYoS,45
5CwOUooch74h0XarhDfAQK,52
41ngfIhPv1DkwHozVjH5Yc,71
3BzfDBrjyvLLyDnhTynkOM,1
17kqaq39xg9nP1j6goQW5A,54
34v7cD6VR3fVYguedQ1wuh,54
37TdJ5EWlM9Jfw8IqiUHcm,57
28ilcqErfNjitJ7T3byHoX,51
0XhxyzxCoJ15QH3J4HnCfW,65
7a3eLJPSgAk3PQbpYjrYdM,62
0rtT2DmXIcwqpcXVrX6C7V,57
6ADPydLM8fmi6fjO9ZXAb8,75
7oOeB6z1yHE3LTlZjJ5XJ9,48
61SiFnjiY36uVSTBVXK5Yw,44
0X2IqXRelEA6nYthvvJaqA,50
5iAB4tlYseBES4MKqgY4KG,52
4fZfIJC86NiTIQJACILG3i,38
0Cevaujuf5Os3lb5KrV0IH,1
6L778PA16SuyYvFhqnMndY,5
1cG0umU5TKStygKsPFZ9pY,65
5sWevAyvYSRzGpIsdsRvJi,43
3f8TbkkP0VIdOKvLTMMTvU,9
05qPqSapbaCzJAdX681R9A,28
6s5smacBOoWoI08Vi6EX5T,12
1D3ODoXHBLpdxolZRHWV1j,9
7aV2mflaASUmGhCErm7kBO,11
2sTe3y5xjQvVb9tDTVaI35,48
2FfyiTnl5OPa1hYdCWZGdG,5
78mNkiUBAwHqjT0QOeEqqg,48
5hz9DEkahyWoTs3rxJOTtw,9
203t5YqpCFmIdxj8hIotxo,42
3qaYuV5XZAwiOvGE91HhwS,48
40TogYyqoENkImGSObxjyb,43
2CPqh63wRVscbceKcPxwvv,73
2xlCyb1ZfFad6np6zx4hhw,5
4qH3RkbFgzxYyXUD8YC8kr,5
2H8LPaY3NSjmOFMH2Rygnz,58
0nPj7f507HUBm8BCBbv8on,2
2K06amHdw8ZPWI75Xvo9Ij,8
7zTvQp4PtrffInC7SeYp8y,0
2FfH72VskV7KXasFtOWJs7,33
1gEK5unpcVyBc90uJRBtY6,50
0OfZ9imMwFU03zc2wl8pBt,53
5eT5eYhcRfx9cjiflxZh8o,31
2ClIt2OnPCV2gV3dZQxyBz,35
2VYiQ9ijG3NER2aevaxzDi,55
6v9sCNj1KY3wblGJAohxX2,2
4nYKI0JqkWfr1YbmH4ADEM,48
7uJz1nHWR8TScmdnEhI8p4,1
5Sf3GyLEAzJXxZ5mbCPXTu,76
1YXq6U6yY6aQ5dkndki7KC,0
0ziRV8KI48IxSP0E5P9Dh5,0
01Bw3xiZ5PQfn0btMWICaQ,30
1w5sLDYzYAGI0AkLc6FPlO,10
6s3GEN8wK0OMzzzZbXj0fu,71
7gZQfdEQpmwAoPHSbEHzms,59
6ksRossV4vKsXntCCZbhaM,58
5uZlU3v9fq5ILATfqHvVwK,35
7DghkiXPUCoMMKhWIboyU9,5
3NBDgwEAGMj0aKRsU8zoO9,57
1CUVN2kn7mW5FjkqXTR2W1,21
5wLsOFWBXXyoAgX7qQ6wbo,1
5g3W328MEzEqIw4yUq6Nx7,44
0h4FK0CnlZ3oJnZ6quEk1P,9
6oJ6le65B3SEqPwMRNXWjY,87
1J2EmhjTmHQxLShYQK7Xti,66
5WeryDMDd3BtnIIPthC7Gz,52
5ow0sNF1zSqp71Ix5jEXWU,71
30cW9fD87IgbYFl8o0lUze,74
5DVrMqMgai3f6XY5KUWkky,52
4zLSkwZaiMfzzapPCbdG90,65
1Xq4fBayQtSJlcYZsPDY4C,51
1Df5NAhInalMVZzqWnZ532,58
6sYJuVcEu4gFHmeTLdHzRz,72
4GLqrUBRMEvsNWDw3Wari1,49
3TLzNuGRtUjv7uljs9axY6,50
1w3On9LuXt6VipJjV4Pqkz,52
164C9bSF4ryqWXI4XgxTE0,60
4GdWGOxhYaI9RBKWXMFFdd,47
6nlXWOyoCPLXXWaklOyQcb,5
2u0oTsc6XcvJTh24ynQ1Ao,65
0TrIO6sENZNH0yYGhNyLdK,46
1s4fSOz0TQWTb7TF9zzzut,44
2B3Nh0TkaanaWE91rwYuCY,46
25Gcp7crmmuOxChMgyn1F3,53
0y3elN0Dm4b0bYQEQgTatE,53
4rDSyP8usrXMIIrKSRiYeV,49
0jGxutnB4wwApPhbcvCJXG,48
1mKNyZCNDueEASgBgZuLdA,71
5yaKUbg0audYFIJbAuE49j,56
5FoYSQF0IaVwS6M9mlk6C4,51
4TkFNGOR1CFxSNku68JsqA,42
63VdY9XtqKvfgwYKHLUFJd,3
3xq3EhulVamWqQD0TW7wok,51
12yuRA3QEtQzp5LNcxjWCn,40
2y9mJxMvj0Esoy8m7HpiYd,36
43MBa6HQj2PhJNmF1eYxrc,51
5afHIkEcVhCF1Z1CTqMUXB,19
7uH20mELeQelsiMNCh78gD,3
2QTp2o96FG61yVAxZTHqSV,46
2bCGBbvqohNvKIYFmiLRmp,49
5REoTLUGvmKUMVdKwKboUn,48
3oJYe7NI7juu1HIGyyvwec,51
7s1upm7yr7ZjrzXMwHawtG,53
0d0ejCZz2r6XHN2dL90rdu,56
133G9W0ZHEi5TfZTWTYXGP,39
2A17f6I4fh6GqYX0J8noGr,58
5bXCZjkbFwB6TSOtWGTpUW,49
6EovA9s2HEmYUzRtPMJOgA,8
5fOXcRHJkeNGHWxSw3zGJO,17
1EkfLPVfNN7ycOpCattXKK,22
4jN3Z0zMgEZN0EaVVOU8xG,35
7bCka65kiFIPTW4PUyisel,38
1raJLuHKTmc3au4fC2pmRm,39
6N4LFje2fcnWdQVpHjiA26,50
4GRYjEZJFqpkhsfEFcT9zl,56
0E6xTGpajvolhW2q5PhPP7,45
3AwjLdGpOybsErzSqLBF9w,13
2wOVXsIRIoniqipE9I5ZVx,64
1Bt0UAApn7Oxdam3lQs1vo,58
0cbn4t2YnyPtXqgCpS4rWQ,39
0DKen77OXbPxnoPwH2MH63,55
4lY8mRBZkiDCY8F1r0t3Za,38
3RKkNFJuw2UzK1RvnPch9S,39
4sx5kcyZVyRd1okZAJQ7jX,31
1W0gLe8StD9A5FXESAGltt,43
3L0Dg5V8V4XLugW7PXhKdk,46
0z8yrlXSjnI29Rv30RssNI,15
54h1KZNoKk1Fx9bqUq7Yp6,46
4jsCM2UzMuRcf7Zu6TniBn,0
34zDUyiDm5X7ncq2EGnpSZ,14
3I5Xmqmng3glL1DtRYb4pD,47
0jmTp8jaCOm78zrdzdvmaq,0
3xVEjNHCqpQ7EW59TMHGOW,31
1cWepLwVVDgyqxso6G4TQU,49
1iTKkkgXj8kJkGdjGGBFqL,9
58ENoZ4jRR0tnHPagOwYqk,17
27NV2KxoQ8WuLMqlTDI61F,65
6Rvj9TmRsHXU8W2fVz871t,40
4y0wgwic6vFqUBN6Y1mkDR,56
2jfCy43LsFbCQoB6HyetlY,57
7HbwANSdBmfQYCBvBZgvqJ,55
2EHu09nPab1dk0jySbkjEr,45
4AMY0oGSt7vZwgxDnHCJBr,73
2CIzijl6ok4bxdROewGbTO,44
39vjhX8dLrfFqcRaZLZjTD,35
5UHuuQGEgMbZrYnHjQG9ny,56
4o68Jw0pYx8zFDwEgIGLDM,46
3LHY5vSKZzxLy3Cog0aG5B,2
2ZQiI8jYatiYH1Kmidmi6w,5
5a1NxBGa9dwgdvKglynrfH,46
5j2zA6PmOe8JSz5T2zbnNZ,26
2h52enO5BO7P2DVi1mhx0h,35
0CPOpfnSiGwlyLZz2oTQGX,41
6rGWg9KZTJPP8TIQegYkzD,44
65Pt6tIzWyovMiWAAQPf37,1
4oxGB15UDg8WhpZRXjS8XE,33
27kFufUQeqOUL3pZXw3O8J,52
0qc4QlcCxVTGyShurEv1UU,83
4sQpNNOOXtef5Hby4caOr4,35
1CwLl4IIMSeEtwsyZ6fdzh,49
4x6GWKDxTZZdzzvxD42kjH,57
2KZ0nTA3FFMUj2TxxlkLTM,48
2tKIHrHyuaA05qDKwuEdWJ,46
6egZs0Mbe0ItRMU0uEYM7Z,48
5Y8tRPmMejeSw2B807Rl0j,51
7bM6h8USoeXIduUKqv3LgK,39
3h1L8WlvLg4KbiIdV1n9mA,49
2gHCys9k2MuEWXNnPvzWmb,36
39swwALFDT9HD94mD4wdVM,36
13REzt8iuHA4V7HXk4eIEa,43
2uNPQ3hwOueVe35oXHNEOx,62
1SN1vSPsr4V4tIUTR3s8YW,74
50AtbZbvd3OXD2NDqy4G29,57
6LwNRG1Yg11VnyJX7ezpyy,47
1iG95bFX5nCh2Ezw1Uo3yg,43
0sSR1w67eahakowkEpWVln,45
0uxOeKkKWQiikHzRGhx7Ec,45
0la7YuIt0UPKZmx4Q3xnqN,54
6SjKZJ2RkBfmWy84uPsIWH,52
70cJZh9z6pfBYmghV6fuBX,47
5kO4vC58fVJPuheWXrTviG,47
2vwiGaMtP3cKs5uZIXYGsZ,41
05QSh6nyG3AEBVUTrJPgIk,35
3YPhgbRDotBitv4FQBnoum,59
5vDE4tylnFfvXFksEfO98U,46
5AKJMGENVpdL2xnizLUhkR,50
2cfiCd7LzgpeJ2WO0Bu0Pd,52
6PRyUxzDxfwhJjn71SNUkk,52
38Qz4sTLXNcSOylmW8BOGx,48
2Y5zvnsVjcIUPTmkFJJGqM,44
7ehQWfxXFsY21fez0xjxgf,33
2Gr2p9oVuKiZvnCkPP424l,29
3rMu51ZwOmmpHaHXXngJZ0,53
6vFtGakq3y0mYVyACQGeJ7,51
4I8Ln1FQJcGROtwxRXqtqy,48
2OVzmJZRQ5Kl2kRewDsQus,32
2EAtQdFWXFRGFJEjP29cQL,32
4ooxGxWbItZv2pnND3tYZj,54
646Wz4xdssf6BWU2dXvFTm,53
2SmW6wS2CYYAn6Kl4r0QbC,34
4cMpm4doZKAsfJ7yNe9N3a,46
47y8A39AK1ztBnUbhcBWIb,52
5cOXyXJhGWVu4dtkkTiQCD,32
2glGP8kEfACgJdZ86kWxhN,62
17nGEa20jceT2qypJnTOse,44
3BiOfKaTEKs1XyM0fmqzOo,8
4X2R70w0SoRlkuTEzzz7zG,38
6EnGa6zjRcG01Qhzw6tgzd,33
0vbtURX4qv1l7besfwmnD8,78
4MP1v8NFAFbMQEf0GuqAvt,49
5b2Ciyf9EQm4RHCzSbnfB2,52
7wPRHlzWJR9xxbDBXAHNBL,35
4pRgU9tlDnPVQV27xOOryV,8
1J9vFKjtJCR5WqTswBalnb,33
6bIHzoGwxPmQZS2uAPyAAa,46
2L0wPdpLIZBSMmkS8RDFtw,59
3c8iiZGfEammKJuWTErE5x,72
4QmX6NWDXToguEWGirkAA5,46
10AsRVRdU07cMAFHeGYO3c,71
0BGDxbVSbFN9eKHFFbDNzL,52
5s7xgzXtmY4gMjeSlgisjy,67
22LyqOcHM7dq7nI11S6lqO,31
6HTJZ0TQJVMSKkUGzAOe2h,69
0y6H2J2bdEf3QA4G670eWU,55
4hBcYYxffKQJXKEXzRC7ou,16
4J2N0sEGWYe3BTqOCYI6bT,32
2sZGmtVUX89JIhO0JIyryO,37
5GoYN20kgpNbgl5IFf8WHx,43
4Xf4XTwmxHIm24UcDjOuzV,43
1Qg0JhbqPhYki1a5bv7NgH,60
4CgPVfwTK9tumDysON9yXr,0
6Qi0Wls2EaolwPMPMxfe5f,67
0nIYXJd4ksG3kGrAjaOUBT,45
2Qz0YDWOWaWMBftuI9AgzC,44
7DSBxP0sGTuEb249LMJSLY,67
48z5kj9Bf8GBpal49ApDO7,23
7INfYwbvv3gvkknVh7KTwv,33
4IoDxHbCBSPcKm3DKUI9vh,43
3bnEhDlFFXeCyyYhbRszW7,47
179wSw6TBxrM4aiEJ6SIyH,49
2sqURk6kt3v93PwKpt5xF2,42
2lQsQkVilu43cjz7ZLeswm,5
6splO3UF8hSmK33y5fJTNk,60
3A8HHz1hlV5kLeTHo3Sxrr,3
3sFCrYlKCEnrTRfXEafPai,48
2FiSTH0GYpIioUgjfzMIja,62
3ugmizSA071BoGL7jzd272,45
1SNoSoQ3JZldOhzBY9gw0n,48
6FeGkJquvWWoAOa3rMM6EB,53
5XxVNCUCqE3F0jdD5x19mv,44
71PDKjKF57KG5P2pCqkk76,41
1SbA2MXx5rGOWEY4Epoeb9,32
7uzudGwu8EG5deuFD7EEJm,52
586K9ePOONPFlulgR3zXuv,25
73CnMsl2HyVetQod6DVPG6,37
2JvJVg3ad7qto5pTH5iOJt,46
3WmO6XcSMQhw2MalKEaMsd,42
1LTR96tLqCxINVW2MkSEFf,40
4cdd0akl3V1b4HdaVpSvaB,5
4OuuTwky6Lupc7zDJNtig6,54
6OKaib6HaebKVCL5VOoIGR,52
1iKyjqjWU1rb8NjNjFafRJ,27
6ESNh7PDqAsN5gqqVxZrfs,1
5Ked9UzXD8R5D1rKy8OUiu,45
3W71YbBGbRh83vUPY1RNzC,37
4r8hRPbidDIoDPphxi78aY,15
5bAkVFcWMvxfgJ03rBn38s,7
164JzC2DyCcYoU6t04ERZM,46
758qW1kx54rx4jhzVGxk1E,5
4O6WRfwTUx0UdVuWMC4jeR,44
78l1FFaQDPGn6Qt8i0p16S,16
2u8KFbrRlmHEG8obO4wQd9,27
1QJSX3qst1uFk0cyqUOYhV,3
38tGRxFP5NkWbtOWsXbQ0L,49
0rgeqFt46ZuOKiEbNWQTQo,25
2AK6cgxQCh2Dyl7WzayO4K,0
25XEG0uXmn4AhvxJ2W4MJD,3
6ESkvrWf0jzOKkLTjIWvyT,7
0ZYFdEG7MAajh3RSczkL38,25
2d29B8frPbRpZdsRRYLBwW,36
5Yp8d1wlkpup010VvKFEP2,3
17Fd6Yb7mSbinKG8LoWfFl,17
61lDxV5pn2UdumqMpdxCKG,58
2QdqJlf2c9lTfv75XcJfuB,29
6CNkys3SxXamQxBHmEnEke,0
1rsVwDHqRMEmQKyd1SUBus,26
72ZxxtVWKGiICLhyL2Fcix,38
0V6kdRf7G8ajCIdjiLx8vI,40
4ACmlsXDW7YSEic8zENrLO,39
7zG0uNL4qteyIvumsNpIH7,35
22dOHYsQax2o2CYo6TD8Lj,19
40AWFoIxJs2E1I0HM9hWPE,5
0eTcL2jmKq0uqPPxNXyLOI,24
42xu25prqjPvUt26Hq15Qk,32
1GrXRNlO2NRbyBgQMxWAY4,0
0OlDAMgVVj8MlOY9CVgipd,42
0tICYNayWWhH9GPeFrfjfD,20
6OZh916QF8XNunWaP97WEZ,22
1Q892IxtZRwQ475cZMseCE,29
6jiDCykWPHvMlkYwMUFYvd,24
7br84ZQ7X2IGahwaC2FlZs,8
115ndcAyWMabNy7WgUzP7t,52
53Y0kdCa1CZ9gRqEuknfwy,64
11BAVEGi1ivJ6JWLqKUNrZ,69
4OZEu0Vwq0RB2LAq14v99n,9
2XMTqoHHSH0lvuXrvIEdco,73
0CI422U7nhDLnk43s1BS1F,51
4tRLfSHpbjlIjV97RPWr9Y,7
4qqArAiTPueDxIp7cf87h7,71
1h5B6MEYfJirpquD2wXXWo,40
0tDC3KJPPu5eonGTtCURpq,60
1vvNmPOiUuyCbgWmtc6yfm,77
5dyDkXi1bnQKSyIdO0JXp8,64
3vv9phIu6Y1vX3jcqaGz5Z,73
7lF2jb4fv5KL4ODcqU3gwc,55
5F2lWCeBZMxpo6SG1Q3PlL,62
6INwti4FZM31l0lJDKbpxn,52
66DTTmu0lvfoIloKnHRxlJ,53
4hi9OTFKomNUlAIhp1fmap,59
6KM4tiEjwkzDNMHyDQcuO1,59
54KsfVVnN4YWI2mMrnyUcC,52
49HB6swcoMMkNYmsa3wltv,41
2xi5RFdO9KqA5RFK8TDKGp,48
0W5SiYQOGUsgpmL86KkPJz,11
6Cem6HiDOqW3y7UTpEDxgp,46
5F5qG3G8QKNKENzvQ9IVWO,28
7q3FTiR32dfAI7JDBiFDRf,36
0WDAYiPgyIlAEaZ6sMR5T8,61
7ET8mcV3jlYSNj1zNF2wZa,36
1vV2FBKYvu6sJDqzSCNgbI,65
1INtYY3PE2RP7NrhHOsBaz,63
4ZTWBKgutQg9W9GP4cvxhC,50
1UmCNkCRROcsD1P2EG51cV,48
53Q2NHdKe89yMdpPJOp8HR,31
2JXYt7cvHxewxiKp48naPn,59
6U20jK4eAcXGUuodqMugY6,19
6C9wrNf3MBFoy7tihOMeWI,27
6gpLTvmHWj12Z03hFgixkH,63
00SmB7n85SKROGjybsyq5i,66
1Om2ZfnIx2dueS6LcMzlyO,56
6tf0bXVfaNy60dE3Yn4Q8o,56
6B3muCXwwdw6sJt6AuJ6yp,3
7cY3q6uDDuPfh36fqxPEPy,60
4mXfHJAMHBFwq4MdQxne2L,56
1Z0zOAIq0DXxSH9vHSU4IY,56
16X5gBguFn1dOffBAjUrR0,38
3wqiVeDEuINdILkxNlaYt3,17
3paTt8B6ki0HcvDzi51hdl,17
3ObQ1tmqMbTNr1v8Xvse9X,47
4dUjQtr4yjUOv96JpZingL,48
5DKF4rdNbvPLPXDGeZjEYk,26
6d8RFdDzBVza8bPXd9e8pe,17
1lF9Ax6hf2hxO9t2EFtiRl,2
6nUO8aoRWfBW3APVzLpF0q,12
4ulur7b6MbRLDc40CUKs0r,45
7AgzGGSI05iTPSP3lYJa2s,15
0aQct7Yag2imXtt4zQtHah,16
260V7huyJrXnyYe0dFv2Fa,66
41B8uWkFRVHB9cQh8LMv96,15
3VtP05IJvN5XuPDtUTRk4L,43
5y3X13iY0tzK9F7BR3D6RQ,45
58cTTb09onK2xQaftB7IGs,16
57lr25MGuxVR2MElmOqDgw,38
3NIa5Ttfmn84XKfgFvOk8j,16
7FLQuyyCaIrBRqNt5l83U4,62
5nmHl233yo8XJvaNfdKAWU,61
3FZEv9JddkjHNFiMVxJYpS,63
6KZmDucZFfvxGJkrHInbix,60
6JzCO4ZzxAXhY86vTcqM1Q,62
6FSh2zsLQQ2wFwpj7FQCkr,42
7hrDA2n8BVGLyHra0rBiFd,57
6vjWim6xU6tPjA42GxSp1U,63
21RzyxY3EFaxVy6K4RqaU9,79
0DhkTGjEaIHaSxTfC14BFm,70
0c6xIDDpzE81m2q797ordA,57
6SkHm6poyKfzV6kc9any8k,71
7lGKEWMXVWWTt3X71Bv44I,77
2ig0x2zNvcOugS1Z0YCnHb,51
2mpsKeLCbdXkwEpZRNi4XD,60
0d2iYfpKoM0QCKvcLCkBao,84
5p7ujcrUXASCNwRaWNHR1C,88
312WNtMs3F28cUukaPY9bo,72
4kT9iDGAQt83gOUdbTUtaW,0
7n1940b6kHcaEewFSZXnXa,73
3nc420PXjTdBV5TN0gCFkS,76
2LskIZrCeLxRvCiGP8gxlh,78
0E9ZjEAyAwOXZ7wJC0PD33,84
0kHyKhJMukHEPfeh8s7rdM,75
5N4erncE7kuUccm7zEmwzk,81
15ahYSiHAIMxAnujlXVtta,69
63SevszngYpZOwf63o61K4,79
0OpcI3rARLsNWgVbPdwHD9,60
1rjqA5A929xIcko5FCgOyN,26
3QfD4bxxkopZL7XZ8RaezH,73
3VGV3n2Q7WanHnhbvjPjw8,44
6W4Jtd1piDOPh05jlFGPN4,22
3Oovjs1GW9tF5vF295AKp0,44
52okn5MNA47tk87PeZJLEL,83
66MGk6BwVMx5O1TJqDAX4Y,54
7l2dHlKH07RO0BK0Lh6obt,51
1wfZdPy5FRWsdWaAEOG0Ml,62
5CLGzJsGqhCEECcpnFQA8x,79
1e8g8Zypak1hTK8l12olYd,58
5sIx4BlfYGuZeSLF40N9GH,74
1pa8OhaGOZEpZWVW7edntM,20
1i1fxkWeaMmKEB4T7zqbzK,81
4sJqSKPc5fZ5OZ8JiVI44N,66
5sLiQeyYWJryW6g0IiWqap,30
1YMBg7rOjxzbya0fPOYfNX,69
3urRfHZCU0xtFfOlGyHzP8,28
54VhMO14MfyB9I9IUtjR6p,50
3rLZh34oJ1KzLkYwPVYUgP,27
3fdUe3Wk1HBddAYTm4ZjGr,14
09IStsImFySgyp0pIQdqAc,84
74fpNVAJrKGQuqHETi4WSt,67
6ZixfeFT8V0Nle1rMZAekY,59
0kJhWsLsNECbtcPhFnWx8J,35
57p8CBvPOxrvyCbn6ttl5r,67
5gvO1qKBH5aEqQIdDoNz87,28
3sEi2Xhz7iZKQ6TGf8Mkte,17
1Ht4NJdY8adMsW540P5vG0,63
4XuPsbwMAzfmaUfjEsoyiO,20
0edbW1OMdB98st3wPSeBBb,46
49J47HpmkjujUUyw8zUlOR,32
1VCEWYRGhRp6yaCFt7GzA9,47
3EBkSsvod8DflnNLGvx0QR,60
39MsGu3FUJ5mofWxTvDL1A,45
3C8QLBRHBQ5BlykfDpSRbT,1
7ksiGHiw6yLwghfrAdbHmt,31
5kgqTe1BM720OjU78TGYDw,60
2NZkdUDd1d1QdjqfKRqb8b,35
3CaMvLtGPGANUTBCJ5RkGV,39
3Rm8vl0NP54Xx7umZEcU1D,0
1qcyw35R6PiMBYfSSK7gDm,4
1y4Kln6VEjQMpmHW7j9GeY,62
1louJpMmzEicAn7lzDalPW,73
4SDemoEL3qCnq2i4Gy1R8u,40
3RJuptH9QoeJWzHd4ZCI0u,54
1eKJI88ws6C5CrYimq9aQ6,1
2btKtacOXuMtC9WjcNRvAA,69
7zfb1XgKUMutPkzMW71f1H,17
5aRwivY58BBZXIorDujeNd,0
44ljhbOzdApfYkdrgKMXUs,17
0FlBJV5ECub7qyUZ4FpGXx,0
3BY2Nq05vhOiYZQD3ixwWD,46
42nkVBjWYVhiijbof5zySm,62
2sKTYRCgUHXmIhI2hoBuZE,62
0SHfOuXMoidHLPsKX0JviL,22
4SBqydJCEhcroni09XgT2c,60
3R6dPfF2yBO8mHySW1XDAa,61
0fNfN9BaSpqfp6df7UsyXj,43
2Z99PBAFX9qNNGJkXKh0QT,2
4txpZk7WSjV1dsZAw5WYcT,61
7gHs73wELdeycvS48JfIos,77
54l9GJGQ1UCFKe2tzt1Vxt,70
09nssae4OveYZLhXI1wYQX,51
0NRtHFRrv7ELyvoAjc0nLF,36
6sonAwZ8ruHZVzdAwDYsfk,61
4Ux0Y0eQYv4HJPvuxioosx,56
0Zbbxnx4SGGHoIow4PpISP,73
0HLpIMwRnkDSn55nAhscB9,45
74ODGXs4byLTRdnKGM4s6E,10
5YLxB42SlvjPVpHOn7s32T,46
7BKLCZ1jbUBVqRi2FVlTVw,85
1KTu92zFjElqc3h20XCwE3,49
0xZNXAlGkRrBm9yi4xJHGi,5
1dNmpQ1Ipbft7WyNbMJXX9,40
265yhmmWClZfBmgNPzwOMP,47
3YlskN374K4nvbcujk7wSG,2
2IQB5iBapo0Y37Yc0PtIZc,58
2Inz7gGPGgieN0CTw9TOOs,9
48hCRC8SFqLDsm11he63Rr,43
3vwVxnq3vQ6NxGVxaiuteR,9
04CttTezSnv71USiiG9mIo,58
6hfNsCnLZyEgDivKqZZntN,52
4exKBPywrjt5lTMhBhpD1G,46
6cAKeFFYW2aClZSUyvqAEW,67
5uMuhoTn8OvnqX3Tf9sbE8,49
4yyxbJNaRN3OpvCnjubBN7,38
5HzbxweVAtisCrpoOF11qt,60
30SkJsH3SlT92BXfwdFJe2,42
0ycVaIaqd6xgDOnqr5n2fR,48
7gmnSic1wdHslddjimmQIC,32
0FuTx2s3YH1ppmtiM6l0zI,22
0FE9t6xYkqWXU2ahLh6D8X,75
13qPskR6avhhw0VCc90Cxn,1
1w59KTZidiW3NN0FA7xVGZ,2
01iyINEYgPQ7ThMZuHUsqS,58
3UI9I3e1g1y5T3SMfdgfGO,74
1npDfdIgKSiOwtDJJqgeBw,8
6F9yAYUaNbUhdlQyt5uZ3b,75
1HpIBHs03kKCxlrPthWXmL,9
2xuke1OBFKsOJbsionFKUk,58
4XTMj7kd8DHLl0r7ghmEAr,69
0wQCKR9OFjYu5Kzrk7WivJ,74
3rtxFFGZ10e2vYBo7PsPf2,71
1uKjQoh8JZj9ryuYRhpd7E,77
29csiYMOfBmLmGwxmISrMy,74
0FHNqVPxu14WivXR4Y2hFr,68
6OpHDI8lRiqHLqmUIYUxVr,23
6pHCJmx9FXnMwEqB0LWUEH,65
3b1IQflSLrgzYQPGFzI9cl,72
7BwxbmYFy0l3ROHDjV2c14,73
0lPXFrKyl8HkdQ2E6NmNja,75
0CjaLvAqN97KPVWgOJ1vbD,70
73MuQb9jIoryiOig4hDQhT,64
2ov4mApsCl1vXLLZvjhxHW,7
2JBs412fpVUuzIaIp3CyIs,69
3OK8WgNRmp4F3ahXe6XX6l,68
2nejvFyJeTDtMRP2nUMt0J,72
1xh59KpdEnffd5xM5GpPDj,22
7wNrk2vc0GUUNBFggJzEsI,68
2FeYK41Grs7KdR9Nqoy1MK,65
61hJK3EfAd1LDk7x5OrCTc,67
79gkHjNTSyGPXEyGkNQ8zH,65
5yOKRTCVIWlPQwfbxGbXk5,3
78dbqYDvx6FOefROApu9w0,68
0HF2v0OhCB24qGiHpoSuNv,52
7hbgCKddEQhCVXHsMdHebN,65
2jCKumLNhm0y8DLYRM0XLB,51
4lerOTNr2tFWJCAmmhymhi,68
0WZqP2WahJbKURqUK3fBPk,48
73lcrkJKuPLoMWF0UnecCb,65
6ZEVQ2whiJvhjCNAOJ0DC3,66
5jbG38paHIeVJc57uXUNYt,58
609SDGj0txmlAXRrpwee9Y,66
0loDvz6U86bm7sAemXpyxu,32
4Ofg5uuH7qqDIXpAJMpXZV,68
4i6PCo9JMAnIqzUZrTirCP,43
1iRvhKiXRElIH2Uf4gd95P,71
7vd2YXwqxAG2BGuEUoMzGl,57
4KwYQPF1MrpItRpb2H6mdT,8
5C2piF5AjMt4pCh0sgpeUB,50
5EhzE6HJaCcLFrf5rPqvpk,71
3G9RQLOSjsXVUDyQSv2PQR,60
3OIoy3TNU7CL5PTaHOGmbR,61
5UEtsmhfAtUb1KmPGougtO,65
5fSDXbY8o9pA3TKwAbfwML,69
0dReCfBuhZmrqMv4WBc8od,6
7deJdnhCWumMOBJtXeIVyN,53
6DT0LvU0a2wI3RN7SQs8P6,66
18mmN3VrFWRi6SsSBJf6WJ,67
2J4qy8RyfwgXHt73cWOE6P,61
7Ffm26bzVAW0TdLoXYcTmd,3
7o0kV6oNSTVxcxvbGpUcms,52
2odG3qNFQ2qzMQL3pXdK5h,51
0dEPlb8waIqRtKpLb3l6So,67
3YmA3gZqlXl0MkwhkVKxRy,67
7lOzUJzsELALh5FQsPKTEn,67
75OneVe1xHrgSiVEOiLGxb,60
7C5l5hLxS4uZX1VJR13ZBT,57
3ljr9ATeLs2BY9gNp7vm62,62
6nz1ojKuYx5HO7Vh0wmuWp,67
7i38EXhbFJjF5tGvTsJMmx,62
7jxHeJLVpnP7S08JFF4GBi,68
2uYFvcf7n81AiguTVe4bSo,50
5UPd6Gyj4aoaTUTlpWSak5,60
7qDkY9Y9v9eFV53AalBcSd,61
557FZwD9Npq8DJyWLHf5nl,44
2H2Tg24kqd1eA3F7BSQFSi,63
5QSYWruQQ7kBCHScI4xJ9g,73
0mvocLIWUnT10znvIXwHGr,72
4M1lEbqPzlEw1JYWB6aE7K,64
1OB7cLxxCWA8gbbfjFNNej,66
1wJneaMg40pI9qxGXPxG9X,55
3pz19CAY4yX7FSnTWDu3La,54
5Ieljx2SJYrQWJFlNcJB1X,5
6IGvaQ4aFBjy66TdUurIiA,62
6GCNUmk7L7OWtpvSk0fWOg,61
1Q8NiatGDc6YgefNwT7Jgu,61
5kIcrM3QVD4BQPFMszQnU1,70
0N963YYI8p4NTq4I9fR3xW,48
3UHfhZ4MZfwfSJDw9DhspX,60
4ZmAMOU0bcmrwwOvEK8aDT,60
6Al0Kpd4VrRZ0Z4kTThNPa,65
0bK3jxkbq5cDKWr68KtO8G,69
2USyvcBpPjhW0rgiD2R8Bp,63
4p7XH4NhQ25iGYrrbg93gt,68
1pWYnQIlqxTh5bxuPmTG4E,68
1ZfTpp1U3oyarjE6BJRWqm,59
3mbQd1v6N7nqX2mcAyCxCU,50
5nAiSK9L3OG1v3HEgZmnoz,57
7rN9wxpkoUoZG6hMaLUmFS,57
2Lv1EpgTXrZ2gzJfoNGVnw,58
3NkWUspEJzcMcUJKoX1KJa,57
2d6m2u18196oYQS2mbaO6t,58
7iXRsjttPa62GpOcqsx1aE,64
7sZi8RCDaoMw9T0AU0iah4,4
471HeGJPKw07MObixON0Um,78
5Cbo7oz78gqkzV3EAM63VA,81
7tQ24skemknA6PPh6gwFi1,75
7k4t7uLgtOxPwTpFmtJNTY,98
2sRhe52xJklfzRIe0K6puw,76
6Y6YC93R1r0CISm5iC4j27,77
3bCuNSiaBHqxdevMYEnGpe,78
71M1szVbVYZM5M6QlIm6aC,71
09nSCeCs6eYfAIJVfye1CE,81
5hoIOyMDt2cQx6DU0UyiBj,69
4zAmejUNIsPCWsj5t1lGo4,39
2O2J6GrQzv3mkXuMfFEPMY,72
0cDumxvNKhydP1Cmon2S6E,73
2zkVH2daHyjS51g7PRJFDn,78
1fXKStjVOTmBEwjAnFSNkc,77
65HT0L2eAtvbH56XrJqPbf,75
1CaBwYdWhxUeE4j3w0WqbL,76
671sG3ETDxC3L6qcGIrHRM,77
0EixXz4ZIBS5sq7LjyN1VV,61
02lGHA7bFFplYLihnUWTx8,77
2P8NagN2tEzXRIufGuUPZO,67
0x1k6gSTSxaLxe0F2IThaX,79
0JZNuMkU56lRgqbBOOEnUp,69
1avccdZyIOpCisznKwu47H,65
4500Dr4dVfnQiMjaTC4oIq,69
0Ao64XWY9rvsx4K0JmJ7Pv,72
5YpbeNBco1kDTt58JCjBn7,64
6SQRzc5MTijqMV6obN4oDQ,61
0PaNKfwdqHjmW7hVEQ0lbu,78
6VxuSFyAV3AjGsmI4GQq8d,67
7ylkmI5exdKG5Myo7DuH2p,67
1kw5VKLs2JFpg3FjY1RwCL,55
3c7U2Kj8YL8BquVmEhybCR,74
7qCMKzInsoamLYfFMyVkHp,47
7ex5TNhdJsNNVpovfntqg3,65
5QPBftyzwq0cR4urKmASUd,49
0c60lGN8Fnq4oTMFJpQuYx,71
43LqO46SrjR2PGrOE0zwAl,52
7MkFd0UDHlILDrhBjGZH5K,72
6Qw3cJobqaSfYOsRqRyd8e,46
6leWDI4bYOmUJgQBU9pzpt,62
7zhw8ovSA2cDrJehxI1TZh,54
64IRsSyqwD0CBbFAfrR0rT,75
4HPV5sINNKUn1YckHmukri,64
5wra0GAJGrDoUEGTXEPYHR,25
2k6oLQC0nAw99WL1euDWdG,63
2lcDP3fjVgWeS6tBj4JgaV,50
555ix1gW9A1QtXoVfCPbfB,69
7jOzl8HAKObMVeMLCUUNNB,65
73xcMyVkC760tH1Jkfxzd6,60
1f38Gx6xQz6r4H1jGVNBJo,48
7x9nXsowok1JszkVztI5NI,82
44ETcHYUz11q8QbqcgSwL6,61
5rqn93J4KqJrxSO7SMns4B,30
6cy3ki60hLwimwIje7tALf,96
1mzARUs2kMMxcKh1ome5aX,63
1HBrxfreCZDstJMYVzgRPM,71
499kFE5yNFDRMrhKz96Vct,35
7BuSE9uTIw931wtZYzvZcQ,80
2qG5sZ7Si6sdK74qLxedYM,87
18loeUgThthiQpVNKqoZUP,62
0QopfywHKJZH8bnt8Cj9qr,37
47LFcy7prvEY5D08d26zOo,78
4VgYtXCVJ7IbWAZ5ryfvEQ,82
10dVVfHlZYjV4Qv9uNVgrA,66
5Xhqh4lwJPtMUTsdBztN1a,79
4SAml2anqtoGWbd9HVkMNM,39
2bPtwnrpFNEe8N7Q85kLHw,85
4ZtiN13yPgoDtQB8TkIrv1,71
2H2hgzXQkrrvU7TRmqxhhp,39
6iO2JKc25YwO27CoQIya3O,69
7Lvia65hnEybyNffeaXIpL,61
1rYC34UUszS0QzzECNRhYb,70
5djZm1zFGcJUSUqbBjrAZH,60
77vC5gu81gOMLHgLA0YPAd,56
4IJEw3fDvS6XF4sDc3bvjK,67
7knLcYCOSaURD0d7HUULFM,75
5s6w6LGupX78gmYBnD6PyX,57
1eiR5nZhWozZ7Cwkn94wtr,35
4lKuzrdZrJuCAedbIslF3A,85
7qLnSuxwLNlcapat8OCWZp,76
0yxU21ecIK43OvBh4apONo,68
3a9AXyLB5KpcouPstVfXvb,57
4TnFANpjVwVKWzkxNzIyFH,78
7sQKy5vlPQllr0k9IjYJv3,90
7gAyu0od48mkaCw1laPKVC,65
3wjl3uPGckJUAeI5cRG0bZ,59
1oro0vZyc9FUQcMiyEAVmN,58
1lHFLVG6bKH5mA9tiDxN5M,62
6uFuNi4PcNQzT2uGOQ6Vdi,52
30OnKqCINi9fRJyQTEZeDz,66
5G3HClgDw2gUy1n690Seq5,55
6jl6WS8xKvtUkPAnC9UsBW,48
2iuNKcIOuHb9VIplN7NDoa,77
3TRhqR8iMV4ZZko3dDnCJW,68
5WrEilrRI5cIW0DxMvQYPZ,75
5fXslGZPI5Cco6PKHzlSL3,71
5srIkb35ees5dhgjK3zdfz,66
63SHcJzckFykS8faA5zojY,78
4gWAcvkVLzqnzFOcrYBut7,64
70zRDnEkOhVb51fZA13khd,48
1wAq7CInaae6yHECWWfPVz,34
6ZL0SPKgUnLs7VwNrlSvXt,66
7Lw5FXm8nhQPvezIpA6jK5,65
69V6iFeVLb76eMf3dQyxp7,31
6q9XTgfWilsnyiFofvYrIF,71
3CYH422oy1cZNoo0GTG1TK,87
2l09TXygaRpfmaVw1NwgP6,50
1E1YyZjbteIz2XQyLvtRxD,81
0krQAnM8Mh4qjyS8bar6o6,35
0KzhyaVtr2v4J9GVdMgCk0,75
3SrZ65hCGgnOMbvHlQjKRy,38
28veUNu4veN0LOBVa0nFw8,73
6eHqU8ntHGzddACoxlfDX0,59
5YxP1CkunbhUQVvctFOHa7,79
0H6vpbW0UOtVpm3RgiwSkx,56
4lCwnBZurX0OIqMKBOHRlS,64
3dWJfg6c9CFIKtZHkmz2ZF,60
7IAJzec1UxGYmNvbPTHbxx,67
2dU2D16RX11z3PdnJfXvIi,53
2jz4XbBHonx48cyTgvcBt5,46
5p3Haatqbfaz8GSNMTkEHR,50
3OSFefosO5NYbS2x0GTLDo,68
373ugl3mW7zrpYMWjPZWmH,46
4QVEEOx7TeTA0vQfeP8tgN,73
7DEjIvVqP0YvoCxHCOcGMl,47
2CoFfoF1DPxY7vKuWW9u60,39
4fNHV8GNXvxVL0GJrZDqZa,49
2TbCdbFzs2xO2nzasn0Qvw,66
42ETKyApzUl8hTtytFAjen,67
4Eefey3uN90Abhbr47zKmC,74
104AXyQtDAHKtSGn2gnpcR,26
3pASfHJfBpA0JIjE1XBGSV,40
64BxhMTsd59rugHkQw6I6O,43
21PXwOjWFh5XlwTia05t3p,45
5R7fmcilTVIIDfGZwYG1lp,33
3fzCO5mdnxKvxOT03Ao0RI,54
5drW6PGRxkE6MxttzVLNk5,72
0b4KxqG2zGWDh3iH571a7D,57
3vYY0BG9V1odj5gcpizYBD,51
3bQP7tbRGkclN0h2OCgc8E,43
4zdQmfTLWgGd5mAX4MUIaX,67
47JRnHU1jkyaurHZKQW4xQ,30
4fY4pwTfUl15tEwDBTCXBO,47
6RCCs5jOIu7ylHAEv8u2U9,54
6gFg5cvUFXwrO1tAxepOWM,37
4eycOo0qKubeGx3g29dcHZ,21
4SkEHPGX8KXDrRT5BMdP9r,16
39XhLzD0z9D5o0Ir9qQoN1,57
3DjInVTE03icrWsq2UZV9n,72
2AoRRax8pJeQEj9nGDUKob,53
3IvLpkhvkarEACMGMShm3l,62
6GVKQRh4pnkVKb31pdvOcR,49
1MQl98yahePjBn58DJQiOo,46
3QmaHwaNTrqTY28ejwLKVP,43
6VFL44gNHrLFZ2d9YwmrVO,48
6hjbOGu2iUE0lkYk4MxanM,43
653aI5kYEj97kuAKj9nY4N,39
3e4lLl0zCsOmiXjl9rBfNk,57
748Vnqa1Rpwteiarxartiz,55
5dNbX9V0DtzkbJSCmU2WFe,44
5fmXWEFh8vMXzKTHN9ezKV,66
0iOz0vjSdRKCCCOvJNyoSk,56
00nvL9u5K8jEJ6TSxGdtPK,62
1bRrJaO9IHxsx8OY3ly5di,58
3UL2lHZvjjPEHzwsnqO00v,39
4QH6uRewEzm7J8QxO4EiTh,46
0LX3DnrnDI7dkiKsfWbgj5,62
1k4VwWZ6FFwYgp72Rq2PUK,52
3vDLsRfjYfsjqLelscTVh3,64
7xDS1t7mT71pnxpst8LWLq,52
0BiH40c8QEvMBQm3lrFpZ0,55
2RAPJgBZ030ZNSMyLrfA6N,43
3pjlAhfQPPG7LFWiUo6jMo,57
6JDDlMJEiDiDPOeotCWUG8,51
3PXM3hQm0zBwNiklp7DLHR,43
6Um3KEou3fPzXaic6ITbY8,40
1uGVTBOzltXEbOH7qSfuHL,57
1CPAiHBpTTtHPAlOcVWIwT,62
13RyROr6CxaiFc5FBXLR4Q,51
6KZPH8lEa0Jf8e8Nmz74SA,39
4VHXa2uKPIelx9YBBqkHtM,59
0qvmdQLdlVeuxGf89tlQDR,45
4Qh2aIeltkTKXD73wg8aGe,55
5wbaHIztJH908HEGTEZUh0,55
0RHjhISKIx9SzyDDZQNk6v,57
6Y9hIZBYmH89U4g6yX4Etn,37
6zBPAwZlbvAmIWSJDEvV2V,54
691aH4q1gTSajAdBLckRey,37
6US3sBxFujqlBEgeuzPZt6,62
5zuW9T5REjejF9tSEG0sxp,40
5fL7QgzO7DJtGuF4eKt5jL,48
0wLhyxm3XC9tZzylhiFBKc,36
3GOPfnDGf3k5iTMO9Zt6I1,55
0CyB2YIY070vdWLRugLuf5,43
5n1dxunU8DEoQJ59n6P0bq,49
73NhXoLhF57uj2tRLqb8a1,42
6mAN61JH0dzyZpWslS11jy,92
0gyR5jJEj5JtZn7CvZT31C,20
6K7V47wFpfam2aeE893rbL,70
5gBHYI6sxPeknjYN3ngYul,45
3EfqlNLh9HHLh8YkmezU5h,72
40rXWke6SnXiGkSmaT8ZUr,85
4xvTPuwHaXoDM3p0QcY7bH,78
5stPVcRqb4qixbafP9e8lt,91
79B6ZFqXNEBk1cFMdtXVkz,70
5e50NiIlOc2YJIftHzoehd,79
1ndyl3wJCFs872XZ3ztPk6,86
2ksOAxtIxY8yElEWw8RhgK,93
6z8sQFj47s9ZG0Ls1k9Gct,75
6RyaV7owmVU6fzEPE17sF1,90
2f237byd0A2w0fLlnVDOV4,75
1Xnn1TPyr5h0hpRAT4B4EA,87
5HlIWPAKPqDSJfJ8lajxL7,46
0fea68AdmYNygeTGI4RC18,91
37zdqI4r1gswIzczSBkRon,89
7JabxjX6a5GvDDw6zRFscj,46
5LsUdPeqmKVGlPJre2sIRt,72
2dy3TKVDEbIeWxeIb8JWqZ,80
5099x34vBakWpGkHourFxP,85
6Y4PDQv4XjYjHLeLmvyOt0,88
1GBLO0NFODuL31A5fgw0uR,82
59s0s39NFWScuHDbHytI14,88
5lwVd35Zg6DJ4qibVMq99H,75
7BlBVFwvbWvcwNcUarQmjk,88
3bDD7GGvIzAZeHz2TOYD3A,74
4bTZeO72FwMa6wKOiqoynL,86
3jbT1Y5MoPwEIpZndDDwVq,90
1ScD7XQYCKmJ3fdNh71lUE,76
25ZAibhr3bdlMCLmubZDVt,86
23CsjGOYDQiJpX44BSn9TM,79
1nocRtwyNPVtGcIJqfgdzZ,88
7KbF6AdprOXEEHlsq11Z6d,86
1c0hsvHLELX6y8qymnpLKL,85
3KekO5WUfJsh7kYU9o2w50,58
2EEmzqzM70CybVspgM7YRT,82
5uVgsAzjO6eJR06VPrqUga,73
5w9c2J52mkdntKOmRLeM2m,87
6v0lAdFF4haL8xjBIUjtOw,58
31UjYv5vLsDkzchJOtUMtW,23
5BDP2tky8oMQJPS33frKVp,78
5iwz1NiezX7WWjnCgY5TH4,86
4lzxJ4jCuFDXXGkE1LmpKR,83
17G9G5tBsdzmKmoHIh00sX,70
78Nyf6RlqBANlMhSnKyClT,69
4gqMVEJSaL5nNeKj5WmVoT,76
6rXxAohZzTDsP5KT3IDFIU,75
7MRU4vOkywuhZ9kbFiPuiu,80
7anSoGdgtmJTAPZBzcPhO6,83
4mivRZXyZbIDecPTiCtOjw,71
1Kjer1JoWuJGNwGV6Pbgv1,74
0U6bQIAh6MCGo1xjbIIx2S,81
7q3NthaBqFI6s0WnAlnIvq,80
6pK5edDoyrn4mWwRSVc2a5,59
51uLQESb4VnYAbs5WtGxho,73
2fOjendzUzepHwR9QrVyYF,73
7mWFF4gPADjTQjC97CgFVt,80
6qoIFQfdmaQF9A1gb67tR7,78
4ziiAuFyXiY1HNSLGM1xv8,76
4XfCa8VFYeTsKbXrVlpKIa,53
7BuHdm4lQqcyG3qTwdkxus,80
00Ia46AgCNfnXjzgH8PIKH,74
7pxL0DzPpCjjcdfQccvnus,79
5lFl0Aksww4t4CGiYYtpZz,71
5s8LepdwU0THzpd0M7nLsa,64
5qN1G8fSHq4Sv5FRoOkNGu,77
3tOmzBrWaHg97FKgsqhhEd,71
4k9byIhs9ppbYWE22waJMB,78
6K5BsR04ijf3FHNzjbaagD,84
07L6tEZIfCX3GZAWCpGj0e,74
224EVTFiLsdQignUFLvDeH,18
5W83ErFkO3aKAIS1WMi6u0,82
4MR1AZhe1p0zTuH2HGhX9L,72
37eGbhE1xVFSvcKkqGb6i1,79
0s5DNDV6LAKn2u2Ufa3VjQ,79
6MJUCumnQsQEKbCy28tbCP,77
3T5QSIgoaPIh07SwixRDp7,17
2D3z17LBMJ2HEHeBFFjTLi,77
3AnFYXJMTNJtQUwsJWmTK4,74
6JqpFboOH2bq9pzaYbkKBn,76
2TH65lNHgvLxCKXM3apjxI,90
5zUGr7GcNo7UNjvkNYkjiH,9
1WSGTYKLEpKfNQYYW5Oymt,79
2ktoFujjJtantyMoVdBJlX,74
5g2cx0mZFmCNp4GexaifFl,2
1KbX1VuFIgsRa9JjnQtRYA,57
0jT7DDqYbpOik6iun6ydUL,52
69xPBNXUGp36kirkxbJiOW,1
7A27BYnAHkDp60p66XV37O,6
3YiF4GqPHrifMDhn7mUnD1,60
00hdjyXt6MohKnCyDmhxOL,1
7IKIOZ5xbzdFGQ2y7Tu0Wq,0
0T5MzYymxrAHLn5DngipCV,61
7bk0YKwVlL4TQ9xbQKUqK0,36
4AiFptVAo3ZJU474Vckk7I,56
4u5xLMRN0dgKBFFN8FiNgv,66
5yiG4odwEfH4x6kORHoC7j,0
06Y4G78xvsbwnwAbsLC01K,3
5zQjeUSdve9t7QTHmZe7fz,46
1SGpOusZOaKgoyicqZv5MW,56
2sH1DIngiSA8EQfkcQXpBq,54
7mXnPKYTmF3yVwFLMmMdkw,2
1nFegzeHPJCyhM4ZRx6nSc,55
7xmp7f74I0rxUOPjVuIOE8,12
5mwkN6uECjhgmIS19ctXO1,54
4YW2Fr25fHwUt6qgvM1iE1,59
3SBjPXmpFIIKOvce7e6OXY,46
2JVXOsPlWQnKYVC4LF29HJ,49
6WIZXts4eygCmeeu7pEsHI,49
0vqWlRxvhBmYkfj8UOTjmH,38
0Hk9AgUFU3ujjlD5Fxvk77,44
1l73BzXdwwROdSjDf57VoZ,38
2TrzgfBaSP387EEFDgG4FW,1
73IaURfEJMV60nEd2y0uEW,18
1j0MWm6pDpGn5dQPCcUc9e,0
6COqcps4L8EcHsf3lloItY,0
3vGKgH1BBTynkpkvPIW1HO,34
5CqOaqXVAqZggLkh3jYN9T,41
0JufJHXVWc2cQsWXgZMbKV,0
6LPxzcsPrFEGoTa33gG7QC,23
1IypFfPPvlS8CUtaLlv2pI,57
42yc79BapfKffHxLPRIEht,0
5YJ5uwcKow2zxSE6GGf1iI,0
5o5XikXXHIPhKMT1GoWRNd,0
2zaJjyQKSGRdGfuJunaGDp,0
2DAULesb1U4Qz4FSTZpEUJ,70
6MW4akyMVOfnhDbwoYJI4D,48
2RpIevYYdiQJrQtaILchnG,51
3z7TXksueubckBUYcLK6uu,41
5xq7pQlWzS8MKCbeU6PVnI,48
3yuMVIBCFl6s1PDuSN3pi4,56
0fyx2JEi8DCNPinj46NjDg,56
023VFpARmjJz3mo66Oingw,48
6Zosz8w6CmdGMZM6p4JlbQ,11
7fnCbSAVliRFkX2EIVCCzV,44
47CprsYFbO6y1xiAI4qSYM,49
7Br9Htw9bdzDDsQRCClOVY,16
0miQeAfUWfaR9nLRyL43Aj,40
0QmvXX3cYtoRWLuIKZshaA,0
7lRsNbdOGykkMAgsqs4R1C,5
47ptRYqbIJKWmWuBTz4yoU,32
2KLkehs0krbE0fjxOBAIGH,0
6AKRht2NaMsg7z13psKjHk,33
13wZt7sXahcqeCpZXRICEx,32
1CMUEczBbSpRPynaBPx4FO,40
7D5k2vI0Kcp84Kso4acpKc,38
2Q2kk3DU9lMeBjdgjvqrXr,48
09xnGXVrbniWV4mLTgGyD5,45
3J12tWsPCvfMqZcLAeInns,39
1QAWF495hRiPYU7wzDTsF6,0
2FSYs48Gu6laIvoa1DSa10,1
2hl6q70unbviGo3g1R7uFx,69
7MMRoGvm7uhoUVhGvHJ3yW,60
1OJkKHmXsZVKtWlECdpDAe,70
5lhd4w1RZz38EcwxAFSgZO,44
0JcNysfWVWaMS7R6vzGB2k,76
5pBYQ1AU4eKfd5kwRukfo0,0
1nfyE13arjOuO54HH0zmqj,69
3IyPnNX142pvWx6D5CiimD,71
6CvZqshp5fKnFYZRjMkKfm,0
4nteOaDAOVvqyOmlLX9NP0,0
6f4UPdDBQONKJBRqwZGjaJ,68
7wOuTZEihpvi904nmAhDZu,37
5TysCiZtv1HnSWcTcUFusI,9
77a9893yxuz36cBUmBzA8E,4
7ofxPmTNMj2GP07g1VZa0O,7
0qaxZEuCk8w5gl3yMeeCHj,0
7cCRlUf8ayOJtTlWN7g8Ni,9
4OaTpLJIa2harufGxfOPUu,56
52xtApt0X5IZpV88lcSnnf,52
6wJEvdCEHL6yKxiumXMhBN,41
4EwoTmepntGu2fgKsMWHVb,55
2ZjsJXaUpLERq4BVGdNQQv,53
2yd4FH40jSVLOCgZ1sJM2z,49
07bBCZ2bNs5gVlm4e7tJQ1,4
1qqRjft6v31fj25748LBLW,0
3vhCpWDwgkPrmAGyhF9uHk,0
6VHdcVbiKLYYOcMbIqBcuK,6
63HbvWprv2Mhu63x0nMmLH,2
3B21fRFqPLmTd9zAlK0I8A,59
5DzPwr4r52gVeODKCjONWK,33
0GuLonchqLiGK1zzcrp2ye,57
4aMT5LHe8A2uIc11H8Cx2m,60
7awBgmQ3B0YscMXPBwE1gQ,44
41LiGcvaTkXHyPjfsxKvWv,55
0gwq583qFgPczMTFBCB9wu,51
3RVFcKmgDFuYeYIdxBXK8K,47
5NFbzd8K2VHwrydjKVetIv,52
34js2TOQm9tf6xhefJ97HI,45
2JRANskTqp0wzBjxrJd8ek,40
3AloB0Mg11pjqmUvjKfahn,45
1FbpSsdmMeqNu226tMXRqP,45
505MTNh5kvgYCmroWGCTTF,33
6qQyG6BLQi0hvqdmMxOrlG,39
3bTs8B3BQe3KwP5WQiN08h,40
75ltnODzDPQQiralQWDnXm,44
3PP7TRychfSQiAZgtq1Xjv,48
4qan0qNCFAEu6A2hcwPETn,51
5g0qn8cU7uTzbPwma79XdR,1
0DCxAJasKxjhODdqpF4s36,36
0M3ZIWNcizkhYFvn6RuCEz,43
647hl7pmyBzEhNQ5olMtr8,40
5EExhZiAXIqw6M5FFGAiUb,42
0uuw5iDAOlc0lr6Bco629e,39
1pZWORSXTFlZnrfxChRBaz,37
1co9HQhp1tMkH3OEkb3vXV,43
5ctItM0sdr8V4N0bmPIX7h,37
0BydwB73NiipwQLCCkQuwI,36
0i00AL9toLfJeb4VlWLvSi,45
7pWtnNjTrdZ4OiCZUK9BQ2,44
69FPnlWuRMKkHWfeLwDyNu,31
0nkzJiXbyX66rnuabOJXBb,0
2sse25kdRSbaFvA8i0hynD,41
056uvAVDFOa7kv9idKPpf0,34
5XNxrqyGeSEpG5SPFeiFUo,31
0EG1aud0wJV0BneTJDifof,33
5ujxa8Vbpure9NhencrpyA,37
1NFzONC2FpppkTTzX6eoHo,38
3ZJiEiZRYzPkkmEoDX3EoV,29
5qCGWnqTwE8SDbhmFBQWSs,31
413zm3wEjCThE6tMNPqe30,34
7JjHd7734RnggNeXeOlLGa,34
63qL41dI1yAMAB2zvMd22u,29
07TaUxan2koUnBPPzrtU04,35
2xibZVK28LY9dr6gvqza7r,33
0AqqDLLZzjk2Qt2FONlGzG,0
48svUiwMMYQRPyesVEnof1,68
5czkBkWogUvTf2jleGyHaQ,57
660zp5cgJrTXahkfq0zYMQ,32
4lCN1ph24GXxVQkK6XpzuP,0
1YpUcMIYJ4v73fQfGBbQFj,21
3tl7BKteH6tpxbZXuFeFf2,0
5pqfPw0Pdm4U31Ys0rSPis,0
6pPNepnzBAMdPcE3vgyT3y,41
1Wp5qiJokEHhy7YkIrBXgY,47
4RcN7qGRs4OfbI8cHmqQiL,50
54mCRV3SMDTLlXqeDp0nmv,0
0M6KY0x5u65ybXHZ3IAega,63
2GSr8anleCXKLNjjjijoMZ,70
6VJltndLhBNRfAwriX9yY3,0
1Evv1979G5y63oK9K2eot9,2
7sx7G5Wf3DauBG4FXS5dVI,0
0TnywUMjLmTcUUXFwTDWFi,0
7zsNAP0yvZq3aeIoAfyQj6,53
6J0b8ypSQ2qEGQlC84ENGt,32
0KBMx9uErneRij9qMvIplC,27
69CoL4qoSXH3bApbvFKJf8,20
5t5v3w3RWdwDLJ7pqti9Kk,26
2X7MSx6evV1iu9joWm33dt,0
0GELYeRttonISErFwFf5QJ,0
0ltIbWognQFt70SBWi0VEh,6
659vNxHWffdJHTakAm1fgY,42
70YmqZ9F9BPsh9ftkqcNDo,46
1WIYllV6fUhUrX0zOc83yj,0
3M3BiAe7eXqdfgdidgoNP2,32
5yCL2cAXj3gxZGfcKSzp7W,0
7iFWN1OoPT89G6q51jPEg1,40
5GAt39DKWl50YEvTmKmtmK,0
6P187fxZ0btnCRTy5Xql2Y,45
6t0fYRoZlM5kQ9qT19JnbZ,10
0aO50JeAEI5ArPOPsD5lwi,0
2W5prz0WS9yWOEq3w0ZzSB,0
5KBuO8ULmaVaFENan9MeSd,44
6IH24UGxxo7MM2IKhF3gsx,0
5jYgpNn3Ba92UrFPDtZ2bB,41
15IWb2lHx4e7vjCV1Ye1e3,48
1bFu9dB0hOkrAWcHbbMhqR,45
3eNSE5wPxxBrb3NM8ebU5R,39
2IFCWNYV2xSaGvw4ohfrnu,35
3LSRGvBWTdnUBJC32oBFnZ,56
0UcoGDfyRvyd9xr0168ym9,6
4F3J8TtDGK8wQNk6ggMObb,0
3ksRhmptOiAWbYLTdTIfNs,0
2uMu0qnOL0N7i5brl1SAXv,0
3bRhsOHqOR6sVKL4vuwH6C,8
2o1YTrG6Cx6Hwe2WyJP7XE,0
3ei7Cjigs41LVCRgL4I74m,33
68zCp49fXje1NCJrCYMq1r,0
7qIdrbkJWN3K8Gd5eTYSrZ,0
0yYIxhpIPl5lCJSiOTdkQG,0
3HPLc89ZI535u9AfHjWk0F,0
2piQlmNcGavuGpkJc9YT7l,0
3e28rC25GO4g4aI0eKBFdb,0
05iMQqncVBIm4AE26EvaTL,69
2NsMwNWumJXCdTg2IZCLZ5,66
5JkgxcfTnIGi3Kzf65ichn,34
2cVJwPD5CaTx2kBZyomzGN,63
2UrEW3FV2AH151KdFHiiza,0
3ri9fLG89OdSpjxheYxU7S,62
74uDOPHx4mvX6v4qSXiXnH,0
1lpWMZCaoVkE1KqG2Nc8F4,44
28fkptp3jDebDqBXAOjlG8,9
7AsgdmESBauahEULwJ3EL9,18
28vNCICzMyHB0CluX8mhFz,6
4NmKZBGuNIvNcuaPfu9SU9,0
2GaNvbALXoQ8XrcsbZcBNf,0
6SKwQghsR8AISlxhcwyA9R,72
5ra32bWihaLpFOC4IFijBR,42
4xfLXtiIraq03QHw25u2QX,0
3ge3q3Hz0KWhQX5EAQcwEy,66
7vxijmF9ZlUiBDP48NO3rY,0
2KDb13rxFVemsnQDaRagKk,0
5st5644IlBmKiiRE73UsoZ,63
1EhDeCHd34jt7dMDqkGQBC,54
4KI5mco7StihSNRsjYxQ5b,25
6UN5APwiE4Ddmf4l11Jttc,54
5RVxzIjiwiVhvToV3bILhI,0
6i9ipwB7w8dFwHYz3Mge0C,40
5zqb9vPcTA8rCwvIJQSxoO,58
72wEtgEkcLQ5x4F4ktiVSH,60
5zGUkWPODGQzPR0DooeRO2,49
6AVbtprNn18sQcX54K5MTo,18
4BpndTKEqpLgntffipC53q,58
7ieV1TBSMyf5sFiPh9X2ai,51
7CzVAhQeZfTLqNnzdAiqrH,63
4LloVtxNZpeh7q7xdi1DQc,74
2tKqZsc0epdLrsNUT6y0Ls,52
5rwq6R0Uq0BngM3rdmCeNg,69
4dDvtBzbQqy7iG5Jfr0qif,10
3Xzog9enTvbsc0G7G9M58D,63
7cpCU3Denug5NGZsSpQl8v,72
5DEdP7MrcgdjXWGHWAeK5I,55
6Qm7DBWQguBzK459j4fOBt,50
4DCHszO57DZHgvqalfoITR,56
3uYzfyifC7J1j1IEjN1xz6,2
1j5cGcXWdHKTPQ2XgXODJI,57
6oyUroY42HiaD9Q9VBw4BP,11
2p6PmhAtI3WkAOGDbnJp19,52
32N3bQcpqADdTGKTHBq5px,49
2IQvTnOS1sicZ3plBZL6KR,53
3QmesrvdbPjwf7i40nht1D,69
14Q3mOuhS0WExcUPop00Vm,0
0Czb3OCpCYIc43O0lq2M1Y,5
64ndFagAiHD7qHiGWRyitC,1
1Jle5IfWWuetgt8fvW2Q69,52
4qE36yuwYbHnsPzlwhrO3M,32
2E1X9CKQruwLgB9m8SY7Lm,0
38juUluQHYJdEnYuHazKXE,8
3CFIo5d0MJM4xergOijeYD,47
1EKfyIWznKN5EeK2i6IV3n,10
5hA2ZHjvt1tgp55OzaqYKL,56
7ukrAoAILpGPHaZ9uYmNL0,46
4s53Uc7CoEtES0wHmr3peN,44
18v45bO9woyaa2EbNT0BZI,47
0pjOjoHMJrerHhiXNRs3GK,10
7sCS0drQA6rtVgOC8QIFxf,0
6ORqU0bHbVCRjXm9AjyHyZ,75
0ZMv9b2ipW2NicJE6mHrii,45
4pZQSv5bgJIYanXRTwW2pF,0
43qp6nkM5O7uXuuFnr7GpS,8
2fW669XemOdBBStneImx2g,50
3tRMcxAVPS0YK00YcSc737,52
4jqA7PWcuBJDYcXtB6QIiN,0
7kK7DV38d4yguGXsFWmuqY,34
4PjGFO8im0U2I6sXf4dfmm,43
42M35GsUidMAgXfH1mPUa3,39
6ya6FdIQAAwH0b2GkKNFs4,23
2Q8znt4hBfW7jvVleqF8pX,25
4zSjQR0bhxFG4MJ5A3ACR9,40
2OmymQ2ONrm6iQJLX9qnmp,44
6QqyaRMQ90rL3PGZRXYdox,0
6hINYyioHOo4W2YmykvdGj,2
1WKCpHtm4Lkjid41lISb0M,0
5UcDFuZnsgtXTuN7GO79Wf,31
6L8ioSFZVWeJK2jkOCkflj,38
5Msytfzyrxcaj5mjs3M19e,31
1wEMvsq4HOuanwbdn4zEnc,0
1bvuXEOLC95IYvkAtwqREi,23
0naWmO0bE2itsfHCuDwf4N,33
1MDmXi3yYs47ff9QEiiPmr,28
6tlsNruU4eEVR4jIEMO742,18
7riaXjD8Sb7xJrGV2GLaGY,28
3piY5aMfwEEmXMV6I9kpoi,63
1hfVUmorNhSWNuM91Mo8sX,35
7MAtEMIDGhYmbgdooLqt3r,29
6FOkXQQZgwjW2PpHxkTuyv,43
3MrFdLOtfV8ZnXPHUCy5VV,40
32zTrU13WFPoWoPv0wKuXM,39
1HNkqx9Ahdgi1Ixy2xkKkL,84
2iXdwVdzA0KrI2Q0iZNJbX,75
34gCuhDGsG4bRPIf9bb02f,83
0BgbobvykXxEvxo2HhCuvM,71
7FBLrEKnmvRCuVeozHEA01,28
3bVwuZb0nYvAMn3roElQnY,54
2WXTF0qgKbczC2O8VymeLO,54
2j9JpBQk7VhzYDOqToxhlA,33
1BMDaiVYDREQnrQZA7Drpk,59
7s9HTbqTCeGCDIZ4s54oJY,44
4hbGPfz03P8Nnh75mFIAoH,45
6nyZQ82OI0OujbbFpo3e0K,57
2majF5ySXBNcycq5C9v5e9,44
1KqpIQGNINpG0hDdbB9Pif,29
0gVcjxsmYDOw7V1whWHYoZ,0
0arItEjl5jRh5FE7zyrv4A,45
3BEuTuiAgJLROYMELwLujm,51
4ElX0PX2miGsMVsDJS2qqb,27
47qnPNcK2qS7CFYK4hT06d,2
5cpTuYviDiVdf8Xb7Dqqjd,0
2tvRXgwdPB8Nr6t7QvWeVE,0
0xrdEQUNJlQEidMI3GZ3UC,0
4Z8tegTDUNyO2giIkkOld7,46
41pyh0FQdHrMiYvQuVtkSv,38
25xw3RYpFrMkelcojQmhYT,43
2ZNdWbMx7cWPM1WWtcWyJ4,0
6ccgxTZ8boW6g80rXPplS6,53
1vtQLXxSIr0A4Pfs9VGqxk,0
1gia3p3JUP6igy5kcpJSGb,53
1BH4LMGVMLBGc9uEJdm8D8,65
2OJ2aLN8R1uO7XHFUcd2ob,0
4m7BoK5UnvyNMrdcP5kwhA,39
3OAwy78ppTNFs8BChZQuym,41
5dITA6jTX7f1gHwEAyS3YZ,68
1FsdoidoPfb6L2o7GFomcL,54
53go1N9BsonRPi3H0mYJCu,36
4hwURXMafKnSickN38QLBn,59
4ZXldI9CyNjVkXvIL9K487,38
5QkrsL9UdSmwvkGqbCfPjK,34
1oGkFC08hfifH5qkgTlOzT,57
4svaGEtJdr5gdhBvdIkGaL,68
4vGMLLZQbanPA7CxiUndM7,48
3ALLv1BQxYFlJ8XQOQtgW1,44
7htDscKfA7KiwCrTzafoNn,35
5Va44ERiHtC2tfBD53OApA,59
2UDMeklpmOfq8L6wI75ysa,69
4JmQQuj05sQD6hMfKFzcoR,62
78KZRJd58A4C9vI2J1z400,38
3JjClKGTdR7yyBkbadZEfE,54
599SYydq8MbWRSa0gYJtVK,58
4kitLAHbmBBXYHt9g22md3,70
53rkN7z3bKorDSIxDvqXNt,68
5ldzmvKCSAT0BEeplaZYcS,61
3uKdu7AtigAJ8GgTu0yJTe,72
46lvmzK8wxAy66tjzXXSh0,78
6dcdXz3385Tew9tOqpCTCo,43
5msW0VgKGq8KhJ7wBtMb1V,56
7KicgcwT4Pz6wENOTJCNTp,58
3o8B4L8vJPRYKWpICkjwjb,54
1ocJSebtSfRrRpEJrJIgCK,29
7piXNyrajEfqhOkzgDq2Ts,67
4AMNoX4gzC25M4I00poxI2,61
3iHJm7dUroZYvbqrhobLZs,59
2vNDq5XAoF4Gl4hfY7aacS,54
6ifUES3keWjwXgae8pXI3o,74
7sBDv4kLo2GVucy5VGh7GX,43
2EzRdhuoPyNJDlep7lnNf2,70
5z3xph7sSMcsHfDOxX2Uf1,53
2yajAy8Va9VTk3yhF9B3ET,55
1RvL7eHoeUolnQbWm2Hnba,64
6glNkalULHG9Hak6E0YL4J,34
74RrMiuSOzAHZEqLlC0BHz,45
0yyZN5ASdrYu0XYWFzfxUu,71
62YL4H1dOpC6702x4i7VQS,41
4n6CwGRWj7dRtDqmQCX4Pz,28
4UKe38tm5NkRpuFCxwewEe,65
0VPSvELhApTJgm7rfhUOqE,15
0St41jgdNsH7bQOXspWNAq,35
76Xv0phxmn6MyCxY3K00Wa,41
3Lh85gQijqaG4ZL6omoCuD,51
3rgBvHGpnVoa5uv9hhaTzv,34
4OYzBNkbbIdlzdXOx6JjCD,38
4DXMM2jLdMb2y0ihcbPebe,38
1c81QU04WxlysJi4VqBRc9,36
5Uh90jkrYm4bPONmSciRc3,24
7bZeYhhIgNTHSjlYJkOuCs,35
27W8GFJSKgT2XZTUHax0EH,40
0cV0wQ9XgmP8pdRbF3lj2v,26
1MMNC0vQQEgx74n6dSt7ED,34
3GG0m7tJl9jdxSFAg7oTJ4,36
5UIWjTjp3HqQw7LiijAeK1,27
0At9cDlKToU0y6y3095ROr,35
5E8qApJDRE7oKmhZb4rpmz,42
3CxrUa6EOo8X1DubxHOion,35
4IlRoKSED9bTzEvnPf8Vch,34
0B96zBzTZ8Tr7jve5o9kCz,28
2GCl4gCETmd0BbqGjC2bjR,24
21GnAFVEy4ed52JKjrg840,39
2LA5mHwF4FphL80jo47Npp,35
6zFsMyMsDaWuXrkSnDXHYb,30
1yMXvqINfAx1TE84sIKWKd,25
0mtdxzBRDbueLFpiwpbHKO,62
2vrpcQNg6itmgVZWsNjWe0,74
6habFhsOp2NvshLv26DqMb,79
1mT47pKLXUwPYGwB91GcNz,75
3IPJg1sdqLj12kFIndaonN,76
4cuGZb0iFyHtwaSKdKrJkF,68
0woHVOh3KXLSDv8VU9XwZ4,65
2zDj4WjbNDmrRL6Z4YjjCA,19
1RouRzlg8OKFeqc6LvdxmB,76
5cepAtqnEQ6yVG6088zMMu,74
2XVilv6s9GETnw9PG4T9Mz,70
3umS4y3uQDkqekNjVpiRUs,72
7ojH6H4wE6XJNgzU4uvNc8,71
2ijef6ni2amuunRoKTlgww,78
7JNh1cfm0eXjqFVOzKLyau,43
0mlAOSILGRys2IbvyOT5VJ,75
1j6xOGusnyXq3l6IryKF3G,72
70lnL3QaSOIIyMa2X9aVRL,71
4ggiDYAkJ7Yk8d5xOr7Xjo,77
6KuqAtoeVzxAYOaMveLNpH,76
1XgpK29CGGjZnxPYkiRbh4,71
1G586ld1gbaECg4Bc6w40O,75
39N9RPD9MRb5WmoLzNzPeA,52
2u7tDWQ6LX0Kw1LiK1jaok,64
2tnVG71enUj33Ic2nFN6kZ,94
1ZPWWSwCkxKfqdp4H0RFCo,71
5yY9lUy8nbvjM1Uyo1Uqoc,93
1M4qEo4HE3PRaCOM7EXNJq,91
0nbXyq5TXYPCO7pr3N8S4I,98
3Dv1eDb0MEgF93GpLXlucZ,88
6U0FIYXCQ3TGrk4tFpLrEA,88
3ClBKQkKoaUQ6UOhe2xlJK,87
3yOlyBJuViE2YSGn3nVE1K,94
070hrICPvpyzXkbqkRC7Ao,35
1e9oZCCiX42nJl0AcqriVo,90
41L3O37CECZt3N7ziG2z7l,95
0sf12qNH5qcw8qpgymFOqD,98
2b8fOow8UzyDFAE27YhOZM,98
7HMmFQsKsljwTw8bS7lu19,88
7h0d2h0fUmzbs7zeFigJPn,89
6WrI0LAC5M1Rw2MnX2ZvEg,97
5ZULALImTm80tzUbYQYM9d,92
0PQsrLxPbOBBwwmXCnGvcF,77
4TnjEaWOeW0eKTKIEvJyCa,97
1ToprX3cpBiXoAe5eNSk74,83
2usxQITOSDqvkYiI0oIwao,86
3FGiFUJRRp5RGikVrs6kig,73
1mpD5Q8IM32I4bF6eCpU74,87
3ZCTVFBt2Brf31RLEnCkWJ,97
1HfMVBKM75vxSfsQ5VefZ5,93
0bMbDctzMmTyK2j74j3nF3,85
1VJwtWR6z7SpZRwipI12be,85
2plLJpUcYPFrl1sW2pMG63,74
54yCP5dfn4uvU5h37aE8f4,75
3Ey11v2aiX14s4wBaYbhlp,73
3eekarcy7kvN4yt5ZFzltW,94
7ce20yLkzuXXLUhzIDoZih,90
4cOVTA2GfYTHw99AJDQpHo,67
2kJwzbxV2ppxnQoYw4GLBZ,88
21jGcNKet2qwijlDFuPiPb,98
20JtELGPfOAMq7FpUt8eSM,62
0TK2YIli7K1leLovkQiNik,93
6LcauUZjF1eXQrgqMUecHX,91
7qEHsqek33rTcFNT9PFqLf,94
2YpeDb67231RjR0MgVLzsG,90
314ZkcV7oLWG8yWE7LABvH,83
1SNiXDwSilLujcYdvfqVpT,62
7aiClxsDWFRQ0Kzk5KI5ku,94
6zeeWid2sgw4lap2jV61PZ,81
51Fjme0JiitpyXKuyQiCDo,91
4vUmTMuQqjdnvlZmAH61Qk,91
44ADyYoY5liaRa3EOAl4uf,81
7LzouaWGFCy4tkXDOOnEyM,87
6fTt0CH2t0mdeB2N9XFG5r,84
6V9fHiv84WlVTg7CSnIVY2,87
09oZ9eXQ2fo6YDrPzJqAoP,75
2xLMifQCjDGFmkHkpNLD9h,87
6wo37KVqFJhtuxPTpLCcfe,67
3msKIQc0Yjuz3Zn39g3KLX,71
6TqXcAFInzjp0bODyvrWEq,82
4yI3HpbSFSgFZtJP2kDe5m,86
6XHVuErjQ4XNm6nDPVCxVX,85
14sOS5L36385FJ3OL8hew4,81
6oJ6le65B3SEqPwMRNXWjY,87
5a6pdCHlWS2ekOOQ70QnAr,88
4hPpVbbakQNv8YTHYaOJP4,85
1abFkY2jm6KDFMZ7RD9YJh,74
7BKLCZ1jbUBVqRi2FVlTVw,85
6b2RcmUt1g9N9mQ3CbjX2Y,91
0t3ZvGKlmYmVsDzBJAXK8C,90
3OTSBoYKO7HzGVj8Bu2OH9,74
2QrXzOqLCVDRZHkToA0tSR,74
1tNJrcVe6gwLEiZCtprs1u,86
3HVWdVOQ0ZA45FuZGSfvns,90
5N4erncE7kuUccm7zEmwzk,81
0qaWEvPkts34WF68r8Dzx9,86
5ry2OE6R2zPQFDO85XkgRb,88
6Dma0t0hOe6Bd6u5YRKF3n,75
0DiDStADDVh3SvAsoJAFMk,86
0rIAC4PXANcKmitJfoqmVm,83
7fPuWrlpwDcHm5aHCH5D9t,72
1DFD5Fotzgn6yYXkYsKiGs,88
0CZ8lquoTX2Dkg7Ak2inwA,79
3KkXRkHbMCARz0aVfEt68P,88
4evmHXcjt3bTUHD1cvny97,89
27rdGxbavYJeBphck5MZAF,79
56AMYGJzxBO6p8v0wEe9de,86
58wyJLv6yH1La9NIZPl3ne,85
5A1w94uzc1kO1Zhe8WWxC3,70
5hVghJ4KaYES3BFUATCYn0,84
3yNZ5r3LKfdmjoS3gkhUCT,83
3e9HZxeyfWwjeyPAMmWSSQ,87
1yTTMcUhL7rtz08Dsgb7Qb,76
5WHTFyqSii0lmT9R21abT8,85
3H3r2nKWa3Yk5gt8xgmsEt,76
0BnTBAGmr9FtYwkZrwKhwS,71
6LsAAHotRLMOHfCsSfYCsz,84
4aPB8rSxGFISs0o6V2LrTy,69
1XHREJkKDZCokAtGUAeH55,45
6Mz1FkraaQkLuedZP7dxsf,38
4DQTdFaGep7IsnB4duY1xM,36
5viw7xR22mmAU8UjtX9duJ,34
7gmLcEPIL4wDUk8DykPBk6,33
57Txi01yKbzaqFP3EmwO4Q,4
2izRAdFIQ2ccslSDxO4wp7,7
2LzZEq1j0ow1ei4wmdlBJ5,7
6NPXOiZC0m16RVKKB20vDb,16
6RVjP7h1rNXhGjqHnVbChf,41
1ApZ8iVqHS7PzYQLnJSLxF,35
4ddsyeVgiigtQToGyn6hMJ,33
3PIZD7C258F5taiS9rw9lK,27
1GBr8Nix6GiaXLjtaqnysK,37
5bx1UhmDae1dxhc53dFAC1,34
6VEocDLxvL0ShEXPDXxTL0,35
1nUdWC6puxcV285AZfLokl,33
5GuNH75dVRERmsotXhPAhz,37
4JBC9FqJ4KcNIXyRSjdClx,43
0JC7vIyZoXm4vacPnbYxQW,37
7BA9vrDBIS3rP4VgT6rpD3,23
4YqMIsB6PDDOvBbpqMZc4I,38
6Vj7t9JdCrxalTKTtRA6NS,31
7xKAh5QpxJnBZENDjB3xVH,27
3x9AweKWYB2Q5oZy42I3zG,35
4JeVPY6bR6oBXRYC87U580,34
442h1HjaVgRlnU4M5DHisT,45
2evEUOudckFyYfg2XRsasP,44
6FoAzNJTueEuCw1J68VeVk,38
4DjHWjHMYNOXwJ8cfXGzaB,38
2wrHFNnQoGJ9ORiXmyBoSA,41
6ujdygRPDIOfPSDbhUwDIC,22
2vNlq7qG3FPFBmuAc7kRng,42
1XK84pQhL5ohZdSRabQshw,44
2nFQrFSxhrcqneyUS0eub9,30
7vus9CKAew85c71oydwhWQ,41
7F91NxkoCwU6MPP4SjO8hs,38
1pxLe5chQ8Arr99hKiV96Y,23
6qgRmiHOnLbkYC0ZNecLet,52
0Q2wpj3vrY2oLiHamH2tDu,33
3rKvEszFkblVdDlUc3jlBk,29
630rGXWlod7qOLfxR7bA4p,33
4JxXwBcVpVGDAnY4tKcAFH,15
69GusrRWpSSIoZGWc67l2M,6
5H7hB4kPh0LSRVwna2NZ5I,25
0zMtn83Kugr36iAEE8iljq,26
6Yy9Kw5fmv5mrniagxVagb,29
3WymtMDNolaLX6V9pZsBQ4,30
4VoXQm2FFuiTj2crflcCnd,34
2jlJuGJkkBkGuinZtoeRvh,29
4ATRPKNLcoyVNRoYo7QaSG,21
0sVcj4tuz77RCsxGQ5XfrH,28
7ttpHea6dtKYMtGftZuNJn,18
3sFX86i3Qebco0KhrUVCoL,25
3q4n6eb4wDVw9fJYg2hZkh,34
2vIprOKFrPtsnQtADuVUp8,45
3vdGYAo6x7Bfk4uRPvoOce,0
4PxCXdFQaMUGQqH5qMZDUM,33
0fmgOwkb9AwgzXhYVSZRDs,60
232LFA2gOyCMnZbBhxZP6f,36
5gMWi10EEiyC3geWcyBoSr,20
7H4XjkOcmVzmBwHGQQcApF,53
0MipkrIzrF3WHoHVorEVNH,40
3pJfWEBxmRDfS3hM7lAphp,47
4hrp3GSWf0Jd8IPlsI7EFh,36
0jGrxrDFTq2Mh3ebNgvNGp,48
4fZ1JsWQ6r7xk3tLi2sEqG,46
7qCAVkHWZkF44OzOUKf8Cr,74
0OMRAvrtLWE2TvcXorRiB9,73
0Gx4VrHzS7pZOEAGrmXXBH,73
6De0lHrwBfPfrhorm9q1Xl,77
2C2TGgFzrTRIOdQS1vUN5h,70
3pDhN3qB33AOPhQEkUCaWt,71
5PycBIeabfvX3n9ILG7Vrv,76
1KSqYYJFyfTecXFk9M0prc,76
3QHMxEOAGD51PDlbFPHLyJ,75
32lm3769IRfcnrQV11LO4E,68
6DUdDIRgLqCGq1DwkNWQTN,72
1PtL0YQRtq3qxDGUSwZPJ5,68
2a1o6ZejUi8U3wzzOtCOYw,75
3QwBODjSEzelZyVjxPOHdq,74
23WI5V2eD4EyGKxSl7Pyeq,72
5Fim1gaXBgsiFfsQAfQSDS,71
6YZdkObH88npeKrrkb8Ggf,72
3uvypVUsiIr1B0BccIcsEh,70
4Ft0391aLVNtCPPseh98lp,72
7F7kL3i6SDEIbDcoJZGiig,65
6mICuAdrwEjh6Y6lroV2Kg,76
6cJLfIqwh0tCKRjYM3WpZ5,70
6stYbAJgTszHAHZMPxWWCY,6
7nKBxz47S9SD79N086fuhn,74
6Ges5C2IE738iJh4HyQizQ,69
1rXojdsUqqxGj2WCmJGWHP,68
1iEwyiSLAunPR6uouANE0O,65
4qknM1pQz53QOyfDVTjcM9,70
7gcMKL3lnDxsp4bIXyv6Zk,68
7MHN1aCFtLXjownGhvEQlF,73
7Fl3wSxRqBljyQH8dJSz9c,62
00i0O74dXdaKKdCrqHnfXm,69
6Za3190Sbw39BBC77WSS1C,77
2eqDUxbd0JPEhNrJdPlHLs,64
3umCRVVIPZ72WnperWxLgL,63
2rXZir7PFYmCw93pK3iVaW,65
5u5MvmVtitax9R1Mxh3reC,72
2I1uzkNYEJ5FOzLjI0ssTX,1
2FqoR7diymD1Eh7cVb3DMg,69
46HdsiK0uR26B2dY9QPzda,69
6thg9w8KTc9RvMWK8jnxNW,61
1q8NdCAQ9QUjpYiqzdd3mv,73
43CL49bukqUMNxontuQtR2,57
6sHBvzRsuGunQTfCk18KXi,56
1v7OKYgEFT2MAdo3AJ9GOc,63
3w1D8eAOBDZdb8RP5wbV65,57
1AlytqFfAzIHuPqSTQmDyo,4
0Mk48GaMgw0qz0auSymuHd,58
5zSOVwaY3sVjnmLhuEfsuf,71
2wlptOJ1g5fvLdu6ruKCKU,66
4kAtRwNRLMKuoCbxMSxUGI,69
07YFRv1Rj2iTtA7NY3CTcY,55
6FZCj8wIH1sDklyZH3DEUC,3
1Kgyx7NLtzsa3gWV1efGHu,66
1kQqiC1rS1FiuVpeBKN0QN,68
39Gb80bu5xF0rQtAxTxUS1,51
7FFpxe3RMrRhG63dFtgRed,50
1MfqPCs3Y722VK6zkWZ98Z,68
3Gfmqdov5Q8l0BKmCeidJt,40
1IlJpEiMt4nuLr3cWFQUxa,67
6RsnwfOHuNfYw1vMZbAy8l,0
7cIkMEpDhT7Vpw1FHOQqKC,62
23YEpFgAVvr0w3cDm7EQ1Q,65
2Fg2cN1wHQslgpwXzLY4We,53
7hWlUt8L0rNx1Q8RZnUVQz,0
4tjCNQ7aCL2Ou2rJlmrTpj,54
4HNlRF6Nux7jU68kTpX7CP,49
5mVcyopMGY8dSpN1ZyaBUD,63
5YJ4BVvTFmVCxUyhKejHfR,71
388YhDYxPvaDIZQHWqpB4E,61
1jj80muEnrqByfH2omBOcZ,62
0t0WIrjRcvgBAwLlby2gsZ,62
2hGX7o1gV6cC8s20rJTFsw,20
6g8su55d5ZpbMw01J7YrgE,61
40EDOraCqoiMf14TzODihf,61
0jicrrstuAzf6GLIUdwAQk,53
2WHctubxf8LzrGr62cLz3d,63
0ay1Y54hUDgYBg54JPrOCv,48
2Jz1X6ZB0gkkCVgmeVGVGp,68
6G4U9avyBNEfP0fAIduev3,74
5gflgO9EPbIBf16n5TKnQS,66
614NVFo5csQqRnryl4jXs2,65
15wPtgg6jsyMLhIkjcSpl4,64
0k1hbeZodoEw34FAdbh8xM,55
4zOZQdgs7nSjMkqB7keSM5,55
1IcnHHfeAkdc88LybFWwb9,59
7sT08ys9gXDvYNyTP80zvs,48
2wRkBumdItthjYP9XknImg,71
62o8KoI44JfN7aYxgTnPvh,74
27GZ01uEeZvG7esdoed3pQ,54
2rc7BkzO8qepMFAxHtOrXc,88
302I7g0l3jmAbzFu9WBCmu,77
4wJFExEZZo62tmwTM9ENDR,81
4yb5Z9dwnKhO9gC0AZQYDe,74
5XCTZzZ7b8MhPurQIfzD8A,36
1E7RHPXA9sZ30qfms18J7J,63
4YqCBC4FwzGXuhixt5cgmm,79
0mD63phUwHYnlvAJn8NgqC,68
3D9rnyLwvWo0yhcuIWJ5mh,50
2jz3dP8GozFN1wZ7KJbJKw,50
1cVlW9WQiGlFdWUXFdFZGh,86
4DbhxwlkhTbCTqlZptxmI6,77
0gcOnIUKIG6JF56iFUfE0p,78
0639sfoRA7sW4fGS1EzcQu,74
6uW0PIRcyZLvkoonm763xD,79
0X6coWomPnfGLXQ6gdi3cI,64
4Clmg1g8n2yBYG13Z1oSdG,83
12apfmq09hXSx6yEJSn9rE,43
4BMk6XhlXJW7ZgIS8vSBZk,62
4tRFdhdqMUkGfnAkis3lNv,74
0ePiYPlCq3dhwfAjUttjT2,65
0akyEssGRVHstqCSWXusJL,78
5L4ovuTRSmPWACgu8W9lGn,45
4zoga09ny0htl7WLyJjlGH,39
4JNM2zoeMTg9WyMsu9N15R,54
679CNoT386QI0GJJ8O8XdP,54
0YGXxFDEGNSlW1djyBtU0V,56
0DjnlLskmEjm5mbgo24WwD,62
6SFtimpTgM5wdYqTalvtFy,73
7vsmaNYx1XoB9allFYjPCg,50
15GJ5u94ls3eciXNh6YDER,54
63USmok1OioBzKuWGW9wAg,69
47d15DTbdDDjyNMfYoJut5,59
5okqNnWKKb19iRSA8Nxrv8,28
5HoC9hffOsN30JKLU6chQF,51
1Bmh8yjfnE21YbWC9orEai,54
3eB9M6owEHwk4nNrZRNUwd,73
1vCcfFrJzAoKqc8B21OTo4,43
5h3qsjZOEC2QmiXs1utJSu,8
7wadwcnZoJEU2b3pgApUDv,54
4pCe10FbydPpDaWPWVtSv2,48
2lCEkKWWTOwsgXjOwZtMdd,54
0cftlm9IYJi4KoN1PDvR2V,68
2pRIqomqpeo1loNcYac5HF,60
17J2patkIezB1LxcBbDpDl,57
655SkamVNObMDXtoN84O4Q,54
3TFbQoY4KniRQRWge1hZdk,49
6qu53IWTHi9odNr4hBDHk6,63
12xjRcDTBU9RgLMZePtLop,55
6C2Rj7hiP2zHWnE72xZvoy,56
7AIy2SEjip6FKhlSNMoMac,8
0BOm90PDLRJpTSqqd6z52E,66
6AmMdy27fUk2bDGABGcmfz,36
53Tt5R0jXSCeijq1uzyH3M,33
1B0BQaSRHxhI0AUlItY3LK,73
0nyrWJu7GTlmS7YxPb7ZyA,65
6ydCAmvfPBYxCnqdDZAZ6d,59
3G3dqYplCvbvv53HkEdZKn,19
0c2TpEJuuiE9MjILr6pp0D,2
4oYTgxA7E6toPav9MSOHsY,1
7Eso5mURNFprb5PmhOXDlf,68
0NLCproVurQVarImbC5coP,58
13bdVQ556V2kuqsrMFWzs7,43
5Lhlma8CbXwj3ptne7H6DF,54
7iSes74ifLt0Ldk0pL3n7k,62
28WKeqbRKcTG2GH8aaHupO,18
3LDMrzAYIeUiAUWO8KKpPB,48
0lvBfVZK0aYxFwLroArgAA,26
4rbFRFbocQDMubY2l2qM1K,63
68gzwxDCXwMWz4c0UU4sZG,47
2crgIH6p6JZGjbmDBNJCTZ,6
1MFERwdv1fJF4E6dcRYOHQ,20
5tNPTZNNSGt4LnOMdg2OgO,17
2qyyS2lOdC7oxZDQ7tCuY0,50
4XE657RHqO2usRr0EgKsey,44
0Yo6IZJ5e4DJFKxlVPtzma,58
0R5PV1sCMf1UcfubQbe5aS,51
7fNPXeqDaUjWiZhiPHTG6y,60
483rz2B4gM6w7m21gsfnTT,54
7rknFhrVDyxzTJkPSf7LoW,84
6rB5eNXwpxDbVJJpWzaOlf,49
62E8JJRtwOwU85uup9C5Ox,9
2HnKakdBYatbAEZVNr1Juc,39
5IgIor9wnFdCgA1Pc0Xeu4,37
5ErnvqMFGlEl3AZdazIiLw,27
1R5nCcASgTubHzMx2Ic5UU,59
6Nmpt6fRu5Yvbfraoe13tx,57
1O34fFJyV7djSqRtOuRSVh,61
2qXwXciJwW4Qdg7KDesOCQ,56
3NncP0ajz9lqYAZcQD7Bpo,8
5OSrMt5y9dExB2J5vMdTVk,61
6hgMxMYRqMXeM0REDayIIl,45
1BVnAMf782HlV4HIPliHr8,28
1VYdx50j4dHw3fca2EpNNx,50
0Q5uZEhL7k1MsYvZt0Ft2W,38
1fBsLZr8fLxXR3n0FpLUhC,20
5GB82gaWr4d7U4AtJyfVi1,43
6I1JuzUGxTAD0kDY65fg1s,64
5AEe2QNDyG1u0bujk7LrgQ,65
4jzPGm9YsNvFvpL5as5DVc,68
29r7RLvr2Ae8kuSOUXTM1m,50
6dEfw0vBhzPzd7MjLwZvGd,52
059bcIhyc2SBwm6sw2AZzd,83
1kMUGCt7XLDc5Q64Vl0H8S,77
4bUrpXdPZIJMPUksA8ggDB,59
6v3KW9xbzN5yKLt9YKDYA2,88
5Uel5PmPBZICA0TQTI912U,59
3UW4SUehKFC6qmaTZ3OiTp,63
3za3hxbolwmy9AeUpWzuRE,71
1g2Z2lOrwayOzDqOc8EfbR,76
6IRgwlJMmQIxS9WXbQLAYX,65
28XvT0F0E4sVamI6JRVnmU,50
6poj56vC9JUu1yHTsv92WA,64
6X2R5GP9m4NycgGLZV2vH3,46
1lrHvObazT0Z8Isoaiye7I,22
7ffNh65adUgbdA7N1c4iN8,36
2UyiDAqoc1R4gz4noiJ35z,58
2O4ilW9fzFuy11r6Zt5P72,64
5m3jpKkgkfoMcym1qjToFg,76
2egI1hFZDAYrkCgtepoore,77
1mQwQm595whVQXCQ9wtzVS,25
1hvZ3uUcaCZrcZQXWUBRse,47
5wGypb43gWIYWmDO91gYvu,4
33WcWOuiExw6XujNwQ8NaK,7
6ThyKCpWXwqfy075AY1CpU,6
3Jy1PP1WyehEwtuh4tWkZQ,24
72nGzwUlz5ZweJraEQG00a,23
2RBnSQrhdtUnjqEj3upHTk,35
40zbkoSUipoa4ryLCqj838,28
0cXSBouXqFSvPbJsORwPhx,27
0bDA7DSsdpay33aFYzOHKR,28
2ZL0cFicHe5xM38lqxXFps,49
70RqwI4jVXjDGQl5UWDFPE,33
1VFMCn02cuTufv7SqSuqCY,35
2L8nI0gMmceLCmEkdXQYTu,29
5YGhQpZhMBTJ4ROUns2MVB,44
055gPMFqjFak8WbagTBSOU,46
3oJhrJ2XZzgSiIRq2O1n1I,40
7mR1iFQ21YjwNCeNioFjJI,34
1M2hRrYg3dyf6QTbjBX3vM,40
5T4nI7b8EBszzxI1Ff9Eau,35
7AyMywuWMMDyfZVArAnQ4E,37
16Vzt8Xi5OS5rlqPDVJXHW,36
329ZotUK1Kbj9Fj8aASXud,38
52pFy13TIADVaFHRiKo8Yn,31
5yoR8riwGVeZoCmZpmwsCW,40
2wTionilOAj3vJw5zvRTj3,32
5O9Mb95hkpNLw0HLsWwIoj,34
2fn10isMyUbYlRw4Rw9vYY,38
6L3KmR1RHMT9nijE07qbg0,37
1KbpI2wqJnup3pw0gM3nEr,34
5LhChA6edZR0uGF89Vu4OJ,38
7rDEOinIXLoU2i7MGPi0hq,32
49iM98MCjDNxx2JNSfYbfc,43
00WE3UYEVNMsR5xc10L1bE,41
20FvX4zk1zejYVhpWwo4Pd,26
4a5D25KuAhGNd0eukchuph,43
7lehsJ3H2C57ZWIhY1YPe3,36
7Aq7xOKfeuF3LYUw9KThRK,32
7mGy5pf048P89YENlFfsVy,37
0hVXuCcriWRGvwMV1r5Yn9,84
1Jp8otFaU2Bttfvn93dzWk,42
6SwBFQFjgwdYomUy6kLTrH,52
0zLsDhTzpDXaAA6RE4Z1Pq,45
6tBvw9TfPXY7sIcgg3EZWE,42
7Dnp5gA7bLfDW92JnWba89,38
3WhKM4bvq4iqQ7KQgjHn91,36
5liA2MK82OeOqSpcjLpkkn,40
78ENdT1jr18MtESuDkBTCN,37
3M9UJ8zpQJHPjmaAhaQH3G,48
1jlQ14qZcXrtPCpX2FMWwn,41
3IH2zs1TSPFA2Iy7e5HCmT,38
3ydWEAgBgu1rAyecaBPjAz,25
2Iu3KQRl9x7o96drnz0uM9,24
3Av6RedySZK1Mj5VNb4Mmf,28
3GjF1uyXJH10dq283GAEad,23
2CkvHzsTm4HFJSWEDrJvOi,33
0P3d6JMvtpNehHfX8thDCc,30
31pE8tZb437SLORWzKwSpk,40
4gIAnVHAGema5dl4omzid1,47
7m9qFibejocXj5WVy0iGQr,39
4pYvFqD161kAefG2yuZtz7,31
1GTPSZMtIg3lgfJNpoQhfG,28
7EI2xT47KTqGvXHvbx4tJ7,30
40lcA4lHEMDvwoDMcwd1Xb,41
4jmjdIIcgzeQ6BsupNZAG9,36
2Vr9ZMdhXKcpuwG3CDieuD,41
6UgmEQ5wn8nqJPcDJo9WZN,34
6XmlOZjCCwGQ8ynxKFNqzy,42
4iIQ6MEJzHXLK0tZgu0lRm,38
51pPs7CwC8gvZKlJLbnS4Q,37
53hsN36AEPsBT0XEh7C2UP,27
7dhGAjw1MVZRBHcktKo3Kd,34
18Ve6vZ4GaYvZmA1mepYOd,24
2GGMabyHXnJmjY6CXhhB2e,79
5IaHrVsrferBYDm0bDyABy,82
1iPBD72u3nAyFEeardYuBV,14
3QybPutx0Tjk472bBKjNWn,10
0TlLq3lA83rQOYtrqBqSct,82
2E124GmJRnBJuXbTb4cPUB,15
78QR3Wp35dqAhFEc2qAGjE,84
4S8d14HvHb70ImctNgVzQQ,79
55GiOwtxNajXVbpjjIzMnD,73
33tNYw9oMtSkGe27NpgS64,64
7sO5G9EABYOXQKNPNiE9NR,81
7ycWLEP1GsNjVvcjawXz3z,82
14mHfNsSHN0FbLftyjrV9g,78
0s3nnoMeVWz3989MkNQiRf,18
4VgYtXCVJ7IbWAZ5ryfvEQ,82
5stPVcRqb4qixbafP9e8lt,91
7k4t7uLgtOxPwTpFmtJNTY,98
5DxXgozhkPLgrbKFY91w0c,93
5Xhqh4lwJPtMUTsdBztN1a,79
5QXQy0f2q8wJNpPwJtjifx,80
3mQ6SLdxxaL52Yte7KF2Ks,82
7sQKy5vlPQllr0k9IjYJv3,90
7JabxjX6a5GvDDw6zRFscj,46
7rFxvKtiIeCfjmn1uKxmI9,60
4z6wo6PJG4Fve45OXK6D9m,84
0RDgqtvOHLwcI6yz9bjsZV,85
3jbT1Y5MoPwEIpZndDDwVq,90
6mAN61JH0dzyZpWslS11jy,92
59s0s39NFWScuHDbHytI14,88
4AjWbAwRpxk2worpjNH5CS,52
37zdqI4r1gswIzczSBkRon,89
0lbhKycRyqkOMKZ6thzfU4,79
3YntiCUU0Xqq0B68FM3YAt,74
1Xnn1TPyr5h0hpRAT4B4EA,87
0qZ7oronoocHdFDKGBdgLQ,71
4xvTPuwHaXoDM3p0QcY7bH,78
5NOHsDSfLIH45y3i9PfRyh,73
6RyaV7owmVU6fzEPE17sF1,90
5m3jpKkgkfoMcym1qjToFg,76
5099x34vBakWpGkHourFxP,85
4MxYiw28F30NGOaTZ1ySqd,75
79B6ZFqXNEBk1cFMdtXVkz,70
2rc7BkzO8qepMFAxHtOrXc,88
2ohqtT8jp5VeSBAtBEpSqA,75
6TvNO32huOBlWG5o69i1v7,76
3C4KPCcAUNRviPtazWy39H,71
3o7TK4inMYzJC3ZMJCWsRC,71
4whKi0lMYWNiV2IZBkTbYB,70
2y6EbYibgxMVQ0T5YjZYWN,67
0mcBgVRVsvESTkEyVHt7Ue,75
6Y4PDQv4XjYjHLeLmvyOt0,88
0Cn8NxJZz7zUlsaA3rXoIU,81
64IRsSyqwD0CBbFAfrR0rT,75
4o1DxRjMCHDwBiOKv88rOl,82
4RaWbMItxVbuUExNkFsITP,63
1ScD7XQYCKmJ3fdNh71lUE,76
5YrjfKuFd0pMmYTGeRDV6X,77
0yxU21ecIK43OvBh4apONo,68
6RyuoOJXNzlVWpfC5xQyeI,82
7vE3nlnirKZ21FRqhVDyxa,67
0PabDDMMzwmn9cfJsfes7W,77
1Eo8Ty067B01B7GETiZdgy,70
2kjdTPSRPS9mVfRlaenjsf,72
0UfVfRSmy4xMyi67LKH5zZ,75
1XxmTx7ZzI2xLvS8SqlXs9,72
1ndyl3wJCFs872XZ3ztPk6,86
2ksOAxtIxY8yElEWw8RhgK,93
2FK1agZzZzTyxV2CD7ixcP,70
56BAJvpaWgvr6C4wmc37iU,78
4fj7e6Tc48Bmomwyz2Z2XC,83
0fea68AdmYNygeTGI4RC18,91
7rknFhrVDyxzTJkPSf7LoW,84
74j34STf8L6uADnTN69ohv,76
0wMs7DPFOnToNAoecvAFQc,81
684EjRHwNsZQ9hCQxL4NYL,83
6K5BsR04ijf3FHNzjbaagD,84
2TH65lNHgvLxCKXM3apjxI,90
4Zo6WxRw19gk9AbxWHViGU,61
4bTZeO72FwMa6wKOiqoynL,86
1c0hsvHLELX6y8qymnpLKL,85
0i9oiUkWOgvtnjkr0fa3XN,81
7q3NthaBqFI6s0WnAlnIvq,80
1k1CJlU1eAEpAbNK0TVeKD,11
7anSoGdgtmJTAPZBzcPhO6,83
7MRU4vOkywuhZ9kbFiPuiu,80
3KekO5WUfJsh7kYU9o2w50,58
2EEmzqzM70CybVspgM7YRT,82
6Bc48Fgqgb6j4K6JdkZTNk,7
7hynhxDoDpgMIV12JuVtNa,79
2B94bbI1a4LyBpK1439oP7,83
53uKGbcMjEc2gIWbfmvpdS,79
70zg99pT51vB4wlMS7e4q7,79
3iQOfefMGDVDwo8dZoco8T,73
6F6BPkZYKQfgwZVBugMpty,65
3rZxzqH3vl8yY0BTL4lzxL,68
3IvLpkhvkarEACMGMShm3l,62
66OeFWKIn9UCNCu3nOGx5e,63
7nhbNqmt5VVvVdgOtVqzZB,30
6cy3ki60hLwimwIje7tALf,96
6IAUi1xparRDfxBcRHJ8fx,39
0iQmZXv7e8EHcmJmHpZX3o,72
2sRhe52xJklfzRIe0K6puw,76
2x6WhnhzmKMbG1oO5fIW5G,69
14Q3OrXMvSTCJvqeSNXovU,67
11ufNpNUBDwTGlU8sdWZaP,64
2UeO0dSYG1t2BpESjdk24F,67
3DjInVTE03icrWsq2UZV9n,72
55oduV8SihZzpk6nOzBRJu,55
5da9eEbSCnQ5fae1k3lLaE,57
2T47pdSMuXRkISF5wlFdlg,53
7JUvz8eMJTJYJ1dHYUcK7y,66
3fIBfeXyOYgGUumsk1Kjno,43
4giDe2KY99YzVocsSWYscZ,69
6xGgxNO4Hp1gfEUatmc0nZ,52
07yM5vxBxAIXWzNqu1BnF6,67
1MYMEtHi6fmmGiDFLrBiY3,68
2YfOp1cJeaPwJCKe0gjo7y,61
1km69Md8EuQMMZ34nWyqlk,48
3h4crsrQtBOhLrewXZ8w3D,69
40rXWke6SnXiGkSmaT8ZUr,85
2TMcH3s1FmQP5rCVt2EpUj,44
2jT3L6H54Cze0Sv6AL5NRB,45
1ZbgdjqdG9JSCl98o4l1nU,54
7AlfoiKXfXzwVPE9asKNCs,39
3EfqlNLh9HHLh8YkmezU5h,72
7zwOSMqWghSCfZrVo5r5nR,57
3pCc3j2htkGXWJsBmSs0RB,43
4mOXPQEZLD85vyLCfOWV7Z,66
5Id5B3dxJZhPcV9GzgYZZe,88
5kleOIaoeWiaz6hyBvHVsc,39
0x1k6gSTSxaLxe0F2IThaX,79
2sGcLL6UBHSRCm3kiKH9zI,66
60jkNKC1ALVYGyPTrhGWul,42
4cZ1wv3XMgUNjIn4PtzhWF,57
6qqd7DGn2VXzxsR4k3Ycun,77
76UZQROHQm5um99NbxtMio,62
1W3PmIlBplo5X5T67yLmY5,66
4FrIdlSIs6CmrARu66EdcG,37
3tCMkWXH8WdzyVQWDrBz52,48
4svaGEtJdr5gdhBvdIkGaL,68
5ZiI3uQ0bjorQcIDsFmGDv,57
5JjRW0BF47MQF9Z4szcQ03,38
7MkFd0UDHlILDrhBjGZH5K,72
6KPMVAR0DaZ0kXzgZk4xKP,51
1wJUs2lr1drNrxMnJ0xAhE,43
417Lz9vsyAlnPkOZFMiJib,56
1o3w9bm49Kzi1QfBvWMNXr,59
5swCpW8wpeE86HstoqoA4L,58
4BCPItsB94KDLuERZT3aNM,82
4saCqH8Jj0H3KzM29TRb7m,53
4F1qeI9MpssRd1OXqH34kR,48
5MA74oQBT1lVZtAVuMJAm0,59
2z1ACAitQVTvo1ynh7EtAd,67
1PeolWTkf6eq3K3qMXTkkN,59
1OmIYZkyF8Ujhm39eEbeME,39
7bKssEnDzj8sNo5gOuyJDl,71
02lGHA7bFFplYLihnUWTx8,77
2r387DZKnyoSQUpHWikyGR,24
6EnX6zVBSrH58BZPYWnVjO,41
5MXt1GgBJPN0JPzUDIopqz,55
4thYedllWlJQOnrplPxwfA,62
2qM1Uus4I6Yx2BGlIzXaI0,4
5lSASgj3h5dWTK7pr4vkBq,2
4JOcMuy5myeEaNCKlu5j19,1
48NXpYRuvv9izul4oXhqS9,72
0Q7ZM15J0cJA9rd7pQYdRq,69
4fFgpzgSkmn3wajioLBPOr,71
2Jz1X6ZB0gkkCVgmeVGVGp,68
4uJSxi5beZ9GSzq5OKH09h,2
6G4U9avyBNEfP0fAIduev3,74
3bkBVEmRJuJZNh5iVgJkWm,71
5clFSlfkCRlhnH1cAQjSBi,66
1MfqPCs3Y722VK6zkWZ98Z,68
1IlJpEiMt4nuLr3cWFQUxa,67
26RZ3DhnVlytdG6N1oxW1E,12
2PUbdd0s68EfVKlBCUW9Vq,2
2up69Rho7swRdP1MHqzX3n,67
2KtNeULMaw8sFkr8w13WWB,7
2Eg6dOam7cAe5turf2bnCg,63
32SmDHzbqYRAhX9Jq4gDnT,50
50K0GKbudptd9wZwQlQWdj,65
5YJ4BVvTFmVCxUyhKejHfR,71
2iHr1co9ElgzHredwMNKOy,63
6z5Xrx58p5Bs18RIe6KXbI,73
69Ej1xrGjOcHvIMtMKxK0G,73
6YyPA4dxemw23eGon3CjFX,3
3njYteZvn759aNUXMCxiRX,60
1q8NdCAQ9QUjpYiqzdd3mv,73
5RCcvZz5i0rckjbCTSPL1s,62
3gvGnkmg8zVZdBAx4B7Cvq,51
614NVFo5csQqRnryl4jXs2,65
5gflgO9EPbIBf16n5TKnQS,66
1Z4IqxukC6Yuer0nK7rC2R,57
3QLApyuGYQdSQZTmBXFaSt,49
2WHctubxf8LzrGr62cLz3d,63
1kQqiC1rS1FiuVpeBKN0QN,68
4HNlRF6Nux7jU68kTpX7CP,49
6ODIW5KyJKtXY2rOuXv9WW,1
6DUdDIRgLqCGq1DwkNWQTN,72
2U4kPiipwfc2oHmd0nGoj5,60
10bbgurV9w05vJVGAX9jYq,60
49vwUeeauJgEQxDViXA01C,63
4kAtRwNRLMKuoCbxMSxUGI,69
0tDSgSmZsbxCkdkfUPjg59,64
6YLJCOynR32U4YXtsvzTdC,63
4okba5wu9mMLXx79DXLKi3,6
40LW0IOX1DDxqvnTLpAKrq,68
388YhDYxPvaDIZQHWqpB4E,61
5nJaS3PEpyPfaWiLxIGtRX,62
04uA3BJ1Rj8DBKkpKCABJx,64
20ZAJdsKB5IGbGj4ilRt2o,8
09QZbXkrHRww7Epv7qSnL0,47
16KDdey3vnSBWwqUZoe1cT,58
1pLCpA1RN8avJxSD3ZCwhj,65
2oeyvFG0mFFDHUxhPVObNk,61
3uvypVUsiIr1B0BccIcsEh,70
2XRqhe4lmCQVaUWawR5wRo,60
4BxzNZpcm1j3JczZzGNe2k,67
4Xtlw8oXkIOvzV7crUBKeZ,64
5I0u5YHYvA6fQZstVCFwqC,61
1lxswgIpzV6HhENRvkflES,69
56vD8HM5H08hknJtMcNHOP,62
6GrPaW2OIHuweYcVRoYbmv,45
25GRgMoXezppQjLjSDLKf5,60
5XxOOXTiDicBrQXv0PAAH6,56
4VKI2yBkCE4mWhFBwZp0LU,55
3rMyZL6J4t2EeZKMTD1UaI,50
7oYouEGAQJpU75CAWFEMi2,51
6Ges5C2IE738iJh4HyQizQ,69
2UYXTSZkSxWJYGpcd64SRO,5
2qq5HTgeJTLL9oY7b4X16y,61
1NrKLroOjLcSXtlq8twPrc,49
6g8su55d5ZpbMw01J7YrgE,61
7syG2WcnpcoJvxSZT9VbAa,65
15PxHZffHMndHQjmzYuGUv,59
4euqcj46E0OZBiz0NjR4mO,57
4Zil8ro7fhQGVYXl2YYkO2,61
4UxD6L5uah5Dvzs5kQwThG,54
7d05Cx72W1WsWUw7MAD7ia,56
1ZE19OuOnqsMFB6V9Gtzcy,0
4oYN44rloSqxabqrSgIani,55
3tI4duDhHmmz1Sp7RX0Jbq,63
45IOnEpVUdxWUZFqpZ7Xvz,54
1f2AyplMMO29MHBkjfFRmc,56
4h4aAvqiftNLS5XeookGx1,54
3J6vrRMz6EfwH2sgYiyNhc,61
7rbtNjuh56l71xV7Uowf50,58
4UPeS038Mxup1H4bl0PsS8,54
1PtL0YQRtq3qxDGUSwZPJ5,68
2OikDCslmF1Y04Szgbc8Hl,60
2vWWy37CDlDlfPipzb4iIX,57
0uJrYOhFXe4Y86JXPPMqt1,0
7Eo3fkg16MzIgv9SxxSonH,51
1b4QQFr0kifiSkzHb5kni4,0
4EoDcHQ7lOj4RGgRibFLXh,0
5c9CsmVAhOQ5jQKwmNd5fk,56
3iRMZq3iIaIBW5bH4VgWtM,54
40AGTob7V8pCDvvXERrCu3,52
46DW3fyWuL4VZfEwnyWjXg,13
0Gh6QG4Z1pSvIo7btP1Ux4,55
3pDhN3qB33AOPhQEkUCaWt,71
5zuE6KIynU31uACRF112R3,64
5CQzOnFWI0liUblbHYVNge,79
1E0aH9vpDU5cKRMFbfZac8,55
3TTragde5roTvwS2caAQOc,72
25ZAibhr3bdlMCLmubZDVt,86
1LiN0Z98FkR1t0m8KmLcAH,80
2DFn7QiaiaNNWXuWLABatP,68
5suqjbw9bF0T1X3HU1oG1v,71
0JxHWujXDT2CzLWlQXWEhE,62
2XCyOEiZgavc6tH2wA1RCe,65
4MR1AZhe1p0zTuH2HGhX9L,72
6v0lAdFF4haL8xjBIUjtOw,58
1g2Z2lOrwayOzDqOc8EfbR,76
0tJCo71s7HT9Mu5Z4juuLw,77
7kxNb4wurmBtqndlzREd0J,58
4YqCBC4FwzGXuhixt5cgmm,79
5qN1G8fSHq4Sv5FRoOkNGu,77
7BuHdm4lQqcyG3qTwdkxus,80
4vK8Kvyw1mabkMXJqbZOZT,67
5mj8WVFcKdGA8p9HWGTSLc,72
6zw6EBrOdGTbKzC0djTOlD,65
17UUYZ290omPaJY4wKeyHh,66
7LLXLd0pisbEAdIVK502VM,72
4SJHHpKhcuXwDsCsPqshXj,78
36dhj3CSJ2gsED35rBswno,66
0VKkyBKCXyR99navhVRqcP,76
6XGfoK5edwViiZlmv7kQcE,62
5bITfqKGaPakO1l99hOMsI,10
7929JFNqTV6t6wWWHzpaVU,62
7IzTqlcNIVONE35fEgj9w5,64
6dZgwCrQ2cPERXn63jG8PY,64
5bY5dJ7CGyNRSo6icGUo6H,43
1sviDBcAqVOxMXq4xITVEs,84
4dqoJHdxf9Ez4DDqGh2PBc,75
4z08BpmVeZVdthD26JxkZt,50
7gPRIgwzddQ7jga1sBQtJ6,70
1veR44V3fx9onyZ8XUr2vU,50
1f38Gx6xQz6r4H1jGVNBJo,48
6HvD8JhIe9Mq6gyql32rYb,68
3fAwTY8XWSLxyX5Rgungap,72
2AY2vE3UPgmHPzTXUturYv,44
3nQbCPy1vMFtXb4XEpOmgC,61
3brBqyulqpUm0J01izS0zG,62
7FbKipScVxkjQxQXwTd0gL,81
44USJjR3VZ1Hdb5vQpZA9z,55
5uNOpdHMpFV9RxZ0qgNGcD,58
2Zbw0nOYZoKU27sOYbrsv7,71
2lllz0GoFtRdHMaqGlqcoL,59
0kMQg726G2JPUFdJgTxWJf,55
4R8BJggjosTswLxtkw8V7P,86
6fatMybX8VmHUpaxVcXzrz,78
1nLUqn7k3UtUxuqdTXiJjk,66
7BlBVFwvbWvcwNcUarQmjk,88
6EWWkqE4aFlZRyoFwwOT8u,74
64DUyW0uBPysl6OwY6glOi,53
6XBjCetHKdO5L9cwMDVffw,10
2rCelCOVKJRyzef1zk8aMY,49
1EoEU4HY57qaITp06TkC6B,79
0uIfrUwwg0Z7KTitul7E3T,74
1KdwnsWOvhM53vezy5ROuf,79
6bLvfGI2XeU5DTl8feuNrk,72
67OKX8DNYygddabwIjExsp,66
5qFeMRz4TvetPmzjre9Dq7,73
3gE4eQH3K83Sght0ZLvuBK,69
2k6RWRsm2yYD8lOJjer5qa,52
5vCjGrZlBaIeOR3uoYIAeE,48
5QyUhnJWnndTxBYCA6EMRy,61
7KbF6AdprOXEEHlsq11Z6d,86
224EVTFiLsdQignUFLvDeH,18
38kLHBjtWJaPXcyFhwRVtI,75
3R1yxKhYKoXqaztyQflEH8,71
2qG5sZ7Si6sdK74qLxedYM,87
7oCJsC7MEpcr8ylb05vLm3,52
3WnFulxNJtoANf4r0FVkD6,63
7JGUQpRKKQf1CfZFBVYPxi,50
7wQQLVAxrmY4fox5GKasHX,68
0SrNEzRKXRZIq3IT0nGRuy,44
4qgdySrAI50O6G6QxUA3qY,50
4TdhjtQllxEjOcpgrnlRZr,61
1oduFGIaBPzjTcYf9mDGAj,60
1w3wuuSAq0F5nZuhsU4xiY,51
1xaBABHhVCk94lGVC92Yll,56
6ofuqm2qLMi9lBFEF9mJMb,68
6aTVBkV6LdW7dNfS4ra9du,54
0o7a7DlKr89JrTiHsQFUSa,54
4X0PgIZFO0mYwXOwdFpDEr,48
6fIVDVyzymH4OAlNhJ93k3,70
34ZngZgo8xicbt1EE8Ob8Z,77
6pNjmMB8FTMEcqGSgs7Mji,77
6K7V47wFpfam2aeE893rbL,70
2Mb4KHDRhUJ3BoOZ7lGSy4,68
3hb5Xe5VB0fj4QWVLdeBUR,48
29ShXDWDedEwZkYc8Du08N,76
1KfrcxnOLyDhd3p4hGrhVe,76
2acGrERwIyVXsbJvvqS9h3,49
4lzxJ4jCuFDXXGkE1LmpKR,83
4NLcgBskZkUYgpAVQF0sNI,69
4jBpZsZ9qx3cZhoEfuKElF,71
6ATIufHUOw1R1A4q46BqrN,68
0L3DcFGrGtixx5MmxJbJNI,68
6rXxAohZzTDsP5KT3IDFIU,75
0stKSegkdrfLTDvm5sIO38,74
7mWFF4gPADjTQjC97CgFVt,80
32lexhcz93AinKK0qLTZaZ,75
3QfD4bxxkopZL7XZ8RaezH,73
3f5lA8nnc4YYF1qf78WpHw,82
4e0sAwSNPxK9Zn3vnZoZ11,1
1nocRtwyNPVtGcIJqfgdzZ,88
2zkVH2daHyjS51g7PRJFDn,78
0PaNKfwdqHjmW7hVEQ0lbu,78
5e50NiIlOc2YJIftHzoehd,79
4yb5Z9dwnKhO9gC0AZQYDe,74
6Y6YC93R1r0CISm5iC4j27,77
471HeGJPKw07MObixON0Um,78
4zAmejUNIsPCWsj5t1lGo4,39
27qRmG3zOWPvMYUkpPdQ1g,79
65HT0L2eAtvbH56XrJqPbf,75
5Cbo7oz78gqkzV3EAM63VA,81
1cVlW9WQiGlFdWUXFdFZGh,86
2f237byd0A2w0fLlnVDOV4,75
09nSCeCs6eYfAIJVfye1CE,81
2dy3TKVDEbIeWxeIb8JWqZ,80
6z8sQFj47s9ZG0Ls1k9Gct,75
0R7DSnSibvuE4PEHqUayqf,62
4n4CBlQVxxnU0MHGO5Mqv3,63
7EjH9riHigml4DfyaAoHGr,31
4YAcCjGlRfpcFLyxiI54K7,0
6DxS2ZRl8G3EagHkovYXA2,67
1ji6mY9Gv7dO48rohMIr6p,49
3syMVJoaLhRKAw9r9ZB9qD,43
5v0jVSPTspMrhweCCEfh5b,55
4nNeRNXmdZWfw3IjAnITZR,60
3nCFiwtuVqVJmnSasApvr3,64
1XJWsjiN9fD6AVBBBJ0sfg,40
0AAl3LtvIhEilWXZmYHeh5,63
1ljnwB1bv0sXnUKrmx10Qy,45
2QNRG78xcJZpLyXYX4JmhD,56
0cpzO8YjhyR8JfLzfm5cOr,59
4mM90OUhSN79RRKT0qv4dY,51
1Kgyx7NLtzsa3gWV1efGHu,66
4ObjArCiona7v0xbZ83rUZ,62
3fNnPoIaVT16aLZnswQdCV,58
6ksWMnPcHNyNoNf3y1BQCO,64
3XaWuYsTtnkzCSBr0RmROc,59
4s7DK08ZqqU5EnjvQ6Vlle,57
2BrfJdTXohQRtWBKsBTIp0,62
5SgN4mSGVEZ8TZQ5YSsKKb,58
5A2fkyeIbRqwXGkIdadL5q,58
3cen7DS8IWL3XADfzggKma,57
58smrlsnspzIZKaiSJEJ6y,41
5IhmIlLgSpp9GtztqrTP2v,49
3E2jVBZU7fjRNB0m3PrrhF,58
0dA58RZci59FbrNbNbhGJj,59
2sz2I6oIk9BqC4Ow7KbdGY,33
7LfXCNzYnWfTeDRDe1sU08,42
0t0WIrjRcvgBAwLlby2gsZ,62
534weu3DIwV9UELLTGanOC,59
20Zj7TB00BDSp7KLUJaEvU,49
5mVcyopMGY8dSpN1ZyaBUD,63
76tsb1MlePUaN0Y3R8w0KO,0
1JV7GONwi6qMLb9J7kcSTV,58
2MrP2Sv5Zbj1qckTKD1pVn,53
2cOLPCuhMrTzrErYHwVFAj,56
2sGmT34Yii7lrcrtxC4Pkt,52
2y7EqBBJWdsha2YKjB5uHy,47
5PlXm1EYkNmVH3o85Bpfql,55
6NoFVCCFpjWsHVYvinUeZG,55
54rF7OkHKlNJFuePn7sBsJ,0
0m2CS9McLcfM6UNtUBagyn,34
27ALar3f8xkLfXOrKAzDkg,42
1EhM7nYYRpH2kzPdlnEpHa,63
74rvKEvmGoEQnJnu34vil2,13
1pWAxwbITR6lG3kuwyWrGf,50
7gsnOUqQD5rm2QhsnbTEpy,52
5tTfhWFI9lt6FE8Emp1U6x,43
1dNTcbUtbU3wRxKBCno6bd,56
0798D5Kod1iRzqIVaRlpZJ,51
6iFgpfqV152RVIXSNfQuhj,0
0pv0URPkbZIU4Jyrq47vWc,35
04e0UD928HhPrufz60LZ3e,34
09qIdioXLJPGXAM9zsy20v,58
34hqsdmzodHbk50EnoSefY,54
1FTTvjvgX2Qd9ZJqo36m1C,54
33y08bwbpU8Fn8KzBm5lAy,51
6X8pDrhv1pnurPSNUyizR2,59
3DQLEEsPTaXTKay4QtDbfC,0
5RqdUkvsV4BOXpFd5zbXFt,58
6Gap7FCzt3a8Su8HzW76I4,48
7zK02QSoQlMO0RAVqN0CI7,3
0kwaKhIcaezQuShga1djFA,31
38Mzy2BNRAAHQ1kzMdoyGw,38
4zK05ecddIq3vfd08Aqi8y,56
1ohrqIMhros7Gi7mX80WB6,46
1810h6qkazO0NWahk1TyTy,56
4KDInmaLE3gg13xXfGFT49,0
4SarxFaP7ObsGVqqztIjTO,45
5w9c2J52mkdntKOmRLeM2m,87
5iwz1NiezX7WWjnCgY5TH4,86
4EKZsrsCKyqr64FBHLc0DU,73
1LIqNVhaIgxXUt2eVoIQJ3,83
5W83ErFkO3aKAIS1WMi6u0,82
116H0KvKr2Zl4RPuVBruDO,83
7BuSE9uTIw931wtZYzvZcQ,80
6KuqAtoeVzxAYOaMveLNpH,76
6habFhsOp2NvshLv26DqMb,79
2ijef6ni2amuunRoKTlgww,78
3umS4y3uQDkqekNjVpiRUs,72
6Za3190Sbw39BBC77WSS1C,77
7JNh1cfm0eXjqFVOzKLyau,43
1RouRzlg8OKFeqc6LvdxmB,76
48zFZh27QU5qsrBjn4C2FA,79
3AEZUABDXNtecAOSC1qTfo,74
6ifUES3keWjwXgae8pXI3o,74
4cuGZb0iFyHtwaSKdKrJkF,68
1j6xOGusnyXq3l6IryKF3G,72
4yN6xPLopmTLvc27pO9LIE,68
0JcNysfWVWaMS7R6vzGB2k,76
4l3xGFwoTinvYxsePytOOf,69
0mlAOSILGRys2IbvyOT5VJ,75
1rXojdsUqqxGj2WCmJGWHP,68
4RGKft6YTTWHjpQeRIInuS,65
2vvdTrdryjsl8DmPIMDWZU,68
4tPL9PeVZY4c0jUPtSD5nx,64
39N9RPD9MRb5WmoLzNzPeA,52
0ERbK7qVqveCaBWIiYCrl3,73
6rPO02ozF3bM7NnOV4h6s2,76
3V8UKqhEK5zBkBb6d6ub8i,80
1KSqYYJFyfTecXFk9M0prc,76
6MJUCumnQsQEKbCy28tbCP,77
6jA8JUuPCGYjFcgw0AoM5T,18
5cepAtqnEQ6yVG6088zMMu,74
2XVilv6s9GETnw9PG4T9Mz,70
6J1R5wtPXiHiwiPstOSI56,70
1Ej96GIBCTvgH7tNX1r3qr,84
7uH27oIt4a6cIFCA8ZPcyG,65
7g8YaUQABMal0zWe7a2ijz,84
4yVO0wOhXsZC1RuPgHP524,79
4gqMVEJSaL5nNeKj5WmVoT,76
5lwVd35Zg6DJ4qibVMq99H,75
6tT4Ks1N04Ut0lSQ3xjSaZ,69
1G586ld1gbaECg4Bc6w40O,75
0UQwlF2pRkr1lMN6kNNUj3,80
0gcOnIUKIG6JF56iFUfE0p,78
3tOmzBrWaHg97FKgsqhhEd,71
302I7g0l3jmAbzFu9WBCmu,77
0s5DNDV6LAKn2u2Ufa3VjQ,79
4cExPgw0EOYCMJhk9HUqjK,4
51uLQESb4VnYAbs5WtGxho,73
6ORMS8Ep717H3vzQFahFiy,63
0TK2YIli7K1leLovkQiNik,93
5ldzmvKCSAT0BEeplaZYcS,61
7ylkmI5exdKG5Myo7DuH2p,67
4a5nDDqiQX6a79ukmrJmGY,65
7aaj0oNqJRdWIEfBj0Vim9,66
2O4ilW9fzFuy11r6Zt5P72,64
6VxuSFyAV3AjGsmI4GQq8d,67
3vDLsRfjYfsjqLelscTVh3,64
1IDFcb3cjkj2dhv3UaxX9b,74
35iMl0FlgdxgOycezlyrPz,60
3HVWdVOQ0ZA45FuZGSfvns,90
6zBPAwZlbvAmIWSJDEvV2V,54
421leiR6jKlH5KDdwLYrOs,43
7bsqRe39lKOYX45FZpzP9o,74
6WrI0LAC5M1Rw2MnX2ZvEg,97
2b8fOow8UzyDFAE27YhOZM,98
2XXMDz7SPZ4mSFN1PXfHUy,76
4Ft0391aLVNtCPPseh98lp,72
5q2JbCNi4FcnglgPfxcV65,74
4N5qvaVICVIRxBXGW3FwGa,57
1DcxnVNFAyVl2sDQ646pXS,72
6De0lHrwBfPfrhorm9q1Xl,77
3QwBODjSEzelZyVjxPOHdq,74
3xcCix7Jv1Rp90YVmgo35D,71
6PniMs08lEakpuRp2nsMGv,67
1m69ELEgE6k5ZWsap40ozt,75
28O1p0bQXH2F6Qn8jBZZR4,73
1XgpK29CGGjZnxPYkiRbh4,71
6kTMnty169llVx9sGHb6LD,68
2Q85xwXagilpHKTfdrbC7M,72
0atfY1ew83Ql9nNnJiD2t5,74
0yyZN5ASdrYu0XYWFzfxUu,71
7lRsNbdOGykkMAgsqs4R1C,5
0woHVOh3KXLSDv8VU9XwZ4,65
6tkMQQ5bJ6g0YF6d18iavC,53
0MIcPSq9n2z5H8TAfEstri,71
7DM4BPaS7uofFul3ywMe46,73
71GAvRsilpo9pqd0vYn8Mo,66
70lnL3QaSOIIyMa2X9aVRL,71
6qDF4wWL49CAVbgT7yuHl8,6
5ZFpEsxK5VlLkJi3v7ar2Y,62
0LKErfBZ5FbBiLB4OcZRbL,63
1o6DL0otgQMsUebziSC7kA,64
3ao3OVxHlb3C08vAaApUlm,74
4z3RCjcCBdDFqYlrhDglXf,2
6FZCj8wIH1sDklyZH3DEUC,3
5YzA563GXTuwQaRq24z1k5,67
0uRHot8ml8U8cYVwwzMwNT,63
2rXZir7PFYmCw93pK3iVaW,65
3Ga6eKrUFf12ouh9Yw3v2D,75
1iEwyiSLAunPR6uouANE0O,65
4ojwGTehgBRAg52jbFgzJg,66
0r9d60ZYPAlFHq8qnUtkXN,71
5i50gKdLAjjIr7UxRT5IVy,3
6j8JZ34YSJ3Yf7r2n2IPCX,2
5Jt4zdXTd9y1zxihiNYQI1,63
5Y9fnynLlIvqtM710MHzfz,73
7cIkMEpDhT7Vpw1FHOQqKC,62
7ztcWZ0EB6akSzlb8BUaqG,61
7MHN1aCFtLXjownGhvEQlF,73
36JI0KHc591i9liHaFqDFG,58
7pyEd6g5y7SYdKNgRtleEB,55
41IrY9OFcaWVnEojXftyVh,61
6wHm04cn5HxK6pE2ITEdUS,58
2mIhnz6uEyGqXDaYUtr87x,58
4iDaYVSL0zwFLacCt0F7h9,64
456xBIOmLRoLzCvCzZrWge,71
0UU6IOw7aZcUIu0iW7EfVW,54
03nYlT73VrrZdiw3ZaTuti,53
5u5MvmVtitax9R1Mxh3reC,72
2iRZ0Gh5gT0vtlibKSOzLm,1
3Nkqp3NSGWMXVVO08zGpN7,66
6jEZLz3YpnEBRpVkv35AmP,76
1WZ80MjGaTqyPPRTP5TJQf,0
4WEJrZwPMwsAUks6GOhnsz,2
7DBFxEnUbVn533sURMZMwt,50
4irhLbic5EfTly8TBXFb8Y,1
3Kemg5QPEhEjOiWUFrTkXX,68
3BffVF4K7OelPuo46KUqhe,0
7uUYUy2qLfev9ppNvFBHpX,59
4oROqjxNSBrVxrcSaW77Mc,57
0x6UyfOikAQ7GpiGaYaPey,45
6sHBvzRsuGunQTfCk18KXi,56
0dgwWXkfcWyB2a2qTgEc0F,63
2NKRbRdRIcaGCXTq7xEpWV,49
59VfSMPf55wSYTdZjQCHN6,1
3bioEe7UulLcATyOJaW1Wh,56
6ukh1NxuelpjLOZBlcBCmh,1
3rFgTFJVdDBCYiZt1zdoQ7,0
0nssGbqC6ZSMx0OliWCkHk,67
4777sGsOdoM89vPH3CVoLe,62
6yWUeZGPO7wels6n1VKYhX,1
0Pcxibs5g5xQy8qAIZAm8t,41
36cIxPAlW73RVpjEw2k3Ac,0
3AJo3zJlpWjibNiywSQa42,0
5YiYgzELh2M8I3LyLOMnNz,49
0RmXtDH1cBMGImRrmn5xL6,65
7AwCvK8ONNNNFe4Fsqv2fD,0
24Ys3m6hKQJlftrhCYSwgP,58
01BXNQilWpOZxGLU9c12Iy,38
5EAzOhzM3pEnfASMteI0Zo,38
1YwPNemawMgGe6sF4U0FTE,67
6n5hSi8Mdyee0XvsmIffeV,61
0jeS8PyyIRAG0A3t5DtL71,79
54FoR5osiOJtVae7SCdSnq,69
7ch7IMYm9DaujSfI1ToSzu,68
5lFl0Aksww4t4CGiYYtpZz,71
4tBG5kbHC2kZaKbYcD8JRC,58
3dUWDwfw7c1no8AL37PIJZ,66
6t94PGXYAuo9GbJEnMpPcW,77
7IpRYJ71dk98P0SmgnNLYh,66
6COzxYGgNRD5bP2TGZ0vSB,64
3yaKfdw6Hd2LX6zmTXVPsK,62
6QZFwYqa4e2wwFWehnRyC7,61
5C9n2A1V6nNyZY9DhOZTue,50
0etp7oCgGQqZrNyyE03bkL,64
2J3jxgfp6GWoBsMPIa20oC,74
551lELbjN8sK1Va8qB71gM,57
5iWC5kTyd7zdbjY48714rR,56
1B8FIa1Z8vzN9xHQHP8N3h,44
0GmiGIxXDNrePrHBpijYDp,72
735N73RiMdFDVV54nj2ZMA,63
5Q3e16qE1RE5oilN3ukasm,69
6EuWlqhvkWyJMW8HQxEfEA,61
3r336reBqogLmUgTpXzWpz,48
4fARBgcUy0qN2Pq2XHo36P,48
489YQCIt2Mi0P1lRdx7uJz,62
5zXY3oPJXL02WitHCHYX3i,48
3wSVQhalmgJVLvXieDOPZf,37
0aP9jlARVBARQA7U46y4jy,38
0Z4mRtb8Uc8xASEhGUlUyI,53
6xqbec9MHRmW7qtEINAlRx,71
1CbAld4T4IexP2udP9nCm2,25
6Wtw3rBk8YiJUWdVVhFGEI,36
5mTrdbPjPCjKVIYhsUCtna,65
5MFAwpOy6NHboIXFCsKiTF,0
4KZ7Pgwv14Bt33SOfzL5ad,65
0jBjuo9ikAfl2gvwqwyiA3,57
2Mi5pmbYWSCu4F3RQ4dN5K,31
71OCXnQmVnBImuQJwrdDaO,33
3qFiDBVE1SmltkIw3IuUPD,45
5rCbkHtW0m3nz0IxxE0pcX,40
1ZsKFi6ExYkZ1tVHfSind4,30
1GibTpoHjjPi3NeM5coGiy,40
4xjgqApMW2Z2Eh1LC0i1tC,33
5MThVBmd0oOd1N90nSAYy9,40
0WdtoSPuxXXdFzb7VqmbyT,0
0Mh3iJMEPtCjM7tfJYdFnA,0
7BuwIu7FU1R3IxWDgX8HWm,15
7scQgTTq4dOhy0mPWXBaF3,0
20TnXqrq0vCKVGNP45VEAg,1
5Dzz3fYAlIwK8vTUmJNAwN,39
5gHilmBlJtaac5t0iK3Weu,37
15wPtgg6jsyMLhIkjcSpl4,64
0qp29frhNoklK9WvxERqlS,2
2x6X7MBtVqiv1GnLNnSm8e,0
2xAXL9sumTKMz47H5FN3qB,0
4Q6uK1SZ5hQhZGvhSGe4sN,41
4NPw4OoXoC6ftGJfRhiRzx,25
3mRC75ORY0GOABiqe1uZIg,0
2UPfiKisNceDee4VFcdoZx,49
20fQVuio8RcGPleqONoGx6,61
54mCRV3SMDTLlXqeDp0nmv,0
0nDI66E3QkCqeykXMMBo7w,1
1hDCvZHOJiUbTPHLGjuv3L,0
0vnzk4L0JyMODSqLp3pHwo,57
7000lIDeQQURNIsLINOYZo,51
1Koxb4StDE2K7XsuDunx76,53
6s2T0cUL8fCxivUgxz7sBE,45
6ppRLoJ9FETtXtxWmYhcVd,52
2FqoR7diymD1Eh7cVb3DMg,69
4yI3UxqUZPbmHMUb9s2dPa,1
6JcNqcCJ7WwTodHf8AFECs,0
4f49sFQko7jHLEFd3tCf5p,68
4sVdzbLsgnWoFtDuoaXzWp,56
5cHif8yiSnilVYFqTytxOC,40
7dLxiu3Nd6KUg4y7lPnABX,0
4UkEnTEStVzuPoRB27sK4J,0
2QSuNcQxqFfokvbS7SInHG,62
5qpmo2whVFdiekmfv7FRcw,1
24xHrSfv8jO3IZfmJykSnZ,0
7dDMaJ0yaGUhyF6WR4XJLr,47
76mjPF4HMKDI0sfCOCQEFO,1
6dSoW6hE1DZ0cnGbEN3tMs,0
7y3q0izJ5weq86CLTu71u1,0
5n9iuiNBT8jYPJOPfKWjWU,0
3kD4wY5ODucuaCv78278Fb,0
5oQDYIpN3ieXNHwXAr8TXf,59
65H6t1WQBim6q93yM8fEwn,73
217bRMES4HVbPdUe8l8ECN,71
2jQeX1fMZo5z82w3BviN5x,66
1JhC0lqohQVWI3cQnHNtYM,2
5dg7bnBMVAEtXHkF4UZQlu,56
15oPFV7Fetxj4F8nh2XYqA,0
3FwSgJI8kdxuBJXHGRLhOi,49
3NgDulHteTVdF026IxY5bW,49
1WcQA7YWCWb2uSlFbNzBr3,0
6Lu363Hr43l2KN73XNRnVD,0
1yBD8MNoNJGajzB5X83p9Z,57
1ebdwj82NxclF7BGoPfxpf,0
3ZjflpZhIC1O6jzZNAEkap,0
0m0GZ74kSWNAh8I6NfuqMs,1
3xGZOoLTPTiXJ74AKf75G8,47
1HPzBInBPVJfSUDNLsTGGn,60
32B1GPGcPvCSF6hjlp2fzL,15
79hFDxp3n9EM5MA7Qq8teG,0
6JFsaLR3DbdbBSmr75DlpA,0
4PslQxk22ZmgBrUHmDfy7n,0
3ma49DwYi8hgRyqsz5Rdw1,27
3AiSzVa7e1thtKKnJfs03I,47
4HCsKNye8SYImpwXnurwmN,0
4KAk2OscoVby5SKtNxEeI3,32
2nF6ZfbdZ6j6pvCoOKm6KQ,0
1RYl3mFu62mipziyen5ujo,0
1GGWJtPRdLUZZVysI4sTdC,39
4RnXwGmNg54Luun5PWcnzR,36
4lZTzhpL4y1ywLjdUfCDCL,28
4nfn4q3ygnHhriDyYW6Fkf,60
6OddKiFLnI5coE7oTlA2nP,1
7hY8tAAC9j8KFbStmpSamx,0
2i4W9YFmMrvMwVFmvDqLc3,0
7CQ19B09dEGDeR9vj62ay8,0
40YzxIUtUzfe0dr4PPMo3u,0
6xqx0dnUW21a2NJswiZFLa,0
1tJYh5KsxHtYwjh6DkNzjU,0
4rfZm42HO35iozVC2LuSLF,0
09iJxFlCK7k2IJYwflXZ2m,0
7aRi3zWa4PoUedNfK2QLKT,35
4KubniPiLGAqBL1VY9wWk1,40
6W3ZaOQ1pAw1WDMq1Ljibk,47
4phHbFt0h1NRXIgMNM8t0Q,1
4punHldq7Jfx0Plu7SdjQ0,49
0OP1RzrglC008kj79Httv3,77
1MQl98yahePjBn58DJQiOo,46
632nG63R5kBknT9pzhpKeU,57
05VRFiWEU1qN18j5XVEXpz,43
5L50WiQMugsDZE2kMnmMBT,46
6HYI4GiTkYoaGxrXELsDjz,58
4R0sTxCaskwCPbzkfXHfWg,65
3XsqFFCOn6oPKt4GCod2wP,71
44DCGBt8P6iZPd0RRsZiMw,67
0J67GkSvZEB43wKHX0isby,58
7fsF8DaxT1pPWlL36Qq3bA,44
7LHVyKxG4rVSR96px7ucg1,55
5HMfwrPEDfefOt7RPWvjil,51
5E2QmH3WtxE3NxwZg6Wi2y,51
3Jg5nON0NCou25hp6zW6sw,59
5UVa8Qqb9L1dVxl3jKQ5J1,76
7IzbHY75UhGztauT7U5eKb,69
1tpbAGsGpZee5jDHMcLrUJ,82
0vroSl26dg5rYoijJ6wV8M,43
3dWpRjCmaHbroNahuSeX11,78
1AMMH22Y62rF3PDLTVhIFL,61
78Jbs8SDSxRDvnkl5TNi2b,63
7eiPStrJyImxzR9jumURZ3,56
1cYXPXbIR0FxurYVMGnwIN,65
660eekzsNZ7sdATvfIsAkR,74
1eirccn7AvthKrKtU5QwQP,53
4Yh1LSAj3nsbaTsEIttCSO,60
0fCtb8ArwN7BQemsyme7Jr,37
4piZ5m1vZGDkfyHga5U97m,70
6yAVpD4Xat92lPlv5VMc7S,49
5Lb1pjnll07UQKxNpnnGBy,69
133W87XUq6un325yz5BTpq,58
24wIxeVejXRhYJPrOFpJbg,65
77eLBhhdkYwEOptOKfkXlh,51
3mN2DtljBhnrIpc3Nu2pJ8,77
5ufaGO2pqau0HGBLSSDdiW,53
3vdb5GCE9MRsRcHf3t8UdQ,46
1GbEE9qAmGaZ1uO78xPiMC,50
2pWOMNQJW3g2zmGjP0Vkb0,90
1sD32hk8V2vR4ME7M0rPT5,71
0Wk1soCBUANdaVPHMOYBQt,49
3yPNToF9wNPMiNQYNV20i9,31
5HSvigdytRTa2T4MbTNjEz,59
6alAKmhvWWtLOfoGC32uez,38
5yRttbXu9VpCZVNy0gFcge,33
6q8Lb50EtqNeeJXXe8mMAH,73
7vuTGX2beaUCUSE4herXc6,33
6IRgwlJMmQIxS9WXbQLAYX,65
7pxL0DzPpCjjcdfQccvnus,79
0NaOth1hhXFDxvaaNgJOC2,54
4ziiAuFyXiY1HNSLGM1xv8,76
7dNwJbsT0sg1le5kVugGJb,76
17G9G5tBsdzmKmoHIh00sX,70
2RcvZFouLOTFZbQHr3nhOj,67
7M8K2ermHPnLJildw6F6EP,63
3lsGx2tJnbeGeR1U3xYZGS,48
1MGBV1Uj0sn2n6pNQOdCan,58
43Q1jBoHh3pQkh3Oy7TA1g,61
1SecZZ1PFDam8uCsoQ7BnO,53
31UjYv5vLsDkzchJOtUMtW,23
5KbBGUpIZd6gVFUU8tqYiQ,78
68Mb6NjkX5hX6DuqHaYhHS,64
58q2HKrzhC3ozto2nDdN4z,84
2D3z17LBMJ2HEHeBFFjTLi,77
22sESxzbY1O1E19xjOTaYf,67
0gVzoccE87SIDksf9FuPTI,40
7glCSQqV5o6NU88Cn4zPZn,10
6U2NuJILEOEpW2tVCuqKHb,72
1s2B5cndbqK8rPJEIcKJRQ,15
7uYgVgRSgqluZclLS7wpp4,74
3TnhQSRwT3AVMdXw5JPq0x,8
59PYgzOiOjGDzjDT5N5oOX,74
2cYnZNzFRFK0H7vSNxPsUq,18
278kSqsZIiYp8p3QjYAqa8,79
4Q86Rla975iNHXmZg3c7AT,58
5J64qSSq0VZuh0CiI9o9Nq,73
5MPQfbK3LIOyPT84WJyD7g,69
1XGpykJn12N7EQHtyerLKA,62
07eET3PAzpSz5CLE4wGgN5,73
3Io1rWLImoNqs1r3gO353n,57
7FJoLwCamxhR2gEw7tZ5Ea,32
3Cq4jRxYpWHHgQGOaGZcMj,69
7DOh0tBGnyMt6C5OO7o8Yq,75
0OoqRZXnSrgIUAha3iLKG1,73
6bbHD9AvnyiPK8s9hOZfd0,3
1Off1r34vHtmkxZrVCqOJJ,1
3VKFip3OdAvv4OfNTgFWeQ,0
7tBcKIdmbHb6AFwQcwuuDv,43
3DpT9GnnUbD2V2Qp9QS0nW,30
1aRbxVtn3PPV8qclAb8Hov,0
30xQhEzIyitPPrgY5R8frp,30
2dUDt3zFJdakZXwVBLpXfF,47
6zx51CmtOPDd6lFDgBwqdB,1
1hUxy4xuXlzRENHPg5Qqdb,0
4m2bEwpdeprzAh5iLJagYx,0
4uokce9WkteczJcUdscwxQ,29
7fMD9qIB16eSgKVyEuLwQr,44
4InCoEhx2DXZJarQiu4K4S,23
0ELGNJMaS77IypdXZTi2GH,44
03rZMTTFsdkZgdm3Z3hOwh,30
4n6VhJIUcefV05FMqcoWr3,0
3xhGeXyuKsATj3EqXxV4vb,36
5vWe8GcnCSCtyeCdpSN9xy,48
6XWVq9ryWGWZsJvVo99RhE,32
1j3Zwjd525JlYL1bhTx3yh,30
4hnCqMbhZtWiGnhbB1yyng,39
1JYKbarxvGPD5ml1P2O9H7,1
67bG5H7iT26q8ADWsfVWQM,16
1CzQ2OznQdedwM4dVSsdvf,47
4aODvtjwLMcNQ8x1xCw0uy,1
4t6rW1mKIKKTyU0RNBnS41,34
67L03LeXeZ73X7opELnh5P,60
2PyuytS9WHUXcqzR1lJYV0,56
5d8802FVRCxulddNtmjq2I,51
0sEgCLUAfF14s5oRb9cHNB,25
0DIIKoJoDnY1TKvrTQPck8,0
2r7mfzeXCzyrysTya4Onwk,48
1DnbKcNE0sYLK4LOmhtTv9,0
1Cy07WyWzbDfQyTLzPABQi,0
7IOeiuytwp88XSAU6LqAcV,0
42RNed8OKmgCKojATx0fiv,0
3yIPfuhFC9D2HF1OTWmonV,0
44f68Zu5X9gJ44ziVnaYoR,7
4Jp3DLQvixFXyhOTYeONqL,0
5TtUpDKB0bVmzK543eANFp,0
10E0qEebBnTrBHx4DvFoTq,0
6uIk27ADwVYHMSlOXtgEOv,45
5JDjxO6F0RrLkzAdIOG6P3,58
0wkDejER7XronJnXzY98w4,1
5YsF9N9Gv7DswM0KPk4iby,0
5Mz30xAlgBsPHWmOAPm0yJ,3
4WjmDJbLRRGwpJqQkWj02m,32
4sQ8nIZu9BEv7qqR9qgvrI,41
7gwG5KyFAaLDV73ND47Q0w,0
0PSN9gw4qdAqqDTaR3COV5,2
16r6flH0Ib6cL8liYLsx8W,0
5D2iVy2CGtBwBijupavbHl,0
5b5Qmt9Q99fPFCl4xFjOQ2,0
6FrItVl9YZNtY431CmwTkh,1
0ZhBEJBNEPjHIZdJZ6I1xU,0
6Z0LS8Qts9v9sR7N8yt7Ig,52
2OhYs5kq57o6n1YaJNmRth,55
0VBMr7vmDEe2rbIVSD92PB,47
1IL7OjqyA3vQOU2VGAN3qM,0
0vIx1UujIOIF512NlNDm5k,49
2uD8iz9c0XXDFwYgLJez1A,56
5rhdmtFyYixhT2XZPjzcGb,53
0INWoq84kaWrJN1AxiOrtb,1
7uCZiUZqnKSGBnr3YZTcxA,49
3BLIX3BSDnoozIeWqsnEqh,55
6cCvSU7rUJtkaEZ19p0Mzu,37
7JVIiaJPFiZypYSOMREhhA,58
12RbpZv9pUziDUoUNIvWad,45
4ORtTyAI664XzMpaniD4g0,48
3asvHT081n6YXopu6wrTiH,9
7AicmKMwI3TfSaYFhzYFXl,0
46xluCYPf7msJNwmDKqCrO,24
5wPhERt9izm1T45aFXDWPe,69
5pOu3vSiKrEmj65N1CWqOI,55
2heAYRpstdr9aPe8RjkgOw,18
6gokadtiVvFO0nuAoOLX98,67
6w5wRGoHWI7Ktt9lQBLQig,54
79zvVrn65ksbiGQxrtV4I5,67
1PZrHbJjt5t7dP9OGRxcD0,67
7KSXAZLs1uv0qSA4GktduG,55
4cyYC67XY3weSVmSLdKLP8,64
2Nf6VvmpR3LqSLfHvsduMD,18
3Tqf2Y1dGgr7j3mtunEFaQ,54
2a1o6ZejUi8U3wzzOtCOYw,75
43CL49bukqUMNxontuQtR2,57
7rvILFySMopzPchZq9Bnmf,50
0BenZn1xELuxhb7Pjwyjxv,60
2y20Y2PP4EFCbdzeGk9WvS,54
3fgcNEuhaTEF5HfOWzh3pV,49
0bMRpUsk1IWi5O2NIkWsqR,52
0A7uLa2SqVK5s5Y2V3kCyW,56
6ywkJT7h0rIj8S1QKqAIDE,49
0LcnZnhSQsoa9Dc51tj3wa,3
1Er25HUjQ73Iqc70QfmZPU,45
4lnVigld8DSkCx0RWXiuKd,3
5fwFQ9hooBZoxdboAHo99Y,48
5Ji2qD1v0TGC5dlKIYA6Oo,49
0cGKcnXQmiyU5WKubrEmDh,46
0aCjE4cpIQxLQcaNAj1xgW,3
5c84PdxrNFJnJXXb7JiaoZ,37
0Mk48GaMgw0qz0auSymuHd,58
12ajClWUHnrqZOeefJxVsU,53
42QpgFFhu8SIKFK2dp0kUj,1
7AObnx2EzL6FeYjmdjPCoA,47
6Ef0wY433zqQm9UsdJLFXp,44
01FBBpA6WBl3arX7pxTFwO,44
6kLqhRVxHP27rd51kt4Fwk,44
7uIRZRw4xM2IcfCP1sSwnD,51
3K0jtXM4i435C6dFQWvgWr,46
15a5yBoHJhHHWjKbyLO10s,46
38yQMFhgXnTFYOnxrbOv9v,43
4joRJ9BbN4S3PxvCehX73Y,50
7qvWz9AsvPmXlIWZ94VFpj,39
5xPgLR8hKsPWlOBnurBi20,48
199yJpWCdPhon2nlmLslJI,51
03wOwEbTS3JR2Y2U0TxkFx,49
7yxWmnTrXBxevDiMf2qrqI,43
4ETrFf4SEWUyvQRtnB2ibm,47
18Phat5S6ck3pIJItSA9GS,45
3spqYs23KuMYNRDv0ReTEK,2
2sS5cCGcwXrSl7hQ8AL3Oc,66
45tGi5L8jSUDHy1RC714jl,62
5KFx45L84KmBINWLh6TEiL,74
0D3wXKkXF8EskL5ipBnYl7,64
6AWKtjjv0R9WnYXqbokH12,63
0oeF5V2gTRUnAdG7BtaABA,54
7tjlKy75efLaSz5JYJq9Ru,65
1NkNSncDRaf3VSlNjQHTa8,47
3TcHjpCQ1s2l5JErq5Goki,42
1UPv6g8BKczPfZpqztTTiT,56
4aN4QlhHVjgvXYkF3hlW2b,65
6W7rpcXo9vWeDKY0HWM2e6,63
6xKajuvfA6d4mfv7HhxYp2,37
6qhgi3McyMuwZv2GLR2aHP,52
4EnBmpGjcTOG5FEZa6rz83,61
7busfkOzRWvXsi009i3FUO,53
2tnVG71enUj33Ic2nFN6kZ,94
1ZPWWSwCkxKfqdp4H0RFCo,71
5yY9lUy8nbvjM1Uyo1Uqoc,93
1M4qEo4HE3PRaCOM7EXNJq,91
0nbXyq5TXYPCO7pr3N8S4I,98
3Dv1eDb0MEgF93GpLXlucZ,88
6U0FIYXCQ3TGrk4tFpLrEA,88
3ClBKQkKoaUQ6UOhe2xlJK,87
3yOlyBJuViE2YSGn3nVE1K,94
070hrICPvpyzXkbqkRC7Ao,35
1e9oZCCiX42nJl0AcqriVo,90
41L3O37CECZt3N7ziG2z7l,95
0sf12qNH5qcw8qpgymFOqD,98
2b8fOow8UzyDFAE27YhOZM,98
7HMmFQsKsljwTw8bS7lu19,88
7h0d2h0fUmzbs7zeFigJPn,89
6WrI0LAC5M1Rw2MnX2ZvEg,97
5ZULALImTm80tzUbYQYM9d,92
0PQsrLxPbOBBwwmXCnGvcF,77
4TnjEaWOeW0eKTKIEvJyCa,97
1ToprX3cpBiXoAe5eNSk74,83
5Xhqh4lwJPtMUTsdBztN1a,79
2usxQITOSDqvkYiI0oIwao,86
6cy3ki60hLwimwIje7tALf,96
3FGiFUJRRp5RGikVrs6kig,73
1mpD5Q8IM32I4bF6eCpU74,87
3ZCTVFBt2Brf31RLEnCkWJ,97
1HfMVBKM75vxSfsQ5VefZ5,93
0bMbDctzMmTyK2j74j3nF3,85
1VJwtWR6z7SpZRwipI12be,85
2plLJpUcYPFrl1sW2pMG63,74
54yCP5dfn4uvU5h37aE8f4,75
3Ey11v2aiX14s4wBaYbhlp,73
3eekarcy7kvN4yt5ZFzltW,94
7ce20yLkzuXXLUhzIDoZih,90
4cOVTA2GfYTHw99AJDQpHo,67
2kJwzbxV2ppxnQoYw4GLBZ,88
21jGcNKet2qwijlDFuPiPb,98
20JtELGPfOAMq7FpUt8eSM,62
0TK2YIli7K1leLovkQiNik,93
6LcauUZjF1eXQrgqMUecHX,91
7qEHsqek33rTcFNT9PFqLf,94
2YpeDb67231RjR0MgVLzsG,90
314ZkcV7oLWG8yWE7LABvH,83
1SNiXDwSilLujcYdvfqVpT,62
7aiClxsDWFRQ0Kzk5KI5ku,94
6zeeWid2sgw4lap2jV61PZ,81
51Fjme0JiitpyXKuyQiCDo,91
4vUmTMuQqjdnvlZmAH61Qk,91
44ADyYoY5liaRa3EOAl4uf,81
7LzouaWGFCy4tkXDOOnEyM,87
6fTt0CH2t0mdeB2N9XFG5r,84
6V9fHiv84WlVTg7CSnIVY2,87
09oZ9eXQ2fo6YDrPzJqAoP,75
2xLMifQCjDGFmkHkpNLD9h,87
4VgYtXCVJ7IbWAZ5ryfvEQ,82
6wo37KVqFJhtuxPTpLCcfe,67
3msKIQc0Yjuz3Zn39g3KLX,71
6TqXcAFInzjp0bODyvrWEq,82
4yI3HpbSFSgFZtJP2kDe5m,86
6XHVuErjQ4XNm6nDPVCxVX,85
14sOS5L36385FJ3OL8hew4,81
6oJ6le65B3SEqPwMRNXWjY,87
2ksOAxtIxY8yElEWw8RhgK,93
5a6pdCHlWS2ekOOQ70QnAr,88
4hPpVbbakQNv8YTHYaOJP4,85
1abFkY2jm6KDFMZ7RD9YJh,74
7BKLCZ1jbUBVqRi2FVlTVw,85
6b2RcmUt1g9N9mQ3CbjX2Y,91
0t3ZvGKlmYmVsDzBJAXK8C,90
3OTSBoYKO7HzGVj8Bu2OH9,74
2QrXzOqLCVDRZHkToA0tSR,74
1tNJrcVe6gwLEiZCtprs1u,86
3HVWdVOQ0ZA45FuZGSfvns,90
5N4erncE7kuUccm7zEmwzk,81
0qaWEvPkts34WF68r8Dzx9,86
5ry2OE6R2zPQFDO85XkgRb,88
6Dma0t0hOe6Bd6u5YRKF3n,75
0DiDStADDVh3SvAsoJAFMk,86
0rIAC4PXANcKmitJfoqmVm,83
7fPuWrlpwDcHm5aHCH5D9t,72
1mzARUs2kMMxcKh1ome5aX,63
1DFD5Fotzgn6yYXkYsKiGs,88
0CZ8lquoTX2Dkg7Ak2inwA,79
3KkXRkHbMCARz0aVfEt68P,88
4evmHXcjt3bTUHD1cvny97,89
27rdGxbavYJeBphck5MZAF,79
56AMYGJzxBO6p8v0wEe9de,86
58wyJLv6yH1La9NIZPl3ne,85
5A1w94uzc1kO1Zhe8WWxC3,70
5hVghJ4KaYES3BFUATCYn0,84
3yNZ5r3LKfdmjoS3gkhUCT,83
3e9HZxeyfWwjeyPAMmWSSQ,87
1yTTMcUhL7rtz08Dsgb7Qb,76
5WHTFyqSii0lmT9R21abT8,85
6mAN61JH0dzyZpWslS11jy,92
3H3r2nKWa3Yk5gt8xgmsEt,76
0BnTBAGmr9FtYwkZrwKhwS,71
6LsAAHotRLMOHfCsSfYCsz,84
4aPB8rSxGFISs0o6V2LrTy,69
32lm3769IRfcnrQV11LO4E,68
3uvypVUsiIr1B0BccIcsEh,70
7CUYHcu0RnbOnMz4RuN07w,65
42k1KeBehAd83lrGt1okiC,65
5a7zThH0zptON85G6c50R1,0
5J1c3M4EldCfNxXwrwt8mT,8
1WniHvhq9zTkny0WvGXX8o,15
5YTMV11r6H8eeKuHghbBql,51
69gRFGOWY9OMpFJgFol1u0,0
1A5yplwEk6cJbAL63L6bkp,57
4Rjk3niw3vm3Jl0Num2DDk,32
2DAULesb1U4Qz4FSTZpEUJ,70
2U4kPiipwfc2oHmd0nGoj5,60
4qknM1pQz53QOyfDVTjcM9,70
3ofJQlyeMIigLD3hSJUyME,2
5kdTuoKeqdnblCop75wMuX,63
4gv9eyEf7cXViNTBXS2g5C,60
06nmhf5qFcn3qTB0anQkpJ,44
7jowCMiXsGLxJp9LTw6ole,58
5YRpDfCCBCNAKDGIlBODbU,47
46HdsiK0uR26B2dY9QPzda,69
6ixvuvnE27lFE2SvCXpWce,69
209gZgcfLq2aUuu51vOWBl,12
5hEM0JchdVzQ5PwvSfITeX,72
6VHdcVbiKLYYOcMbIqBcuK,6
0qYTZCo5Bwh1nsUFGZP3zn,17
4ipnJyDU3Lq15qBAYNqlqK,73
257pdVX9mv429bZ7iUfkWq,2
4WuYrtIkVR8vTE0nBJwnJX,46
6s6CFPmlvquc5rc47aTblX,4
6Zosz8w6CmdGMZM6p4JlbQ,11
6ymFl8Gdfz0TiwPVDokgDS,52
3zoYkqS4y2BsGVShPL2nTE,13
3WM3XDNCzEsLvtp59D9oF7,3
7DM4BPaS7uofFul3ywMe46,73
5Fim1gaXBgsiFfsQAfQSDS,71
0OMRAvrtLWE2TvcXorRiB9,73
0sXvAOmXgjR2QUqLK1MltU,61
6PWnBXeGVy2fQVSeloKuc8,38
4z3GJkrtH97Bj6fRta983T,10
5TysCiZtv1HnSWcTcUFusI,9
70lnL3QaSOIIyMa2X9aVRL,71
4yN6xPLopmTLvc27pO9LIE,68
5q2JbCNi4FcnglgPfxcV65,74
2SmgFAhQkQCQPyBiBxR6Te,7
5YzA563GXTuwQaRq24z1k5,67
1JHHPRDCXts9M7mTyVN3Ja,53
4pg1CRAajCYbb1q2sZypPf,4
43CL49bukqUMNxontuQtR2,57
7h9sdbDEBfkWSmO4mzGED6,57
3cRJo0hXMcrXa7oLfAUU4d,50
3V5tB7nNQOxaCpI3jeMDXR,51
4BmLLPmR24ExGQyqhJH8i2,0
5hcisvFMidkMJlElTO9Qmw,74
4N5qvaVICVIRxBXGW3FwGa,57
4lESS6vuruP6a79KWRaQou,14
6u0EAxf1OJTLS7CvInuNd7,68
1m69ELEgE6k5ZWsap40ozt,75
5xMzazov0IHYllrc8U2K6F,60
6jA8JUuPCGYjFcgw0AoM5T,18
39N9RPD9MRb5WmoLzNzPeA,52
4N1c5rmWOzRmB9SMacr5wB,64
2ijef6ni2amuunRoKTlgww,78
00EPIEnX1JFjff8sC6bccd,12
30R2SoOAsKJmaHzA7CGZdA,3
7DrluKkTviBwCc8AV3VGmf,74
1s2B5cndbqK8rPJEIcKJRQ,15
0Y4hwUppbGc8aIBmiTz30A,70
4178A5NkEjcsGc64jpBO6d,69
2SpfMQ5TuKsMj1trNwrLVA,65
2EzRdhuoPyNJDlep7lnNf2,70
1KSqYYJFyfTecXFk9M0prc,76
2alIsNw1mqEShbWyO1HXZZ,70
5qFeMRz4TvetPmzjre9Dq7,73
6KuqAtoeVzxAYOaMveLNpH,76
4XP6qLtHI0n9UjIPTsuqe8,6
3whrwq4DtvucphBPUogRuJ,69
0atfY1ew83Ql9nNnJiD2t5,74
6ClrUcM3YpKlJhihx94Oel,47
2xNXEpSclsYQEnh2zEPtOu,3
2hNwoBCLppnljA7HVvwZns,5
3VoQDi87LnR500mgLkTtgW,40
2IA8cFA46DkjgbsRG7kKbp,73
3EFzexdYFIzbM2dusddMVk,61
6it15CsDlkqB7N4lF0C1qM,77
5qaTxvR8tsEfivYI4lK3rh,53
0tY3FSfVVnnvnh7WXI7uaJ,49
3DtqXRrp2DTv1eTT9a28rN,40
0pCSdxwSZHrabJ4X1YH74t,40
4Xf27f2BIY6FmvifqxQ7RD,47
2N3zWlPKkLOMIiAOWekLGs,19
3Gs1ir6ZNemdTT8zQVYqAj,11
6AUqARfZa8MRwjE820gZ9A,15
0FzGFdvCRiFOjPx5gpfPa2,0
0hew0h04VY3ShVnbD0wOsb,0
4bY9hMnWWM20w7qfU6w1Vi,0
4v23f4oo8oqlBfVMQgj8qa,0
59TIZEX3JIZdtxCAKFwUjX,0
2IlBSkKiOVj63jpJUoJQoN,0
7AerKsdhVndT6uPTb4XXbJ,49
1DO8EPvRJ5IQ331TGnlTvh,0
261Gyp0T9iYGG88XApHyW7,26
3W6WaJa1wRQfbhqotaHtyM,47
7qOSeqtiIYb4RgOsTJWkvj,14
6eTttws0dMm4TijCy3YRC4,0
7MfPWDpcdvzMgxv9DCvqsG,0
3X3uYrKpdiBJmtJHG9oDT5,24
3ygJkiM5ciCK7WBdkdhWlN,0
68hsfx3ZutyxvSUCiNQ8sB,0
7F63g9FMFmGt17S0JCaZMj,10
5dRSTcqkkKJnVIFT4CEnSi,0
41qoqo02xkK6F9pnJT2FLo,0
0Cw57YrHhx11N9HgnBR6eb,0
4tKbv8iulXtIEpzHWD6jh7,0
2dMVmaxCaKCJz0jkSL8nj2,0
3c0Cfby526ojYHrnuK4STk,0
1S9XH424KbQOj872uSOSQ2,0
6JG2IGfpcPcGWAIbO7U7Rr,0
420TVBBL8YJYMGiGOEFM99,0
0US3WIJMmCH7SU4IdOMish,0
5WlhjJZckyKyKxxcWbTelR,0
4SH9JAYYSJlNAdP8PdZLCK,0
0HhQfJAfv7eSDTPAU47Cbe,0
5kX5gD4ygSg30DG18iAC5E,0
4GVxCtb2cAs1et06tcKYA7,0
3bbL4PKzyZZC31EwTslTEp,0
6W5UnsRN3VLw6YlqIGqHKc,0
0CV7Da7d7Qe682eEphuowh,0
6cgWU6co9tRxFO5qsROq4c,0
66dypzlpi3DCMFLBsvRU7M,0
4kOy2SbIbkqI55aiAVoe6r,0
5UNGnRLcqcZ6Su0eXJx89q,0
4vHvQNUejMHilqG0MP21dv,0
3yznAoJ3OW7cY0dNrSlIzD,0
5WDnXar6uBNtkubzeCLxP5,0
5QHqaxljJe9K8RV8Z7XbCZ,0
66N1dtd9EhRzBdx90rd568,0
3PDzdCebmJF0fUfBkV2IIa,0
0DuMda4O31V9qLjuVyyzb3,0
2asjmKILadyx8bOiSfCnYv,0
3xDkBTUWXKLNaDj69SgdAn,0
33XDa2g8IJIXVp2cWOCUTJ,0
3UawWeGP9n0IIw7iMA3YQP,0
4S5bLBl1jo1adf6o49e8pv,0
2bWqv31FvC0CFqMd5TIE61,0
4OR7ZU05M7WSsHmcbRK9MP,0
0n7rnVXa1j6x4g9udd4T1S,0
0yBXn73DLgQLKF21TNF1T8,0
7mQPISr9oyHTbQLKgcTYhW,0
5BKi8txk3VkigHe4OcpYUJ,0
5HzekjQF7xLqBVeynqprDk,0
2xdAzSwuG21jwToQstY5TR,0
6ryo5taaVeCBpXsDqueKxS,0
6lDMHbUSuk5RhtmBSJuKZ4,0
1aiM4Obm5kOAoZByTf9DQN,0
5B6sw8Wn9YzGcMgZWDYzyT,0
3X8h15qxmiBYhueBNsafGd,0
3P3f28jRSm6HzkoTTHJwjs,0
1Z8TbIMY4jaXOdLix4VoIS,0
69uHPrBVFB3QuNFc3C1MND,0
3sxHPpBjbPxqWhTiu6egZp,0
09ceBjuAz0mIyxt8WZt2eu,0
7gdYqJo35yb6ZiTjywm8ui,0
3UuazLUywKDaUDqnt8b3TU,0
4SKw9HUlLEmkTRxa6kwfC7,0
1rMgETb1KeTQmR44OkmqQ9,0
1ZD2z0jIc7Uv4vzAPlZyRg,0
3ZrYDl1qAMSc9Hoc43AeBC,0
2aXeweEsjiwJhuI0GBmEER,0
7x0WWLX1kh3hxRIEdrnX5z,0
27TXlpiDp0IWiPRzXaRbQh,0
2m5ZOMslzUGOCh0iZLks6E,0
38eI6U413p3iSQJwm3qwmh,0
0TFhmDGyFZ0M1A0jYnDAB8,0
7px7HVjooJjvkL9Titkyal,8
3sZAbUp9dp2ioDrOoH17Ht,9
6K8qrsAcsi8lqUSwmGHhR1,10
7MuIiZuZ0hWZR4nxeVWZUj,9
0ISvcKRAPbvg0sq33swmNU,12
7kDI9OPOPd8xWOS4RqWBt7,10
2MCpUXgBNjCG5uK9BJ6T0a,11
1nRFzVeoSH6ixsFy555FrV,8
4eELDIukufoLWObmVdsnnR,8
4Njv0a0Xsqg0TJgbRKbVmW,18
5sySYdm9empUTufLFWLEvk,16
16rClbxgQaEFGLdkOBuy0c,7
5kS5raK7DABAc8z3DTNiNq,6
18TrvLwk026xZpsgz6WulD,7
5YE9oK9hsP24Qvu31CqV2J,7
6U6UoE9LfZjeM6esvEdgCP,36
2ozmXacUcRBtSFKJqaqKTz,38
54j1DGv1K19lvegPR1pNlM,11
1u76iTmDr3WfJXETrOuEwY,31
1JeDkFSCsqcSF1jgJo6him,33
724NYR1ypcPyLlaje9TgFS,30
2pfJsufl4kJ0kMT5C1nlwj,58
1UYn6AM9DnuagCiD6NXwE9,0
6EoiDyFLeF4QX5IfFKXSYF,4
3zCg6CUmhxHukbUs0nd7ar,51
5fZWGXPXalNXeWkiqSHZb7,16
52Unz8y3t5z69XQ7mudzSt,29
4LLHvfvE21JQFD9ZKVCbd0,62
5q2MjTDby29ZOEigCVV28a,54
7xjIdqgWa0rJliVs23JFqx,45
2av09FAN9J7IgxCQ6od4SF,55
6UQIk4BqWX2u5V8UtMCNmf,11
4YAbSGg93vnCfTakr7KcmW,41
4Z9bCQgzQiPsC7ieUUJWWW,39
2hMy5zGCBCE5oBKalKWMCd,13
5VU2hajdO59NNjIz9p9dYD,0
0iCt0wDnoMe4Eg9Cy2zwqc,20
4fBzJRTNEKhriwYUa9XLEz,0
5XrEp3lrbyXzaK5kJ921h5,0
4Qh45lpxEv6NMp2GwBEIO6,33
4NGqRuAlvrp1b1U5ReEPar,0
4nqNqpty408dTki8fjpLHJ,9
6pMrghgcX9N6lljolACfrE,21
02LnwwnaanFpM5dZNArPBb,60
7LvtI01zEZI0AcKAvPIIUz,6
7F09MMhBLWflSJuAyp75VV,31
47vlYPtgPiHBvTDzwHYonm,7
5vOLEEbDyprZroj1xPKZ3i,5
0qye74bBDF4HABKjoCb7xz,0
392GJeq135q5wX2JO13dl1,26
1Fq7rVBKq5nr7tUbyv1QAn,28
2Vx4jCfUHj1q1LyLnNgkct,30
0GRHUAL2Fx9xJR4hydAKgk,20
5kTQcXGrvTxBQf0s4Hx1fj,8
6WunLSy2T9dGLdW30ibt8s,49
36jDlsapfPtoIMps7H1j2e,11
5ntGYNA4DoJJfl2pLy0GwM,9
2lACaIy7bocCyGwJXGtwLy,18
0HsVEzGLqUHpj6EEhxOcp5,40
5eHcSqMgtjtFEyLQLP2PSv,21
5tw6ibIqJSd8eAW5G47wCr,8
2TxlLH6yPgfWdc6e1WPoiL,6
3Yx0ngO540ovQQz4x37zVl,12
7cKXFXk5MWkRo3lku9MBCX,29
5acfbEvjbcGY4t4sWak31n,5
6bX4n0p2EbzlkgWrmRMR2x,5
2clBdPFim3hBNnOxGucBFh,2
03jaJIluH1b63i50i0lmnC,35
0b0PKXI9y0kTwLhxhIsl50,35
17RSa90WTMCc4Rxh7hb2bO,0
19WjxdfHudPXG4MAIHaux0,0
4SyPOOM0UuoUZuox17OTk1,6
0lxSOvu9CzXNpr1KxrHEOb,20
1CcKjHSfALxxdzWt64G9Gv,0
7GRfnA3zE651mHrQnjklUV,37
2ywmoqDrldlU9ry9IiEpeU,6
3KIVddhGsdjDJDJi4RNt27,14
45f8NLNAthLQqji8lRVuOV,57
7zCrKhN2u32tUQxDuIlemt,12
1h75677yTFr5NcpJNqqFqm,11
5dkQXcqQB6RkHgOlvl41vr,5
0Qfc9VDw6NsOjPRGcICS8c,6
1WBfstEoSxWIrRBziERT9F,25
7xnAoCgRBcDCFl8Tg2G270,10
1sSJ9RmiIozRo4eDcTqVVw,7
2NVnP7qlKNUTtOC7OkWke6,47
01OFrVHgrV7ySA8hPMIth3,10
284kpyWYh7ZKKLeE4AuR6b,6
4RMkS2RKc0dVR4pj7m2LvY,13
1cM25iyn6zKOfnywTNtvyb,50
3NajEGiznO1cRT84v7UcRI,39
7AzBuQ1KtEsSVzUWefH3sB,20
3xMnd0372SfWyR2sxLNFmW,5
1oTHteQbmJw15rPxPVXUTv,70
6cgxdda2Mhd4jtcHRc8lrY,21
7KudYmtzoot2YcLltfM5Md,11
0QGt9U3Uww9smgUnWANhCj,5
1K6oIHSzqcLpToFiwIDSI7,29
7lsZqSuP3xlfPhyZ8VvlW5,33
6aGqqVUErxLRSBSRqvtSp9,30
21hFOEl3CKRHmGbBNhvAVH,6
2vgQwfsIeahfaFrwBUtm67,4
2J0fZ5RZNaaHNRpxSxRD79,8
3k3pN1Z1DwEYO6EHA5SRnK,0
0lEgoN50D2j7sGNn3s0YKd,5
1BuYRMzDJXACuLLKw8UxDO,4
5gb2MjSKpS3FOf5i3XDtCw,4
1oLg2VcHLCAYQvpInaj8H6,9
0Se3MuBIM5Mu12Tv9M6Ajc,48
0PTIaDBvHcV8PwEQYwKnln,32
2hXbOyqLdYqLekrcY7TZFv,46
1meBN40Ku6TzubmHHyMEA6,0
2XThjBSUTyGe3UEY7O8YSC,0
68NsKQfuKRG43HgMhkb9j1,19
2XU0oxnq2qxCpomAAuJY8K,100
696DnlkuDOXcMAnKlTgXXK,99
3VyjsVV24RmBIbWJAeUJNu,92
07Oz5StQ7GRoygNLaXs2pd,89
2wrJq5XKLnmhRXHIAf9xBa,91
4QPEwDdOMhY7rNS05mTyMR,88
2Ec33AVlkTTq8BHFgBTdQs,91
0KW2JqqbzkzlebDjXI62OB,62
6moU77g9RQyMzHNuKEaQKq,68
6YQlCOZnlFmqeciAh58fDE,70
5bvnqVuq7UFl0txSlHpsfS,84
70eFcWOvlMObDhURTqT4Fv,85
0qc4QlcCxVTGyShurEv1UU,83
322tcqPhma7F6hfCeLisx0,84
6gbLpUQtUU8ojzbE9jKt5A,72
5EjNEaFiXpddlZglT4RoWi,53
0hVXuCcriWRGvwMV1r5Yn9,84
35MKhw2YBKApmD7fAnPERC,77
2Fxmhks0bxGSBdJ92vM42m,95
17XU1PTSv4OfcBUE8rNYWm,72
7jHJ2MzIKO1kIMxGamKRKn,68
6EOKwHETwSkZ9gW2b6ASE0,56
1i3z3GR1JtLswOSJNO0BQw,77
2SXJE0Afzf52dX1OD9BMsC,57
7cohRKBHDeIVhPGlU9toqE,55
6dNaImQJF0Y1wrjMBy4KLz,45
6Ngm2VhQna3DJGSYf5ePVG,55
6u7jPi22kF8CTQ3rb9DHE7,40
0kPIrtp3youhat1nkmPACX,51
7DcvwMAiqKJQD1rrdfxSDx,83
1HimGOB6BjOaCQYMIF1xtU,79
1iSqfoUFnQwV0QW1EfUit8,90
2oeYjGXqPooFVy64aoqrJP,41
25sgk305KZfyuqVBQIahim,87
79JBjIq90BrQ8Ws0pUhlzD,77
3R8PKPTPgHApBhCt3NUJ0q,53
1rqqCSm0Qe4I9rUvWncaom,86
1dA9GzuP546CjJT0n9tZoe,70
2IRZnDFmlqMuOrYOLnZZyc,85
1hxE8xAp7CrBsdpiRpiWFy,69
3nPirjzmTUAvvtD1IUOuM1,0
7IIZhHNWEuql9nHqY20yqE,29
5mjxFNxtova6VGsAyOLCXX,9
7J0FbNB76UF1rNqTLxN1Ak,41
1E2DkbiYapTkrz1p2wAJI9,14
0djJHkW5AIesWpsvLXQzHf,8
1NiTI21o1E44GSa7QGpULQ,42
0vFGkxCw2H1bd5cXq2Ibdz,11
3XNgsPXO4e9rrR17sj8xAm,27
0IOb3ODBaDXG3awyCTh4a5,43
70SvleFZgN8XM1vCMh68QC,26
2iGzob9G60CTwriOyUvhK3,21
2Ly4Tl8bodR8neC1ByH7aU,38
0uvJoks3RtakLmRXz6RYAO,36
0pbDSZcemLKgoJfeJE1uZN,36
4IE2MeCLguHgGYPBg75L7Z,25
50LC039wMtdkPSi7Bbani1,6
1OE32eQVokm7LP3Z5UfABK,27
4GYAyxGETbdonxYkFwKZzm,43
3f303JWYskqnwu8GhQY6dV,0
7cz506PyIgh2bMN90Mc8Tn,74
2arTwcwCHxJ5qTcuinVTrd,18
0QwT9agPoWCRFoSbcNLFId,42
5EOQGKM31o5poLsCeHQEdE,31
39bipb25GobAR4QtYISUcw,12
1tMLctnXtuaQnAUVGCE5Cc,18
2ru5C9h7uWBQhDrqa083h1,43
1006C36HiCFxoeK3jI4jji,54
6JjPBQfI2Y8nIjnm65X6Pw,73
456xBIOmLRoLzCvCzZrWge,71
4mUF66nzbY3OzhMkqDN2I3,22
7cex6yessTL6BioKHqra7H,19
6QgrtZd7jesLhayETrYOnA,7
5O96PXUsmAvxU67MAqUzDj,37
0cIadtlc6acyPFeWcSJlDg,47
3VRm1ndxLycjkMb3NbVo2I,3
6XpzdyRx97lEZUO5oYY4up,13
6orfSH8KcGkjSGCDHmyndP,4
04tmaeovxpMohaexgyAvBe,4
2jIUKkS79nJDsW0wFH7fSp,0
3cjmw2pVDp6NqCW3MeDGaF,4
38AuHaV0yZE1LGmyzhPQeC,37
7rW7skeU9ekO9V1NLlqnsP,0
3EwnwCYCO2mnCoYj5NLhER,65
00Hveeqs6yqFu6MvZ50rj9,10
6UIfrFY2ZcSiTHgYfcGp41,27
4l8MrLcITpm1mbNzlhreDy,37
2DCOQsX4W1SfUWsTcVqLgr,5
3iTllF0YzTTQqFs7894HIb,25
4A7E0sszYyJdFwCL9rXcC9,19
2zDvZg3SGSk2hiqa53RvjY,20
06w0oAWnAqdbWLLur7KcnL,28
4QrPdtlh4SkQu0tcZeNVGK,0
7rbtPvn8GtKVhwADK5yXgP,8
45RKuwuzuvvGQGj8rQYjbp,3
5FYzead4jdJ1YtBW4PpIE0,6
3hyCD76SOIQ9JpNK1hd5kl,0
6B2jCsxTgUC6rURVq9MrX3,18
4hWWznCKz0RvzBglrKontS,7
20g0Iatv8qyHzcz5ETphU6,0
2TUJkHltq1US7pmQOTniTe,3
4lwXoXdmRQvgm5Y1n5ixSY,2
4k8EevES7UPGwTwPdQyEDB,5
0kcCjSaPCL7B4X4Jf9o54D,6
7tJi1MZ3LF8W8Q0KLydmBP,4
0Ll7EscfdojxDqIfiFLzfo,6
3JpiZITCzjmUa8Ej9A9BDe,13
744HMYo9mM3ZTPGKOjUZz3,1
1WpgO57LCbQIZjJqrRmMmc,13
4TYlgQIwG0nr9goXRFI23R,0
5FWGGJCESP2aRV8iTkiLhn,0
2hcFV5muAgub5FzgquQ5kc,0
6fIRhByXqdptWDaVv6jPDK,0
0LRI2FRHn6EneMfcLAECGr,0
4kKxv6lHpsYHLufurEmUoF,3
7JTzRJgfoKxJk1hsAnDzom,0
0wluNeQun3skjhq9cZZTbw,0
4JL6SnaG10EkIzuotLyvsW,0
1tWBJaXRlYd3NPuqzRIfm2,3
3GveQQdwPjyAH7ML5fqw2k,0
3JpbZHX55gWmi0cBlUzguJ,0
6f08PTFbA9PheX7lc3cKT2,1
0RJIb2cWKEBtEMjsLf225E,0
11mVIu5EfAff0Gs6f0scby,9
0CvFxvCdXByGZbeBuDibvY,3
1cg5GVCTWza8bQnxM2FHia,0
6Sj9HYcxzo9fbCc7HcxbIS,35
68oQMInwDCYMyTD24IVkbe,25
2vX03yHcVtFUg2ZMuzhLhS,0
6bN4G05NL8UuY0EOergP6F,13
5sECfQlNNE8s6J9s9UJibo,1
0MwwaMVmfwuRep1oGyK2d4,4
0pgraOx6xHze0xbEzxFsX9,1
6nOlKKTDAU6yPfCMBTRdPX,1
0EGUDnaPVApfA8RAg6xa2x,0
0EbvmzXb9p2MNhPNXWai0e,21
2gKh5iVlnsnt0LylHVjipl,0
20ZjizyMwqdL1QJNtbBiOk,6
1urwvHUw8YORELR3sU0zZP,13
3mQ6SLdxxaL52Yte7KF2Ks,82
70zg99pT51vB4wlMS7e4q7,79
0Cn8NxJZz7zUlsaA3rXoIU,81
48QylARsN17UMJRVioQeaN,30
40k5kY5YengXaNwU0tp01B,24
6lOmfzHdghYI460aMyQKU2,2
4AjWbAwRpxk2worpjNH5CS,52
29ShXDWDedEwZkYc8Du08N,76
4z6wo6PJG4Fve45OXK6D9m,84
6F6BPkZYKQfgwZVBugMpty,65
0xsAtU9TemtJgyVnlDNWo3,58
67UNzOetFZaULIkGySWykO,9
5DxXgozhkPLgrbKFY91w0c,93
1XxmTx7ZzI2xLvS8SqlXs9,72
4xvTPuwHaXoDM3p0QcY7bH,78
0UfVfRSmy4xMyi67LKH5zZ,75
1kMUGCt7XLDc5Q64Vl0H8S,77
3yUXF8GYnrfsREqustxp0b,27
53ZAPx3Va2YTtRdBCJCyni,34
6KrCPjBhvH6h3CLX8AMt9x,34
6owWrsY92TkKE3CvW2LsM9,51
40rXWke6SnXiGkSmaT8ZUr,85
7k4t7uLgtOxPwTpFmtJNTY,98
6Y4PDQv4XjYjHLeLmvyOt0,88
6slWQh1APR3XI7o0lD3jIr,20
1aUGxXCz9QimNkKeiJtzZ7,81
6K5BsR04ijf3FHNzjbaagD,84
0wMs7DPFOnToNAoecvAFQc,81
79B6ZFqXNEBk1cFMdtXVkz,70
3jbT1Y5MoPwEIpZndDDwVq,90
4fj7e6Tc48Bmomwyz2Z2XC,83
5YrjfKuFd0pMmYTGeRDV6X,77
0RDgqtvOHLwcI6yz9bjsZV,85
2f237byd0A2w0fLlnVDOV4,75
2ohqtT8jp5VeSBAtBEpSqA,75
1Xnn1TPyr5h0hpRAT4B4EA,87
0c60lGN8Fnq4oTMFJpQuYx,71
37zdqI4r1gswIzczSBkRon,89
3EfqlNLh9HHLh8YkmezU5h,72
4o1DxRjMCHDwBiOKv88rOl,82
7tjlKy75efLaSz5JYJq9Ru,65
1ndyl3wJCFs872XZ3ztPk6,86
0uIRrkPowPK1VLCKA8WVfe,44
6V1nnx2hl29dl5sh1AEMcE,34
2FAzrLMsNAGnRwveEyb3BF,30
7fKCNzXA9PE1sHY69a5jlq,34
6RyaV7owmVU6fzEPE17sF1,90
7rknFhrVDyxzTJkPSf7LoW,84
1FsdoidoPfb6L2o7GFomcL,54
684EjRHwNsZQ9hCQxL4NYL,83
0fea68AdmYNygeTGI4RC18,91
5099x34vBakWpGkHourFxP,85
2TH65lNHgvLxCKXM3apjxI,90
1KdwnsWOvhM53vezy5ROuf,79
4bTZeO72FwMa6wKOiqoynL,86
1tpbAGsGpZee5jDHMcLrUJ,82
2qG5sZ7Si6sdK74qLxedYM,87
1c0hsvHLELX6y8qymnpLKL,85
0i9oiUkWOgvtnjkr0fa3XN,81
7q3NthaBqFI6s0WnAlnIvq,80
1KfrcxnOLyDhd3p4hGrhVe,76
1k1CJlU1eAEpAbNK0TVeKD,11
7anSoGdgtmJTAPZBzcPhO6,83
7MRU4vOkywuhZ9kbFiPuiu,80
3KekO5WUfJsh7kYU9o2w50,58
7KbF6AdprOXEEHlsq11Z6d,86
2EEmzqzM70CybVspgM7YRT,82
224EVTFiLsdQignUFLvDeH,18
6v0lAdFF4haL8xjBIUjtOw,58
6Bc48Fgqgb6j4K6JdkZTNk,7
6rXxAohZzTDsP5KT3IDFIU,75
4MR1AZhe1p0zTuH2HGhX9L,72
7pxL0DzPpCjjcdfQccvnus,79
7hynhxDoDpgMIV12JuVtNa,79
3T5QSIgoaPIh07SwixRDp7,17
4lpdQrp4w3n5NLGD71nzZY,62
2B94bbI1a4LyBpK1439oP7,83
53uKGbcMjEc2gIWbfmvpdS,79
1GUxtL2cLMXrtkBgjDevOp,55
3QfD4bxxkopZL7XZ8RaezH,73
2cYnZNzFRFK0H7vSNxPsUq,18
0stKSegkdrfLTDvm5sIO38,74
46lvmzK8wxAy66tjzXXSh0,78
5s8LepdwU0THzpd0M7nLsa,64
6GxEpbOvB4dXgRF2SLJliK,62
5cBKhNt5d0f6KxJxziKr1N,0
7o0oY5wRcoV7oPuDhD2J1z,72
5W83ErFkO3aKAIS1WMi6u0,82
0OGDredxd4n2ai4IJjfLNH,63
1nocRtwyNPVtGcIJqfgdzZ,88
3N8KmcY4Tf0tlTS2H2f6E8,42
4thYedllWlJQOnrplPxwfA,62
4pYvFqD161kAefG2yuZtz7,31
6ZhLLzEjG6AezCj0iNi7tm,12
23CsjGOYDQiJpX44BSn9TM,79
1ZGNIcjuRJLK7ewAOM3ZU8,20
2X2bn8tb5ogMSnHP90ANkm,34
7BlBVFwvbWvcwNcUarQmjk,88
5lwVd35Zg6DJ4qibVMq99H,75
6v3KW9xbzN5yKLt9YKDYA2,88
1Ej96GIBCTvgH7tNX1r3qr,84
0UQwlF2pRkr1lMN6kNNUj3,80
4gqMVEJSaL5nNeKj5WmVoT,76
1H2aLiua3VEig2qY0eU3s1,60
3bCuNSiaBHqxdevMYEnGpe,78
26Qhn2T88XqVinXQpmSarj,81
3aI0kkrfIJQLerhPZ26adr,9
5J64qSSq0VZuh0CiI9o9Nq,73
1f38Gx6xQz6r4H1jGVNBJo,48
1Kjer1JoWuJGNwGV6Pbgv1,74
5BDP2tky8oMQJPS33frKVp,78
5w9c2J52mkdntKOmRLeM2m,87
6FyRXC8tJUh863JCkyWqtk,79
6Rh1rwJagYUEbzoAXtu1LA,6
0s5DNDV6LAKn2u2Ufa3VjQ,79
2u7tDWQ6LX0Kw1LiK1jaok,64
7BuHdm4lQqcyG3qTwdkxus,80
3tOmzBrWaHg97FKgsqhhEd,71
5zUGr7GcNo7UNjvkNYkjiH,9
5iwz1NiezX7WWjnCgY5TH4,86
1s2VGd7q3D3UA3vuaHI7rw,53
26XNWPQRmKVKDYVsGLwZ81,52
0mtdxzBRDbueLFpiwpbHKO,62
6tT4Ks1N04Ut0lSQ3xjSaZ,69
116H0KvKr2Zl4RPuVBruDO,83
7ATATJztoWLcqDAcVVof0C,12
3ao3OVxHlb3C08vAaApUlm,74
0CrcWtJQB7bQE6S1yEbxnP,60
4aWmUDTfIPGksMNLV2rQP2,22
3umS4y3uQDkqekNjVpiRUs,72
5M830cD7MNeiiwIGHzH9TV,65
7nKBxz47S9SD79N086fuhn,74
0qNmz4VgY4iADEzeZeBa2K,0
7qCAVkHWZkF44OzOUKf8Cr,74
4wFHfY9IILHLNwakPuFogD,8
79Jhw5xn4gGn6PZak275gg,66
3VMSMjB4Yx79FDDrmYCk3N,52
1PtL0YQRtq3qxDGUSwZPJ5,68
3sgGmPQD2J6aQduN36RDBO,60
1zsG4eaZmkA1dvjDDsAGLK,20
4NzenFNqsYRvrG7rLdF1Ej,51
0JcNysfWVWaMS7R6vzGB2k,76
4w8niZpiMy6qz1mntFA5uM,83
33bnxcjePIkcmNjEFTJX0l,72
5uvucCRBTkxv7VxIDLOqe7,70
7myUDFaDjYmdXCmpXzAhvO,16
6o8ogTrSX8H0F66Pdz3Tsc,75
6ayCEojiJIe5d8DwXVlGU4,66
7uH27oIt4a6cIFCA8ZPcyG,65
2K3bjojp1sCLdMMoO5lJ2p,71
6xrov7bSdx0KxLdztHEstZ,56
5stPVcRqb4qixbafP9e8lt,91
1LiN0Z98FkR1t0m8KmLcAH,80
1RKZvaLj3UPhGjZkaIrFm7,76
7mFDv6NNIn7Iq5kzMmoTSG,60
0I6syWcqSUsZ3sXJEOIGsj,7
0r9d60ZYPAlFHq8qnUtkXN,71
2XXMDz7SPZ4mSFN1PXfHUy,76
4lzxJ4jCuFDXXGkE1LmpKR,83
4IYxcqhcFFJ025qfWJeulF,71
5KbBGUpIZd6gVFUU8tqYiQ,78
4TwIbmabI2R5XUhqptk6Ev,60
71pEiUWwfDFiRO6RmFpnBf,75
25ZAibhr3bdlMCLmubZDVt,86
7knLcYCOSaURD0d7HUULFM,75
4vCAzANUWDE24URV6wQ4ra,78
0bCPJsVGDxPYwQMDZMi4NW,72
1RijmOnza5p9CzaFKr8W1Y,65
3dWpRjCmaHbroNahuSeX11,78
5wBk1Z7mndjgTMOQ70lt8J,63
2AA1cr6PJYVnZSbocLaTFX,18
0GrGfs8ldZRWOrksG5uraH,70
7fODjB7BrQTGqh0hogW6XD,83
3TTragde5roTvwS2caAQOc,72
0ReT7m0XSd8CPMednez2jT,60
64kNRze29YqCFzFEpQCaHQ,76
4R8BJggjosTswLxtkw8V7P,86
6lV2MSQmRIkycDScNtrBXO,75
6lanRgr6wXibZr8KgzXxBl,79
15JINEqzVMv3SvJTAXAKED,82
3STTVKfJGTdhbg5aLppEzX,57
6epn3r7S14KUqlReYr77hA,76
5Q0Nhxo0l2bP3pNjpGJwV1,73
3DamFFqW32WihKkTVlwTYQ,78
4QNpBfC0zvjKqPJcyqBy9W,79
62zFEHfAYl5kdHYOivj4BC,71
2cZrrQMjB63c0iIugYH9zS,65
6qn9YLKt13AGvpq9jfO8py,75
0laYHRpNTS6i8FXdupHkJ4,75
2Cd9iWfcOpGDHLz6tVA3G4,77
1DqdF42leyFIzqNDv9CjId,71
3AGOgQzp0YcPH41u9p7dOp,67
7jEUxosffRXOZ7rNSajygF,6
0qOnSQQF0yzuPWsXrQ9paz,77
5vlEg2fT4cFWAqU5QptIpQ,72
7IUl5c6u18rzmyQOblj10T,54
1OLJJ3LRsRkin7XLvczaV9,4
0pCyoA5o2uxUwIovECCziF,61
6LBcHFbzmKSgGjZapRE2B5,53
5VMka8joGxOn1R8NJkf3Cl,39
7itCfKLYBNstSX8yrBWcBh,27
7DcgBezQ3XXRniaJIElpox,28
76qmmg29dA310thL57p9bN,31
5Hq99Ds2YzuyoTaBdvXZml,27
7LP4Es66zdY7CyjepqmvAg,76
4ClBrZH9GuZcE7BpPnurbT,51
74HYyiPRTUORYZAJyELL2k,33
2V2s9scwJqfpBPnXNdCSdo,48
46HmcTD1wfSgiWhJ0MMaxQ,31
6eDApnV9Jdb1nYahOlbbUh,68
69ghzc538EQSVon2Gm3wrr,67
0yIywEquxORnu1dR0WYsdN,65
6Wiyd7AsRdXvXGrxNkbqQ1,47
0SiywuOBRcynK0uKGWdCnn,78
5FTCKvxzqy72ceS4Ujux4N,68
4356Typ82hUiFAynbLYbPn,78
7yws3pF3FFguwT2Psi6c15,67
7xkQdy0cy5ymoWT7nedvLz,71
6St9lR6dhV2tpCNVz7qfrS,69
4lLtanYk6tkMvooU0tWzG8,75
3YJkAQNEhmCZGLdmPsu6Ye,56
3rMsX63C0IZVnOT5LGYoTH,65
60jzFy6Nn4M0iD1d94oteF,72
0C4ejWmOTMv8vuYj85mf8m,72
0AH6WMe3OlAlUb5miXt2FQ,72
2irJDnniX31d1ja0a13q4p,48
6M6lsQB4OhqL41eld29PeC,65
0U10zFw4GlBacOy9VDGfGL,71
1nAGuIZXz6vb8XW0xiMqic,57
6qUSs4FDzZUdAhY6JDIJfa,63
235LXPXfi0SmOaS9TaCh3c,62
1mXuMM6zjPgjL4asbBsgnt,67
50r1EUDpmSZRPo5aIZpmWi,56
12VWzyPDBCc8fqeWCAfNwR,68
7fJtPlEZKxu6gvkfBFc5tW,59
4CpKEkdGbOJV51cSvx7SoG,62
27GmP9AWRs744SzKcpJsTZ,75
334S9SWZMjyRDN0wrHw7wk,51
49zD0wr2S3d0lZPib0K4e1,68
275a9yzwGB6ncAW4SxY7q3,71
1Tt4sE4pXi57mTD1GCzsqm,36
6lDo13SSgTv0WbyUQKgnjk,52
14WWzenpaEgQZlqPq2nk4v,16
0i5hJIL7yApCPcyVRdYQxj,20
4s7DK08ZqqU5EnjvQ6Vlle,57
0A7uLa2SqVK5s5Y2V3kCyW,56
0BenZn1xELuxhb7Pjwyjxv,60
1qLeX26IEu3kPWxPfyBMGd,38
4faQPCxOllqodjw02kmRAu,40
2LQMEzryklBEgQQE3X6Puz,12
69Ej1xrGjOcHvIMtMKxK0G,73
63MgFVcIldlw51imFtcgK1,7
3IF1JYDcEEOCPtMxld4Rg7,41
4kAtRwNRLMKuoCbxMSxUGI,69
1BygxKyZjq2xjQiFMkSFGp,3
3tI4duDhHmmz1Sp7RX0Jbq,63
2I1uzkNYEJ5FOzLjI0ssTX,1
3Yf8sVkFXThHDtkqtSNbpZ,0
1WtTLtofvcjQM3sXSMkDdX,61
5rKEC4enuOXJ37zx9OCz2G,52
2M2WWJE863upPYUrzCRjN6,62
2Zzapdhb1sBgauvg54dWXD,0
34hqsdmzodHbk50EnoSefY,54
5YJ4BVvTFmVCxUyhKejHfR,71
4UkEnTEStVzuPoRB27sK4J,0
6OxmtqWyLcbHIQ6jvrzosc,43
6sfBQReZH9v9tYSs82Xt1O,51
3XOcKSqWYaLXMjZHDz7YvK,47
2wZ2L7AOU0IrmbIa6DXqYJ,54
49vwUeeauJgEQxDViXA01C,63
09PGyODYYlVsL49N7TR914,9
3QHMxEOAGD51PDlbFPHLyJ,75
4pUmQqaZklcCOB3rFdWc7g,65
5A32KQZznC2HSqr9qzTl2N,60
0Az3jAeIEImuTugUp33ajY,6
23Fw0qh3Onqn2276LiL2pT,64
0k1hbeZodoEw34FAdbh8xM,55
6b3b7lILUJqXcp6w9wNQSm,68
4phHbFt0h1NRXIgMNM8t0Q,1
0S2qnVdqf8A8XXt10fWBZL,2
4AOpEhqA7zHxQjkHmRrAp7,20
0rHVd8h0cFwgLgPFem6S60,67
15a5yBoHJhHHWjKbyLO10s,46
79zvVrn65ksbiGQxrtV4I5,67
0Mk48GaMgw0qz0auSymuHd,58
0lYBSQXN6rCTvUZvg9S0lU,81
0Vh3WTuakZ6SSwmZqyLqGO,45
7zsXy7vlHdItvUSH8EwQss,69
501PoxE6Qti2ekECimQeXK,7
2IY7eOUDjw2ArKYxKa2jXc,7
0rI56S1biB0efYypn7eNpP,50
0qy5D3OJre7SPJNMOL9I71,69
16Ah4QqH4mgYVXqfC4mdSd,67
4dASQiO1Eoo3RJvt74FtXB,77
51Nwg5wCDDiqcTntgJUlLo,53
1aJARygfATnC8ByjyJBLjJ,33
0Y0TOsE1q11qgbi7c5WZsG,71
4JDZl9nKIAhAhDjw753u4X,56
4C1Smq2t3MVOPzsUPWW0oX,62
1HXM2hwghFTsbOA54isSP2,0
5knuzwU65gJK7IF5yJsuaW,77
25gSVIBOWeUqXG8DnzpCCs,2
5J4FiKDJIdJ8AKx2gaWMt4,60
0Rj2yNpEvXOl8yn9UOuIRs,67
21ugcKQyclYBZvzmCXsZ9x,47
7LRJmZ6G5qHQEG2CGeTCji,58
7nDIflSHQXzaa8zupxwv3U,74
1iqbvOlfRIkVsk6L54ufGu,33
1iLv1ieT9BZ3qsti9yTCnG,71
0jr6tT2vc4cIFPHb6wufG3,68
4pdLZsxq0y5oJDb6Cxlokw,65
2XMTqoHHSH0lvuXrvIEdco,73
1yM7GIEJ2QniupkEHOyp0a,57
3RIK7cSazP9ui98nJIXXDX,2
6NMNgWgEAzde5M8U3lc6FN,6
7xHWNBFm6ObGEQPaUxHuKO,74
6nxQdXa1uAL0rY72wPZu89,67
4vS8VaBwJJV5Ry7UFIQuoo,10
56pOVpGoStk1PQpLGIyKmP,0
7r15j439zkGhA3KRksbwuv,2
7mZPiASBnzei5lODsfLFLY,36
5HCMcQcylrXAj7uoGPKDmZ,29
16r6flH0Ib6cL8liYLsx8W,0
34UzXAjhux9X7sID5lwdY7,42
2uD8iz9c0XXDFwYgLJez1A,56
3nXxENgerStJd7S7fx9RzC,0
1so3Diwy9pt9q6lHWINlfX,58
3hxrdVUhsIlkZhYVhluLVc,5
3hmjFpxcBeqX2ValXW9BBs,57
5icsFs29pVsNjZdv2ckUGP,1
59VfSMPf55wSYTdZjQCHN6,1
5lSASgj3h5dWTK7pr4vkBq,2
6TH3cuw2MX4K3eGKrRXUxx,28
4d8Bqtm7ODdQLFXxPSuK64,53
4L5ag9C1m1gEAPs5KC3yuy,42
21brTVDh5Y3B3mA4z5yyaU,43
6zNPPFFrxmhpTQejOn1Wm1,49
3nLwLKuuF9hPRIfnGtHcAb,0
6NHgiZFCnfDzDhOD02GcnR,0
0nA1wFwYTY1kQ5NOjqAwYe,46
3AAufodtnqwvGMzklCU7qd,45
1WOL9lrdYoGoUmfZM0L8i8,41
01QhVHvkGqzO861Kl3GhfX,27
3MlEqAnrpzXR5dvhy8Y76y,0
3sRCesHh424gmCji7Fz9Gm,51
015ljpgRzoOEwCEST5CGbb,30
4339KjMRnlrI8up0Pq8aaq,42
51k2LB1iizPL9grpAkQrco,45
6gHPRYq8gTZWvp8myNF4Io,15
5BDs2KeMpNXSFVwCFOWD2C,0
17ESRfV2okvyEl6P7pH1ww,9
0ozd432IdkUR3ItM8ieKt0,48
4tSteFXglCBaG6sFvYCBVX,40
0AcmTuNAihP5wlws9eBwQc,35
2dURQIBrw3XcHyVZlfdpC1,54
6AOsz26oASRoCK1Cm1ioJP,46
3YVPpVJvJG2EauXurPA90F,65
5WwZeusFlxOKmTW25ImmgM,0
7AYEj2PVoWljyLUEmNUvGt,0
3h3WmEpqqgfk7YKaiLvSBR,22
48p5E25cFPanxuwCTmTpuL,63
5a3QwvHiJO4fKWJqsPkJvB,43
6WCJyL4KetAqEZYhRq5S3f,35
3uQ66wzJlRPBvy883oYCa8,24
1xRCGC0OUcavUYX6T4oDqH,0
6N3HyzopHHNVNmZx4HOrvI,26
7hDVN6GisA47ym0H93NA1Z,0
5XSO16N3OQQieI0018ZDLg,36
3zOGILD2cGfg9RDID1EEsX,19
2ie1f44aVVgGQnfSSHATha,30
5DkcXm9nsEEz1LGCTTms7R,15
3LUUsUqIpjMUx0NJjHzDsf,11
4KhOfYSg4ULCbTjCLj3EB2,44
6PeUPMMz3cskGSKCDbfDVq,6
1JYfHi3cPAR8983cL45bLp,32
0jFwcP1btVnq7z5KkE0ar9,30
2MQ23MqDI0N9IVy8iaZddc,46
40bUx81llF44hfd73XuXe8,41
08PPWoWOXNWxWoMGSADdSq,37
1hx5XSk2uGFGBuUIROLGHN,44
4DAr4BlLbgpfUJ7iAwOKK0,32
3bha0QWUY1V3nXG5mzcnI3,15
70YbkeMhAqTxOhOwnw3T4p,33
1XUkeGjCHXUcus4U7WzYmF,22
5UMcKPOLRvFVhZdVM29U8X,36
5byYO8JjkxV27yQYo2pDRx,28
1k82KNC5Ds6HRUXbf6EaHE,1
5bLrBRYR92X7CddgbVhUqc,0
4tELPC3XSTG4KXntjidNfZ,32
12vZleR9JnHttHJcx2NJw9,42
1KwvqQzquDhC3kr6Q9JC8x,0
129cVllFJHHwSJuW4JnR4F,13
6Ib6spYstXrIWT8R0jAHoF,30
524wRHQekJJvQWtAIy115v,38
2sYLlZU3FuCF8SKNeIvdKA,43
6Dy9ADyJYhwUT2wVqBRqBD,18
7AXg3PnjcmdGaA5UEgrtZ0,0
3JWcQsVAWM0OaFJHent1Vo,16
62P5C3fXhFl3PkNMWzGcoK,16
7pAFUKEZLgROw7CBtl9spL,34
3HcjZv0apxNeE34Et00W8i,0
0symbiCfmFvJDJgR6y8gkf,30
6xugsC41ONHG1QzuIA0Oxw,31
4WUGqL1huVHWEmG50hrLoC,20
6VpuAatFrhUV0Qhhy8Iz8a,30
2q9cjGRCXwJcp3YchwAQQV,2
35gK47sPzznKnaKsEpKU4z,0
3wnjAXKdsFmtKvDcYSysjd,33
11eAS1PTdMGIzzZ0UPey8O,36
5SVwYZ8kVz8IXVm8Bji6XY,27
7lhEshSCXjqbpn8sjQrLIn,0
5xWvbl1AXZmkOHzsM29G2y,0
7AERV8NHv04U0xGM5Wac62,41
22Nq8jG98vSGghSyBsIjMO,28
2bzwRD4vAbK2xE5Joddb4f,33
3cJORIh6ygiRm7qXtU6zBw,8
0sdtAStTSLikyTg9PTTyys,34
4OWqV0YrzAJhsMvVdBB3a1,2
5NZtSYopCmrB9KoxmpOTs4,11
1p5GFCHCm5u8t2tvhDqQ7Z,48
2CbgPrMwa0UWUdppsOIoTR,33
09PFYYJuXJ961Kp8ZIxxpx,38
6havpXIioTsgU3M4D6cn83,0
3OAZLnU0Ss6TRHtFZ2B6UF,12
2CIxyjm7ZCmGwJWdYk40L3,15
6TIN8hxzwxTt4v4aKENmdv,0
3a7g0gSKdcYqJIH4EldHXh,43
1NtIMM4N0cFa1dNzN15chl,12
3LlAyCYU26dvFZBDUIMb7a,72
04aAxqtGp5pv12UXAg4pkq,79
3Te8uLyit6X3ncNW8Fp3K2,73
52yOf7Ls1u5AO3cFIzQ58m,8
0AKejOKlGdiB53QpwAeenO,11
2iuZJX9X9P0GKaE93xcPjk,80
7LcfRTgAVTs5pQGEQgUEzN,70
6sy3LkhNFjJWlaeSMNwQ62,74
76hfruVvmfQbw0eYn1nmeC,80
5kqIPrATaCc2LqxVWzQGbk,79
4G8gkOterJn0Ywt6uhqbhp,73
5PUawWFG1oIS2NwEcyHaCr,69
06KyNuuMOX1ROXRhj787tj,79
6GmUVqe73u5YRfUUynZK6I,35
6KuHjfXHkfnIjdmcIvt9r0,65
1WkMMavIMc4JZ8cfMmxHkI,74
22VdIZQfgXJea34mQxlt81,80
0dw7G0QDuW7UwyL0boHKMU,47
7MXVkk9YMctZqd1Srtv4MB,84
4h8VwCb1MTGoLKueQ1WgbD,84
7wqSzGeodspE3V6RBD5W8L,18
3U4isOIWM3VvDubwSI3y7a,85
1ExfPZEiahqhLyajhybFeS,70
0aOluBqXYd0rFSCsgDyAWX,24
7soJgKhQTO8hLP2JPRkL5O,67
0lHAMNU8RGiIObScrsRgmP,66
1NhPKVLsHhFUHIOZ32QnS2,76
1kPpge9JDLpcj15qgrPbYX,72
6t6oULCRS6hnI7rm0h5gwl,70
4vp2J1l5RD4gMZwGFLfRAu,69
1LmN9SSHISbtp9LoaR5ZVJ,72
4Ub8UsjWuewQrPhuepfVpd,71
48RrDBpOSSl1aLVCalGl5C,74
1tAutlhI9FwnKn7fVgmd5P,59
0nJW01T7XtvILxQgC5J7Wh,82
3528IXKpbb7OMjdjWYlbfD,65
0IkKz2J93C94Ei4BvDop7P,67
1nInOsHbtotAmEOQhtvnzP,73
1qk9ujVgudgU8CyhKOx8ji,63
4XNrMwGx1SqP01sqkGTDmo,67
6OtCIsQZ64Vs1EbzztvAv4,70
1gYMxXXGANfGIGXDFf9Czv,4
6TwfdLbaxTKzQi3AgsZNzx,58
0W4Kpfp1w2xkY3PrV714B7,70
2JZKXgq5zsokN01KWyiY6n,9
4ywvnllm7kpaXDsa1VNNpY,60
1EzrEOXmMH3G43AXT1y7pA,82
7gUpO6td4OOnu0Lf9vhcIV,61
6HkjpGIOHv4y0IBAxUbE5z,67
1gihuPhrLraKYrJMAEONyc,75
0WfKDYeUAoLA3vdvLKKWMW,69
6qYGUxPjQt5PJtWdiNppZx,11
0ByMNEPAPpOR5H69DVrTNy,76
5R9a4t5t5O0IsznsrKPVro,69
5rwdhliMmo0aAQ08vU0AOZ,60
1jYiIOC5d6soxkJP81fxq2,70
1Slwb6dOYkBlWal1PGtnNg,67
6uBhi9gBXWjanegOb2Phh0,79
4iLqG9SeJSnt0cSPICSjxv,23
2Fs18NaCDuluPG1DHGw1XG,72
2tJulUYLDKOg9XrtVkMgcJ,75
7a86XRg84qjasly9f6bPSD,73
3w3y8KPTfNeOKPiqUTakBh,78
2bL2gyO6kBdLkNSkxXNh6x,75
5rb9QrpfcKFHM1EUbSIurX,79
5Hroj5K7vLpIG4FNCRIjbP,76
3xrn9i8zhNZsTtcoWgQEAd,72
47Slg6LuqLaX0VodpSCvPt,77
4i2zhg5fHx4kSwaycOPJqH,4
55h7vJchibLdUkxdlX3fK7,76
7G6TDmGJXDoBaV6NGj3Yic,52
01DSvNTUsVROjnSF5j3UbD,10
3QFbOgWOqXEtOD02FMcX7K,48
7vS3Y0IKjde7Xg85LWIEdP,74
6RjKVXi31fui9m4dbiGRrL,16
19cL3SOKpwnwoKkII7U3Wh,63
6HZ9VeI5IRFCNQLXhpF4bq,67
6QPKYGnAW9QozVz2dSWqRg,79
2s1sdSqGcKxpPr5lCl7jAV,71
05SBRd4fXgn8FX7bf8BCAE,69
6dEnpbXyamib2EJnRhTt0G,5
0VGrgE7GbWaINRnh1bR4k9,8
1T7Htpf1kEvU9Adf8J0ekk,11
5xTtaWoae3wi06K5WfVUUH,68
61Qhe2mHSLhUE04QeK4lkD,64
023OVLNzXhX0j7CxswUt6D,67
59HjlYCeBsxdI0fcm3zglw,65
5s5t0OFg9lIlBFaCI14K1i,22
2OsEJFTfzfjG4oC92cuP2c,62
0Mn3amMRMoabaoTf1Publ4,74
4nS1sut0R2mgmFitKIShVe,60
7l94dyN2hX9c6wWcZQuOGJ,77
70eDxAyAraNTiD6lx2ZEnH,73
6zoG4qagYh0UGIYwWOpE1z,54
6NprDUe0yiLIVGgcnFGgtq,2
2cnKEkpVUSV4wnjQiTWfH6,11
400nZFg9JEXd9DTBJf1PE3,1
7fcEDkjCsB6ek5bgZEfqFX,23
2N85HU7TqO8lAmHA7AkNdP,45
7lRp0mTu0oAaN3avFuouoQ,50
28O1p0bQXH2F6Qn8jBZZR4,73
1aYcpI8hXtpAEdBq8fp1pH,64
3V8UKqhEK5zBkBb6d6ub8i,80
2D3z17LBMJ2HEHeBFFjTLi,77
7kxYYjOYRO8HamP4RKBhJ0,2
1HD8xCyKYt7Bm3P0CbvUbS,53
7o3FMIu6KldnAwXaA8MO8x,58
17UUYZ290omPaJY4wKeyHh,66
3Nkqp3NSGWMXVVO08zGpN7,66
0LQ1J0BCzA2qnAgp9MkkNE,14
1usoXi4f0BnMART4uActEA,67
0F0Y6RxLpOo86HMFmShOMF,32
3psphMjNlZ6AH8WZSthmvO,40
0UbMVs2WW36wJINYMWb0XH,2
37eGbhE1xVFSvcKkqGb6i1,79
4l0O19WwpjzbDGkdFtkQ6W,65
2q3xOAHgCol0d0iaGAZDzm,45
0B9tlo3EDwWazIPlyWpKAH,32
6MJUCumnQsQEKbCy28tbCP,77
4T4CZ3Q4z3GG7lU720YYhM,70
3H179O48ynsu9q8LOnFQZY,5
31UjYv5vLsDkzchJOtUMtW,23
6cujVaIoC0DpnAWDJfSMIo,56
3dCEtkAfWhk15bLAWZAKLy,44
4v3JgPvGZBqRnKfW8FCtfa,52
59iNA6gwthoTJ6IgpBGGHW,56
7mWFF4gPADjTQjC97CgFVt,80
0FDMH2ahuIVzCybwHJK9zh,74
47mrfHUAdb0VOa3yanb66k,49
4au7FRcgZzChASRYu279xH,74
0DnrHiLuf4GrIYq5nk6Gks,55
1g2Z2lOrwayOzDqOc8EfbR,76
3YsjPjBsU5QfBFVA9JY0D7,6
73WNR9fJWiTwrdKyMlVNf1,13
0U6bQIAh6MCGo1xjbIIx2S,81
7iwhbx1YQcQ675DTj6AmAb,68
44ETcHYUz11q8QbqcgSwL6,61
1rYC34UUszS0QzzECNRhYb,70
6SYSu569pfYdkDT9A5lZqi,72
1Tk4KVBLxD8CMAy6vJoDF3,66
1MtmXPxXP4ntSjfF5xnOyM,76
59s0s39NFWScuHDbHytI14,88
26zcbVfaxpenVvQ3v0W5Pa,60
44RqvvU9FeCjcPHZz50jLO,56
6ofuqm2qLMi9lBFEF9mJMb,68
2NuCF6AyI73w6GfMYGhaKA,44
1sviDBcAqVOxMXq4xITVEs,84
1HBrxfreCZDstJMYVzgRPM,71
3o7TK4inMYzJC3ZMJCWsRC,71
3rZxzqH3vl8yY0BTL4lzxL,68
3JtdSAwtEZgLrbJ8aRr72t,43
5QXQy0f2q8wJNpPwJtjifx,80
07s9NNOT0sZQp7TyolLLgu,76
0PabDDMMzwmn9cfJsfes7W,77
4SlqfJkQNAS7A5cvjBvQ3C,59
632nG63R5kBknT9pzhpKeU,57
6elUdvgtbNi1LrD3jPLKpe,44
2nHojVjhDjkCy7spYlqrQx,45
5t4UEmk8EY7rX3djdFtXBo,35
7HL6wIxsT3aRJrUxfVowFn,69
1mnG6f1xTV1y5ZflTT6Zcb,61
55EVxb7lAjIAII0hWLYNsN,42
6xo25koGghvozILyHwuOle,53
4CVQy4t1gkQQWkZDzWrfEM,70
0sU0sm6IunPpIgszZloARu,51
1vaYGUPwe4Qmi7vsLZdVmC,51
4Y8oN01fJQqvR4fuwMPGlR,53
4nZdakpQw9adqbdXWvx0Hi,57
2kQ1WxNv3KKxPYFBgcRSnB,54
45fLqWh00Lqy13dgwWkF0Z,51
0cWaeIRKpvONSfktDzK4fN,60
3Azfxy310AeqVbUsx4Mqql,50
4v0DontD9QPBxyqfvEZyhT,62
71pdnPwplhMtpcz8UUL4rB,57
2dt23O3HIq4kHSNjZxAHJ3,56
6zlYaRWFJkEF8mr1CLkbMW,61
7DB7w71TX2dsjOzDCM2T5I,52
6XhO1FHfsNc3ULWDePrQvk,64
5ghr7gRNa6p7LONBPkK70o,57
7uCaiDV14JCg35hbKtaAAS,60
0qM5XYkTZeOSrWJzgsz2Nr,51
01bWQ4TPGmsP6FS64nF4R9,49
6JFep1ZmBTc9r38tOwTDIx,53
7uZac6dWgEZYiHolU9dgZG,55
2pNSi1RkuV0vNVRLI4SOtb,53
0yjK8OIi27RcHyXC8Yp4hx,44
4igfpW5k1vWhsUnVawdilN,55
6YjqFGodOvJZOjyquzEsIN,42
3MQXfgB6rQbtS5tDCZR1im,57
17DiAfqZlhE4RkDlx0UTM1,39
0NVycXLIVoCBxQJ0Lpbbz1,55
6alIH9pO3MTVW56AzSuDGj,67
5NmHsYhyHxXivNfuI7s1su,54
3zycyBK3RiecrkrP8NPLxu,64
5teddmNrgHKsy7Jx8rLFkX,52
0gH8MrEnV16R2YGzTHJpCZ,47
1J0vxvt4DVirTTZu711R0M,57
3KYYZUOrOvKuOdPhmvchcJ,40
7lsQNMr4ICSx0u5r9UJJ0W,51
1W0VrxYy1cCuaKe2ZplvMt,34
3aR8c3lE3sIZHfbYV6tK48,50
2TeOZuWhRrTdovEGP3CmrQ,53
3sgrKxWgDYh0thsqejwggc,55
2KhZcfqf9vskdQ0bbmZq7J,1
6bnwjfLGQgsdB3eSWWW13W,51
7wpSnL1WUnGfYWcrd8y2n3,49
0FssM3rIyBe3fZ02i3hYdy,41
0MnRaCP2vAeUEEFbNx77Wp,58
75YepABRsjjwo7YLU5QA0X,61
0jnNF53wBDWdMFZTt0ZLe0,42
1Ij7SCruCh2914eH7V0XcK,39
7JqF4AHCyokdICrFYF91zE,61
4YaKdKVcrM6Gf5ZALtp0gI,62
7b4lZWvZtJowzSEI5sDSK6,56
6in4nDdWDOq0T9WL5juhIH,45
36UAh8lq8r62uopY9Du1w3,55
0g8FVJPtUXIB1kKQCtBT16,60
71nHBn2WKYkjSlwf4GH0JF,57
2u23s4M0ATWN9rAuJBt0sT,54
1yLEdnmj3BiPRuXmsR1WaA,47
6ykGYmFGCSqfaMKgopoELz,35
5obmv1Jq1DnSiZKfYZ9vdQ,39
3Hww8CLfspuopHZxE4GUGV,53
1nYj5Hv2ON80QokibDMvOE,58
6uUSmhfdiOR7gYeTN430kA,32
442ctQ3OBBk8aMo3Ma3wRX,59
1SveOxUxAxhrCWBhdfbjQu,52
1xTRBBczIpKiqgFBrXZ6JY,1
5Q3e16qE1RE5oilN3ukasm,69
4NUgjW9bM2c21LzUvrvUPc,45
3Z2AzZDyeu1Fr5HmKc1KJ9,41
1htiTRFICVGPkn7JkRrSRa,49
7FHswZNIRuGrq58FLFvZsU,41
5APk8dXNf2EN1bc34Tv46C,2
7tXCV0UwFwBxqum6i25you,67
39CGO7vhsI9eSzY29omwoC,48
1YOzmgmkf24jBZLVOwdMMR,49
6nIFwK2LmLoekOxBJ0SL9R,47
5vJxmMmw4fJX0hNxH6fVHV,52
1VsClV89BOYGlN7RITBHYc,48
22lVuTzTKquulGDUoXpwZD,3
0zalvf0K8iR2IV0DnFciqR,1
2Tqx4GFD1TfbOwBHZgltwM,20
1jBUDoRX27YLum3u2AEzJx,38
5AJuPOJW3hLErTdYmP3qM6,35
1MVP0lWdOFspDWcoKoScCj,39
3mBlNX9LKkJU8BM9B3k23Y,52
2ZOo4S1nhgSzmmKqJFkbAu,47
6AGh6iGWH5fsDKkVlE59Uh,43
3qSLaqWAsUdpf830MjlRTm,31
6CUojkW9BdOzAbnMryjVJI,32
3EsMtFNz93GIiPpnTTJGW8,0
4fCR5COPBAKXUJAhuUl5W7,53
0WuibCj8uDcWgQ9oYWXUXS,50
3FX1ELIrd9B6YsmJX2Qwao,0
0h9Pi6PtB9fOEfey5Rh2dE,28
4KjuEDEvjIR1PDzQQYhoGy,28
1BbfIp80N3ZW6jOKtwJzYm,29
2gAJ57AkNbBtPQOuFLrGe8,0
16hxPVDdazmOOo6QT2grK5,40
0M66M26ERKsVM2L4kpuFQo,18
1aKipNawDIPnC6gkXOvpWu,7
7GsMKEGCSTb0zHqH4qtRN8,51
3zL4exmKz5syzSXZJEJb5u,37
4f5z0WDEaSgYnEntCC4sRC,27
0kfK4EtmH6k2kiBLPqg20Y,38
5kNY827HpHytxb6a41pfLQ,47
6DlsyQu6NCdRaJvCk16A98,24
5Ju9XmTQyMuKaYcIjJgI0y,26
2SNg9NF6I2tZzk1OLGUsQG,55
3lMZAnQgm5Sjr6KDR0uZNw,54
5b1qkYsulPQxSn2mmBRDbN,49
2E32QoPYNwwQLpwlSCyIhX,52
3CEVQNNzwd0Plan2R5I5Yw,44
30VzjW1X8EMKmzKkUoGhCI,45
24yvlhBLVFyiEOZN6fWSPZ,29
3x5IHbEDkbwIYcge3iWazt,54
0gT1wHTik1C3v6f9yHFwLh,31
1m7n7pROGu954hTQtSVTYm,34
3e02dTpDl3J2LQ0HvlluJn,50
1PrbrfwL83xojczf9B7l0g,53
0Ft7B7xB781P2lrdGIVaHo,54
6367glu3JEfj7oJ03oAe7L,53
1mFB6njWi8fK9cBHPVVlQ2,38
3CltfqYIdqRzTXmpJrM4Kf,48
57ogj5vevbzdRtC8Ng2Rtx,53
4QtkVr6LwhkB91LhyB2O3e,41
3sJ7NkecvtR9razQi5ZjQF,51
2s4npyJ0dfZ3uEZ5mw6X7K,49
2iMyCU23h5977lOA4brtf4,30
3nOYFAYXCZo3QfIiNNqdrQ,36
3rrO9vddarA7XWYVsomwj2,35
10SMHUNB1vFqprgSPgpkVG,41
0plG2U2DWnv7gGTsdxdiMb,15
32uOJKoOwy5Ol2IxPPDKRq,21
61zb08Z5sF4s0olbb7RI5f,8
6mg2Cg0yFPPMDuMllu9jEt,20
4utnAvgRcZLBaC2jXklt17,0
0WOnTl9cB4qaAPjrllhvbd,24
7FljiB7BrK3o4pCkNAJRyI,13
0yXOfQ9g1xMmJA4UY8qvSL,7
4U4IsZZurZhVnkxnkzXqsJ,33
2eX4TGFna9BzppcUxnPCww,44
02BbvlQc1tcJQ7idNrUQ74,24
0pA8nTkyVvFdd1HO0oaOrB,45
2tqTuuLc51Uw2zWYmA9BJq,10
2DlWFiFyF8h5EJtfoNCccz,0
6GvSHhIxdWaQJbiQyzdOCy,37
5RKQeKvovGZWTj3iuohOPf,38
0vLYRMgCyCKYF9LKuRMyiW,0
2qREd94onBbV1IGCexmEb6,0
4Qd9h8q6HWN5On0A4nL2GS,0
6Wi5sMyQwiCB13sDSUnFaj,22
5U3H1fXmbPDfyaqt8TzJ68,0
7h7bI2qpPJPsKtbiBO3Ph3,1
54o97glZqjfQambK2yyNCG,55
2poYt6BDXd7qMHvJdYZiij,0
6kWrMFDpOzAwKPlBplGs3m,0
4tZb7ogoZiUIuWHKxesaPG,15
1UGe0pLTZ9rYBb4b6DFZ76,25
4cuHB56Vlh6dHycYLSzowC,0
7KAjSwWDoJ8LY8UOqgp7mh,0
7zoaxuyAARzX2SqkiHQQqD,48
53E2uYu1w4yMbZyh1UD4Hs,40
5uv1al3bjlhyDFVmRjWpPu,3
31OxOoAMgq8zCXwG9xCrYl,31
3QEqBKFS8boYIAELBcHUnj,41
2WfNrjgXHbtAPnklXDc9y4,44
1N2WgeL41XVWSPJ7kZrVts,10
4kfUztREwDlVaHLR2m7j9y,35
4qqNYYAEhtxEfqtWEbqZuy,35
1Hm7dHnPVarIrxbxh5h8PN,37
7vZC0KSIwq6H2kpBb1lyET,38
0IBSKqWL16eHHqXl6HoPWy,29
3gsq024FJzXqC8HqykxMcM,18
67XvTYkcS9uvlCOlLFGyXJ,14
5QGLpB2xz5sqsl9pWjBXZ5,4
6EfPYZWmBWO2KSR5AAPeid,30
3zTlidxfvKnuLay7tmxTfI,42
2hZ5NI2lYYwymQFUyANlOt,0
7JIUI9bHyaifT8EAyNWqBU,50
6DXLO8LndZMVOHM0wNbpzg,70
3xmmKCqEPNloZT9myIx0Hn,47
4zHkiH22u64gB8fIK2QjmP,1
1MQf5l7HVrFWnqaDWMmP88,29
53hRIDhAuRo3PvMYC1XQu2,35
3v2ReIt6xudmz4CYX4OvrY,5
0W2pKKNHnfZZgcAxDPW0hy,66
10qOPuwCijnI8dHz6uxwrr,0
6TzcdCFOuyj0rKb4pbfOBM,0
7xmSBVIpcke2BKhnevn8Up,48
7bXlUbUvMs1kKr6ynIISCd,59
4rFCZGNT5jWpS08KabTgKh,47
2WNVqZq1ujhMDlOAqBFkVv,9
3iJ2tWRvPqe7WBcfBfJyyv,19
1VheuMPggHpnznB4HY7IvA,21
26625BOAX1q72dkXwBOBYS,29
3i7sqCYmXLMquLwd7IQk4g,0
3AEZUABDXNtecAOSC1qTfo,74
6Izo1xbJpWhwtdc2Nx4b2C,41
5EOLsMBMXN4NClB64pHKWk,1
0vnzk4L0JyMODSqLp3pHwo,57
1xznGGDReH1oQq0xzbwXa3,20
11KJSRSgaDxqydKYiD2Jew,12
1UfBAJfmofTffrae5ls6DA,10
6YZdkObH88npeKrrkb8Ggf,72
6NGet2NFndj4XvpjH9iMvb,4
3Uz8ZcQdlOF2qE6q1rcVpw,3
4U8cv19UvIVKkA4Lliv717,40
2RNvcU4iA11QdWnfGbTnzr,12
2hXMXk9oDfndwPMg3Fqmmj,50
7BGzlL4gGNqlevuJXMTKxJ,45
3ip2477VESffCtFkPFT0ov,7
6N3xqtn7l3XK2F6Mwk0qp2,27
2NTzIibZNMSJcVFt9gIpVs,0
4E5P1XyAFtrjpiIxkydly4,74
6rQSrBHf7HlZjtcMZ4S4bO,10
42I00IkQyvYKdF7oIXPYS1,1
3toP91RkMRQw7M0bScJ4F9,3
3EVwqtxoYiJmUd1Ennr10W,3
7a6GeFdPlbQtd7BwVlZ52k,5
5l3CML2OnzfNs5RfVgbcLt,67
5Df6eVUr5N0eZInCo3VmJG,40
2hgzdQdnfWwtdpZbhZlV72,71
7kInKptdDDvadBzmos1LUH,0
5pKBCp3tRnM0VmNW4QL08v,2
7Hv89f7Dpm5Hce1XkBbjQZ,16
6tUPzZ0j7xXrhcZph2rNsy,43
6L9c3ZVRuOLtA9bROc8ykq,1
4McHzB84DxmyGI8r1LjpZc,0
1l7ooHEOJdgaFsZqRCPu5O,0
4smMFsspztHIiYq9yOhqt2,0
7hdhikUMquAPGlELRwbJWD,0
7twIPolKCbX5DnyS3r2PRF,0
6FpUvhQFeI9Yb1hZj0ZVfE,0
6q93Jau7PPkZQG3YOf36Tz,47
5iZVTYv8j4nyaNwlzf0T7H,0
4WzW5wvYilPSXqOgD3jSE5,0
14eXPUCqMrws746wzWKgNN,24
6X9QFpzlPKjMoniGkr8PoC,0
00PXizG9xlUNINeqADlh96,32
7FNGvLaI5tivoCAsxFVaMD,0
2ROysjqdmEwuGeqOhdEvq7,1
2df5QsXucx4VLiHNGusXD5,62
5xN3JHczV9RWdS7KYKOvAZ,0
3up1uPuvL5vkfJ6aOeSRtD,61
0fg8CqpjdojMyXLNzM2PaJ,7
7zU9pcTnh6Q4nBnrg47Xz0,0
6qYa8fu7FrWVRZFFDbuHcA,0
27uSrIfgTwZHbQ4mXuqLyw,0
6LTupM3Mit2l6JHEPW3NZi,22
6hjck7ERXicpsW51UkdHCA,61
7dEu74en28H64GuRtJW0Vb,19
3tj3XocQFj5rfJaSgXWWV2,1
6BcKsu6ftnYboGtr9eoilD,39
6rQ9qJPvInEqSzlh89LsPJ,18
3PfeAZbfD134dO6OiLDA2Y,46
5HH6DEBpqxJ7Ushnd8DRBq,37
2hvbFPSpBqDIqIbTwZfKZi,15
3icbmPGKTsKAa0IinkizCM,61
376KnY4TrgBITxjlnbnmIy,63
6p5abLu89ZSSpRQnbK9Wqs,60
4fTHdMTq0Znl3djLI1Typn,51
07idyjb93qYavu1s29HtBi,50
4STaHtfguDMkWbPEo6Fwcx,64
5IRflQniuRzTQ788bJPbwt,54
7oGRkL31ElVMcevQDceT99,33
2sKF6YGV5am5vI6eycPoQX,38
4pn0G7yHNfTgRYRWca8gYA,55
1ADxjfmPntyk0TSIfNjP9i,1
3Op7R5YNeIVoZUCxXVZW2k,34
43jBqV3j3Xi1g6wO0bhIMd,61
0UhN4cli0233V387JkcQYY,0
6bxsXIuyIeXKD4wu1O6srQ,39
4odiyU3myG29Ld0wurMfE8,65
29LHe8kG3PraghUZOZYsw4,58
7C86DVl6REN8VPeGEMOf9q,61
4XYsx8ga3fGwEFOOcauPZC,51
330XSiXMe9wHbE8Fy4gPth,34
4ssd9pLnt1HTbZaEzbMGqL,0
1UDuqitpv6oyNpzrvbLdLt,0
6zloSieKzItc50a3Qv27z6,27
2IyFYm8UYOjXWKxNJsG1yy,35
3XQYggN24rz4gU9UoVwOYm,1
3P6fS71hWhZvOnnxQojJ0Z,42
4hmCjMZocVqf0oCmMxnooJ,0
776zIsseWzy4GQ5nMFdk5W,20
6br0ncS1pPVKurzTzVIWGJ,36
3qzqmTeS5h6CrSPUq5JhiX,31
4I2ct6yrB3Xow4u5yUXPkh,47
6LwKnTZmR2Y6ciMQgW6Nd1,20
125Lz4KWSwhCvtP44FkKQI,35
3ItEUMz1CKL5CJxmnBAADO,54
6IVo7BWwGCLMaZfM7AH3iO,45
3EYTVekyY04eqdoi2iGlgJ,28
7uvy7tfAaKKhLbEisnll6j,26
7amm8xQDxryrWiD3kyQONd,26
40yMlyKhIzKtbGAFCyLk3r,37
4wseRLZqlHX0svfp0btZD5,43
4Cu03jRAQBN9XJSNy0yGVX,0
74UB6CQRH9ykJEh9ma3XwD,52
64VJ37v2qFkTSuE14xFzzN,0
09xGWzgSw8zp5oS1x5ogym,43
4TvQbiT8vKeq6DZo4iZbPz,20
3QPXyIxIQaPejnwkaIlJCO,51
4qdXwB87WRfDaMcfVpD44G,36
2CSINUEVYc3nMqk89Ns56W,43
1yshNtExWJOfvjfvUqGcnu,60
4Ghq7XXreyLUJmmRBGlbbw,43
3gBcBIHTSd3nab5w53U45C,41
46hy7Fomx8gRXze61Znil7,49
6Blzg85YWi5ndKO7hO1LK5,36
0GK06YlGqg7NcytdQXZiQQ,36
26xvDUjGqtWGkiqXQJH2Dy,44
5q3TnXWucHcIPlBZgbeZrl,27
62mv8OMTIeYjlL7ofwgvMI,62
2EtlSsk2sN9vp83G64C8nx,58
17tWQcqeNO4Hh0RF9gJcvO,48
6gf8syHLg6jVsFwd5BNAdc,44
1V5YTw9TVDAqebL0COO7A2,10
6bL4Q1le9t8DkM72ZW6GVv,0
49QzFd0d4lRtGC0vinChW9,0
0avEVorPMJyPPolMbeonBB,49
0ZM89pj4zwJWpForACkpEY,32
77ozYKcoGc9Cc6M9wRZH9d,47
04ILYls20Qdxl8VGAQKdAF,43
24BJCI6jcMSPeJ772B3sr6,41
79MV5abwiCZqbJKMd0zZUC,41
65kBozpV0xk8bAcWkv6f2P,42
08oolgtQ3uYjZDXNK1VCC6,48
5vGSJRUnhGvQoxEBtn6vez,41
0QnyOIJfZ6bfAYABK30o66,33
4fWklIPH97s1BvwSgGqVvr,42
3RIDe85YSYGGoJ0daSzfhD,50
4kEsRngsTsKjaFlFSnVkyq,44
3JlHPSGJykKR0EAESs8Ope,43
27ccZxdrx3VbCTUXI433OO,44
7pttadWh6YEfKqA5udf0VO,36
74SnZzNgU2GOh9Q0xIi4SS,37
22ml4eR5KmSbUkzPlKffQE,44
2SyOC3U8VQiFq51jiBRxGz,34
1Ka5HDqeiKARfY79ATb7pA,40
765nnyhp6uf91KO8xAPqjS,35
2dWiyamUPrjm4Hi1HbzUGv,33
2QFSVtTE4odPoOImpNVyfW,48
5D1zGGvbPnFpnl6wq9wx23,34
1hSJnfkEqbGF5afz5aqKqi,50
6zTABPrCYA8fm5ZpWrzKbz,33
5BYv5t9E8EdonEvnO88Cps,39
20JyLsaGV5UJ0RLXDL4KXG,48
0JTUyll1bmiOv9NAAECRzs,0
63G6iIKfvS3CxMU34SuhbI,52
379GgTu7WeNT4Xoak52p3E,47
4u4u3QrWa2oLUNlWMluXoX,34
39OtTWWklZAf0120taXbVH,27
0XCvApofV9SjL7rkJh1BaO,19
3Fd0HFWIJ1BGz8zSre2E36,0
0x8UEAzjwj3Cs9v9lQjUQm,0
39BciL2rDnFXWobvQsqe24,0
5ZmsMLLzdWDsEM5PPjvtw9,0
3kE4g5dHVUeLdzPukt1VTF,50
4ntUtSKJNtgp8jCI8g5Nj5,27
4FsRlRhDGhnbuHKVM2CCRH,22
2q6kuHmOhqOoJyGnABmxqk,40
7vg9GhFItV9HmHtsex5NJ1,38
6y2GBwBg3jE70j5G1xDWxh,45
3NXrGwbbnIDrd955fReQQq,0
7ktDmnYmfFfbvaCrBCDbJL,29
7B3EE0GyXaH4fDSFGXAHkH,0
5bPBkDjcIZZEnBsryjZnok,55
4L0SFtEgfg7YKbjwnwpppZ,0
6XRVMpFG6KkBBNewZ8IgqW,0
6hbem4JFdn4bkryLA4oPiA,28
7bdkF0rHjyjnIeqBjQAdR0,55
0MYLzCswPtYON4yYWmB4dx,55
0J6mQxEZnlRt9ymzFntA6z,24
0gFB5H3pHN13ERt2FyMuWi,54
0i5el041vd6nxrGEU8QRxy,70
7puxIVNdj5nsBJk43zM3bH,62
3zoYQLfNEvJ7UvQ4em2vsT,57
00i0O74dXdaKKdCrqHnfXm,69
4Y6cDd4EPHcEbiUKdyvNwM,58
10M2Ex445zw585Ducldzkw,73
4HlFJV71xXKIGcU3kRyttv,82
0XUfyU2QviPAs6bxSpXYG4,0
6UUzt6LPtVNwy8l6jqu9C9,10
07Tx168RSsUS1HqkDIOZbH,60
0ttKO7eBjyoq5Khr2X9lwV,4
3lFGBrRWUxpTfhhq6lGBRw,63
0o9Vr0BGIQPh32staLHcuU,62
5AgTL2WmiCvoObA8fpncKs,58
6JLcz9UGiVxAmEZXlCucn5,59
4Pn0JlCUusD2QHjADuOzuV,70
3EUl8M6SzxZl03NPkB8mUd,68
6jWkZvd1URGktyTTwcpPpB,26
1JyaAeaXVFnVv5ikwWQVQ4,42
4ly1QBXEwYoDmje9rmEgC4,71
4e6YIJBmRfCEdzPyhG0RiH,13
5IKLwqBQG6KU6MP2zP80Nu,71
4W4wYHtsrgDiivRASVOINL,69
65NgsMieGd6ffCTIYfEo7w,43
3298yRJKPcCndQdNiTZKIo,20
3Xv5C02Wxlek0dmrYAM5A8,54
2PpruBYCo4H7WOBJ7Q2EwM,78
4NtUY5IGzHCaqfZemmAu56,72
4dGJf1SER1T6ooX46vwzRB,75
3mcG2NI5G5vhrQtRda1YnA,19
6Ex1as5AIibDGYpVJe18QR,22
4H7YHRlzkfoys1L9jQFcqH,27
3HRNf077jDxl1XFPGPqWAA,19
15gVYensbJgM9QDIFjB01c,32
5lA3pwMkBdd24StM90QrNR,71
7wVeIwUxcUddK44joZ3bPO,36
6wycnu8FWXsj68ig7BEot9,70
7lEhOiFtcLXY4P7cuTKuQ8,66
79xkyiTBHqdGg3SirACPwy,64
2nbq7IAJfYK9fuw5g2ePv3,57
1Ed4AvDGnUGtU0dYrnwLPg,59
5CIb44Mj3kRW2FyGqMcVK4,2
2a1o6ZejUi8U3wzzOtCOYw,75
7q7jyVU0f0hnod8tsaUmxg,71
2jaaONYdaOUk8hhhIRIp4A,63
3AISCGqWZmb6UPxoYrXaA9,55
0pqnGHJpmpxLKifKRmU6WP,88
2dpaYNEQHiRxtZbfNsse99,89
2iUXsYOEPhVqEBwsqP70rE,84
1zB4vmk8tFRmM9UULNzbLB,85
1TwLKNsCnhi1HxbIi4bAW0,71
7iDa6hUg2VgEL1o1HjmfBn,81
4kbj5MwxO1bq9wjT5g9HaA,32
4lCv7b86sLynZbXhfScfm2,73
5IVuqXILoxVWvWEPm82Jxr,75
3SPDQfj2UfWq6A2NllZnzn,62
0tgVpDi06FyKpA1z0VMD4v,86
6RtPijgfPKROxEzTHNRiDp,78
7BqBn9nzAq8spo5e7cZ0dJ,80
2LEF1A8DOZ9wRYikWgVlZ8,73
67awxiNHNyjMXhVgsHuIrs,72
0Jg602cHeMCnPez9baacIe,57
2rSosmvUzlCiucKgpmbS0f,42
3ZFTkvIE7kyPt6Nu3PEa7V,80
0yD66650JxhqKbW76C2qCo,72
1YwPNemawMgGe6sF4U0FTE,67
6x4tKaOzfNJpEJHySoiJcs,76
0p1BcEcYVO3uk4KDf3gzkY,69
4TnUKixNWMfajncgdSwFoi,66
5aj0xPGiEUN3aI2oOYu14S,69
4qRaZYiaOsSvWC7VgcxrI0,67
3fqwjXwUGN6vbzIwvyFMhx,77
7p4vHnYXkxlzvfePJVpcTr,71
7GVxAP3rK73EvCoAqxk5vJ,61
0BkvZes677Mcp5WVUQjRxD,56
3LHSXwp5RubVBqxK8Ljp5v,10
7H6ev70Weq6DdpZyyTmUXk,76
2a03afRiyAbNAleOByVju4,60
6ORqU0bHbVCRjXm9AjyHyZ,75
0smQWysb4n7WOVGv5YMLnF,65
634SIK3O65qhslx5DLX44X,50
0alWUvsJHk83HVWCnyCG51,62
7Ilr05RcpAJHeT489zG0fS,20
675w3ACw5xZR3ODhUJlEVN,66
3gu0fRSgFuc4FmrtIv0DnC,64
1BssJgelMGDNOeIy7ZqgOW,59
6IlcjkEw26SeAKvjXSwsVb,54
0fLILzjVXRCLC0lsNKcQ8I,56
7lQWRAjyhTpCWFC0jmclT4,80
2eknDuc5IeulN0hnwEZsjF,73
5mj8WVFcKdGA8p9HWGTSLc,72
1khmgu0pveJbkbpbkyvcQv,77
59PYgzOiOjGDzjDT5N5oOX,74
7jpUBLaFhqzu6Wy4Ud3v93,56
3AMjach3UjnwFdcx3q2hIF,51
0zhkLYpmMZyjtv03haC77Y,58
6q8Lb50EtqNeeJXXe8mMAH,73
69ZaPBHhRMRDjRpW1ivnOU,70
4W3FJapn5CD6Fnrlfj4HFe,71
4HRDBtek0ayfLQ6uc7rjO9,11
3aUTkuo4ObA6QPtZSu5NBq,4
1DcxnVNFAyVl2sDQ646pXS,72
3dLiBBKbeUIhzGNeuo5JGS,69
5FbQLB4JlxE1MMubQBdpfi,55
2Ir4AHOrnDsqg0gYnYS2FK,0
5h8VHxOBK1VWWj46T8fSly,62
2rb5MvYT7ZIxbKW5hfcHx8,18
3ee8Jmje8o58CHK66QrVC2,87
1OGORI9Hx45AEYqxkndMhN,62
3fNnPoIaVT16aLZnswQdCV,58
4f7xpneUOcob0RoRyae6ax,0
6NSMQFKgjpQb0KkjMDYIK0,69
4QtiVmuA88tPQiCOHZuQ5b,75
58qmrrvUkA09szrox83VDp,55
0JOUrhZGMCx3lk9VosAQWl,64
4sYbBt781iAS2S76IeMwIG,1
4vKltMFviBKMdhYu3FDLY0,59
6041gM9Th1ViQcnzkIxnuv,7
278kSqsZIiYp8p3QjYAqa8,79
5jGUJXnELDaDTgiRjD9lsg,73
6kN06eEOblRAuWI0xUUS91,71
5VQpJ2AY2iMzrRZKgcvNjh,68
4UEuIEv9Wc3wtiWUplGJ7q,68
35wvL50xvKpCHEJPxLOLPI,79
4uP3pUP18ennmz0tb3GphR,72
6pZHZndlo57dPCYnvlYFOE,70
2OWVCFTolecLiGZPquvWvT,76
3gE4eQH3K83Sght0ZLvuBK,69
626rYyBfeAeleh1F5t4B70,6
1uihSnDxZidO3IMM2hmUBW,64
5hKjEpYrJIJs6uPl7zw6Y6,67
0LQsM0KYkSyCdN6TCo63vp,62
6IoKSUyNOOheJRjiuGb1ew,64
2wgDAPgBhFA7pnIbm0YOhP,69
4nfn4q3ygnHhriDyYW6Fkf,60
1yBD8MNoNJGajzB5X83p9Z,57
4ObjArCiona7v0xbZ83rUZ,62
0kFd1WEnWLODAzxux0bhQK,46
2iIHvI9fUC309LLO73MALR,39
54rF7OkHKlNJFuePn7sBsJ,0
5inW8wv4Ap9j8ji9gq046e,34
7hvmAHUk63H4JBOQTxUwfx,23
43iSGniJjPMHkICSnkJJyk,0
0viNo3zi6rOaYr7wZwhH2a,47
0uRHot8ml8U8cYVwwzMwNT,63
0qx8dNAqtBonvjlJLTVkqf,36
6eeqHHTCZjFiexBCTNZqff,41
2YlVvP4h4Y0NhD2ZiRTypQ,0
6LMe4yMMYrzVCEn4BvipOt,34
1vMKBHGQtISTkLva8uZgtn,0
1E7YmWVVU2CggoJShqxSlZ,19
64atcQ5y1v08293qwuMLGq,36
3uFyOOu4CYRdDi8cdF39gS,39
3J7scZVfz4DtK4j3u6d8mY,45
2MrP2Sv5Zbj1qckTKD1pVn,53
75wtugYpepfnAzjVH6twz4,36
3lohME7pf8CIbVoToTdWV5,37
09qIdioXLJPGXAM9zsy20v,58
2Zt4IqQqqVbIasXtNvJMDZ,37
3jmBWNWrQErNPBPiE0friv,24
4HCsKNye8SYImpwXnurwmN,0
2Dbq5moIguMsbRZa9SB7gD,65
1zOA2VabBnP3ufAH1e5TQJ,0
1Y4cYXcmevXTHar02JP6nt,41
5yY9lUy8nbvjM1Uyo1Uqoc,93
6LcauUZjF1eXQrgqMUecHX,91
7h0d2h0fUmzbs7zeFigJPn,89
6lruHh1jF7ezgbLv72xYmf,82
6gi6y1xwmVszDWkUqab1qw,87
6MO2bfLHKykUgCChFdw91H,61
1ZPWWSwCkxKfqdp4H0RFCo,71
54yCP5dfn4uvU5h37aE8f4,75
6uJONCdr2rC65BNmCnTBWK,84
1iSqfoUFnQwV0QW1EfUit8,90
2BWXfyYzeLcK0pbvPp9Itw,40
4IO8X9W69dIQe0EC5ALXhq,83
51Fjme0JiitpyXKuyQiCDo,91
3eekarcy7kvN4yt5ZFzltW,94
2Xo3rLHjXfdb4avN68aQyi,82
3RZftiuTcLOqpsd8ZlwNhr,82
4Hqh0dS4x07zuRw6eBTO7p,79
51wFQM8W0YfXTmHusXUr5i,77
6Gg1gjgKi2AK4e0qzsR7sd,92
2kUIOTeKv8ZeT6vh9gh7RF,70
2Ec33AVlkTTq8BHFgBTdQs,91
0RLLvYBopDwooCyvnTwgYu,82
6Ozh9Ok6h4Oi1wUSLtBseN,93
7f5trao56t7sB7f14QDTmp,75
0vXVI7kPKK2p6XO4rybEHC,60
0nbXyq5TXYPCO7pr3N8S4I,98
3X6KN4WFgPYBETFMMX675P,75
4FmzpxyIKD0VmTz5KhQzJm,62
4bl1HBZliBuYpFZjWgefE4,84
4YrS33mjBWWchoLJTkAKwt,78
6piAUJJQFD8oHDUr0b7l7q,75
7A20WnLkjtZU2d7hIB6Ziu,80
14X1WxiHXdVRJ99cMCBzOE,67
2QpGZOhTCHHiKmpSO9FW4h,85
68poZGRClFTzLdeRz9X0M2,13
7tgjDlQsMR8RvkdlNCJA58,83
1BtFqF8pw7OEFCHjvKUcx7,40
4gRkhkJHnmtR3eVEPQtpEw,57
57xrUUzrdlVEQXBnsx6AWB,61
1wTH87zcNcR4vn1iJLDv0c,70
1oHkXeW88HEtFt6P3TvBIt,61
3JERoo6pokCgQ81z79Jpmo,75
1ghvzmzpx2nnrbx7wtpMgo,74
598yNsG1JFrGd4n2kMoz7F,88
31m40qBxoj4iMSnQLkq8nP,75
3QzAOrNlsabgbMwlZt7TAY,90
7ntUbTIwmwOD6ygCMRZT6e,76
3VyjsVV24RmBIbWJAeUJNu,92
6xW2g0c5uSoa3S6xk9eI4j,74
66FltlEV09mPJYAyfYm8De,78
2aV5ZEAvHwvL332EsJ1gWc,64
3fx31TjnwvwZIyAGHhOhA1,71
4Yt4jOTZExnjcrMrN0rGi0,67
56AMYGJzxBO6p8v0wEe9de,86
5bzaS5tAni5oUpW7bWVdtY,64
456VGUkWQopbY9ObfXnAvs,45
3Kd6Wp3lG5HXMB2dlvuy7y,77
0PXukVbYpvz40KcEFKnIw7,76
3OKjt7tEwniRCq984dsx7f,60
2EsyJN3AvC3zBlkQpb119M,64
2n1oPHJVMPWJkjgHwVcksY,75
2SasoXZyv82yYgHiVOvxQn,75
7CS41pvRBhejuFs4m5nwtr,66
4NeioZ97QrelO02IXj4uYf,55
7oBW80497A8axagr4aC9U6,74
1xbtojAZsQjOgiGdGX6ChU,19
4FI61LWcjeKuaG52jcuAOK,54
57ciWTOKgrXVBxktMJyUB1,68
3CiXFXXykPmgZAKyK5iQ95,59
03j7YmO2dZ8nEY5N5131hz,45
0S56ARhyAIZ5OzFX54H2pH,69
5q7OgVoW3RHSTh9WUDlpqw,58
5FkoSXiJPKTNyYgALRJFhD,83
1i2ujygcFXUBEJucbsBvKQ,41
7o37Ph6EcGzjpoPnRL2MRd,40
5hDAT527wXWNBnJlujhuUs,64
028JxheELfIvvY4zBXuMjw,76
643PW82aBMUa1FiWi5VQY7,77
4sjiIpEv617LDXaidKioOI,85
6XHVuErjQ4XNm6nDPVCxVX,85
6VYXuUz1nYMap8gtqeIrQB,77
0fySG6A6qLE8IvDpayb5bM,88
33XAmcT5fPi1USyjAFCMcC,38
694vvR5o19xHPhhJ5QdLN7,73
1xPpYbCaJWonL7IFXPDjON,70
4sWuPniHClkInYAnzXAYUF,85
5lN7UtvhpwEHzifSjKw3z2,74
4QQh68kaayJYrYyovGrkHy,52
6e9biVAugkOfydEN8OiJpi,68
6klLvorLoo1sxvZcjJIY8I,84
1PJqOBKNQPiCPkknqWLeJU,49
1GeNui6m825V8jP4uKiIaH,81
7u9CKCgpGAm9UiSXQ70I46,56
0nkwj667p0oMEURBST8Nyx,51
2NMHScIl7Ihx0ZozSm8Jl9,46
6UFEJuDXQMWhL5UH5f9fUR,46
5r7WvQtyPfy1xch5zMgGRp,77
3s9f1LQ6607eDj9UYCzmgk,59
6GefwzSnQkQoCnWJNs9IZR,66
7CZyCXKG6d5ALeq41sLzbw,87
2rTnVB1bvwxHtaIl4uVu7f,81
1ToprX3cpBiXoAe5eNSk74,83
6U0FIYXCQ3TGrk4tFpLrEA,88
1Gv8NYJeqQNXXrYQ1c1r4e,56
6PYnUsNEpYC7A4BS2sjw3L,77
4LMEdIzw7L81qgmstYHRU9,50
3NRql0A1Ef4RCvT473iqgD,67
0L6w0YHzEYfmO8Pp0ibcin,29
2xyx0o4xNOLLjBSbOOdcbA,80
696DnlkuDOXcMAnKlTgXXK,99
3Ey11v2aiX14s4wBaYbhlp,73
5pAbCxt9e3f81lOmjIXwzd,80
41SwdQIX8Hy2u6fuEDgvWr,70
2sqsNXfN0HtgDEgaHXiUTa,75
4RexiJIjheGmtIoRQDAINh,32
6S1IgeHxxOT9qVWnmsdGxe,73
7qvsl2pYzrsYgPeFBN5jxp,81
3f9Mzvd3URfbbIJBX4pz9Z,75
1yaWRS9r2woTNmJpCKd5l9,67
4xmq2DFdbkwVqimOKQGZU7,47
3KKGBhKtAyspFBw8FtNQrL,55
6lzLjIOyWTyTJvk0jraYee,25
3XEdqQtGHAM5huMrs3RaKN,65
1VUGWjzlqudhTqvhc17miB,68
7aQeWViSfRWSEwtJD86Eq0,69
59K1LiDT4btNGyOekA1ghR,45
6tgEc2O1uFHcZDKPoo6PC8,69
0vpBmYdeqltCcOpufZCLcx,50
33JqYIiKMTwSOXZOrn3Rl5,54
48k1KCYemNpwdgb34xX8sQ,49
1HPYQsdYYNgtSvm8JOtsWk,47
4i53smHJgzRgTEI9F2mZ93,1
70sKIAQgaVN2zWEEyOpyMZ,67
0mfCH4nfpshBQR9ueZP5eP,10
6lL4XxFC1AssoWX7pYrxvr,54
0PG9fbaaHFHfre2gUVo7AN,79
0Ryd8975WihbObpp5cPW1t,84
0VXinRGqxFxr1BKrOrC9pP,56
5b0nFlX4ha3vBqKEPYiwme,52
5zXmmhtXrhDbYnScaYpqZg,74
3kxfsdsCpFgN412fpnW85Y,18
2fhePAlCSsJplwkjqMYpVm,69
3swc6WTsr7rl9DqQKQA55C,83
5RyzgwMS1kkEYjCql0yEWT,29
5ym4GENsMc7VbZVYyulq84,28
3fMKnwiByu9yfeD5ISn9Et,64
6DkmFhzJrkVhDlcgcEy7Pc,53
5hYijRB4AJYveUDXBrbslS,40
6e4upSHc7KQEFqBsmV6zUS,8
6xagjcywpcyNFghafZPQJv,66
6Hgh47WXVKtXN5zGOu0hjI,78
77UjLW8j5UAGAGVGhR5oUK,76
7leyDDstl7zDtwC0ZYoYTk,30
5dXI2NV7X2c4anyLFbQdEX,14
6Qs4SXO9dwPj5GKvVOv8Ki,87
0P6AWOA4LG1XOctzaVu5tt,76
7DOv4eGZ0YH5hpgPF8iw0K,39
5GjisoOfsN8qagrax01T4y,58
3KVlk3I9qKGTPFpkWA20nh,57
6d4E3KLrX4xiwx1DiIJefO,54
2RZ9OA2VzFCRZDng151Yjs,23
6kb6eE0tLvCoNbPUVsShro,51
1XHREJkKDZCokAtGUAeH55,45
4DQTdFaGep7IsnB4duY1xM,36
5viw7xR22mmAU8UjtX9duJ,34
7gmLcEPIL4wDUk8DykPBk6,33
1CmOc5SaNBaH3uXhLt15FX,16
4Ekvue7dDSQAPmtSUGhrK7,19
58XL4UmErguprvN7oJQM03,36
6Lx2NpY8Y0hdeM7bpjrXsH,28
6qgRmiHOnLbkYC0ZNecLet,52
70eFcWOvlMObDhURTqT4Fv,85
0ZBP7LB2JvzoaKsBFElGRF,48
4hPpVbbakQNv8YTHYaOJP4,85
0IZoBFaTUG79KBfKlv8zmG,67
4wuCQX7JvAZLlrcmH4AeZF,73
3y3brCCecHC3Db18aIOnny,79
51MMC5DogGZAnHil5HQAXg,49
6vBdBCoOhKHiYDDOcorfNo,51
26wLOs3ZuHJa2Ihhx6QIE6,77
3NkJNL3WqO1Lqc3uNDxvCN,65
2uZVfvOK7MTjBTRICYmpso,71
7LzouaWGFCy4tkXDOOnEyM,87
2b8fOow8UzyDFAE27YhOZM,98
1xU2QZ40MY4Ex2pfczZa9U,76
6V9fHiv84WlVTg7CSnIVY2,87
0mP5HOkHoaW9Q7qf7cJ7Gk,69
0rIAC4PXANcKmitJfoqmVm,83
4jp4Z02kzzg8gK0NmDGgml,78
6wo37KVqFJhtuxPTpLCcfe,67
2wrJq5XKLnmhRXHIAf9xBa,91
2Dpe4Wnm8lQ07nk2SfzvEz,68
3cphb8kdsjElYR7r5icK3H,87
2tnVG71enUj33Ic2nFN6kZ,94
7aiClxsDWFRQ0Kzk5KI5ku,94
3Yh9lZcWyKrK9GjbhuS0hR,83
1HfMVBKM75vxSfsQ5VefZ5,93
0qc4QlcCxVTGyShurEv1UU,83
6YQlCOZnlFmqeciAh58fDE,70
2Fn4gZI3MAeWTiv7cSVxZQ,73
6CeeoAi5qUa4ZjQo1S7Ho7,53
6WrI0LAC5M1Rw2MnX2ZvEg,97
4D7ERaKgv8NAeck8RzUtRz,76
2plLJpUcYPFrl1sW2pMG63,74
2GdxQw8NwoeH8tKySg6nym,81
3ZCTVFBt2Brf31RLEnCkWJ,97
2zoNNEAyPK2OGDfajardlY,76
7CHi4DtfK4heMlQaudCuHK,91
0qaWEvPkts34WF68r8Dzx9,86
7N06jo3EnV792VFaG8vuW6,79
7ce20yLkzuXXLUhzIDoZih,90
7MNI1Tye1eMDOe2nDBjafd,58
0sf12qNH5qcw8qpgymFOqD,98
3jjujdWJ72nww5eGnfs2E7,88
41L3O37CECZt3N7ziG2z7l,95
0bMbDctzMmTyK2j74j3nF3,85
0DiDStADDVh3SvAsoJAFMk,86
2grAr8pWMuLWn8ZYEE9wDV,73
3yOlyBJuViE2YSGn3nVE1K,94
3FGiFUJRRp5RGikVrs6kig,73
3Dv1eDb0MEgF93GpLXlucZ,88
10kkgS1Ua4pgXORO8dUtDL,11
1mpD5Q8IM32I4bF6eCpU74,87
45StvejYUdIsyUwqdZ7iJM,69
2mv5o39NxkohAJ9odp37FL,28
2PRt8U30Q5ZmCHGsUmnUi6,51
6Ti0coAmnSsv3Wx09RhoY6,64
57vxBYXtHMk6H1aD29V7PU,93
6G0XqXVBx2PHaOrSuHaWP0,67
5GnhlCa3G85uNJHNlcjiGb,53
3VD4KW6iJHDVDEBwGTh2f4,34
4DbbQcjs1sfPFcUys9SbSy,66
7xn9uXfYkFXfMJgaQxgbCN,64
0dTAXSZZYf7YTKV1vtTlBz,56
4eFvubnLRBu8vMPZqu5eC9,68
555ix1gW9A1QtXoVfCPbfB,69
6hecXwh6EZHcl6rZyJftKQ,68
5bvnqVuq7UFl0txSlHpsfS,84
0PvbgBKA1ZMsTNrd8QVlCi,47
782CIMTujSmNFrRuAVhsqd,66
1NJvAjk8SJS5GVtYHuyVSk,34
0HUeFoQFiMUPKxFApxyPwL,53
4otQJBpb8okSeykALR3eCH,76
7x9nXsowok1JszkVztI5NI,82
1yV1e0Ip2VQbN2BdU9cGmG,44
7vJS1DPc3FzBtqBs8n3mW5,76
4jPcsQqcUieVP50mVqgBqn,62
1Dl230VrvS3xXwa6TRRZlb,38
0sdrmuPXp8pXhy0hrdJ8AH,57
5Ujxm0SqXtotAV0lUx3yj4,46
1nal3Tf1OCV53KigMZXsZ7,76
7MD0vUh6C3AMn1Uh1DNasq,58
5cHdOuER9BztlOcbUNBmrQ,50
4wdxRayaGZRTfIUZJv0NY8,41
4J2KQlWCZ001RtFD1SfUJh,41
34UANp5qxDg6YcgrlDeILZ,69
5OuPKLNJjsBsyRZ9PjTRTj,60
1qbXrxctv75pm1lWCn6Zw3,71
4PTUkvLY1vrBFlmZ2GmH6R,40
4wwHmz9lmrJqkxwMENBVVL,30
2MCL2a4Ij0wTzXjaEXKtOc,57
6F428UUtHqMwxwOtDajrDZ,56
3qLcCVE9qmnY4JJxDXwH2j,55
5cMCDEFrGe7Kjgrdw0mxMf,25
6vzLbfskWigBsCzNdB0kfE,52
1GQ4A17pjvcWTSQVFNccmj,45
4fmHk7UJTYcqQwTZncsJ48,44
6aNdjlgzu6bJeRBFFXiVNu,59
2beHQY7DvKp9q4vwilKKRS,59
6u5m71WNIGQCbhu95T4GVS,55
1nL7QwSN7LtPCZqgw1n3Ee,31
2mWfFx6HEDYVgFxaisWqP3,53
2QsBAfiNmngcrZsOTznqBG,63
70iKezMwKdKq7kRtORKY5B,54
3Yt1ovsh3v3VEzRuhI1TL5,68
7hKnJYr6Pi237IknfXRn5K,60
0CCvfFVSpOHGuxsrzfwbYL,42
3Yt0liwMgB3I0xv3FQBDzI,61
0ND36delZlYUcwNaCk9Uf5,57
5wMfLe1nd26X7EQszhZjly,49
2pJB9ENNXtKShQ5jsOiR49,25
4BcDicSKNxj6v4n7HGtq7W,32
7oqftogUN82Q7VNy2TmTJW,64
1mzARUs2kMMxcKh1ome5aX,63
5iBO5vBRL92ytdwgZCjydX,56
1opARDDYaOeE1QUdwXmBGu,74
3uouaAVXpQR3X8RYkJyitQ,72
5QJ2hs1d22vxT8f2Jz29M2,48
14geRrYSRz73sBbtPD4iPQ,62
6WC5YDTKztcTU3tWux0Jk1,55
5LKzqs734Xs528hqK8bGS1,66
6oEVnWKgPqIEPc53OYDNqG,75
7ILEWkpfdK6AjH2D7jppWk,68
5jlLBqK31dOqXECKn3jlMX,68
1YTkVMFRNzKojhcPq31Jfs,58
0Duevp5ytVdmRkCWFXQHwr,51
0yYwS7CXKIPC4kWPvZQfsT,69
4sFzG7iUlyPmuyASCkre9A,67
3aeJTZY7DVcnhTW8eTVFga,29
09oZ9eXQ2fo6YDrPzJqAoP,75
5ZZwWo5tBpa1IxEuASX5CL,49
4zodeeJbcglAma86fnv0jy,65
3WUJQpMTbkO4wEV3BvYl9y,40
1WbJ98Gyys9WCX8jiLr6PZ,27
6cEN20oV48UUxNDhhoS2XV,34
3ByAeJLS7g7s4oolHdxidF,40
5f6YLTRmyEqmmQftc0B2aB,35
6gZQ5bj2GHJj7sndCgx5ke,50
7xpSwUi6wFsygt4QTTPY0H,27
1bKbpgewqgeSEz5VhdG5Fb,34
5LRMv2Ypck6hVMtbOxBdaU,40
5i3qlYyzV6nc4EvCrS1YVY,39
3VKUI2N9erofIjlfw8tKx4,23
6XkqVBDmllKLbh84nlXEZ5,0
5VcilNhompGkqXiF5pi7It,0
2q4xmgOnJtaPVy8h0umzS7,0
7KCDezGaRKzjJtEXoj07CR,19
2r7CdIjAFW4SBraFBJ7djg,28
6zaDee1GfoRNptZHYsox7P,31
0UxOYyDvZGIyI2U55ZUypo,29
37Dric0Lb3Vw7uy3W1o1sv,28
6wv9tV7JfZwYak3gC7GD1k,17
4MHTQn6tDm504v4fcl2OdK,34
2tFD4j3u6xNStEuXhnzCXc,26
1mWytUqf35sKuxEzRub2WY,15
3EX0KN4CYItMhaqjOx3jN0,26
6gDdeIHjmrXKaVev5PUbIf,33
2OKJ8pSA2fwVvoLNQVW1PN,29
4Eg0cp8BDbHZOfmxXYJ7Ff,30
2GrlOwUh3bzEu4ajApV4Zy,22
4yUZoJivUgls6qxb2MwKiI,22
1flOuDWFjEtfmWY9NYJQsr,18
4a2eg9xp7wMX1SziyS2Fh8,21
4YKqWcBxjV3KFHfpqZ2Ux2,6
0yw8nPUnMV8hwejQY3XqqU,19
0b6Tza7ke89ya6aEV0BLzW,14
4K53DzHITLFIRVu7aHYLHn,13
2lKEQm6HZqDpc4jDxIwPYz,24
683Qmv4AleoDDe0I43sGxW,16
1N03rPhaLta4ADp2BWQlpe,40
6WdCDpk7NmIYN6NfSdU79l,25
5DFCwa7A4dlXLIlAUmam1t,25
6F9VYD1Abaci2ecCJIWWbk,26
7FzVZnHzzpcDEBdxbSQJxJ,25
2YPw1DSWBuXtWoyUe6hr9i,23
2D1sVdLnfAMwi3LaNtXTip,24
1qUhvc5I1ShxYy4QMZ7vK2,20
6HfF9lDsvjlo2RJJeC8a8p,22
4Sv7Fo4bSpK0tM1WBspz4J,64
6mzaCRuLTRiz1caGOum3zT,66
46X8c9qJzpBLYcos3OX0CE,61
6Rqe6ghJ6t9SlQ2pRrt5tI,53
3Dt75NjLThmoBTp5wQC7g7,55
5dikapPlQPrsT3xUsUjj0N,55
4fLnXd56RsWN4ZBtb9TegQ,62
3vFj4xuQTXHOuo6L0qGafv,54
0dcf0L6F1LUA1nE2zWH4J2,60
1bAvtmTl0F9loyz9AwPwp7,62
1mhVXWduD8ReDwusfaHNwU,68
4PhsKqMdgMEUSstTDAmMpg,76
7fBv7CLKzipRk6EC6TWHOB,83
6J7PIkhtHwmFjPLq0SyuPj,69
1gZADNt16Oh23jWyMYRk4p,64
7MXVkk9YMctZqd1Srtv4MB,84
00NAQYOP4AmWR549nnYJZu,71
1oGdVdYjeQvojGKDddxLQQ,69
4h90qkbnW1Qq6pBhoPvwko,70
4mU5iXHeLgbR94siF7p1sY,69
2Ch7LmS7r2Gy2kc64wv3Bz,76
4MPTj8lMMvxLwT3EwuXFop,24
4rv1ww0dUwFZcDVPqhcOcX,19
72TyiiduRmczEbDIEtKQdR,18
5rgnyXr2PXFWsAnPFew077,17
13wNEvWmBsWaWVtiLPRIW5,17
26Fqtv4Aa7kyd1WWGHai6A,16
1FJrsh1NbV9eRw5JQt3M4e,61
0TiC3GtlMCskf2hIUIBcDV,51
7zFXmv6vqI4qOt4yGf3jYZ,78
1gmarFWgSwb4SWlmqDjWka,54
2fXwCWkh6YG5zU1IyvQrbs,72
3xKsf9qdS1CyvXSMEid6g8,77
4osgfFTICMkcGbbigdsa53,71
0AoLBS2mpSzLBWu3ihILQa,0
3E895HtTn6lB40SA0l9EkL,61
1RMJOxR6GRPsBHL8qeC2ux,79
5dR7h8Rxj1ko6f9dmKQc77,2
6jaLFu5HvfNrI1JmcM4eXu,61
1m8WpLYXEiNVZchsWEcCSy,71
3VeuvRWfJLSOzeVPrgi5MR,62
1PVza5KmhSJhz12OewWciE,65
5VA4Ispp52EA1sOqzMz3Av,62
3TeNkdbYRK8mGfvTMZtXBM,40
5WoaF1B5XIEnWfmb5NZikf,77
1Tt4sE4pXi57mTD1GCzsqm,36
06u5LrUpbosQlQ1QJFhPpG,66
0Kz9aGVgFvndWkcaiylIt5,50
1GfettdrSIqEky8VvxpxAo,0
7y6c07pgjZvtHI9kuMVqk1,69
3ppVO2tyWRRznNmONvt7Se,57
1eu6vM3Q8wYKGYZCn26uMb,56
6Aj2H0Z0v0JgnSfPEwCgW0,52
1mnqraQ8oV8MX92rdOFLWW,59
4TgYcx5TPQF7xC79b6v4hP,43
31ue6kAOfrqVrdoPdfkq40,44
3TpXajg1nKzG3ngc9tBwrD,65
4c2xt1trwYZpMqPWY35Xi9,68
5NijSs5dAwaIybq1GaRTIe,68
4ej94zqr9xYLbWphCH3TcD,60
4CYBfRX3oEPni9Elqm8Bnt,67
42QRyJd5x6e2TFR1S41g2p,63
3I8yVFjvJoOBM9tX4ZpxEL,60
3uBbvynFWlF041WzNVHd1d,9
2S3osqN6ruuoAg1kUvf7u4,9
2q0UBlr0ptqyZ2JH1LO7tH,4
0ZBtXonwjdAbRo2UrD0Efq,58
6sMUytnb1ZwIZxO4tDqx5B,46
0EbNfrtewVrVYzHKBArtyv,37
4LvzLhylddOXjfdZZJZVPC,48
48EjSdYh8wz2gBxxqzrsLe,66
22DHmfJa31hKpc2Lg0gVBV,57
08MbvwVOZdMNESjkoVdXxE,48
2TyCAfhwu5tRqFW8VnGMIL,61
2aR6SYRJxy2QsBxA459ATF,50
2jGjNCH6Op0BqBHPc4Rd8d,58
4KwIqqiWKTbWIaxrSurXQE,49
1NkjSBBDOYB4abj2ieO8XS,44
1CJmTfrlU1d6FtAYNT36wD,50
0TCRMLcilbYgj1Gb016JbJ,41
600OCZ1UO4sMpHO3F1E2jb,47
6BIcjFZIVDZxNAcofRFPx4,67
3c6afiysmB7OnxQzzSqRfD,64
6sHsXIJoEN5JpdkGMQDJxt,66
0b5w1gamS9f239Sms9guAB,60
6mz1fBdKATx6qP4oP1I65G,72
71EHOyEOhNx1SzTebRRyng,66
0W4NhJhcqKCqEP2GIpDCDq,68
1CAw3ethNuSDPf3E7luSFF,58
0wdaPticLmmqJdhgLDJ9zI,55
3OUApyz3jDB3syGUNGqB1d,60
125dAqUSmX1nOG50fBz9vb,57
7MQywXGHEev7JmwwIzMcao,63
4iuNZTcvT9diFySSzVsnVS,68
5PMKzsUsTpZZGsCcJBuhP2,60
4cRR2gUTOerkUOW5iZpm91,58
360NCp4XoQ0sFi5jgu5Ww7,63
4Wtk0YYWUcx1JYicaq5Jd0,58
6rbhWExtuchhpLC5fHnB8n,60
5xE7sFTlv2yrG9mmhDSpdq,60
18sytW2s53Of6NVudQyUlH,57
7f1Dmr246cJ9uQYdbplTbh,65
74ZQQZAVOrd5sENv57jfCj,41
5mNV8Mz59bzyuQ53gTw0c0,67
0n4bITAu0Y0nigrz3MFJMb,76
5IFCyWplye09HytIP80RCF,64
6cR1U61DMpYbS2TtNTlSvo,56
58FUwmyGUqkt53YPUcm7cJ,65
35irxCsC8QXJ1IN0eioD3H,44
6a5jHgwqYMk9wlYJYfs3c9,66
3aw9iWUQ3VrPQltgwvN9Xu,70
5CdJveJgiGXoGwDFqF6afp,58
1m2xMsxbtxv21Brome189p,64
4VSyH8AkIt3kaR5xIPFVVi,58
4h7wUvVV8Ff8UL7JqAByiL,59
1KGi9sZVMeszgZOWivFpxs,79
6zMUIb4uce1CzpbjR3vMdN,71
0Z9FRM5zukGVagh8TVSdrI,54
6MdqqkQ8sSC0WB4i8PyRuQ,76
3OQu3z3okKVmWxSXTTHak5,57
0NBHHa8wwwmBnn3aAzX5wJ,52
2SLZ2rX5773RS16mcqBxG7,66
6l4TNbfPtNAOOlGIfceSaO,65
5yMQERKmNx6ajo4qHi1KT2,54
4VcV0t8VN6AZcWTznJOUUN,43
3fLBmhcgWkPI47LfVQ8paB,53
5Y0E3dOeynKuLDAXu0t0Bg,60
2ezqQeBiC72gwMJoO4w1hA,61
2mp3sLUNQaJ025Lx5f4AAJ,55
1vbe9sh7U9vdMceAhitWr2,61
174rZBKJAqD10VBnOjlQQ3,69
2Vlk8O848wZuu9CLWnAYSb,49
6x53SJOV1PAZ8ZUwH4NFXQ,59
0BTGqPIW9acmhhUmENkq5r,62
6AgDFWLbbAt2migXMbrhXT,53
5GorFaKkP2mLREQvhSblIg,70
5KVbaJP4IOZmZZlj5v4jp2,48
4fgQMbN9r8d9V2exSTsLFs,51
6Ycf7Ch2VlEKlORbz7yfpJ,61
174UISK3l7VRbigEHxEev7,61
5XWaXNh3jEy29P1S7Ug1v5,50
0XHt0UmBzFJy1KKigTZ0tN,48
7lurcq2Yw96B1K0KOJAHxg,61
06TuMCjDEYjTOJScCRzmjf,60
12soRJf1RZRsCd0QUnJUYL,55
13xKh7WqwxzEFYhYCJJwHg,46
2fE4MbwX3QGMzNaMjGVhtw,58
69QIVIjPMnI1ABLBqh9P1b,63
6TlRNJaezOdzdECnQeRuMM,67
6Vas6h9lB5mmeVDXdFqlQA,56
58s4iqgXFzXhBndBkg2AaD,57
1GrikfH0jDejDvrxo84n4P,67
4t2oHD86J1SzsoNCtS1OgB,51
6mwA6YiKDjAUG8kWvRRUPh,71
6g9FyBtYg9qnpF2IP1Cd0J,50
6gA3b0M69d0SzuZqWtZXWD,54
3l3xTXsUXeWlkPqzMs7mPD,71
7uKcScNXuO3MWw6LowBjW1,74
4Ilen0VxPEsVRLpnePji8P,67
54Ev13Dca9qrYZDNLFUYpb,52
5MPxgVGxq79wcoNKtlRaTf,53
6QnCf3tdlfCZLRcgfImwJb,43
0flZtKtmkZMNqFF7V7Yfmu,54
5HrVgmO1govSOrPUehW1VV,51
4awnQTwynhz0j6Rk2ZwM6A,51
0fgZUSa7D7aVvv3GfO0A1n,70
2xRYnHQdLD9ketvC01UYYT,66
7H6ev70Weq6DdpZyyTmUXk,76
3vMIAawCfJdR6A86JGqLc5,51
6FTJuZtQZvmPPRFmrcno9J,53
2PN3gbuBn5WBEwrEJH3xiu,58
1O7hDH3rrF8eyLxrpeoOfb,53
5yGTQzYbEdY6B9RFZJypgt,64
1jCsCYgzQQHk3bDJDuFbNi,56
3B7i9OKRRmIsSBHEbJz58Y,66
3r0Rhl5Zdo9YjACZNsaBvN,51
0v9kGNjkKdQUdDoBIuiph4,56
6uQKuonTU8VKBz5SHZuQXD,65
2tEifcUedZAkWUnRB1O4E5,40
6iWs0J0CnadMMbxLQtZrCG,53
3TXKwYk2H7hZQFB0j8z4yq,44
0j3dGGZBTRa3hZubKT9n7M,49
2XESFfYekQ0mRau2GXjT3E,61
1qyFlfPREPbRcS2BNszdYI,61
5IaHrVsrferBYDm0bDyABy,82
43lYaovU2FoeuBMNusVVVW,5
2TH65lNHgvLxCKXM3apjxI,90
0wbnC9AUenxp613TYaJsGK,73
5BGgCCZMcfgt1rcASALwQn,47
3FskQrDXcY24ur2fCvz35O,74
0trjvNuATk3tEwIpXRr16m,1
2IRZnDFmlqMuOrYOLnZZyc,85
33tNYw9oMtSkGe27NpgS64,64
0UtnpKaReKUg2GquaSxCyD,66
5RUrVSdaXFVXjYK4lr2xf3,47
6uSSupG4TMu3vW8QgynAB6,66
3KC4yUF3ppbGkczrHmT5lS,32
6QZs13sDmhvSjsABGnZ8B9,50
33NEAJosK5zyLY2D4OG7AE,61
5gub2bpJRgJP4m4MliqtdV,7
3WRIaWsws011vHMd9uzPjG,69
2JvzF1RMd7lE3KmFlsyZD8,86
1NHlyKgtR4roNylOhidKSv,69
7KXjTSCq5nL1LoYtL7XAwS,84
3BXXkwyhsHM0EPApHMhQC5,64
7pMRoGLEJuFM2wl5pt0R99,72
1q9jq5X5vwmewjOa2mHtQ1,69
1f38Gx6xQz6r4H1jGVNBJo,48
0SQ8yalm13UIJuebuZkQlH,60
6Z4rmc0uujCpl8yXe3yjgI,59
0NJp8GyCOWnQh71xKSPfuV,71
6uaVCl05ErStzx4alj2Qeq,48
4F6yN5FsFW10Ucx7cLCzBh,64
3hhs1XHsWvbH0mP9D1BT2Z,6
7DcvwMAiqKJQD1rrdfxSDx,83
6WlxcZKpEV6Bwe9InoVhMp,56
6pcYAFkGyFRCrmcXk6iauq,6
5duCElafuovM4ZSmkQL4hn,65
3SZqA7rQvROJsCbUu2v0xa,78
4yn0ftNHQSwsWE81h33y4K,66
5ry2OE6R2zPQFDO85XkgRb,88
5TRaIECBIfSkeqkKoG6psm,1
2QkLuXpj8hKSfajGNVvfVX,37
4QEMi9FXOolfFFlLFUIolw,66
0VgkVdmE4gld66l8iyGjgx,81
0oVxGuRMnawFgA8aduocfc,72
4aPB8rSxGFISs0o6V2LrTy,69
4FtuDjqmTPP9mjxygLKzEm,63
4n4BflhWjCHIxrI4v7Xt9s,66
3dVCcRzAulDIuQQoQpDBTb,56
2xUHiyGeGrWmmfv7NbDTWC,57
64uoVmmhw2CUhFAOhDW1Zb,39
5Z8HZM6iQMhhqyPcCGY5g9,83
7J2DtwsxdoyrhgNV3Vzmos,57
1PoJXULCvl03b1fiZmMxmd,74
2xs2L5ijdDwFOOHeEaMHN9,53
7b4ky1LlQLFhXHmhZkFgqV,77
5DSfqrLkUHLZ9bW0SS3rVy,41
5srIkb35ees5dhgjK3zdfz,66
46gS5nW8S0kDU4Uw6YatNt,30
5aubXDnDNVKA5pS7EnR0mp,72
7BlBVFwvbWvcwNcUarQmjk,88
0YTXcXihG2qpxb3U3LbPfc,64
0S3Mp5NwMiK9lwNG1v1sGm,41
6U9jxxdQ6TNzjshIpwWMTf,57
63iZvr19gFAToQJdY7Sysn,15
5s7j77zpP6e9uz2Q1DU851,66
00X2yv2vrtritPt2CZnUTZ,62
4gSTkVQBVtRwoOCnHi467Y,11
7eqKxh6djiu1NqW6GMjHIJ,50
4UipF3IyxsyStTstiwGHhV,42
22Fwimjd0oaL06eU7Aura4,61
55ylfI9v88iPOCgjAAdwMe,50
1Qo0d8zRMFYfbfmjpBecwS,55
2zjGJ0dChMR0KxBZS15aqo,82
5WkyhmqrQT8iGq0Y5VMa4a,56
683tYxiTlWzupDpaZ2mCv4,66
2xE16muNCmhZwSOv3i1d1H,76
74LMZPCWbRGmJSCk5pDR5O,26
26BkXpWAaajgL2Eh9TA95B,61
0cc0C15xFeldpAIkIp440J,54
4MA3Wedt0uN60IhQ3JV7GE,55
5u6o597GcbXH20H3LeVkHP,51
79weNzM2sOYU2yNbzM08jS,36
5ravc2aiNoYmu9m37diYXW,80
735RSTb2xbtWbDtKD9XDYi,83
0Xw5Jg9aFglPqfH163thrA,40
3uAN7G71iZl9zN8uxMRpKO,68
6P0Ki6KDNiCo03buu3fYGt,23
0mTKJnVf6GcujyDr1PZn0Q,56
2qDIUqozjOR5TkRQfw9TXV,58
6RgdRnDR2dvG5s5o6pJIgk,46
6XsT5UGfpaFeHQf5LRIy4W,66
741OE401HO7ZCaPhEqCZ7w,57
0tXq1ob3ysGZN2oK1abtyp,49
5FPnjikbwlDMULCCCa6ZCJ,68
6jBUP2KCe821yqf1hiBqPR,70
5LZNRUci6ZphLNjhnVQgWb,42
1lkvpmrCaXK8QtliFDcHBO,71
0ceeRNqbOzRiGE42KWSrRa,42
65Hr0W5AvzhUlIlJvvJS9M,32
4u9QsEY02G3bJZSWgBdiva,38
62OnJq6wHeTppRMWVw2Yo0,38
3Xn6BioBEOrQnBN0yRrr4p,37
7CAHOnKTOgmevBK0ohndz4,27
2yQaw1JxH8OybLYAvU4mQP,46
3UGNdLrhhsK0SY9gNqe8TT,59
5F7HjYOGv2COHhhPMkS5NE,39
2x28X8t6xaomkkn1ssHJ5E,48
7eSDRPSjYBOcqB7b6Ord6X,34
6CUTYJQKcDwcQ63EulINUo,52
50sjU4AERZfJbDJsdAndaV,27
4fsyPCAb55yWiyJVbDJLr5,39
6GPiKalxD23rJirHKJm00X,50
6gsmFgUiSTuinJlScwFODv,52
3uq6qe8ouF012GLOcLyWcH,49
3ibKnFDaa3GhpPGlOUj7ff,77
6LGwYMXXgURfaequXipzHx,61
1Dx8rIZaXzZPvUQRF2j9hB,59
5L0KDoZklMgs9GPoonneEl,63
3KhNltADertRRkqQ3IJ57D,6
5sUlaoVcLPk2Wr695jp6dd,54
6oUGAx0vkBcnGzYkvw0ZsA,67
2hANHoUH1CiN2qhKkmmKpL,34
1KZyVnyptQcPzkx7ELCnZC,68
0c7XKJjw6heRqQX7PzkUIj,58
08UUpcePtj2DEgjPAQHxQT,49
6Vc5wAMmXdKIAM7WUoEb7N,78
6Jz6K1LBGmYqirDbkk2y2K,55
0knqVSsgD7C8yu5yNmQFbA,60
29zBeRiLVnkDEj7tvmLVOU,57
43MWnijE4yC3hZAjoRQ06N,56
5GZEeowhvSieFDiR8fQ2im,60
5r8mGKhCDIVWb3AG4hm0l0,67
1uhQ3H3TSDX9Bq9Oz6uHWV,51
42C5Bbb4dHwS5OFMvtGkG2,61
3xQ254OSkFQBk1F69d3Gwc,56
5yyRH93h4Pm6tXXYTxt7ea,67
4KQ0rQMuQJf2SSQMwJFNhM,52
6FhAMHnJWfTsUtn9tPFa4Q,42
69btiejQOmpHxMEGuoQuQZ,39
4JWQC6gyYoPRnxRxk0ta2M,30
1F7ZElvJAvWKQ7UaPXg9cF,9
2IqjKEBiz0CdLKdkXhxw84,67
5egiiQYWp19Mda1TA4J4FR,52
2Sfl7odHUmG7qc8SbqUyzE,69
0gPQTLaqHDgdupKEok7J2x,70
7K9kbDWgbJmfNnN9LSoXB4,45
0Ac7MrpcCf0Qj1r8fPHxqi,0
3hk8XJ0FnkpeucYLsh3XPF,41
1XsYSawDnMWDwQHiEeUzXe,45
4MzySNjSdv9ZegSD13IVNV,62
3SktMqZmo3M9zbB7oKMIF7,74
13LxArRBitvjpAeQ4ZnBXR,36
3OfofodOTLTtJzVXXkgNW5,48
3DsOZ72W9kOn6R1XooRsUY,4
0jQvPp3hJlJQd9tz2EkH6b,36
0LsG4XAbOVsx1qOTHtferA,43
2SpEHTbUuebeLkgs9QB7Ue,74
62SpTZPgcuBcygQSb1mC7W,23
2VxeLyX666F8uXCJ0dZF8B,88
3VFj5odD26z1u2eV6Vwxa6,51
3Yn83dJGBWtL0icQirgyp6,40
4LIIWJjlXMftVKMQWUrxKO,53
1It1TxBK3xIQAB4xJkPevn,71
7MhomISA7KRK6U7KzeV06v,61
6QJ72Q3WKxQ3tGko8VVXMs,0
1AM8QdDFZMq6SrrqUnuQ9P,70
3j8FPquKEOygdUMLLs1Pxr,59
4J3hR8nrvYijnTjd195KG7,49
28Val6Yko2x2iJQ9YlG789,42
1csiwz0DmiJwaB4VsivaiB,53
2YqcTD2YWNMQ9LbQNVUATJ,31
4WO5q4gmBiPJbv2xqVDADE,39
3XVBdLihbNbxUwZosxcGuJ,78
42LjrGJeB2avMnozDd3lfs,36
30BsewEJZPxfuLNAlZPFje,68
4L2K7JKseFCBoHMZEAszW0,79
1VbhR6D6zUoSTBzvnRonXO,15
1ZGRG4rjkltlWg6jxcaWKW,4
5pY3ovFxbvAg7reGZjJQSp,23
0TrsdzPE9PVvLk7IYRnO8T,4
2TmLZLv57mW4OA3Il1ULsf,11
2EcsgXlxz99UMDSPg5T8RF,69
1OzACp58J3kvJqMdLafx4x,37
6x99an9ChMTqfp7HBlx1NC,45
0UBUnp3ggZivpFWGQxoSok,8
3C57ewlHARCVqeH3KiYkma,63
1RGsZfUwt2a6yLzL2yoj1X,59
4jAity3zdhAMTL3gy6cLGx,50
388JfAKCHRw3lw6J2dNJ0T,25
2scANFae26sIF97RtQFb7h,53
5imShWWzwqfAJ9gXFpGAQh,74
4fK6bgzyKt4EIv3R1wrUtl,46
0bxmVPKnEopTyuMMkaTvUb,67
3nXrCAE44KlevAkQB2XWcN,70
5Sr3ppJ2yQEHPTjKPHbKuU,57
1jbRXE0cGEDFBEnrdrAwug,38
6gDJbgtCENoIouUjInc0I3,50
4OBZT9EnhYIV17t4pGw7ig,78
1DoS5ql0TW3ejjJGHbsAmz,16
4HbeGjbt7u3pvwDk1vN7P0,67
74uC8K6i7AL7mC7ohKCS7d,45
37n8qUcQJJYRJKNMILiVvR,48
2MD2P7Jd4ZzF2VrbCrE8vU,29
569gNjph2g07MmjtMm6vKm,43
4Iam3vZMJCMltFkK9mNruw,57
3QdBvvYJ9k1CES1e9aYvaA,55
1k1Bqnv2R0uJXQN4u6LKYt,76
56khZQKfmdTikYbbZLgxAY,67
1hSC6vWh3Rzkn9JSWicerC,33
2c3jpiVWrH2l8O5HHRkJ5e,57
1AHR24HYoVVCTHC5bujra6,40
6X29iaaazwho3ab7GNue5r,80
6CcJMwBtXByIz4zQLzFkKc,85
3LgWsmilsrWXiPYQFRD0T7,77
4QIo4oxwzzafcBWkKjDpXY,83
7hDVYcQq6MxkdJGweuCtl9,85
1p80XDFkNwDaA87sh2C2Xn,55
0zrHx4EhLePXUa8KhGpS3E,45
02K5IV55wIgNNARk3UA95E,47
6SEolIp22t0DzeBfCBo3hr,66
3cQmqM0awej9iAESjhKrI9,65
4B4kunXhV2ZKnYcvDgAFoE,62
2DSeCIdLFJNNhlcOXGrWIk,53
5ug4vqGZ3eisGhY1IsziNX,74
1WsEgieHsWWndAzLkmV105,79
6X7qcg95CAeJpTjtg1wooM,68
49QPLl3lfmX8iRMR9iTszN,0
0SUih4u16BlTsIDyB7J0SU,53
3GMy4AOJogX3mMsoom1s0Z,55
6BvAeJI35GUw2kNK6yMupI,40
0QTOw32h1G2LD8EFExxedV,47
5QZbCX2yKSFHPe7nCHGMam,55
3VTSI0kKvOu7pg0khK6ySn,52
4ZLzoOkj0MPWrTLvooIuaa,86
3atqfvHwNUtXwWhhhkVBm7,63
6rJmWa5DvQ3Nby3tdcX2L0,63
0Dy3aMQAna0aff0J7tud1M,27
5cjmBNpRWoGpa311edvliq,30
1i7MnatuVb8zlDInTe30JP,0
4jDDaKTqcZQWvgubuW6N7l,62
2K8elWg8ihrZRwZJ7Gy6L3,69
7DNGqrLnd07C2FPpAdn6cc,67
7BdXiDH2bPhBuPP2jTwRZB,68
3jipFRgLyKK0oJoG1pKicx,4
0w1ZtnzQmtmuuoKxHT0pLL,4
14SaZBTjxlorHJQxXh01Hu,78
343YBumqHu19cGoGARUTsd,75
1zi7xx7UVEFkmKfv06H8x0,83
7JXZq0JgG2zTrSOAgY8VMC,70
0V4l4GQhgnWQGtCWpvA7va,69
124NFj84ppZ5pAxTuVQYCQ,71
047fCsbO4NdmwCBn8pcUXl,74
45Egmo7icyopuzJN0oMEdk,79
0u2P5u6lvoDfwTYjAADbn4,89
25YvGDl2zSE0pH8jrMZ6aY,65
1gm616Plq4ScqNi7TVkZ5N,11
6ZNo7Vi0TE9ul1fhKd4S1M,6
7m9OqQk4RVRkw9JJdeAw96,86
2OvV4NjEBRE9v8Oo7QeUCq,67
0wFmawqundY8rOn9sZUqA6,8
4F1yvJfQ7gJkrcgFJQDjOr,74
454h9zAIuTe1eJyw9iTnj4,59
75NhhYjHO43mvZgYtnXgti,73
1MQ8ydvrTnn2QJgXFATJvD,69
6lJ5aSxKHCwNBoWkZT3JeJ,64
4AtZRwSR8BOTTQg5ihSggt,74
2lH43POZa4XHxydnZizET5,63
1SuznrYulmD8HMZrenI0VU,8
3GCdLUSnKSMJhs4Tj6CV3s,79
0q75NwOoFiARAVp4EXU4Bs,77
6PGoSes0D9eUDeeAafB2As,80
6SwRhMLwNqEi6alNPVG00n,73
5k38wzpLb15YgncyWdTZE4,77
0RyWaVjR8Mi4Qx9J3IiiqF,53
43PuMrRfbyyuz4QpZ3oAwN,79
3pXF1nA74528Edde4of9CC,80
5rgrBsAFYMun6yhtnLKRPz,72
3oyf4dalm17kzTE8LJDbgR,76
3j1fOrxmfuym91Cf9v397b,58
3kYARoLSAvt86VFZ55BQcq,66
3jKJnHixssQxdCShjpirKQ,57
0d2iYfpKoM0QCKvcLCkBao,84
6fyReXAVyOaywhFcnC1ibh,44
6nI74KsH94IN0J2vp5shdT,59
2gNIhXbE588DkW7Za7ruax,50
2oy5kjcc7itM64xk00Gz2c,64
1Eck97uRMlprKOOJN9oO1E,61
41zXlQxzTi6cGAjpOXyLYH,85
5SwEgzUFDHwpWHKrbnP32Z,11
7KA4W4McWYRpgf0fWsJZWB,79
6KuXb26rHuRy3ZDse1VRmx,69
6ACiYjq5Q7e6BlhZEHz7cd,63
5WNYg3usc6H8N3MBEp4zVk,74
7IBSffWIu7P2MC7kMwy2FM,76
1CAALs08dWg3BxFMaaS8qK,3
0brzJEyCEVzjAQsCgCqxqb,58
2pg2TiYo9Rb8KeB5JjP7jS,74
4j3GWI86JvSaF0BLdmgcfF,70
7p4vHnYXkxlzvfePJVpcTr,71
1B87ZDrD3Pno9hS4stamWO,64
7HDpgbWMVzI8bEbdldw3cs,64
0UyljEbX9dqI1K0sqdv6B6,6
1wb7Mqon4o1ViLjaLV9f8U,60
0CIGZEXjZ8L52lOrqUljJt,62
2xRyZfWe9bnRfH1ZfhYO98,60
4at3d5QWnlibMVN75ECDrp,77
1AROE0XcC4ySCxXF65mutZ,73
5cr18fp7bo0OErBy2JvD9j,36
3zEKbhms2GDJQXaOLZZjAH,0
4T3fNx3CgwDRRYgmFCbD4J,76
4N9QsmvQJcGwJHAmDmBttU,65
20TYNq9o5sdBAbkCWE9ih7,69
5p7ujcrUXASCNwRaWNHR1C,88
23c9gmiiv7RCu7twft0Mym,73
14JzyD6FlBD5z0wV5P07YI,26
43tgC5pTYJpc5D3C9HRwEg,55
6SkHm6poyKfzV6kc9any8k,71
7zgoHkxLgchJwPdhbJhQ3K,46
7DfFc7a6Rwfi3YQMRbDMau,75
6osMzmRHCVETbZMHceLRmh,2
0McI9sOmkpfd4E72njtU0G,2
0KPiSFlz5OUCgw7nwvhYWe,1
7zxRMhXxJMQCeDDg0rKAVo,72
2jzFNGqC0Q1TeThJTzPL0T,51
2qHk6Nz5glNQrjW8Rhd5kv,67
5PkZ0mhNgfuz7SqiuruKlh,63
24lORMRGMv9sXpZJdN1PVm,57
0qynxleiY0wavOijAW9trC,63
2JTaZjHNULImGUfECwTELE,43
56QspNOQhZHWNONFKcRws0,0
1ZKmKenpeY1Yr94kADGpQF,1
5SzhkC3NGjcIq6Brs8pSj1,57
2l2ImRwdOn7mxuNn2zVeJH,32
7bre6yd84LZ6MFoTppmHja,7
2vNhY6yfz9ha8wTSji81qG,0
3YUK6HxkymcP7w76uFfn3w,47
1TrurzHebuXk7DB9DjWIb3,25
4BP0An7SXctTY4kF41JxIQ,56
0mkjekH9rwp4Fg5PxzUTrd,5
52wF5Pa8fK4KwaGGoYDeDV,0
4wzscvBb9JkSfiet1A8UQu,41
4Dm2MfTULuU28c0DYeLR4s,8
2mb1XdzL8GCVJhiz6JxVtw,22
2hJ6bFDQkPSmPcCKFWb5Mf,25
2pkabSzcR7yf2WDomkBqTS,36
2630iKSCt6XZQS6npExkfK,0
5on0YbOVfolitti3rObZKD,10
3Z7SMZHYxTYKWedLXfTcme,0
1H7hoE8CQsNGYhjgmA2qIS,0
3fWmO8cxE3Kh6o4F8oyRSZ,0
3uGcFQmm4Pf9YMD4i8z3bP,0
6GfpYM3NVqysfWKXBUfKWn,36
3b0OZ2yemWkZ5kUweakAlZ,29
1S3hcyx64yhb5AeZ5G4TIa,0
6ry1D09ztAEoE11tS6rGBv,0
1qdtfV9zIFJTn9iL8JaGg5,12
5bINBKyhsxjKARdtuPTITM,0
5dHpbFmZjWucrol0M7aNGU,53
3yvFBXiybFrHRbfslCpdYL,0
48tybOd2kxWaMjnYrEWTvY,45
7GPq5i4Dn95yDaqxdoeKNW,45
4y08InEX3ML1NpBhyRv5Im,28
108wABClmebQtFnxfliTiO,31
32XC8EvpugPAm9dhI0Jabm,0
0vuEcIoQfIs5fAiUJ8qZhv,6
6nu35hLc8zsA9bwBpcuf5L,46
5AEpL2aTZjujDxsBlelQAa,1
5k8qFBVUkSUKzWi4nEaqXV,0
2sywvGUBuSuYICHHKOElSn,44
0vrsZtoe8dEtuR4tbcUGsk,35
3qX1dqmDdmMvvfMVfsx4Bh,67
7MDKvOzNgAJ3KMCtaP2UOa,56
6k6akHra06uOgcICJYp4fM,5
34OBXUuwpqbmrGjfIZCYli,0
5FKaV2J0xiwRENDsl0bMn4,51
3xd80KxnM4MnDcaE8bcreg,44
05LCfd8s9n2teUcsTsBAnr,39
1ivrsBwgQe5KwjMHu8xje4,20
4bm3nRCNGrFDINkMxEAGrf,0
02M6vucOvmRfMxTXDUwRXu,71
48S3Pfu533qMMgHXmV1ruh,1
31LIXek4OCRgKJn4RWg5Yb,0
2xpoTj7AeSFVuvD0ibD3Pg,1
5AtVmp8JU2aar7PUKx6pdh,9
5ALk5XTn8l6Ruz3swRTdhK,0
7pQwMgFIQZ5atXg5JxHozL,1
525FTJmFvIc0o7ndeART0U,30
0jhYMcAqY9LkMCAYNXKtNK,42
2zuOiLM3QGT5DpO4fJwOEo,31
72umswj0Jlu9EVT5uoL2hl,43
3jxoBOY4oK2MIe0m9OJQeV,0
7o92cBTVVzDsDwmtToWU0m,0
5nR1FL7koznk1OkRpjuZsH,0
1fZjOBoJDc3Mi2OrXxg6cV,30
56JeB4CZ3gQO3cXaI3rFjj,23
1xXaJ7Li02l0aDiasiGmTw,19
5y4lPlCFkhlUsOUcX3fgOB,0
0DMUrG0gEPjMhn3G3hkC4r,0
1Vpvd02NU2jFl4eCXkqxxa,0
66YYA7oZODDy61bE03UoK0,0
3BTepbd75bloUptVDgz7X9,0
4AVLvyYIK7cWCwKOvq9nIk,26
5tsI3xxDHDgzHhn30LTQNz,73
4Voq8kIasVCVvtVnGpuQq3,32
2BxLZa6EKhBArtcvhn9HP3,20
53EbeKQwSawmvwdRsQyjRh,30
0zvbi1Z6zOj6FmpMssdVY4,0
694WTOYVnKjIF2SpGK820u,21
4Li11MpKTxPq9m8CnbqI0c,16
0E7PBMpzhUZXkitQvbWZdf,0
1trTuC1Z6KwXyb6qigNr7l,0
0La7WP1Z2d4TNFQIW62XZx,0
7uaTGBy1VJNQyfGOc01dmu,37
6yzgzTwiaVDs909ZWVibXM,11
61QSuw5VlC0LTS8WMO356g,68
0psbBdxOb3A8WMuG3ludUw,33
35LCTvk8UVBaBunzVJWMA5,29
3XsOaaflhc5UEtdVU3a2nt,30
5TaUFurySBvMqnQWPnz2Rk,0
74nBXnBEUBzCPfJxq1CG2i,0
0Ce9mMbIqC2rHZJHurL1ga,0
2GdanhIld9atoDB2EWb06a,0
6ZA3Q8Dj5BrnmOsT300DCh,64
4ceYhlROdfqzWwwDS4BXCi,0
3kigBixeWyRwKg5XmjXBI6,0
0CzFvaUmfBFKup2KSZ3U7G,32
4Vjn6MWcGH6gN6waUAXnSE,44
6M89rUmahiH0eO6MzctgXW,38
6ILuy3gHKQRoCdNfVmok9d,32
6OFSRKtC7tAJZzFjUr1MKE,33
4bdJHQp90ymjEIkkYhcENB,69
7Cdlsb04AIEXBtWKDLe6Ju,38
0OGNtqKkjI7FCE9HZ4Khgo,71
54zz2PbffoEYnTv7zAL0Yx,34
7gYwIAHB6VxzLJFSZMMv8i,63
3EPXxR3ImUwfayaurPi3cm,83
35AG36QH9ytiNtPyx9xwr8,64
2oDkjSOpQALz7rEmsgekft,59
5xh8yaN8U7H0nkkesxUax4,60
5UqivtkoiPTXrJu6GIt1mh,71
3phOtFs7faVgUInMMaJ3RD,60
6rcTyXe8W8kjQLyALBRj1v,67
7sTtHHrD0zDpmzQzH3zegz,73
6mIC0zmQTsvOMfZ1YqQwLU,62
0VhgEqMTNZwYL1ARDLLNCX,78
6TpowNTagUJ7f8ctFFCVN8,65
63rQC2OJfpWonw823hNMqZ,37
4h0zU3O9R5xzuTmNO7dNDU,76
3PYdxIDuBIuJSDGwfptFx4,57
0qhpOEJtpTFG98mHk7VOZJ,56
69vToJ9BMbbLlFZo7k7A7B,83
5CRVwXGikmqzoRO6q7FeAg,69
5zCunX8URvLoBHlg1Fnjv6,72
00f9VGHfQhAHMCQ2bSjg3D,70
41WTP0gosjYD74B06uS2tL,71
0hpaWop2LUln6yJ7b0eOza,66
6jfEZdUJ2Yla6h7gTJgKuo,69
3u5bTqHMM1P34ZkbwzdckV,72
4m0q0xQ2BNl9SCAGKyfiGZ,73
600oiqLkQIJ85HvQGIQWvO,75
4Ta3PhWmY50ZLU1uhKFKPE,72
4VPlKUSjC9HdZdUbFZ0Y5y,69
6MLHg35rlksBc5OBcdZvJi,68
2xN98jvoGdfBzPS0HDMlXT,54
1bQhZOoXYqjXs7u7rFXo0h,77
4Svpc4QRvDW0J34AE30S9c,60
5dYaElq0nua2omNCimEapq,55
6w8pFOKn42O418qwcQElZ3,74
4iVVU8DyQvOVsKafv3KWIF,66
5rFj8OzffT0iggSjcBaeND,81
5sF7hdYvhrcgNq8NZjfK8L,75
2qxmye6gAegTMjLKEBoR3d,86
3xRcQ04b0l5RiU2w7lJhCD,73
7pT6WSg4PCt4mr5ZFyUfsF,76
5VNIWjz02GSMMYM0kkXdsc,39
421eObjg0DTm2qajJl5OJm,82
14XWHEf6k1wfimnCCV95vZ,41
4HjRhkuveBRgHecVPbGTbV,46
4IdV6Dun39jOadZ6kRheQ5,39
5nMkd5cq4JPZqAoQTXv8Wm,60
03taJRQ6nyzYWac6HDysMh,47
5auyHCKoN60XfogT2Te2pz,48
6x5BI1UbcFoxdnl8XlmzvF,48
29VCeUfeNgOzgWPvEQN9xm,55
4KbNHYFNcJhv6tgavWf2Jc,38
6uU4G5dET9PgvSBzSMWx8Y,4
1TPLsNVlofwX1txcE9gZZF,69
3GlcH544cl8c24886zoKfM,33
3eB4rqVk93cQpxXUtdZr5K,1
2IjyFRCRn8x1bEquOM3vxg,71
26NX1wPt1TRCH536yocd6i,68
31CHJzSweI6r1dk6XrZceK,56
2ssR3TyNZwrxq0pBeb7o0e,26
1Umpo1hUyNgLkpNfPR5UTA,13
61X077SWMs5aAGQHhf4pd0,71
7L4w1yQnlhqo4oUjpW53wz,52
2NLGBSeIsNv1BRXiQVeDrc,39
2CZFVWvkIatZGqHJ9IcpzE,37
7gpodd2pIunG7VIzJWITrv,36
098tAg0yjz9ds5oys4MAPG,60
5NlV5HVIfgk5eHxvAGGTfy,11
2Jj12rvEwkt17lgCjXJbiP,27
4vRg1mbhhlF4YyX1JUq1el,25
5uKHVWzqtWCEkMgoB7dRsb,21
4yEzIx11Di5OPkTTwJt9FV,22
0g3mziWGH7OP6lZvKq7Xpi,39
6w6DrjkbBZ7OMMUybXFHfC,0
41KAWBH3Tzn2R2VsVIJQnO,0
0KyzXQhY2yzcb1FYCHkZc2,67
15xWRPHQMeqgdkGzInx3PY,79
31YexNcOMVSFTEDGmQusSI,58
4S1GTwPVpkSy7CsJIDKPEz,62
5uCax9HTNlzGybIStD3vDh,85
1j4kHkkpqZRBwE0A4CN4Yv,81
2VQc9orzwE6a5qFfy54P6e,61
152lZdxL1OR0ZMW6KquMif,82
7evPpWWu01Klxi0KlPxR17,18
68mzU8iAvNnF3PCidY66K0,38
7MZeBa8JQRYkXJRe0KBR2r,36
3Tc57t9l2O8FwQZtQOvPXK,82
7qEKqBCD2vE5vIBsrUitpD,81
0tMSssfxAL2oV8Vri0mFHE,81
04sN26COy28wTXYj3dMoiZ,76
2Fxmhks0bxGSBdJ92vM42m,95
1DUSuNhF8P5vUGNPpQiZa5,71
6fOOKqQWcSy33ApU1wqkkW,67
1NgCWYuBLfqBDA3b8MgSVU,67
7stcuQtnHL7C6XdPvpwywv,67
1Ahp4PZ1vzdbzBCedUrsqI,62
202lm9YX5WmAac83tOGlVn,69
2tpYmda4mM7XFvpbhOfERH,8
55284O777DNiEDa9X1B6Tb,8
2qXicQG06oT0ijKBznpgQv,75
3HM8FkEO4m2eumlg00fBje,39
3ljkahwsdk97GG9g73l6w3,57
7apizLyhMRutg3ccXvr2qv,65
0DowsITFvHqUqg96WQR3s5,46
1IkjoLXB9LEf3w32Wk07X3,56
16IXvk7noDMknHNqmSYvwC,10
1cCyOo8t5XryFuzThSdPHr,0
6KXr7yY6zDuNCwXfhY2HvQ,42
39o4wsC2bkrezb5CStK4sG,37
7ude1FCZiruFR5yyYH7DUD,25
1UZxI3ng9Dk1HndwvahyxQ,49
1opUrXqkqw5j0LnEkG1Uua,42
0lsRatBUs9HNIZAmoGABzk,77
1TQXIltqoZ5XXyfCbAeSQQ,74
57nReJa69S1lEJGYHLCKlx,59
6jEvloulrt9iCYW9IXJ2yi,54
6YpSiNQN8pVzJMOX2fXGHm,57
4HfLQJtVT1KiX1eVedDyTm,69
5RPG04q7ZQsnfFp0ET7Lwj,47
7Cu2COdH93MnuireuKNiS3,71
45PxuJqJBnPXZKLxoo9Apj,66
5LKXxwgll43fxe1lPF7sze,62
2k9N4caeCIJLOWwWwssrEM,74
59acp1OhcvxwVBwQJBYKuX,61
3NhEEC4oE5hX6u8RCx6Q9m,60
6GMblDhPDP420uc77vmqTc,58
0V6imIPZVXJEtl2umdNILO,64
795p3jKj5stjPf8IFpZkdD,63
7rLDARtJALM7QdiJDMXW7m,62
2bOWJIYSbhwg2NMQq1QMYH,56
4JehYebiI9JE8sR8MisGVb,77
4SRqDmPxYX0pUb5B5ut2Ri,16
3AuYB9Qqissw1vZCEkNXhn,45
1QXhzptk3KMnO8xewGePhu,45
6aatlkrCJqvMMoIEVJXPnr,16
5LKvZJTAJlNoVuILrGCY1K,17
4VIGLmOTFOJ9TGoqvUbr8l,24
5l9cK2RonGp6roJyvbdo2w,36
71wXzyOwwSw3XwRjppvCUy,35
5nv4Y2ubv3VynSc7L6cq6S,33
1gqfZG2HORk2sPxoXfnS4y,23
6Zp0xvhkmV7OE1iKuvVclq,36
4bZEu4u6cs6aHKDZTOrQhc,41
3bwTJkrpfZIajReDnX1vVn,0
1vZEnDUseI4y5aAyTHwOdc,18
0UQDSP8cz6WmLJckO5jqUQ,57
2shJ8NyEGiB2DuOTFdgavK,39
50JL0FUhaBmXlYLMVZHhIF,20
2fSlnttkjITMhb9utBufEv,26
7kN3bGZtBKwWwYKSkE3RER,52
3Yq6KrF4TLfFxJgVqkD8zm,28
0iPy1MWCrOT7SjGs14zSSv,46
7laJa21zPPXnvdP9jXuxQz,12
5jGyahHaLBcUB1yJ9SY2zH,46
60UYjtHUPB18FpUNgEI7NS,20
1c6GS3WO8lK7n4b3EOhSLC,32
4OK1XrubP6GJs4f6czk8Jg,54
6Ubx6ki80U9ttLeY5rNW1N,17
1xyRdEWnrKULKXbZCyZ9KS,26
6NabK7p4Fcor1gwBgv2jLQ,26
3FzdllHrMtoo9EMz9bhaMh,22
7JKEA8xYDoFp4q0QBW2PGg,60
1SJizuzH2aZcT33af8DYCe,16
7xTMNK6vQFI6JUctix5Rye,17
2SsBGxHWa7E4lD1ax1eXfk,26
6Erpt1x0P0ANKKdZZdfAd8,33
7GBO6BJdevV7XojDlP7aE8,31
3r0olzMR8VTqaLYzmigQg3,17
5JgoUSDARCcz9yBhcF7euC,16
0ZD5LFsk2PMHicGH8MWRN8,50
6j8k5yjxYXg5zxDOPoii5K,33
58TvareCLSfzfN8WFWbaWK,38
3WrYq4Y2Wp2xt4gd4o1VLy,25
2pOePcBrwKN8MK485fTpCw,8
1fk9AKBSB4mdp4XsDPBzDK,35
46M5kzyKato43lawMeFGSo,22
5KWQGcYKpIIbM4XK1qAe8c,7
2j8xh3KCpo1erHwHFqkMHD,5
5ZRYj1vl96gVbSlB7GpmZw,12
3TB8yVojTVj22vvAg5JBvP,6
1JW1HkmhfAqtohhvOioLMB,4
7gq2OIsDiSYz8d1duJHM14,9
7upUctH4DIC2MlljDWFj8C,7
12EWYrmX3WB3NmuS8SC9Zs,5
6K8foTY6IF5sPDKxoWQVVs,8
5H50Nf8LHHljRZSEZZsKZW,7
1439J60iNPIIIN7q6EvmsN,7
1vXowFMghZPxYLY4dozLzY,0
6Pa2clpHusIUFEjtICP9eC,42
1yLyf9SqDF7qGxHb9OQGST,29
62yCF7A8NhNsbThwIu4m6y,27
63SjWAAlHJSsGVahZRGMfa,25
7ILH9xthuxo4i4bTXpwDcZ,50
0Dlm41iXvTsIVsEOce3yX6,53
4DVQN1iS7BCgwy2typKIFx,39
0tV8pOpiNsKqUys0ilUcXz,74
7KjfifeaIx10XJTnAgWtlr,45
1E2qfOtDbT1NPaGQnI3L12,39
7qqfOOpaznhA6ufItfYovr,53
5RjS5iW0FWn1U4ZaWjhLlP,52
2N3ELS0qodljIlCx7BzOpe,40
4ivarszaeIngvUcKijuSmn,34
3T4vKVM0DV6bJbArofpU0b,35
4r0GVpjSsKSR1biv4fOoa5,4
6Ik9aiuaoEYxsEKGdQaEJB,58
1D1oE9i8sxo8fJ1Jbgr3Ys,1
7xppmmRfdHDzYm2Z8tvPC0,23
6ogF3ObeDnJ7RBGn42mYKH,20
1Dus6ffXnlJaTJrAYNGL92,20
4m4cwzmJJdD3gg3d8OT68r,23
5GwbJssB19DVhchEpLpGd5,20
4OZr4idEQn3vwdKu3uNQAO,20
7qoyy6rBNCGN27vOEZKgbr,40
0LP3SUCVq4PYB4dEBZNqWN,26
6X5rAr7k2l5w4VbZCsHQ8v,26
3Nn0qt9sbNZ8VL0qEZJ0lJ,30
4DhRNOTDjNOpNI191Wt0EE,30
6U4sPtUkR3JjmhJiulSS9A,26
35GxYxwMpE3UktOnjbyCLx,39
6iEO8dPKgXuaAwVoYojMHA,0
1AY001zik4a6IFFE4ZrV9K,48
2dhIrczg3JWMul4ovoDPgP,22
0uLijBRekQsSPwHs1LIEXz,45
3f3HHRPF5vAo90GwdpDMaQ,57
39j3ulhZAiudnvNp7dwgYl,47
7GPstnufSTScEaw9dMxO9H,63
6gU9OKjOE7ghfEd55oRO57,76
6u0dQik0aif7FQlrhycG1L,70
2HNcNd5RPZ7DSRNbIl6JsP,6
6pzWZe7LIcfKzriMIk6opx,57
7pamxApUs3CE8t7tKmUJ6Z,58
25GlFJq5QNAXyVgJvCZ4Mf,59
23T4gelZgImtFxbHjXnYbm,55
5G0nSEIT0fGUZY0caM9AnH,53
70SjyVMzhmMeJQD8hOmIBp,56
1UjyF6okUHhnVxaLV8ojsA,60
2UYPFtrIIaIQdxLCaFwjFu,52
5zyySSTcBpXQ8gSbuONRH7,54
2vJIsdYIthbnWgLaLD9yrj,53
6Lr9sGM6kARYVDL2dj0lqV,53
1GJr5BQIOvzFEoQlrufunl,47
276zciJ7Fg7Jk6Ta6QuLkp,66
6zyXhzPJg7dCGuC5ToIxqN,52
1zlclNkERGFrCxznXOgkD3,53
2sNhYJ2ggd9BadlTXU3Mah,54
4F07ku5lMBIoybFPStM2j4,63
6gpcs5eMhJwax4mIfKDYQk,74
3CgZCQyuyxHRMWB9BTwmni,65
3GZD6HmiNUhxXYf8Gch723,67
1fOkmYW3ZFkkjIdOZSf596,65
4YZbVct8l9MnAVIROnLQdx,65
19YKaevk2bce4odJkP5L22,72
2ZWlPOoWh0626oTaHrnl2a,77
35xSkNIXi504fcEwz9USRB,69
2JUqYobT8NvARdPmc4ES2x,64
7eqoqGkKwgOaWNNHx90uEZ,78
2LMkwUfqC6S6s6qDVlEuzV,71
34xTFwjPQ1dC6uJmleno7x,66
6Nle9hKrkL1wQpwNfEkxjh,82
371H6HjS4SXGbQ9IVfFUIL,61
6gtNiLJNLBcV0P6Juenstp,59
6R6ihJhRbgu7JxJKIbW57w,67
41cpvQ2GyGb2BRdIRSsTqK,70
4y4KG66qCAN2TTevOAEjHy,64
0qtK3XwbuG153dmwB8iepL,70
4bEcoz1OcfMgUbp2ft8ieQ,72
21yRtB6B8EMounImAfHRCP,70
430qNtapCS3Ue1yoSql1oV,63
49KseQDZRmTUxF7T0TegwU,41
3dTpCTapp53S88tyMOVosR,50
4vsBWAU6jHc9QLFma2bcqB,44
6jtTVWnlHgyjLgwLW63SZk,40
1PggZZlGqKsfc8u8PGxBHy,37
5mWSVCgeHbSmTmuMV5ES3S,44
2Ee22x5KHPEvrGBIx9AdOb,42
3y4YUioQQVCZriM2RjZIik,51
28qOm0MgUE3hJfO6i84Jls,36
6cAbJAh1AeYBLAMurtyNqM,40
1t9LPKYNjcFPTWa2moPE94,40
7a6DXdC46FGSCNT4hLxbAe,33
4XJf9EhLAiYkGeuGHlqjzB,39
7HRv1sYuwgoea1m0JRvChV,69
3Xvu5uFWbyHd0qixrvIxxE,48
4m2lVqfPeSTD3azgBJHowK,56
0oLQRGhq7ltPDF6ThfqQdc,50
5Jp0avXwxgYt75sjxQJxWw,51
6ntPF24RtHotzc3FhcFMH7,50
0yvxop3XdQyWStwvuYP4dw,49
7ttVZD2510CE1pXJPJp0OQ,54
5bknBRjKJZ643DAN2w8Yoy,71
1cuYCAodLWgzhwE2KFZ8rC,63
42tBlHWL3VfDkUM2iWcc5p,65
5sbw5zIz9ck2pOEDXUR0QU,67
0J9EZZN0znLQQHdN0psE1g,20
1rfofaqEpACxVEHIZBJe6W,84
7obSMoAYdFApm6TDwOM2PZ,15
45rfO1iWBUwA8Ax0M09QrT,30
0OMUfNVJpO1XvNkoJGYd0O,32
5u0qHECqaCuSKflvmhrtil,39
3ioO1rdo59SI3LJHMXFEiU,34
5r42z9LpkdDAYe3bmbnO5M,26
6xCRvXyriAqWq8NriGPJfs,44
11JVoLR8rZUJWH4a7kteMK,19
463AfXA68pQHMNkwwcufP0,23
200EPjGjnQegQd7ELfUFrs,1
7vxc1a4aks0RqIbNhBYjlg,50
2uzCfFYh6tSNFdz14ZIf3N,55
6ydEhrdfzhI29D2NBAqUY1,60
33FybgXmvArmqOSM82z2ow,47
6T9Cyj2tFiV1epQbQm0Gb2,49
2OGNgRsvLuSHTUUkrrgc0R,47
3S6t72eOWJs6NCAosqrCq5,36
1mpeG0e0lTxMRvgjSLrhnR,49
3hwRqmhC1gL2Ut6OMtKbQJ,13
1Oof977AMg2ZHlTPrLAIgI,11
3w9iGq39HPSn0b2ruJzik3,12
5o8h9JDwdkyxA7AabSz2FU,0
6TKdsVl3GeAJrcuTGbvUzq,49
4nrQmXHiGhlWDyAnsbb6gc,42
7FatiZGYaVwy0QnUcgPwLq,27
1vgkVUPdCcsqc0Y15TuFH8,47
63knvuoSPpfzIwdDuWRSoV,51
4iImxqMlF3CeNRwKKua9jn,54
5fHXbmrx8mfOT1wfSa1Nc8,36
0NqLrzqEqIzb8OcdFOzkJb,42
26BZKHORndZbXNbulXZ8UF,16
5iCaLR191eAHNxxlfKzK9f,36
0O8Gf1dTGNbEaSYSGk1pcS,40
7kdvfkBv1j9PbzsQNny0lu,39
0A27Pm1SdsQbceOPH2m8SU,35
7G8AYvlLgDNnjHfWL8YikF,18
2SawBpFFv3ue4S6TVaGamm,46
5RYSQDIq0ZPGc03ZnUut57,56
4lc937nnV8vRbIF7oJznNU,48
2L8CbWUKw6STcElCxYcZHS,6
7dSU9DPF6AhYENKM1bdufQ,20
51sRQEtuLqrbeQVwoyMUPe,22
2YhAlfB2WvSGyRxF2JC1Sw,16
7jcSwq8YsO0zwbvQ9Xat4e,19
2ZI5JFjnSKm6Od1e6VMR0B,36
67WdnyyuP67Y2W4kG4lGrS,49
4SsDy47nzkU9FhqZkjPXvS,19
4jvMuFxN3HVhVU6pz3vVOH,0
7ga3miIC9Hew9g4M3BsL4Y,0
18dnWJuAG1QkexryWE4lhW,8
3GXo1eWlT2flv4x01l5OTu,54
6UkMcAA19lTdjs22jtB7o2,69
3APlBPXmTYV1yZO0dngkdq,11
72ahyckBJfTigJCFCviVN7,70
1NeKY4qWsCnhY8fvhwQa7q,59
5h2jt8xsUhW06rFv9HvY7N,6
4hq0S6wznq7SHDyMOFXL9i,60
1o6DclZHw0HomxXEQR1ijX,61
4KcE3At063Xyleg2xGzVYz,36
2wibvZtPbMFbZf2lOwnzeK,45
2LUVo82IKIpCuBNSaqF0G8,53
3qIFYKztoCRa8I4a5J3BLF,0
7g4I3DeFlZLeqMjw0ONBqs,50
4YOJFyjqh8eAcbKFfv88mV,61
3QZ7uX97s82HFYSmQUAN1D,73
0CmIALzGn4vHIHJG4n3Q4z,25
4pW3aTX3kAmOaPJfc9UM12,59
6oKyVzTqcAq9UE9HeIfo2E,17
20JcxdRw8gvqTY1EEpYxHb,51
6MILn8ouz7GyrutoOLzWIF,22
7eu8WlAizBndJ0aOpOyNka,44
5qyq1H5OPMlfuvZQ1wQNo7,67
0gtTfaz5zzbJA28Ypu7k0W,59
1hQFF33xi8ruavZNyovtUN,70
0OwvrdjaJOypNsNQHyBWE5,62
2pbWkjtGtjkzBdZ95GFINm,50
02gV5Zc9ctbZxD1uTNIok5,13
6ek9SiEj5a65WIs2EV7qiM,71
6b8IKVufOkAawvQVguQxmo,17
1QEEqeFIZktqIpPI4jSVSF,78
5Vrczz39CvlD3OGCa6utoA,63
5lnLxpRxCDlqedyWgkBLOh,48
66BjgQodHebiX5QGpBAjyQ,52
3bRcSxW2FnSSwrzoYT1knV,5
3pGnvyd0UBaFKF9PYM2ULM,0
3pf96IFggfQuT6Gafqx2rt,64
3IRvvlj2KpYoH76mLacnsp,37
1VKPiQJnV15flF5B3zeocD,56
3AhXZa8sUQht0UEdBJgpGc,71
57Y3UccJEJqT8w8RWkUAz0,65
4cVHMHgmWgudD399ZdhQ3L,65
7MRyJPksH3G2cXHN8UKYzP,73
1GqAnfNhm0sCGvgo447IiC,2
7hzY0LHz8KdEr1PowHhbdu,10
0WSlOSMLJWoWUpWci9nnRb,57
1SfQCY234gf6C2dlyUUMn9,46
6sPOmDulFtLzfX25zICNrC,72
4o6BgsqLIBViaGVbx5rbRk,77
27K3ZDS5B4fwjhwyihrdzC,13
5bQduNI1lNfkNbDCKhBNX6,13
0bfvHnWWOeU1U5XeKyVLbW,65
2eA160jLLoHiJKOqvOFKJt,48
20VuO95A8RxUPlShnfYArW,53
5RxZ2t9Pujgw4a8n1SBVkZ,41
6gJdDnF2TzfA1WPMXuCa3x,66
560rREKGHgFwL4IbiLzLuv,2
7DJsL4jyXA39GDiHFQYQ0t,59
76ICmoJ4PcoMWoooaTxnQs,61
3qI94hINNNeb4S7xQi18lS,69
3XEtw7t4V5sfd2vtkp0ql7,66
66TSoVnJ1P9Tyok03zUlTr,52
4fQMGlCawbTkH9yPPZ49kP,64
4twhYPDyCP6ICeW3TtQVxP,57
0ew27xRdxSexrWbODuLfeE,66
5XVb0qfmmkmmsyy7j8oObk,47
4c3HJBKJPjQSnXVEd0jNi6,0
4qYHnP5AmKzXbJhciPV8si,58
5hMF2ottumNkh07DfZkqyI,38
6uqTETWok9npbL4c9cuLVh,58
1TB0dZqFRQsnf4fLLLRKQV,56
7ycU5Bxfn2fIZjXJypfdRM,50
4cgodXjv4TfrooNQxvlO4O,51
4Qtgcol1RusUoDzNVKwvHT,0
0awnfJ4I7eonSL3IkynNR5,8
4XRkQloZFcRrCONN7ZQ49Y,61
3ZxfehzRtB3oJcBuxWXFZQ,59
4XsH9zBWPOCdXoH9ZDdS8r,54
3K0SJUQNbOkUprTFcwwAKN,63
6uAhZ4LBKqJgrfengXuj9z,0
2x1LQq8lsUzAA2wNj8yjC9,53
5VJjhHyG8NZ5xdgG6uTb3P,64
74iQ3gahRTOGc19bYadBE3,54
1B7TXjTmtKVEzgZMjH8EEq,1
0nyrltZrQGAJMBZc1bYvuQ,53
5uuJruktM9fMdN9Va0DUMl,67
2Y8i6ntDzXIhCO4UJPl5Qv,6
0RgcOUQg4qYAEt9RIdf3oB,61
13v3siPyvy5TTEZYmGPPse,64
7zrPswSV1yxrill5OyCuaU,55
7pHh9sGZfb7AMoi4NLLYTo,2
1jDOlilttG1vKtZLfwFRZD,2
6Ie9yuocD61v7hrh02moc6,12
6igsoAR6Co9u7Rq3U7mlOD,54
5mY4K0OJsYr3qq0mSkUtiO,4
00PLtXXER1XcTRZvs3LioS,49
2fmMPJb5EzZCx8BcNJvVk4,59
0nAekUsqPk34wgTyO2AXdj,4
4nsjsaov1d0LvyOVPCaXRf,53
0NRP5OIrTcgGvttJlSLO0n,74
5EDTdg6eLRK9aByNMBWCFk,54
3Vm5NxQWmQ5ozZpIJHjFaH,60
5d1Eidz7m4vdgHsfZRKcec,56
4lPvpx8AgI31GsZP9HjkGI,32
2PbrjBe3QUMYqYVp118CEa,47
3YqLyRFwjGuPBT7EHoyQH7,70
4pq5g8DHg6lX7gDqu4OGlg,67
3QpkDyuXdjxhIyLyKtyC6O,69
3K2VA0D9DCYn0BCzFSA2Wk,67
5Q9syxX74CVGr7QVD0OjTU,57
1O094iJovopANx3FuAZwGQ,43
4atuUpMdGfq9JeRI6OQxM7,62
6X4cn36DnNt8G1Vh3syAFm,55
5t0JbiIajmkJorekBSCz6S,50
2P2Y7WPjcjFdlu80Ek3PbW,46
6Xj7MDchs9I61OnORl7tMw,47
38cV5MAHO41fMPrJoDTUmG,47
1lTsRXDMWFbsFjQGkbL5TX,69
0BvvhRyleab8gLZLU7QrhZ,68
3XM0dIafWuy5xpptFGytiG,34
1hqa2sNPPzrKMxS53j0wUS,47
3HQ4sGEFGzraXCtahHd4qK,47
5uKJJBJ2JOV7szFXVP7owi,46
7yjG49vtTdLq773mVDZBeJ,51
0P6rEMtNTzE1Sdm2NzhwhY,47
2iQVJ9bu5GealpviRTNAxk,36
1f9lD5VdRIGdSihiIwOFSx,63
5mBz4PrFgKjSAW0YezvJq6,45
3EaEZXAL1JIuV69lig1o96,50
78EBbRbTWJccCXue59DeLX,47
4rr4Nn6XyXb4NBoZX4eqX2,42
6RtBJYQuduBYuDmX5ww6rW,69
0wryAFpQqHTvhteQx7ZNp2,70
4UsvFkPMlcAqNqu8BbVgaa,39
3MkdA6vwF0ifRl86yzTlJW,79
1v1QA8Qra1mIRxP4ergLWc,45
2157DbQsErKQN45iOPETHc,45
7jlGVKeRzOz7fGk6pSiPlb,59
7LVleeNg62dFCBQN4SPAFg,44
62FCtdHru9nNAJOGbzObi4,54
02lKOFa7yzU2GLmLyboMlG,43
2mGcVoOXeVHwwACz9GulPB,43
79QSGxjHa1y1XQVv19qTEh,51
7GZTpOfTQ2EItCmgE8aL8Y,47
2iUQZEBA5Y6gSotp2rB7yS,41
5ECN9eFLIZKKUlNxloxcZ4,40
7xeMD2bU9QrjrPRYSvSkKn,67
1LUXuBHT3gaB6KiPxCdN8h,48
6zTrjuegh6paqZfyYMLwro,43
0IqWe2tdLQw9Mzf11pNwL4,45
16lpdasbawoovaVf0gTbmf,49
1uxtmJsMCKnMePddWujPJv,50
0nBLYKiFj1foqlxi2YPfAa,60
7FXjPI4dE1Eian6Exy6VEa,64
72BaF0PLFjyY5mylb1xUFt,67
255FVOOvsT1KAjUeqMfc9y,45
6jxSohQQyE3JsRSoKh4OTE,43
4iANxSIDT3kGekiquMSAgT,71
5GNT8tXCqPop8K4t3hvVaH,61
7jgQk1v0zXUDCExg7JvFgS,49
6i9ToXS6CAfjpp8veBklg1,76
5qVUca7SlFqCoo4sP3AyOx,48
3Vc8vnid3noqupe9PvUKxP,70
7CfwMm7x2HLQ1bllMosD9k,31
3Rc2ajBMInxeNGVkMPC92Y,61
41X9To0bQ4fpoSRri4NHiI,66
0PHwCbA310LLIMcSDpQbgF,58
5by7gtiDrxe4n2qQQunL8S,55
52WTLETEHs5jwCr7LCq0VW,58
3xKsf9qdS1CyvXSMEid6g8,77
4sCYKMatyhazyy6r2N7Hp2,60
2X485T9Z5Ly0xyaghN73ed,75
6V5nMvQwsiyW7rEyZq3gfQ,57
3BpUZB0tw4zNmG3Iw1mclL,61
3t87C08isN6yw2DnWOorLm,62
4uQ7wYsuL0DryknoDc11Hk,70
2dLLR6qlu5UJ5gk0dKz0h3,78
4fbvXwMTXPWaFyaMWUm9CR,70
5uZLsGY9fknBd5Rxr7AIss,64
33pDmPx2pkJ7JCAQpRDQ9B,64
2NRRrr8ylDK38KD3Ffbw4K,58
1eyzqe2QqGZUmfcPZtrIyt,71
328F2sC7uw6wdkWLggOAQ2,48
5dcZUsgcMW57ju0A379O7c,58
3l9eg9RtisizG12a1D6nZl,66
6u0dQik0aif7FQlrhycG1L,70
5I6y1KWmUoV5YCaIEcs1qs,65
66q3yNMEO2tOsiFny1IPQW,60
2Kn3xgaDCM4aHuHK7FApgC,62
0U0p8weaMIbIFMJ0CPlvHV,63
6UFivO2zqqPFPoQYsEMuCc,70
3LueS3mbuB1yaJNN0Ale6U,59
2IqjKEBiz0CdLKdkXhxw84,67
0ZAhJvqW67Epg4IsLIaSTR,54
71jGGLe5VtEHjIk5dU2W3S,65
5CPqOpKSk0QcJ3dGdaWcRB,65
6JvfBzqZmSiEG5MjM7OcSY,63
5UVBumEwdUnzvqxrXOYLFA,58
601KiLiZtBJRTXBrTjeieP,63
2TyCAfhwu5tRqFW8VnGMIL,61
4UkynNKM3QAFnYukL8Udi6,59
65wx71brAmEQz66GXXF8gI,9
2WMRd3xAb9FwXopCRNWDq1,62
5JAWf4omEzwccQNE8Y6kvn,47
4UADR6fNQfx4fxkiRQvSy2,60
3PFaFVWq5wucLu6s4baj9D,67
0LtOwyZoSNZKJWHqjzADpW,75
5VarZFY00sO54HErJ3TPCI,68
4HfLQJtVT1KiX1eVedDyTm,69
0kwBATkVUAG7JRMEosNUUs,57
7KA4W4McWYRpgf0fWsJZWB,79
3D1P3oPecqAQy2u33gAhsM,54
6HG1JWEbfuf8y1ZhLVq9L3,46
4gRAniZdYF2zVrDUsNC9tU,65
3NEeKJm8LcdaDG98oZwSZx,57
336ZYcU6poBWi3s8yzRcAD,62
4zMmqb0pYwX6b0qc0slCoT,67
5oK98mpTJSU0iqLHN1hZ3y,59
2eg2gvPXuwZ9FyrPaLgrXi,60
5EYi2rH4LYs6M21ZLOyQTx,80
5zOnoB8FdZudDcPX4O8WqF,63
6LxcPUqx6noURdA5qc4BAT,67
0MpsyFvt1KaxNYBYw2aanq,54
7vcNp4cj4uF4AyX5aKY4Ps,63
38ydcsbayM4oX21Hhu84DT,63
6wMTeVootJ8RdCLNOZy5Km,53
56dIfld2EW00CPbB3zA6GE,49
2os0aK782bakCPmjow0SU0,60
1uDrIgjVtFsrrWWctCxoBL,60
6WmIyn2fx1PKQ0XDpYj4VR,73
6plT7nFGiXKSBP9HFSI4ef,67
2qKTOaX1ZeMWn3aKhpxkz5,57
6WVheb5G29cbDOzF4qMfli,60
6CTG85NJI1Wm60pxTSRNwL,60
6cqXhzuVIH4Hm2CkF7ZN21,56
68rdZO4AcPakdi2zaS7kPI,44
2W3EgJst61RLZtPPm3EQim,64
5iK8GmW2uiPuUc5CtkZrIK,53
297rZsBEjFw9d0Gl3iBLnd,45
6qsArsTq6WoqtUFUe1e15W,49
17eu2pSgSUpIG1GFWBnODv,62
6bTn1ovliI0OkjUNkiMBJq,67
1CLmFKW99S8eJrebO3GB04,65
71cUqXJ3h1r0Ees6YdENLU,61
2sZtaJ4RFbRAAOBKWEeR4H,7
2JiVVU7qv1YeD1yabpIyoX,48
3j5DVpcCELigVZrmwGOw3X,55
7DfFc7a6Rwfi3YQMRbDMau,75
7GdGBGwFMg21mY9kNpNKXI,58
781V2Y5LPtcpgONEOadadE,58
6golelYKuy85o3u0cxIxFK,60
3GbjOImkNo5nFT2GQxVr11,56
7IzJ7EGpIpq2vW3ylVTtMh,62
2pE0CMK1fE3mfU0eEOHhKw,61
5HLes17mwCwKt81mi0Tk35,62
4QHKR48C18rwlpSYW6rH7p,59
3oyf4dalm17kzTE8LJDbgR,76
1cWVUrMhaVcLLW8nRz1wgR,40
2QuvT46pnd93GDBYCpSlBf,37
0mYslGmbnkbxuyr0ISIYtB,63
5KeyVNymqfqac1wLDseK8v,60
07tOsOR7E9zW89v2FqzsdG,53
5o8lxcSYAj8uXTiIHoyyA9,67
1Cv1YLb4q0RzL6pybtaMLo,81
7HMmFQsKsljwTw8bS7lu19,88
58ASzIQ5TBNQuAvCOZorjF,60
4TnjEaWOeW0eKTKIEvJyCa,97
0sf12qNH5qcw8qpgymFOqD,98
4dZTZbmJBCCofAExHwefda,79
2YJ7tTicU1vUmUjYNJROrv,75
41L3O37CECZt3N7ziG2z7l,95
5WEAZtjEufELtaxqYcqCJg,69
7nDFTHHwfe32a8qdp9XqPy,74
6r2JV75tE0vNgNCv4HKsBC,71
3ZCTVFBt2Brf31RLEnCkWJ,97
6Ozh9Ok6h4Oi1wUSLtBseN,93
6vaSStNN5NX4nJ4QbRY3S0,58
7hpJ9tATWb2vztlq99hERP,85
1bObrsJGW0UCIGZkvnDqbe,66
4CxFN5zON70B3VOPBYbd6P,82
4Yxc55NX3tAXC2mHRAhtcW,83
49Zxa1yQ9miyQSzuuKBYq9,57
2usxQITOSDqvkYiI0oIwao,86
6G0FACzGN80Dj2v4ass5rq,76
26ZX2JrAb8AFbr8FFfAsO7,76
79s5XnCN4TJKTVMSmOx8Ep,76
23TPP1eeElFfvYVznskwCY,79
6pooRNiLyYpxZeIA5kJ5EX,74
3eq83AsxUcnYS9k57MoBbE,68
260V7huyJrXnyYe0dFv2Fa,66
11OwAR3GlBj9E35Cznf7Lj,80
50p8v7PAXUBoD5MzoZdr9s,54
7ce20yLkzuXXLUhzIDoZih,90
5fgHQws1Cj6KDLQmlqM6lF,71
65mPCrY32YMQlBnmWVrKNa,68
0LDFH1WLQ6NPEMH556LUGs,63
3iH29NcCxYgI5shlkZrUoB,73
3mQ6SLdxxaL52Yte7KF2Ks,82
6qL5UWxRSQYml9O99ozoLv,80
7CHi4DtfK4heMlQaudCuHK,91
5rWjy4ys7LdinaFKZQBlZh,66
0zhGp6rH3Em8VTS44hTOmT,68
0g21KZ1XJuhwexWPLpuEt1,71
59BztobCBPX9vKncmSjgkb,40
2IbzYGcve6P1QV94UFxtik,59
1NxHgM5nOnmqi3KUVLbaIw,70
5ls62WNKHUUrdF3r1cv83T,80
68rVGSTnCiFOET9k5Vd8Se,75
4km1hd3ZGIP4V0cYYkB47S,43
1hCTxutVVYvggAQcUUUZAT,80
2xnNgKhyMl9MxBmRNGnBJP,67
56BAJvpaWgvr6C4wmc37iU,78
28KccB3Iw5Gg8MjKewEQFW,61
179sbwZCSbDOzfIj32sjJW,47
6w8pFOKn42O418qwcQElZ3,74
5Ck2pBM8zZNIjIxeiEiVvy,62
2WXyBlJYptmmNUcWn2qYV9,51
4lTLA56cAilcRXpZWCWyS2,63
1o2E5CwlBWuVElc41EqOSU,63
1iiehnBysGi59zXYXIuKQD,74
4D9QMZ3n8OupOPdxU0MMBS,45
5ln5yQdUywVbf8HhFsOcd6,74
7nv4M6OoCpXUPDuuRyUPM9,56
3RIgHHpnFKj5Rni1shokDj,75
13JjdKeIUy6P916p3MemXn,61
3VwZqgfrM3xb1usuLprkTu,59
0d6bZwEAi1XblGRhnzPfgC,68
5r7OKhOQl2vM8SZnCXSQk1,59
5hVghJ4KaYES3BFUATCYn0,84
53KFMdxzi8IJDewiql1Qo3,65
4SsWVvNKAHJP1T2bP6d2ut,60
4S4Mfvv03M1cHgIOJcbUCL,79
711gGx1GpUv9YW9KTSfJfH,57
5YIVVzQcJG7pFhyNo0Ytlh,58
3onYsieuDICdVt5ULZSExF,66
476QHG5G8xxNI9VHTBFfjp,61
1Z7AGDlHCGjOOOF6sc4OMr,39
3O8X1DE9btbzy4UH9cSX9a,76
0EDQwboQDmswDRn58wcslg,59
36zqSzaPzQWZYDCNm1klgY,57
1GZH9Sv6zCIse2GKihRHKy,60
52zzYSu7RUsSFn8cZlVjWp,58
7zTTDkkLkJ2iHAqq1daDCr,65
068XDWvE8tDnQsKo8J3x1Z,54
7yMYqHqzye8vtyiHqdVlZw,65
3bCllR1v5AhEwm9Wl8kyBT,42
60y3oBiHHIlOzUFZRWP6Ak,62
79ap7oTftmfgDUBUsUcYqt,48
4oU6HYNtuW2DzjgyYrOy8J,54
1DXvEWgI1xoxmKv2Zd3pNE,61
0qQ9VcVPkWDTnff6HIhISU,64
48YTF9XxJiiFdTa6IpCMpq,47
5P0akv5sOt042xlwdZ4Eoe,54
6K9QPIt8AR422heY9O372w,50
7KkaLfkFpMErkarBZivJbP,48
0Ws3ORFcdtgqA3FITquhQ7,51
57BSFXytUc9trbqP9e3qrF,49
4sFzG7iUlyPmuyASCkre9A,67
4V7NFI2JLLJcZnGgJpIYXQ,48
3jnNfBLGt0smjllDHueAi7,53
39exKIvycQDgs4T6uXdyu0,70
7GWAIzOmt5iznpu8RbSiSI,60
31F0KxmTD4rz3o0tJht5RL,57
3X2poeXeV5sAbOpFnineHX,53
5bTaLbpRK8aJvqf2xHlwa7,50
23zJcKwLf5CeaKVbFhrWgF,74
6GCIYIWUBSLontW6divqsw,66
6ABQcgTtAPCUyMkVwdRNJo,50
2GGMabyHXnJmjY6CXhhB2e,79
6g0Orsxv6glTJCt4cHsRsQ,77
3A2yGHWIzmGEIolwonU69h,78
3IcIIZMMS7UArJJPtEHXG8,67
7ssEhls1ZYEGtBsoovkMSe,64
2xLMifQCjDGFmkHkpNLD9h,87
0rzNMzZsubFcXSEh7dnem7,75
1ZDmxwg7Lywlx68b7SsJjj,75
6dPyzkyZwoj9LqjQXOFdVv,74
2UVbBKQOdFAekPTRsnkzcf,75
4w7yrP4RAeeyhfG9nJqQvS,5
5hgnY0mVcVetszbb85qeDg,71
1e4rwBPVI32vZtTJu7mJ4J,72
58q2HKrzhC3ozto2nDdN4z,84
3Du2K5dLzmduCNp6uwuaL0,14
7dt6x5M1jzdTEt8oCbisTK,87
0E6PsO3ymCfUh7pJQjBgkj,66
7DcvwMAiqKJQD1rrdfxSDx,83
3jVtllWS5CFFWLQng8sKsr,67
7BiELrM90hRxpozaIXbsLw,69
3bMNprrp2JDKZsGbiXpsJl,65
1xzBco0xcoJEDXktl7Jxrr,82
4F8V44j8cbjHnXjfW2HruU,54
2WyRfGeHo97VC5mP1BBSzr,77
4EivmOT13NMpNSfTKn9p4s,73
2qsQ8eVDPmobZpvDxQCVQu,65
76VtA90NKurNqaQpV126Ue,62
02M6vucOvmRfMxTXDUwRXu,71
22L7bfCiAkJo5xGSQgmiIO,75
0b9oOr2ZgvyQu88wzixux9,76
3hv6ndi7uFT9L9wrhQCsqY,70
0NTMtAO2BV4tnGvw9EgBVq,75
76cy1WJvNGJTj78UqeA5zr,82
4pmc2AxSEq6g7hPVlJCPyP,70
2Fxmhks0bxGSBdJ92vM42m,95
6ScJMrlpiLfZUGtWp4QIVt,73
0Mn3amMRMoabaoTf1Publ4,74
4hrae8atte6cRlSC9a7VCO,72
19a3JfW8BQwqHWUMbcqSx8,73
3jlbL2OTD5YmIunYzgQTAN,74
0JoaFxLgrqbWutREzcZBzS,12
0eqH0ALoDQevq59YcQ53KE,69
5EDUIiDf1Sp6nVnmCMRxa2,61
4KW1lqgSr8TKrvBII0Brf8,74
0wXuerDYiBnERgIpbb3JBR,81
1gZ7i4qxXkHZb1r6eioaAP,66
3RykIiejIO6BEhxSSrXRhH,54
72TFWvU3wUYdUuxejTTIzt,77
7ycWLEP1GsNjVvcjawXz3z,82
4Pwjz3DfvfQWV0rO2V8jyh,64
6oS0nPho2XvKJfIMwV0ih0,40
52hSR5CsLyziuwpZQqd9wI,57
4Je9DYC9fPdOjF3pfyoKrj,58
2p4p9YGwmJIdf5IA9sSWhm,69
1H47LILEj9nGb74EPcZKWw,66
65elkRvvAVBuQupIVoZfn3,52
7e6FvCvngX5job1PUYIIIL,58
3UmtRRyDBhjHzaMpG351F0,62
7my1wrfnHqssb3mtHEPWrI,68
3zzDs7euxA9c5guPOt7A1B,59
5SOt2NdHbsUz3PyTG4sV1s,52
1FVYBYEobUyWOo3SCNoHrt,52
2xH94bp1TPSMPPPnnSwIGL,58
1sS5IIm6bK5DF1JfEkK8mc,37
4sQIUcgGAJHqIqg5bkIvyI,33
1rgnBhdG2JDFTbYkYRZAku,79
0nbXyq5TXYPCO7pr3N8S4I,98
5yY9lUy8nbvjM1Uyo1Uqoc,93
6p1FD2W6hWIDqbtcmKjzU8,30
7k4t7uLgtOxPwTpFmtJNTY,98
696DnlkuDOXcMAnKlTgXXK,99
6WrI0LAC5M1Rw2MnX2ZvEg,97
1pv56nYCgJLR0qLdO5Ns54,48
2b8fOow8UzyDFAE27YhOZM,98
21DA9SV7Men1ukbY7jR5G6,47
21jGcNKet2qwijlDFuPiPb,98
6IuFbYBWwzcJfOPRGrqjjH,29
4YTyRXpZZH4dEuLfhekOFX,23
4l0Mvzj72xxOpRrp6h8nHi,85
6cy3ki60hLwimwIje7tALf,96
6v3KW9xbzN5yKLt9YKDYA2,88
2WsEw27UpTg43WQiVbVeYB,25
7qEHsqek33rTcFNT9PFqLf,94
3jjujdWJ72nww5eGnfs2E7,88
67m9uKyfr9QRg9ORMRN80R,24
3yOlyBJuViE2YSGn3nVE1K,94
1LCG7BBh96DUUV6MuQhFad,57
48K6PkRH2xYoQ4UHDf0Tjm,23
3ClBKQkKoaUQ6UOhe2xlJK,87
7aiClxsDWFRQ0Kzk5KI5ku,94
7yle4EK9gfIin6lQsAjCL9,52
3v0PmSksPZEx6VfkJCuvAY,21
362CZbgsmoebwBM77B3a0N,47
5DxXgozhkPLgrbKFY91w0c,93
7sQKy5vlPQllr0k9IjYJv3,90
34o7op5h46HN2bbqnm0dCh,26
2gMXnyrvIjhVBUZwvLZDMP,83
0805juC23Tu4an79SGgLjM,25
2tnVG71enUj33Ic2nFN6kZ,94
0jzaoYXonBKCpq4Q9jFelP,50
6UelLqGlWMcVH1E5c4H7lY,86
7wBYgcmeStDfjTWcN19ERz,27
3VyjsVV24RmBIbWJAeUJNu,92
1iSqfoUFnQwV0QW1EfUit8,90
3VEpvUAoN9UBaN2NZ6JW29,14
3eekarcy7kvN4yt5ZFzltW,94
0hVXuCcriWRGvwMV1r5Yn9,84
6E14SIHDOSBQhdg9cRtrRz,18
6Gg1gjgKi2AK4e0qzsR7sd,92
6mAN61JH0dzyZpWslS11jy,92
44evOHkEKmJ5VofpPo0ta9,39
2Ec33AVlkTTq8BHFgBTdQs,91
653aI5kYEj97kuAKj9nY4N,39
0RiRZpuVRbi7oqRdSMwhQY,87
2ksOAxtIxY8yElEWw8RhgK,93
5FMjWAi9pDmZcfnVpBZpDL,45
6LcauUZjF1eXQrgqMUecHX,91
57vxBYXtHMk6H1aD29V7PU,93
1wixeGVawKbkXC2pnF5rK7,26
3QzAOrNlsabgbMwlZt7TAY,90
5stPVcRqb4qixbafP9e8lt,91
1CHLf03EayLPbAaF922Hvs,19
6U0FIYXCQ3TGrk4tFpLrEA,88
3Dv1eDb0MEgF93GpLXlucZ,88
6YCpiKFtSIIxbuB80QoY1W,42
70eFcWOvlMObDhURTqT4Fv,85
6b2RcmUt1g9N9mQ3CbjX2Y,91
5oXStHQf9eqsc05fioz1tE,38
285pBltuF7vW8TeWk8hdRR,92
7h0d2h0fUmzbs7zeFigJPn,89
3zI697olBhdYULrm2m93br,14
4vUmTMuQqjdnvlZmAH61Qk,91
4ncDAlyP3gmCWefTlj27zp,14
2ibt9PNFlYHSFmdZgu9R8u,27
3FGiFUJRRp5RGikVrs6kig,73
2grAr8pWMuLWn8ZYEE9wDV,73
66qZvBrVbGInPDWOF4OHNd,28
0ycFQvBTfuo1LCdG0HhszL,67
4k3uABcX9iaGlt5pRJhumi,78
5Of2gF7CEUd0krACByCeap,26
3TKpJrY9q49Mj1JOsM9zGL,85
1PZG9IBZMCY6HdK2v8kSYo,67
3syzTZ5e8XhloHPecsOoDq,47
1Ia95g66IhlAJ3qVI4qI8W,66
1ToprX3cpBiXoAe5eNSk74,83
6XfSe248nbFmBQJerqaJTq,45
2Mfv5HaqnI18Q9JRv9hqnn,70
4yJiXq86uM56uIfIZgE440,68
7hJmJGSut55cp4jISbAUiV,29
7vgv8KZBSo0TPzyIWG9yzV,80
1e9oZCCiX42nJl0AcqriVo,90
5Bh9yn7uP4ktkFhE7QCBMC,30
7tN0ceaX3JAz6aVtyXn9mn,77
62z2Su8BBGvR50aOvdjPzW,70
5sK3o66yupTNIK6gWgzGjf,79
44pS6uiJC5PX5hTamjd3ly,47
7pecljF8iq39fpYlQvuioL,26
2aPGAJ2N3TDLPY2u4cARZW,58
10l4fLEufBRs1OKFzl6map,43
3TMZVleKFb75oUZpp86KPn,64
4DbbQcjs1sfPFcUys9SbSy,66
2S7GH9bhVzZY6ToOc4T7Q8,56
77azg0CqdGqD9016ZF9jBO,54
0PQsrLxPbOBBwwmXCnGvcF,77
776xH04Us0YBTdspg6C1cP,61
021vQZqzIjzEaLSUvXHjcH,24
1X8mgsS7R6lcKLjDPeQWum,58
555ix1gW9A1QtXoVfCPbfB,69
5Vzpmk27VQ9M77SCkSkERq,77
1xkd8oRmbKHFp8CmvotHaE,40
2bR6LkOC10pZ3udHdZiENF,62
16eNwSoWmJh5GSjN8ECmIp,72
7j2jFc1LlQLNPRwbjrgXuv,64
3PYjJW2UuhMUUP1TSF9NDD,26
0sHc1EEeOnmgjP6QmsR7px,74
0lHYQoSwhIKqUjUsbQygyl,21
54ovbNY6pYLS2PNLQZG9ZY,35
0k3bQrqLGN6DU3kyAr7Q8h,51
7G4JtFBBuMEjDKJLOB4xA7,53
6lL4XxFC1AssoWX7pYrxvr,54
3gMJMSrU2QETbsILNuybIh,17
7k7vlfNo7gD2tP6UxJrG47,42
2jUoKSWTHduXxUL3JomwhB,63
3Ex5RFJRUdpHcDOLXJOVLy,72
0YoquWDxpwAq8jFPj3K8wp,72
5jDotoLtoD4Mnz4Woqcp4V,60
5BczxY3kkmEWeQwqYpQzjP,51
1ghvzmzpx2nnrbx7wtpMgo,74
2boUc4JNob2fuDJ9qReNCI,37
4ih3rak54fNYhweawmNZcj,69
43DC4xda0mFek23gGgMUz2,62
6vzLbfskWigBsCzNdB0kfE,52
0raf3YvklpSoMfXZ9vOH2v,29
58HvfVOeJY7lUuCqF0m3ly,57
07uivRw9i8NFjQbxZQu6g7,37
1E5H5toZnjU17kiPHpmBW4,40
6mng4eWKNqNtIqvBgm1LnR,63
1SV5ys0BGnN6aEsbS7prwt,27
0X8DcetL926BYiPJYstJTc,11
5PTG6rrL6EPFD9E2QMI2pl,75
0TlLq3lA83rQOYtrqBqSct,82
5IaHrVsrferBYDm0bDyABy,82
1ZAyjvIk9YiD76yYy0TEG6,77
3swc6WTsr7rl9DqQKQA55C,83
0e7ipj03S05BNilyu5bRzt,88
2fQrGHiQOvpL9UgPvtYy6G,80
43ZyHQITOjhciSUUNPVRHc,74
0VgkVdmE4gld66l8iyGjgx,81
7KXjTSCq5nL1LoYtL7XAwS,84
0FZ4Dmg8jJJAPJnvBIzD9z,83
78QR3Wp35dqAhFEc2qAGjE,84
7lAK3oHbfEnvUQWosrMMpR,80
6NMtzpDQBTOfJwMzgMX0zl,71
4QIyEq7TcTdAcxjI2AFlAK,15
6wJrqTE6c4NtfDqAcSRcBf,8
4eJpEQTj4jLQNYtuZ8X1mR,36
4wFjTWCunQFKtukqrNijEt,75
6KBYefIoo7KydImq1uUQlL,76
6DCZcSspjsKoFjzjrWoCdn,86
3a1lNhkSLSkpJE4MSHpDu9,84
4Km5HrUvYTaSUfiSGPJeQR,77
6xbraxG0bSBOuAr5IUXmtM,70
2GB1Ioithgz8vsTk72joy8,19
4knL4iPxPOZjQzTUlELGSY,70
2DQ1ITjI0YoLFzuADN1ZBW,76
4VXIryQMWpIdGgYR4TrjT1,86
1fCeXjoRExPP2qwSBh2aST,81
4S8d14HvHb70ImctNgVzQQ,79
0pSBuHjILhNEo55xK1zrRt,73
1lItf5ZXJc1by9SbPeljFd,63
0JP9xo3adEtGSdUEISiszL,86
2G1tXoGBaEMJ7FKGnkf6ud,73
6JQvHMSaR8flFsN53ypOfP,18
6dww8y59MiIREzWonqzGOy,8
2JvzF1RMd7lE3KmFlsyZD8,86
0dbTQYW3Ad1FTzIA9t90E8,71
0SGkqnVQo9KPytSri1H6cF,76
7EoSDrwBPUBeBEORrpvgko,61
5p7ujcrUXASCNwRaWNHR1C,88
25sgk305KZfyuqVBQIahim,87
2dpaYNEQHiRxtZbfNsse99,89
6Qs4SXO9dwPj5GKvVOv8Ki,87
4NzMOnvSJVNKF7nw5NkXIP,21
6zeeWid2sgw4lap2jV61PZ,81
2VxeLyX666F8uXCJ0dZF8B,88
4lKXjLzAV0Nxwln8MxHVtQ,60
04ZTP5KsCypmtCmQg5tH9R,80
2BgEsaKNfHUdlh97KmvFyo,83
7ef4DlsgrMEH11cDZd32M6,85
09IStsImFySgyp0pIQdqAc,84
4e4fqjx0Izh4svvTef1z7e,71
08bNPGLD8AhKpnnERrAc6G,83
4w8niZpiMy6qz1mntFA5uM,83
79esEXlqqmq0GPz0xQSZTV,79
2RSHsoi04658QL5xgQVov3,83
5N4erncE7kuUccm7zEmwzk,81
4VUwkH455At9kENOfzTqmF,81
3oDkdAySo1VQQG0ptV7uwa,83
6Gy7rXB6Ku5vIWC7WGWsl3,18
5WvAo7DNuPRmk4APhdPzi8,77
3Vo4wInECJQuz9BIBMOu8i,77
4PpuH4mxL0rD35mOWaLoKS,66
7BqBn9nzAq8spo5e7cZ0dJ,80
2LKlHBPHxLG5ArAXfF148n,58
5ubwXXOsH9bUhZsQ0Cybha,68
2G7V7zsVDxg1yRsu7Ew9RJ,83
5Xn4IyTtW6FUGIUyWjbUHG,71
7FGq80cy8juXBCD2nrqdWU,79
2robgg0p9YjF9mc8NzhOSp,0
1A6OTy97kk0mMdm78rHsm8,24
0d2iYfpKoM0QCKvcLCkBao,84
0QIjsbm2fh1cJ45XO9eGqq,78
32iYwQ4OYiurnGnOfJ1aEh,5
2Vx8E3K5icPZR7OCklWBXX,13
5DfWF0jqMgZDCiu9zJENTA,71
0bAkKNCQfWkexHFn7fIKns,18
1rfofaqEpACxVEHIZBJe6W,84
1v1IXPXl73Z7zy6f5tUa9n,6
65NwOZqoXny4JxqAPlfxRF,9
2XW4DbS6NddZxRPm5rMCeY,17
3ee8Jmje8o58CHK66QrVC2,87
4dVpf9jZjcORqGTLUaeYj9,77
6HZILIRieu8S0iqY8kIKhj,79
10Igtw8bSDyyFs7KIsKngZ,77
6AoYWCzsDls6c61Zp5qTuU,69
5hTpBe8h35rJ67eAWHQsJx,77
6jmTHeoWvBaSrwWttr8Xvu,74
1f5cbQtDrykjarZVrShaDI,78
4PzovBqgnSHKd8opsP7IVM,66
5Z3GHaZ6ec9bsiI5BenrbY,83
0P18iWGMS3lGwFBCOPHhYW,36
5NvDgnK8XNqcJMVUHWfpD1,40
2UpzG0eNTF58A5Z2XkqlI2,36
3ijQVbhH7ste0tjyY2truU,41
4sYpT6DUbqdeDiyzHFaW85,36
2DJFNq3kEgMh9lvttNYABX,35
7vTbo2J14CbCiZVvpSaRPj,36
3atNmi0ectZnhNaQTAEleH,36
3mmx1lskTHYD7YfbjKKRph,36
5yUwT2A4yW4XbWhnZC8w3D,36
5WQ1n3UpxH8avNUwZhhCZ1,37
084bAsP5BM5GdrkWyLZD9m,35
2Jo8cgekbxruF86lTvTKmw,40
0I3q5fE6wg7LIfHGngUTnV,77
3jagJCUbdqhDSPuxP8cAqF,70
0ARK753YaiJbpLUk7z5yIM,77
6zMUIb4uce1CzpbjR3vMdN,71
1aWV3uY3SIEZVbmv45oFWS,66
6MdqqkQ8sSC0WB4i8PyRuQ,76
2vN5Hb3lVKRHj0LzBvafzo,57
68vgtRHr7iZHpzGpon6Jlo,77
3RmKpob8xzv1pzHEQrMJah,71
0weAUscowxeqDtpCgtbpgp,70
1boHm9rjmvzxpJASd9dnGK,59
1KGi9sZVMeszgZOWivFpxs,79
7iXF2W9vKmDoGAhlHdpyIa,71
4RY96Asd9IefaL3X4LOLZ8,71
06iMqWThw4w8fTFyccvOwr,13
2NBQmPrOEEjA8VbeWOQGxO,67
5dNfHmqgr128gMY2tc5CeJ,70
3u9fHuAtjMY1RW2mZfO4Cf,19
2mKouqwAIdQnMP43zxR89r,72
7H6ev70Weq6DdpZyyTmUXk,76
2qOm7ukLyHUXWyR4ZWLwxA,74
6FTJuZtQZvmPPRFmrcno9J,53
00LfFm08VWeZwB0Zlm24AT,8
5xV0Czdqefft6sPDqjmFBu,64
41bIQPBE1lFN0mmw6Lmssz,69
7FrJV8tydWEv1Mxu2mIQrm,60
04KTF78FFg8sOHC1BADqbY,71
0YImOCkIJ2PWhCXaURCZnY,66
2QsZVnbWVSjKMXK6K3uRBL,73
2iclfHORMqpR3TxuhwVRhD,64
5Mmk2ii6laakqfeCT7OnVD,65
4gdQ8QShlC3toP9Mkc8DwB,65
1Bt6TZfF8FSqdiHPN0vy4u,17
0l3GEbH3CviUytD6iX4wzg,67
4INDiWSKvqSKDEu7mh8HFz,72
6zsk6uF3MxfIeHPlubKBvR,70
2Lg4kvhOrPhpGEZmSe7VAN,12
3G0yz3DZn3lfraledmBCT0,74
4ZOyH6KjomjlqCz3oFqglr,65
7mH6VQBSmMrvoL5LkIs8Ec,37
6pWzCKTrKrwbUPzY8RLCoP,64
6mz1fBdKATx6qP4oP1I65G,72
3dFwpxh2yH7C7p9BGEKLVB,65
20LxTsa6936zOlzTWqoPVt,18
7lVNTXkI3cHFvcXiI8damb,64
7k6IzwMGpxnRghE7YosnXT,72
5mNV8Mz59bzyuQ53gTw0c0,67
09xGoSMPNhCqctq7x3HN5x,35
7rOIWUhSfjWh4E7443PYE8,7
29LHe8kG3PraghUZOZYsw4,58
4zYTZvtcww7OWKie7fxA9E,60
0UNTBB02C1aB55Fu4H63qd,60
7uKcScNXuO3MWw6LowBjW1,74
49eAIPivcw5idA57ZWnp5h,55
6Wt5QBzHp9vdSLAFlvdnDQ,67
47TqCCnEliDp8NRDyIQoQq,67
3uVE5vLKkigiWBOQEgmdDk,62
6lrRIfQDcikJ5y5DtyZPuJ,62
5KY7zgFeH2GWoL1zP9mME6,1
4LFAONzsrPH6nIJXC7qIbm,0
7C86DVl6REN8VPeGEMOf9q,61
6ihObRBTB8xdSH2mlERtOX,62
0FmCLEHfINGqwlyzvklNqy,61
6CbcdeTQKj0qTaZTt0xkdk,62
3kgutGd839IOYRl6ekeq6V,56
6iajHa34cSiD5s42Cq9miJ,57
7J41dYQolQJEtj3UmKLu5r,70
666NLsbWOUP3Lo0Ji5U0FS,47
0F7rEdewJ6cSLylOZZpDu7,67
20sdO4xL03PJrBGiieiDNk,0
7wBThXx7BGZHJJ3aN3OPvv,67
2yr2HnFYl7XvqJk4fXoQBt,68
1zpu1PZ8ecmcX525Z3X8cl,14
5ojJNnX5ND2gMGojPd3NiO,61
0AcLrSfAEBQcUnHOTm5pXg,51
6sHsXIJoEN5JpdkGMQDJxt,66
1yeLSqz8u8ip9NnzjGs7lQ,3
7z3N2W7Xz1t2G2sAO8wFVH,66
6dZ6qWl1e9GsMndBG7vqB9,60
5qhlC4Rzals34zxovrPzKp,63
6brl7bwOHmGFkNw3MBqssT,77
6x9NTpcvNmfQpOpxMeC4rL,0
2cxbxpHrND6i4uvUGVvC9J,62
5PCJldueshnwqQVjS16543,59
6uYAPqxP69zfpCbsTHXgiz,62
2b8QQqf8Vwb7bfz22ja8Fk,59
1m2xMsxbtxv21Brome189p,64
1Q1jlFs004vwB0DOznii3K,51
5GorFaKkP2mLREQvhSblIg,70
3B7i9OKRRmIsSBHEbJz58Y,66
2cYZpcIV39X48RnOFM7w2V,11
5k3VjTwIsOjQ2woGz3Yx71,62
3LGeYNY9aWQuBJovOOowqm,59
6OSmeoh8kXhCfz9WqvzDoJ,60
6NncjnSD7JLEetWb9KqMRY,70
32UioUCnMFsr2UN7SvDyXj,3
6mwA6YiKDjAUG8kWvRRUPh,71
5L0KDoZklMgs9GPoonneEl,63
39YovPslPCXbFYhlYjsZ2Y,64
60jkNKC1ALVYGyPTrhGWul,42
1FY81Z8My4fvyfwVlLcZ9a,23
6n8wMpVpde4iJXAue6VHEL,35
4VginDwYTP2eaHJzO0QMjG,49
79jnlnoIO10lPegK9Glfc8,26
45Egmo7icyopuzJN0oMEdk,79
07ipXN6CNTw34qwSYePKpg,73
45ZGEdLxCZvdMX9jWlsAAx,36
4zRZAmBQP8vhNPf9i9opXt,77
5A6BJLZArq1MPjsnmcuk5f,69
6C56edNssJGjkPi3BnrGwP,66
2iUXsYOEPhVqEBwsqP70rE,84
0fTiDOXRNEN0lUeYGoSHml,69
4tNXntkAzQ5A2dfYRYGIIQ,81
2cooNqkhh52uvZJeHTHUm4,11
0TMGV2zMZXOILVtQLtkI3G,72
2Ad9IjMprXPSqjcLwCy0aO,12
6PYnUsNEpYC7A4BS2sjw3L,77
6LsAAHotRLMOHfCsSfYCsz,84
4evmHXcjt3bTUHD1cvny97,89
0TK2YIli7K1leLovkQiNik,93
2P91MQbaiQOfbiz9VqhqKQ,79
3XEdqQtGHAM5huMrs3RaKN,65
2CPLHpu6yj94dpuQ7QDDpu,14
3707IBa4HnS3zDDoWfeUBl,74
1SNiXDwSilLujcYdvfqVpT,62
5i2JGF65pHKSfMEjSMrBC3,77
4vlL7HTI5eVGBYOb1w7Goi,64
2tOOcDDYkh0PSjr6GwPEAJ,78
3Yh9lZcWyKrK9GjbhuS0hR,83
2x0RZdkZcD8QRI53XT4GI5,83
2v00WuRHH1WdnXxlHnyURi,68
6hLkeOMrhZ2CMLBp2of576,74
22vgEDb5hykfaTwLuskFGD,87
2jHDXNIbElEsxxPQ0EVspA,61
2YXEabNsLoihw7kBtiQpSa,54
3KkXRkHbMCARz0aVfEt68P,88
4cZ3UsiKd1kUQIaq4BFIj2,79
7yfi8B8opXjnRh4VZnOkz9,76
6moU77g9RQyMzHNuKEaQKq,68
6wo37KVqFJhtuxPTpLCcfe,67
2hnxrRNzF74mdDzpQZQukQ,79
3e9HZxeyfWwjeyPAMmWSSQ,87
1tNJrcVe6gwLEiZCtprs1u,86
5JEx7HbmvHQQswJCsoo9rA,82
2Yer0p7uB2lVBUAtANuuQp,75
3qLBz3j26AHO2jBYUQWLA6,32
4GqkWberT9cHK9P6REykBd,56
4kWKXJFIuBhqJx8H83mCrq,19
7mkT9kS25nUIoNkm02Ww0n,60
3aQ0R6GcuBDcbMq2UzYNhk,31
4LLTqpc4ywNrx89seBQi3w,59
6mEeutpoC30B6yALroRlFW,58
4q7wdKi7TnNdx4zA9MVLP7,40
4Vk9JVC3eBEY35i7JgkSTG,2
4Cfn1AAAAUJC9cI4AwGAld,45
7o7LWBj18034zYmqRDWOff,22
5hOaRdlUqUSZ5nv8kQx1DF,45
7jHpuHfI0bhd4gYiz7jVL0,37
4TdQmsHwJQbCaVSen5W9Zv,2
5vqMxpcsEzarRT1RSNM52X,35
5nkAJwICnwnzsriZCcastc,38
3tcmqEQe8CUmktxtlZPow5,1
2xq0fx3i99PG6VRc4EDc7B,42
1b5Cgfs0La5peeZ7Sw7y6y,58
3pFrmDEYiSfvTFvTdqO6kY,1
72dagJWCsNeAmHYBdQdksq,36
3E4miyUPbCkdMoPGnJaPmv,33
1geAoz2QzafYdcLYTTlCzB,37
4muAGMNipTEtIoYfMa9QL0,17
4XRQgH9uA2hNcphAjSoPUs,37
3oVRuQY34aspcdgEWbL0lD,35
6L5QcgxgdqWAh9fknzChJH,2
3k3rsujAAKrvCXcyCzFtsU,32
2BkIizhyucfTfpnT0jcLCV,34
3wWmZKqmJkQEdsfIsncoFz,1
5J0Fpi2pyDBsRmEYTpxAHD,1
2RJA3aJLOKR1Q7xBQKDmy4,36
777LkVsyeIirHbJUjm2JHf,2
5mf78CsTPJUOY2lWWbd8KB,32
5b3H9J71t73nzr73pvEWrC,1
3JZteSHBgqZ8T1SWNLr56x,40
6JtxiSAgxUwo6VvkA7oLpd,1
61XUS0rxs5k6H0mtgAWKnm,31
5HjUkIQgYnl5JOSpmS494a,4
2YcILFkmZHNi5qCqgP9F0R,37
2Og7xHU8mVnIJqxQ5CFoyN,0
4ghmwqS5ipMJjmiJwKsugt,34
5zDZO6WqKkGk4oa6fkFLwH,31
0udJrKQOgJz6TwZXuhi7IM,55
1zQPmA4n3euo6UEV4R4col,33
7mrdHjkfEFTXCniqDTOYHM,32
23DqNr2t9vvi1tiS4vYqUB,33
5B4aDOvZnl4A9JYBYAksIl,34
6lDTR2JakgO4nyaqASdtIT,34
36Kg94RTJAgnTZbGwdVjJG,36
2dJrn376fJPUCj1f4txnRQ,52
7b6xD3ols9DgVfj53SmENK,34
44eriZvPXHtb065mbCAfeg,41
57BqPLE4mvQEBh53JWxgcI,0
2Fw3Heu6kvivVv4S3JOLs0,2
6V4ih85eeVrzdxiQz8OeqC,0
31iIGTRrL3X0RfOM6zv0Mk,0
42zrLbtRnhMwVN6T43fRRp,31
6IievBse1PXM8OSR6GkjSs,31
7L9CcpZEfjZQT7LsZuQFWw,32
3TXIXYKb8c6Lj6v7TcU0gB,33
3xSdEH8yjB0hiCcj9CG0xR,52
2idEuX7ElWNgZJ6OjSThKs,0
7v7ytRZIWuZuNxXSGwxIhK,51
1lDPD85vlOjj4WmhSrpswH,0
4zzi2eD2cEPpQ3a307mPPj,64
1lEoFZKzfqvuJxap6zUxiJ,39
70OBOxYnVHt07Vgv1KgjKu,34
28LJVZ5PfkIboFoW0J4GgE,36
65PXViRNbmck0eXI0qhB2G,37
7GXfXVnuqATxCs6EQoDcVS,35
6yP7UyRK6TVncJSvgaDJnF,30
525z8O4TTjzSn6gfLItXtd,31
6lppKNQ2cJmxITiSRs2952,31
0ELVXVHz8aPgwLySfkDn8e,3
5okFkhRbWOSDWp3c15ouMB,0
1MQGtGT7te6yAQMVKvvRbs,0
7bqtShG4VYS372JEtHLXRp,8
7hN5TKSdRb56uytwIpcUES,61
3e5eR2DBoHD2qR4HN3YmTv,63
5yGs5BtZC9uN1VW0lKfgwz,36
6EmwBRFDI25uukoQ9jCU6J,41
0EkB09i9ohIUnsw45jzEyf,4
7cQ2x6bqiOKWzKxB7Rp8tc,10
1Mw433bxzwrR1boiIcovdZ,0
5TCgrYo0UKc7rYt3VfR5L5,0
2PtX9ivW736enJeAIY5G0h,31
6xAdFwLNed6786FezhUMVS,33
40gDRdKSnvuYSESfYOTLyH,28
0jEaPBjFAWjQTMVouRwaHi,30
0ShbiDJGWaMyTimkimVohJ,35
1ABTia5xv1oYxqL5EFbf43,36
3ei99dge15PXGB99SCSA4y,0
4MhBFMMibAWuJv8zMQWrKA,29
11q3nuWgsWqcrlyiJHUanA,30
2dcZFrC8XkdxhVxmb8p2kO,25
7J4jNen0x3Y8Gy89aRIzyK,33
4xMmjrefx4NlEOHfGu3EQf,47
4LOf8epMgZYgYJrt1CesTp,30
0VSzREd1OjEWJ9tXoFHRQH,76
4wNIkl5XGiAACjFBlDWuSd,73
6CCcI6EsbZ15NsCAMJAkpC,37
1cVKUG271zACAUfhmxfRuC,38
15MWfFZSfxpyxYkznIYvas,35
7B8WqbL0M5XfaexaGuaSps,36
7FIWs0pqAYbP91WWM0vlTQ,79
7K5Wy4RzaRe6rGljfVV79b,23
6BabTz7xlvjvBYpbXwbNRo,6
2XHMV6S9lLclZ0rSkDw70L,29
3DPJEOJGsRhGOMsPpaYrjN,28
6EPdlx9eswKtXURKId2fly,41
0rsRJOlDJxfNPNTEALa2t3,73
2IB77wzVzpShM5yXEzATTN,6
3RZftiuTcLOqpsd8ZlwNhr,82
4WyG9lfJYVuzwHbDvhNtoq,14
12CL6TcFKzLTuAsLmCNS9h,0
4p0GPGPMDjZMwX5h1ZmWFG,12
7dGdGfL1kCBlF0KdHWJ466,13
6hypt8VPJxeMXTTcRUHS86,71
3N8KmcY4Tf0tlTS2H2f6E8,42
2G8mZq5T5bRjUxre7Q2xL8,25
4Z8QnxDfNViSoahxWd5VVY,35
1L4WaFZD3tuXbUCMO3gSWP,18
5bWS96mfbc2Fx7D65T2EoM,25
3ZJIaADn3QkIVjhK4z2CQ5,37
6l8mL6FjB6Y88af2z11Syq,29
2mm880PaxmvSkhMwecfo7N,26
4jfLuPdSrnXNmO7dJuKzmS,44
11BhB0Xhbnb9fM7xBGo1Eh,32
2Yfb1UcqSW7V89fxRNafqv,23
59xtChyU53MnYp2suvs3Lb,15
3WymtMDNolaLX6V9pZsBQ4,30
1WUfx6nUmCSQqdvsi33Osm,29
7hzWjHAnpzmR27WC3eCufG,33
4yM1BPrWCJcD3QyrpD7d6l,29
1ZPWWSwCkxKfqdp4H0RFCo,71
2KNcZVhWGMR0EqWACeK0On,19
4VQBQwuYMTSMUYoz0GJBw1,3
6FbPncqw70zSCpe2ZWj4cY,17
3B6Aqr4Xee9Pcn0l0tb0pz,16
1GUEh7YxdoECvU40ZZktSR,19
5bvnqVuq7UFl0txSlHpsfS,84
54yCP5dfn4uvU5h37aE8f4,75
72rzduhlDebH9vx2HIRkI5,21
1bNw2Lwb9abdDkb4zt3rxo,16
3vUc9WQpoca15404jNdzf9,79
6Lhr0nv8Rw2un1DLqvKzSq,20
3XUm7Z1ZVbqp7E97CrIsPv,20
0X9nRm29fiHY1rKSpm6Jc2,26
3jDQoVjJTcw6ygQ5S4Bgvr,16
4Z0gtYSdDgvBwp7qY8ldTk,28
6VtpT3r622dU6wQ9KW72Pb,36
3GxxNnyB30B79p55ksd2Nr,39
2cgnMQKDsuDhmEgpXhipvv,17
22Zsrf8WlrCQGRMfGQVgk6,14
38ckbCdufHkxdZkUbZqh3V,14
7coECL6CpS9vzdeP4K64ep,14
5d8oGGLO8aTA8meCTykKk4,14
5yHUArGjDAbBh4rD6Dleuy,16
1HfMVBKM75vxSfsQ5VefZ5,93
1RL3FJflxMXmdgfRdUnFmz,34
40nPimvmG05WYS7983bawZ,73
0k47yi2yLzGLUNGzpEfm6g,27
26BkXpWAaajgL2Eh9TA95B,61
20JtELGPfOAMq7FpUt8eSM,62
33eWsboXBasF1UwZj6yzud,34
2wrJq5XKLnmhRXHIAf9xBa,91
0Z26mbSHJ1dkUu7g9DDgif,80
3TTMUI5dFcbeNSDTTDY9M8,80
2zjGJ0dChMR0KxBZS15aqo,82
2QpGZOhTCHHiKmpSO9FW4h,85
43rA71bccXFGD4C8GOpIlN,79
1lOe9qE0vR9zwWQAOk6CoO,90
00GxbkrW4m1Tac5xySEJ4M,78
6gaeewGjNiQhWOUkWRSLTa,55
1MCSc1ZxlwV5muFXKocAnW,75
5BAJMdCQqax0oBQigQTl5h,53
7oaBMbnuCEpraQhQIz68mE,56
2JbPEAf12Ju2CxSIoZC89d,76
1qMx707PFdFXdwLvcUTNz3,75
56lD8SmNjspcTYkWp2X7bl,52
3qBtltssunsFuzn6DxXI0b,70
4H5arInh2BLVz94mIibTrv,70
0sqbGUEecNagMilnntIsuZ,73
7piIo15vVy3ULGXSpFs5xc,69
14lgKkkbNsJl9fItqnEfpV,69
2dxky69jKzbtUfA3Hl8Nuo,14
7wQ9SAdzNgJ7dR1mXQiYfF,69
4ZDXr7IdAGV5R460jt6k7K,34
2J9TGb5CRT4omfAgnKmXn5,69
4QkibOQBBrpdsCgZBpSlgQ,61
22wcpWIq8EUqcFoF6wD0gg,52
7bBIBrSmHvdMlTC7b9p8Vq,67
1jhHPnmgZepKU8qX4VhRZ0,70
6bMfEx9nIYsmFjiJl6P9NY,66
0IKfkRzt3d1FoNla2dKi1J,67
1fxN28h8ytz7g5B4ci0UlE,65
7EpuQtsCpS4uKGtI1ACa5u,61
4SpV49wwekArulAVjEez3i,76
443cnFF139Ql85enXOTWEu,69
45zJRuzK9e6AO527NOW7Fy,71
35QutYlXHDefIzlO4GjXjk,64
6qrzETcLAmhkNW5PbkwcJI,67
18LXrvm337xqvFxpaB9Puj,62
6lWKO0d9288UeeOfVBTCo7,67
0vUhEAJIaTGqBJfDsOZoNt,62
6dvhaeKxtP4rcDZ55fnqua,62
524euygKKFWurhvIdSrkg6,66
3tSiJqSOzHrp828XhPXkst,68
3jcbK4G7epSetifxuR1bZl,44
5Aw0QmDZJZID69ZcTvEzXI,65
4Z43nMEiOiNeDrqu2BN0JD,71
7fXTNTj6tiyaIvcezY8k5f,8
2p0qsfmL5oCtpZ72tuMwHN,62
1p9E8WC4aTSzArtqdQI1F5,62
2tVNMtgZ2CQpTx7vgcuTkL,67
4rwKn954sAK61ojiPVIxuP,61
3fsalArvHxFixTCmxqLreg,59
0iRKVjfQzpr41T3WsU7shl,73
1OvoC77TS6iKJecRCaq0hN,59
3xGD5KhnizETt7KQwxtUAc,68
2aPnpV1hT7l3eP10uSGK6c,67
3jWXXk597CC7e8fT1ElB7I,62
3xALgUxUFNYIrbMew1sbnC,66
2ccyIFXCsi1daa3NcaTSLs,33
3EQIkAelrWDtmSe7aM86BL,60
6oDAlwyZAHxi47aAJ6Kvw7,56
7jkZflOcHyeFz0xzaOZRHw,59
1h4AZ86s2CLQ9owJ2CCUtQ,53
0swoHiwTazywpoqiKDUtGQ,64
5zGZt4xazXtNXhwEAnSWUV,61
7l56nY7NMP1QDdWvRdJmmg,66
4bC3PgzOLeqOfluhN3nMpf,47
4vmOygVwMDClzIlGr6s416,52
47LHVzNyaNQvjvhgn2GVYN,63
1SsWRcS4w7tPOjtCy3sXPK,51
6e75CS2hDy0ABDiO6Lj0wO,56
1hf823Dtg12gHo3d2R6Ne8,50
585ulENUQU7VIopVRL3eks,58
34RaVshrBXIINSVrIzW47P,61
6YrDRkcDktxgsPcH8x77xm,65
3iTpi9Fv1k8cKtUDgMeJpk,47
143xRgiJanPo2U5RIZQdqh,61
56bezpis8hmuC1MxaVEMH7,51
6Rg0AJvt1xa4hR2QH2fUhb,66
4b8hQaPTM7FhpOOAkKBj5A,61
6pDqB2dlzxB2i9Inu4h3wC,68
3LHhmiUuQtT1UpgXlGOIEH,1
70RrIIfbY4OjEdX9xnVr3X,51
0taheMDGubABEnocamFyT5,57
3HoYNJMxEgTLKiMXjXeHjs,61
09YXhYMYIHZBHVKGEQrSQF,55
3zX26vtXy3tRbbKPEQTaTD,51
2985JpMNKG1QT5i4RSjehz,63
23hpOtox5sIuRqVBVVJxsO,65
2qS8NRov7B0s5zhF7wzy46,60
2QeCyjLDJ6qDJsCyofrEW9,63
1HOjSh3MEhxd3xJAgcmyLC,53
1ABG6ke9SdUK9YayVafbcX,61
2eXLx58ykMF6jayu2WZpPt,51
2ReQoOCGRsychjlu0bQH1U,48
77Gcau9O0kh48tlerpi6rX,52
57kuq3bJCohw5rUtT5H2gN,40
4V6XEuRKywWL5ke5KfBZeW,54
26fw0kxJC9jfo9iPt7R2Yp,45
45TJ2v9c74ynHlcMUy9YMc,43
26weKXYQLd1U71iFtNVV6X,59
5GjGs4VemQDxf9ezVFhT19,46
50Im1CDeBfRbJUPacCEIOS,63
6yDFQ5pSSYm898mHT9J96d,45
58WNXhD8ZmIKaHct6kydTO,43
6GLmGfALwjzCaOiHwgfU7g,68
152P4cHV0NmWOp8Ee4Yqxf,49
1M4qEo4HE3PRaCOM7EXNJq,91
070hrICPvpyzXkbqkRC7Ao,35
5ZULALImTm80tzUbYQYM9d,92
5Xhqh4lwJPtMUTsdBztN1a,79
1mpD5Q8IM32I4bF6eCpU74,87
0bMbDctzMmTyK2j74j3nF3,85
1VJwtWR6z7SpZRwipI12be,85
2plLJpUcYPFrl1sW2pMG63,74
3Ey11v2aiX14s4wBaYbhlp,73
4cOVTA2GfYTHw99AJDQpHo,67
2kJwzbxV2ppxnQoYw4GLBZ,88
2YpeDb67231RjR0MgVLzsG,90
314ZkcV7oLWG8yWE7LABvH,83
51Fjme0JiitpyXKuyQiCDo,91
44ADyYoY5liaRa3EOAl4uf,81
7LzouaWGFCy4tkXDOOnEyM,87
6fTt0CH2t0mdeB2N9XFG5r,84
6V9fHiv84WlVTg7CSnIVY2,87
09oZ9eXQ2fo6YDrPzJqAoP,75
4VgYtXCVJ7IbWAZ5ryfvEQ,82
3msKIQc0Yjuz3Zn39g3KLX,71
6TqXcAFInzjp0bODyvrWEq,82
4yI3HpbSFSgFZtJP2kDe5m,86
6XHVuErjQ4XNm6nDPVCxVX,85
14sOS5L36385FJ3OL8hew4,81
6oJ6le65B3SEqPwMRNXWjY,87
5a6pdCHlWS2ekOOQ70QnAr,88
4hPpVbbakQNv8YTHYaOJP4,85
1abFkY2jm6KDFMZ7RD9YJh,74
7BKLCZ1jbUBVqRi2FVlTVw,85
0t3ZvGKlmYmVsDzBJAXK8C,90
3OTSBoYKO7HzGVj8Bu2OH9,74
2QrXzOqLCVDRZHkToA0tSR,74
3HVWdVOQ0ZA45FuZGSfvns,90
0qaWEvPkts34WF68r8Dzx9,86
5ry2OE6R2zPQFDO85XkgRb,88
6Dma0t0hOe6Bd6u5YRKF3n,75
0DiDStADDVh3SvAsoJAFMk,86
0rIAC4PXANcKmitJfoqmVm,83
7fPuWrlpwDcHm5aHCH5D9t,72
1mzARUs2kMMxcKh1ome5aX,63
1DFD5Fotzgn6yYXkYsKiGs,88
0CZ8lquoTX2Dkg7Ak2inwA,79
27rdGxbavYJeBphck5MZAF,79
56AMYGJzxBO6p8v0wEe9de,86
58wyJLv6yH1La9NIZPl3ne,85
5A1w94uzc1kO1Zhe8WWxC3,70
3yNZ5r3LKfdmjoS3gkhUCT,83
1yTTMcUhL7rtz08Dsgb7Qb,76
5WHTFyqSii0lmT9R21abT8,85
3H3r2nKWa3Yk5gt8xgmsEt,76
0BnTBAGmr9FtYwkZrwKhwS,71
4aPB8rSxGFISs0o6V2LrTy,69
7jqDzXJS0K0Re8uphYNit0,11
6VpQdig9pdpTSIFItgkJV5,66
2dIPe4XdBLUsTZGqPIuKXb,4
2bllegdYt2WoYdbRZyJ730,46
65fpYBrI8o2cfrwf2US4gq,77
5Gu0PDLN4YJeW75PpBSg9p,81
1L3NV7VrCiuE8C5QlhdeQL,52
2amzBJRBPOGszBem4FedfE,7
0P6AWOA4LG1XOctzaVu5tt,76
4V6MRo0CEAC9MwAm7dkPuL,63
2Tq2R8sRftNEqdgJK5HadO,9
2xmrfQpmS2iJExTlklLoAL,23
2z4pcBLQXF2BXKFvd0BuB6,70
5H9H0i7UCmRDCZRHldbmhN,65
45aBsnKRWUzhwbcqOJLwfe,78
5hM6sP0Gh1jD57drszNueC,12
7eFmN6wnsb7WowRKAqRFfs,5
3HMzCcVRL5fHNF0Uv73LFV,7
0ofbQMrRDsUaVKq2mGLEAb,26
0OI7AFifLSoGzpb8bdBLLV,73
7Ed6BkggCS2KaKY5YlINaF,65
0OlnLZY4cmQzT6ZGttvWBM,72
2x0WlnmfG39ZuDmstl9xfX,68
0tBbt8CrmxbjRP0pueQkyU,82
7krbSH3rd8lhIZvuzTV3Bl,76
2hl6q70unbviGo3g1R7uFx,69
45w70aQhNwke1yrQZO0ffm,54
1bhUWB0zJMIKr9yVPrkEuI,77
5hcisvFMidkMJlElTO9Qmw,74
2LBqCSwhJGcFQeTHMVGwy3,67
7L87B1YWTT11I0mSAEYEOF,55
0NqZ65jPelNB13gzsvH2Ma,66
1hfoihnGAryxcax3xUfhKv,1
3tZs3nVjySLbL320lP4mvs,68
7HFMdhQYWoedaefIWFin6a,2
0WqfoaxUvOhkOcUYv0rtLx,45
79cuOz3SPQTuFrp8WgftAu,25
6Pw3Gvw4wNMZfTYZa6IQal,8
2ekn2ttSfGqwhhate0LSR0,83
5mAxA6Q1SIym6dPNiFLUyd,52
3rvKAT40Q513rnm4uk0vpN,39
1O8qWS9w2wI3jvPX8hg56W,52
00QyLmjxaSEE8qIZQjBXBj,59
6Na5uKk5SsqZimk0hAWo8y,70
2yJN99vc4E293iA9boIpj6,0
18S8NgrkbiJI7x4sk9jqMo,1
0KKkJNfGyhkQ5aFogxQAPU,82
5Db9VIdDsN5yu3Eu7CT0i4,21
3VlbOrM6nYPprVvzBZllE5,76
64GRDrL1efgXclrhVCeuA0,76
0w5Bdu51Ka25Pf3hojsKHh,74
6t44iU80A0h8WQ7vc4OoRj,64
60eOMEt3WNVX1m1jmApmnX,64
6QgjcU0zLnzq5OrUoSZ3OK,81
4nYsmWkuTaowTMy4gskmBw,12
2Kgm7u0NqBWaD2FY8vZGk7,5
5VnDkUNyX6u5Sk0yZiP8XB,14
1NtIMM4N0cFa1dNzN15chl,12
5xTtaWoae3wi06K5WfVUUH,68
0FE9t6xYkqWXU2ahLh6D8X,75
6rPO02ozF3bM7NnOV4h6s2,76
5GXAXm5YOmYT0kL5jHvYBt,70
09oCOptpWAPyV0gqxBUCJr,3
3Te8uLyit6X3ncNW8Fp3K2,73
5wldXGLEOoRXxMWJ8rIUWE,17
4q8PHoRsPUB52LFylX8Ulz,25
3XIIOCu6B8PuGq5j61asEM,14
1wjzFQodRWrPcQ0AnYnvQ9,83
6PUIzlqotEmPuBfjbwYWOB,73
3mau755ebHNf9B0qXAQXF9,46
27vTihlWXiz9f9lJM3XGVU,63
1Eck97uRMlprKOOJN9oO1E,61
542Xd5qDeLBvgXZXhfW7LE,44
3FsBtu3gdlfZjBLXyDvmj1,11
4iLqG9SeJSnt0cSPICSjxv,23
10GJQkjRJcZhGTLagFOC62,76
6uBhi9gBXWjanegOb2Phh0,79
2Gl0FzuLxflY6nPifJp5Dr,69
0owbFAS9rCBSqJYly3fMbE,40
0hNduWmlWmEmuwEFcYvRu1,77
4tVybkClyH0hjL8jzMq3sH,56
21xFsQzlsh6cr5XIDqKc7S,2
3Px934J0dBoCmpUhUuCQkD,4
2TYlNJNjw45KdmKr5Dh2mh,41
7z72BGlsE21horfWo8hG4d,3
7j1Q7Xx6Ozn5mUJfrqaSjp,3
7jZHUhAmW5oq1cq6s8IxmK,67
6FzYhrPQqISyxCTttPfid1,43
12GEpg2XOPyqk03JZEZnJs,69
4d9OMbRg62jAFaqsoZ3M6z,4
5Ohxk2dO5COHF1krpoPigN,80
7qiZfU4dY1lWllzX7mPBI3,86
0SJPThTy7ynySPF4euczx7,13
50kpGaPAhYJ3sGmk6vplg0,83
37FXw5QGFN7uwwsLy8uAc0,70
27SdWb2rFzO6GWiYDBTD9j,77
3vv9phIu6Y1vX3jcqaGz5Z,73
1q6xOQsaMIKNfdu8cREwV0,22
4pP59HlzHAwxIynUHCegzv,39
1RMPNcsNPhAtlpzbuSgH57,0
5fyRqeycMofUoGmDis5Gu6,58
4tph7twTQ2WSXfSG5Y25Cp,48
7fosRYilkKo0Q9zImXjNFN,17
1fb6b2Mas9q2mWxJazzeRI,47
2B6vczCll7IwkWI5w8WdkN,14
3dnOzRIfSrxwuS4Ap0KrVs,28
0ku8dvIJXFh1k2zzyNQ05a,31
63wbLMdKSIrmnxctXgbXaF,38
23fpN59eKYkAamj59i6AKI,11
1MTuMmE767VPw02oNfEPSj,0
6Ius4TC0L3cN74HT7ENE6e,78
25kGNSv0yGXZKaC79xzrvg,60
1pxqTG8ym0YM8JVq0B9CnG,13
3405QhxkGLYlHMsbn4VMpa,0
7tmfrvAm84ntXtwbn1ybgt,44
5PiRqego6KQfP0Y1PgdsWp,22
1Rph08kAUnVyg1FWcjb0j4,26
0qIuovp55BJg9tSmS2ZtFK,7
1u0sBsUmdhsIlDcp2Z4AaJ,22
6aldtNKtl5yHkKlwXH0nIY,42
67kLHRXKEjlfz6KrdVM0eU,41
4JQw0PQNbmmOwkFf9zgOj3,22
5GqfECiGasjkiAbarsHscK,36
4JhYM5LvNi0eyf6ah826Dk,13
3KapR70eIR6Zm3kJfG4oB3,59
0Pa2lIbEbjEj8crftEiTRC,13
5hYEaLnayI7QbBV9vXyu5Y,36
4CA1los1Xiz0ZNgK5kvVbj,32
7u5Q1iDGYPuqaqWhvxz20D,40
5b12IDrS6Vi2ZcMFQRhVxJ,22
5pFXepfAbXlLUm5vBZXXXW,1
0nUquhnLIfjbivWQvJiuWS,0
0Bxxg49qYTFt3QDfnyzQYh,0
1PwxKTZydKhqiMHRZoFfn4,0
73m3boSzAay49OPZ6OpGdz,0
79eDnbSBUXoSaoRPqUhTur,40
0GI4xkVUb0hCt0B2lAA22K,11
2wlwf4JE6EhUNnK8IKknT6,0
7G3lxTsMfSx4yarMkfgnTC,60
7ITYbJNGY3ZwwQx8rdIIv0,12
11JcVR2934uslTVVPf4ZoM,0
260hfAjghiEADPNj9DdjRU,11
6Y2ggbpWRZ4R1gKt4JsQ31,20
6dQBC3QPuRvnzi6J9HDCJM,33
54XKIjN8eKHVt7hI5WZGzo,22
2UYPFtrIIaIQdxLCaFwjFu,52
0Pva0QBfOfmk2WXvQLtCJp,0
4A1Egs5QQCHGClMB53HLGW,35
6JEpXOLUX3K8SEZZaiQl4k,29
6jfTLEu2H1VLkXa7wzHkxU,9
050q5MaRiy3L6EgpQ8TcNP,0
2a48G6S7OszTIlF7vHoGcd,16
73O59WKnSJ5WGz5QK76N7l,9
6RHUoTo2FfSkbygLRLpisM,24
2MZgseFDCmodSwid7U28rQ,29
74dSnisQPDjL5Sjd6MEjX6,44
68SFWL1zqe85V929FKugUi,22
6iUv47DiBceBjkrq5D4fkU,33
2KaRk8KFLzdiwHSZCG7zgV,54
08Wuf0eLego40H7CqQlZFi,0
76brUkrPo7pAMDD5IN9B3F,30
5s287dq6CuIwPFCsObTBP3,33
0Sw8zidPQ0nAc1v7NcfTSc,8
7cqbB8Dxz79PjqsxGaihM3,23
5ckVDfifdJnKEabvjojde4,3
4KEFi1juFd2f77HgFYka4e,0
6TFKclwGeJRTeZdY97XqPG,0
37HqLVODvnooEx6KqcyGns,0
2MuJbBWAVewREJmB8WdGJ3,60
3yM1TSFIYd3DC8y68sJkuG,0
2RVCkAsopqqwKHCKKtHVYP,3
5qTlzD0TW5JZ9TacSkLjJr,0
6OHWgUuDDedHRVhcg8vlaf,51
6Bne7OwRoCwJkKETZ8aYZQ,22
4FJYAE57HNQ0A05I9A90Z1,8
5cfIibuUGxlrdXcNaWmAnQ,49
6hoZVpYOlU0pt29o68Awqy,16
6enXeBnLnyjfweN6VWcIoh,2
2tVUhD4EtfOKb4n73BrIaq,0
2LFnZ4SG0SQ24Wj1NorWLJ,32
64DAZ2XBuZevR3d0LfmayU,9
4K8HXYCG5E3f56TqzurIRg,21
3BDbjHW5CORcrRpY4wjlzK,0
5or6XO2zZuiMS4QuoGi8d8,29
4TlYG3mKosVWfGbb9VfDh3,51
0Qp37xG9JmIpYURi8xJl3E,45
444KztZ7hPaz6fpZHYOSdD,29
7kKJfrKXIzwjiMvJr5VpeH,17
7AzkIPtljUAej4D17WznnJ,12
5IVMqYdpCjoyaRkNLYlFqN,1
1HNs07uZxZniPNmniw2GTa,69
4E5iR7RrC5yI6xA7zIEWlY,0
5WD1lEPaIBOoGYADacfFVS,0
5hEiIsFomgjEjRvoeRmHij,0
5EEOjaJyWvfMglmEwf9bG3,51
3n3LOZwehbW5YNTOaujHTH,0
47dTK2wCmCOlYw2wLZDo1W,16
7xRQjB39GZuyb2KaYWQaly,31
62gFTvLY7KwIcAKYLOhBXf,48
5YvcUK2eXJ2OllqDuEg18S,79
5Jj9pRGss8sPx2pWWQIsL3,20
4DjPMDtY3u4JAzxn3MvfGA,32
7aqyhk7vORlgJb8TFcPTtU,33
1ZMiCix7XSAbfAJlEZWMCp,88
6JVSdyD8zBBIdUlHrUKUzX,35
0queGkIgJo2AMHj8lW38SZ,33
5iphDPHUbJ8DS14jCLIIlh,39
0wYU3lB2iuflw0AV7C6N4l,35
0jkwXnJmXxRbrrhckWOe6f,34
47o8CwTuNyKSQtZbLiDMS0,40
3GRSqlALWISqLeNncZMbpX,85
4GGSmoTmc5LClrowB4SmEw,82
1TYt5etb427hvOod3EKJA5,42
2BzxBQSZ4KERJvuNpeJatT,0
0gl8mWugSfOQqL485CzKAj,0
5vXEj2R1LZFG4D5U70jXnz,47
7tsRp7QKUBp6hc9bth0h7x,61
3HGE6Is63CrKHS9DZ26RIO,35
3sQbsGJ3XJoFw1coscicAa,0
6yz8tJF1yWkRtDAvjh2SWU,0
0FjMLXne5a6RXzlZyl6ftr,47
4D13ulAZI1V7PG7Zg1Ar7r,47
4cRR2gUTOerkUOW5iZpm91,58
1o2IoGqzWhjyJEmWFCSUTF,1
4htbAEZWr53J08x3dUv00W,52
5rIr1MOh4cWwpdln1QqTPS,39
6Wgy62vZBMu9dkcSl7Ib78,0
15HUMkMOJm48NL1GQURjM7,0
062mh4qAZyDV9dIQK70iu0,42
2SPFC3GXog3hBb24Ww9sFV,25
2zFqQ0xLiMHOVUuV5zw9Gq,35
2W2vmNmTLERMWT9XBxm35E,53
4aeTG6awASkwicYWwcEbGp,0
5i35AlocQnfyJjFiWVs3JF,16
1acz4dYqwZTZw6TgRBmmf2,39
71VdU3mOdQCVwjZX4Pc6C9,15
1oz2ikzPTFrGHt0VDyuTc5,32
39SBJ11H2SKe3Jx3vO3pON,35
71EHOyEOhNx1SzTebRRyng,66
6SdPDNYIs34H0MWBrrfH6T,36
6D3VGJz4hOCMGrEANXFu2f,0
3PAYDLeC1RxDIbzi9hZYne,50
7My9HNyDC5qj7wreU8Yx2u,0
04VArZKHm1xesMxqnsutDY,55
1kPBHRXyXdrtYfUfeRwBko,58
5FFD1qfYfW3b4zM2vYlMOx,27
0L3BTsSDXfdRlIyvKLUcST,1
00GfGwzlSB8DoA0cDP2Eit,36
2am14wFmbow4gZXQy1Pwyh,30
2Iw5Rd1IGACxv2CPUZguiG,36
0Clwo8t8LxxExXDJ7AqeVg,6
55hCApSPesst6S7XmsBkJH,0
7fvpQhtkRJOApCjNmSLehs,32
0dDifktDnbzmGwliFzI0Ld,0
3iI6xZkQSWGjWx5phFVLn2,35
2YKnKXUeGERi9yCLTO2C3t,2
3fCqWsYPCPdLteUpeIOeyQ,1
0BEIdPXZsO2pprPwKfTVjy,43
4FHThyT81RGEPRW5ZTL00K,40
2bWcKoMFFIHYiFLXOMIDSm,30
10L4K7607BSC5aq8lc2leC,0
7bPu9dgSyx0lTFm4iecxI2,30
21wxCbULEulBXZ4GaGqVNA,0
5xl5582IihbEZAnfj0xyso,59
356O2p4JCGVcsxSI0LBWiP,0
0FPXDopNoeVy2GmE6ZLrv1,19
2tMkYJbCdaL8p9NDTU3ISu,0
05R2lE5g9hnaSmxIrUl3C0,43
0QVCqacAloq7NsnPWhW3Pk,0
1zTuB57LYZa7xu7KUH8kF0,52
0I0VDjGtm7F1lu5UiinV1b,0
6C1YAAL2KFTlpqfZqVN5LD,26
0arymh4a4YsUaps34DfA7L,13
7z38bideBRvGAgjXe2SECm,51
0K4qBG4ySviff81dZ0VdYU,0
5OI4XbIHmAGDNnmP01sD82,25
2BDRHFw5170t2kRHD3uEMU,39
5DHAUZAwwVxcaUnPeSth5I,0
2Vptb1uGay69Ql4B5NnGok,30
6qspW4YKycviDFjHBOaqUY,71
1vvfDEK6OeGQrYwQF9bVSO,0
30tkVyBPF2ZGF2oBnaE6cE,38
0BTGqPIW9acmhhUmENkq5r,62
4fqNDb0QJ7j7xln6IvJFdz,1
57ysLbmFhxX9WL9e5QTAmz,36
1CWATjW7r3d7gXm2QZAWXu,20
5zlwdlqDZ1cIr53ufIGBGh,0
7ujhMvJuLNkmm0hnhlNyv9,0
3R97rNX7JnmshCWBwOSFet,56
5gJcMDLHDllFMhSPByZhhE,1
6jrp8qBMJO6vhAeYVAsdk9,53
7ySbfLwdCwl1EM0zNCJZ38,68
78fii1y8vrGtn5YtHEnpaN,45
15dAoYrYVbGB7PiSE45j1Y,0
3xMZoua2UaGidXpQ7sSQu7,0
0Ow2s49u3akTmiLDmb1GU0,40
4wZzdnhpV0cjSlfh3fZvhp,0
0rEFyT5IzHweiULf6QZXmz,1
5EBWCGlCn65HM8Hglrc5V1,38
3k7bjprx1V7geejm7NTUiD,23
1eDCizNe4EQMj7okkjIeXo,35
0mDk3F7fxwDgDCDE16ueO7,31
2hSiACXW5Nt0yUxWUsoIpU,1
1aWV3uY3SIEZVbmv45oFWS,66
52yW8YAEwKcUZZVcflq3Fw,0
4XmsMIMjvDIFEjeY3ycMzW,51
1TtJkmAW9Rc55iVOPgZ33z,43
5qSi2enCOy9spCBQVqsHG0,0
33ZGVbrIaz1TcGyovIjofZ,0
1XAHwJPBNIBoLfQz81DiNl,0
63PIgPkDf3rswlU4ZWCYAM,58
4ScNzmyZZId9kGK9iXuqjn,38
6oFxDi9DDRDZJVTOU0ozLf,21
45wneA2j0Z0WMnYNDO6Ad0,57
0flZtKtmkZMNqFF7V7Yfmu,54
4GAGWckW9edK3zB6ZS7Tz5,38
2q6D2o8qRY5vcOC4jut0ku,32
2LP2NrdZlsabtHT0GUCwUa,1
0RnDu3eYJqbFKz6MHv2ajd,48
4au81WOeFQWUQvHh7WCGz2,31
6oWm4sBOIq2yjkNaJ92YGF,0
2CG9mGkKC6IQE5lEjDioEi,51
6Vas6h9lB5mmeVDXdFqlQA,56
07efOAoPwcRdd4W6gi8BRF,51
2lp8xjq0WTm3HZKHuDEweg,63
0NNVGrE1heWIlU7aseGcts,0
22sTMbJk27SLWMtsdYLt4u,2
5A0aUvnfAEcmUx3hoXjI8R,62
3PqhQ5G24At0yDQuJBLZjT,40
7bQLDZ0sADheki5ic1n7Op,0
6qFgnBl61gOLopro18g1SH,26
6eB35pgMXdfhz5Z0WjwF1O,13
4v2FrTDC6TcMt8AUj6U6Uz,0
5gt7KWB2avKJAAEqtgapLm,37
3F2We6fYbrFOsmPrJrFUE6,0
2hMk3VNicbCoV8I81m7Z3q,51
29rQJydAlO0uMyWvRIZxQg,65
3y7O5Nqxp3luafo3abGzzJ,25
5CdJveJgiGXoGwDFqF6afp,58
5hIljtQ1fRvDRc1aHdhwWK,42
7f5dRZ6W2Si4SoPLQxNHbm,28
6TXVeKe1dZqBLa54SQACrq,0
64yBYBrJLWlGqDlGGHCfAL,0
6wf1ljcWMX3MMWToPHkiFX,26
52S4QPlEwa8qkiC2jr6CGp,39
6uQKuonTU8VKBz5SHZuQXD,65
61HmUv8Zuh8IJXMrQej0hO,27
3DwFmPs6pzLobxk5lcwihk,27
5u3rsmRYRSKJpFHXPT4p07,52
5tKenaJVfb2YP6imRnDDrN,0
6N9uyMZf9pbNOuomveWscp,60
4IJuJUFUJfuUuVMJEvvGhS,37
6iX9C7Cqgn0St5a6L25udL,0
2fXIpPInm70t1vMRm82Kar,0
18sytW2s53Of6NVudQyUlH,57
2vAbKDdqA6cEBHU9zQiA8g,0
2VAK1wpNtziRwQrJxg0eQe,27
4TK1YzdHTJp3RKxJpllBa9,0
4CFo0zVQmOuEekCe8dqU01,31
0JCAezTC5IlK1a9o0YBEsD,55
0s6e7ZafqOAUBDoQYGmxrc,56
0v9kGNjkKdQUdDoBIuiph4,56
6mdNRnbiVerwM8kGCS1KwD,53
7BVMXNnQSswMX8IJeZUb5T,52
3YDlzGn9svFtz7uPVWThCZ,32
63flJygRbWG473VvWiODYC,0
6g9wUkxTf1MkfURIFHNTSK,32
3lRgzwd3g1TewI4zjgbh9V,54
7JaB7Y7WhDjxZGFfXcteYo,0
2lZtKMrV9IVZL5pbItZzlM,31
3r0Rhl5Zdo9YjACZNsaBvN,51
2GRMJEIAvKlqJd9UHZTjRD,47
7t4JfA6DUGxywPmy9SXixz,31
11fItVX4Ahfyd8F7C53dOQ,0
0TQ7pNiDB5ACrhntyotWNq,0
59ixmaIhjcHSius9YmtEkb,0
4iN4zGORmAD53BHA0zV8JW,0
5zJAnQ1NFfks3SRbIRLVSM,34
348jKLMN7BOooOajwrDLhO,30
1TWhpLaqdToKoHHpFnCxsd,46
3xRbymJj98leHL7K8Y94WS,55
5O2eGBugaBlEDpWP5tPs2L,32
1jVaaVBHRC1me5WONdnkTw,26
2JWeI3Vs2SwdLch4nZzAN7,2
46LEQkbfPT5x2ZanS3STg5,52
6oGPZcErzd9Hjw3E4sDBrq,44
2hNmHqQzmM2eBhHjzX8Mdk,47
4OqE9LCGi3JuT1bALpabFX,38
6vHJpgX1QTYa9SVXankGVR,44
7zqjvrNUtLn5wHym65HuA0,22
09s7AzC1vXpkIBS8xphJgP,35
0yNCFwihschpOwSgK31f2O,45
2AmCvxADlZLK4xX47VezOR,35
6PViGgcsQhLPSkMxgoRWLl,54
6ygcYdLszK2DJUU7BWuCxx,46
4chxiKYwSBoE0pvO4Ea0uv,46
7MY1O70WKk72AwyNKUvRcx,35
2bRj2mLH4nBgN9XRIA56dk,0
6LivA9wfDjEOGI6DmgVBbb,0
4XhrowM5IKGCRrY2HzYBH3,55
1b5SISCI3nhthZFcVSLgIF,43
7ocMLXaRvZITNyaziDSOmN,0
2EjnH55mnsEjYMoZ9Q6rSe,32
7Akh21WwTaO2rlyH9xxCFg,33
1zyqa3Hv2KpCGz8L9AirJi,44
6nIutPMI1oxGDXtxRf2QtR,16
2hMUJcAMtDEOj165WyTjXT,13
1mC7u32zemMLC1mVOU02Pm,53
43sNw9nvGYGLYnNiwI8oMZ,58
2pY99npaZKTVAyw2DhV9Bo,52
63uR29DnkNPUiorL30cHnj,49
7tUEDtHchueeUJTfEFEhii,59
67ZorjDM25q7bETfLbHdfS,49
1iXtpeHC0i6c7JBrKi3yaq,45
3ZqjDpr3qCZnZBPcd0Hpj2,58
0EWT5JnKOf6saRn4ASff3j,46
3XG801WWhqC753dekEBkMt,63
3IuJXTVipz0DGz70MaCfgW,47
3X3XuCPTC95ARm9SguWsIa,55
7gEGhEb1VcCeC6lJWnjI9Z,47
1wa0Tm0MFcIpSdzILgQnmm,15
76vQiDLhpXk4LjW8dML1wT,25
1F9dkdIZdlSFekJrvjQMe7,0
0W93r1OgMHtSrje2YeyBkV,0
2Nvw9xRjuuJnsDtgmd7Qnq,30
08IIDDeGMsbKnkSHTVX9Cj,25
1E1BGyzPZ9Y5dBgIPHOWQY,0
5HaOXzafoKc3EGaRwzChsr,0
1FaciX3yUadh5ttQSXQB0S,0
0AhZNtpPVaC4TApU3H76nL,0
1Q75FxFg6LPlhtKYB9DOwc,22
1O7hDH3rrF8eyLxrpeoOfb,53
3efy0g1He1zJ4B94VMbbBo,53
18bWoys4FQwEp9ojZpbH4j,32
43JSZNyRzLa3nD9W0hfD48,42
4WHQzXnWyTlE1UOmmxRDOw,46
0yndiszlOMgxOu3y2vKZvB,36
4USWxDtF8lnLTTaQDs2mQa,39
6wqqfVsedLcg6JEQFvMovB,0
7zyLObYw4QUKQDyZOb4J0Y,36
4DwBET0wLmDK0BkzsDuPWN,17
5DcIkTnThkzh1fTnF6juFx,32
3fZluaUtO99vNpEQoE6cpc,29
0najRikioL0qPh3ttdLyZE,9
1jOwBtJjO0h4OcZC7jPTdB,11
0VJv4lPQV88hkeSRklQ98R,9
0kmkzSABDGQp0YUMWEZhMJ,7
2rkVoKVEMuct8SmEIGKzBw,57
3c2noI6hwdH2YoETIriUbX,30
2OeSwSbwlmn9u8SsutfxPO,3
4iXZFxEUzTTLMLE5jCyKEb,48
24gxdUxufJ5eSamdYcPAKH,51
4kmyLqkQTXOnieksRIEkiF,0
5uNqBr1CkuXJ3xP2T8V83U,0
71wsC1Jmt4wI4zuCvKYI8K,0
4cI1wLKUxSgWOdKe3ui06D,0
2M4pc3d5VTELAnjCkivkOf,0
2OnE9BINkDVzKC8ssN8M5K,0
5IQ3uotT6Xs3AegNedhZfL,0
2ZoGSx11fDWZRbVTAJrs1P,24
231mi5BkHyJHxQre25S6oS,0
0Jl85WX8qBm0Ay9MrwUS1d,0
1Yrd4piVspddep1eM6cf8I,8
3RfYOQAnrZ7ejYCo0tcRuE,4
7dVPy89Xmj4Ovmn3cqleVt,2
3VzVTs2qNdmNrCI1S9iixK,8
19jNraUYjpOf99FAsP0Cls,4
7p5lTdIchx0dovmOnmmvgL,3
3FsPxHAATCITLHZZVIa7Us,29
7sXhrKHe8DyTzxDSAGq9UW,0
0GoDjG30aUBGVbiCy1IQKh,21
195CWBcm83Kb8NhpBt4ARG,11
6lpdc43EbEiDjmWxa3eutX,0
2U96QtBPJE158fZ74GIqQX,21
5xtGNElI7ocpEHaFu4ZQG0,49
5kVSEpbyuLIVuPM1i2KivC,47
443VARdacv4KDvymFkZ8Mt,7
6tZAvhrqkVhwFgptDHz5Wr,2
2g8KDyKv8lA0bhmK8je3Zc,1
6difVB7FkeE9A85kqWS6IS,3
6XgHh91UD5IMETc9IEiawG,4
3nQb8fohRKtrfhwCfAFXci,21
2455Sj0F7wa9vhjK5BXtn5,7
6Gv1bomFXOnIfpkMiMOcT9,28
5WFOkjPayogqjXEHVfnBpD,3
6zW36Sf7bTVc7ajfzrafGT,17
5PXvw5Snn4kVo7vyYHjUpC,0
6MmzlYsC9S39PTZrXjlQnI,0
3RMoWLHhdGV2pojvywqtrQ,2
7tyXHvy09npDfd6PP72ZGG,0
22cVWuEscYJ2aVF2WzOvIQ,0
3t0aJCqeB0y2M6LBWa80jc,20
01gSIlj7mZnuRr7GWajrgT,32
3ZbrIs9xvGTLtHDcOel91B,37
3a4UiW8cNqCZ6VANJSo1GJ,34
3c19Wb8wGkAAORnyXU7Fbe,0
1OBStOuPlnIV9qOjol8Mr5,0
4IEKd1d4UAMeMjVG95yw0x,5
4IBzgsoWHLsP8AMlO23iOF,38
03WsrEB8eyCeUfvRxGP5JX,24
2fPaykI6XXS52m69be44GB,0
6d8X2I3C5p4ZUkVAnX6AHm,22
39UIwDCCrKor2LKwymOtey,18
3Gdy0YE7Z6JIT1zKNYcmsM,22
0jdeEv8NTDoB2uetW1wXPO,25
3DuBDR9bgPOGsHQC8e5N9t,24
7tgKmi9jUEDkk0w0jaG9D8,0
1PMoCaueuYLYuVS98xukIH,13
2wZoBFqwT0Tpm9XW0oiRMZ,31
5n259lZheCu8vYOYmIp1jH,7
4CZr9DOjnOSdVOEbqUNQp3,4
1apzxNzMksJZtbDBKFIsdx,23
14H1bTZuAkUFbtQIpTEt1Q,44
3QGcJyg8Ymnfa9U4bDkwxZ,21
2ij5TPGpAJARUh2HWIdxCx,23
4r6jPijW3d5iV0eBFVccsa,33
6O1tLGD9D6TDW3Py6Gw4lX,19
1LRi0ZYnS6WaJKJNmKm8gt,15
7ljMSHh55Knrl8QFF4Of2d,26
3JT7jb6tjFg4g32fcZO2Aa,17
0cELvuwJW1acISUHYB6suj,63
5UVcgBRW78CCcKCopEGAST,46
6HcQZfMrw3KwGyzrKw1Pjy,57
3PiiVrDoVqCxJpmapKyH5u,23
5bXLxmqFpKDPbbpkAa9m6V,40
69mFxANpGyq9s69LqH3d9G,59
4dY4JVC0Q9CwpeZ6JAclIc,53
6xZPeWKW5hNc5v6V33ksz4,0
42ak7uVPsKNSBXjQiojx1A,0
0HjiQYZdHqrKyfeQL3JYw3,12
1Jgaw4deeHcbldSmKbP5h3,0
4EmdSvY5pvzu9COEtPOiR0,35
4wDSLkTUIpRsn3UbCzW9wV,54
5HQwoi47vjLNqaOc329VNM,9
3PPWLupdDmyZnTu0eRd90P,29
6N206l5WKFD8BbxCSxxCN1,30
41Onw0vYh3bs1qilzn50D6,1
1Dx8rIZaXzZPvUQRF2j9hB,59
5h9ke1UpdRWCnDt7KZCI31,0
206Ox71QeKSIy2aLRMkehm,10
6LGTXFy9KNQeBjUHT9fPFh,46
4IjKyR9JIO8Cr8doVtbVqj,0
52nvjYpyVy1vPvNtqKTbvM,10
57ku0GRhHxZugoRpmMyKhn,7
2oLmnuJvdGLNsICyHtCr3z,1
0STdgJGzSVSv3mhAvuT7dZ,6
6Sd7GgEy2qvX1puD1jb2J7,4
3NEzjZbeSCy72Kx1clSYgC,53
74jMwg2zsFMICzW3Wems6h,65
4JyMoznkRseonxgmyrbkuN,38
7DufxStaLzlKtFvG6VkdBU,38
6ctr1K7KzKErxbfGAynL8A,58
1Ub7iDeuSs5XS55OFg1Prh,29
7C5XOHS3FXH8PWbAB9WdWS,41
3ibKnFDaa3GhpPGlOUj7ff,77
4i2AulhtnkEKFRoIupj32Q,17
2ECyYuk6R2SLewteHHRtX8,18
5FEZZ9DOrmR7pMY3I2Oew7,16
47phWmK3Q9zG3nFiYQv5IT,0
0lUapdlNXIpIziheXthrTa,0
33Pxmhfhvmkf8zSosr2tE5,15
0VFJiOs6UOzmFCYFaTumKo,26
3tjOjRAdtZl7hvNKIWxFwO,0
6jYhsewiw0eMjtvMS8Lnlt,34
21RBQHOqgMuyyFvjbbXqfe,4
2f8uDL0SJJLCDnCemgthZj,0
1TsVEyryDtlexOZFXyVYxy,0
0vue3o9sYZZuZJOHg0RIPJ,22
3esyi2atuXIovqsU1H1LuZ,22
1YC6QGUV2IppNyNJHjr29n,31
5nE8cbCDUX2mA2np9smrSH,0
1Ckd4d6vkhvOp5HlAc5Ie2,45
2Nzm9dtlzWHrYtbAt53NV8,3
2e7mHNFlXCkFdKjJ3nsK9E,44
3G6hxSp260RzGw4sOiDOQ3,53
60e1nB8fP9h4Yw44sIfeQx,7
5P0FaLdSqCpFolBHv4M8ig,37
7x7kYJwduClF3I0ozJpNsZ,1
00FROhC5g4iJdax5US8jRr,52
6dp3XPQJuC7qP7TaEFVgL5,53
6SqTyTqxNHJDWO5aFMjWV1,0
07e2UjDMuFZyOiu8Xo3CwX,0
5C9SuiBZ0K8FYzypCT07JY,4
51c5Ej5UvkekPbgrC2kZJr,26
0zaWQBwkfh9OmK77CiDmRI,6
4RhTrVbuxNDwWJ6CLl6zc5,18
4SF1747p541umnykBp352Q,62
69QIVIjPMnI1ABLBqh9P1b,63
2BYdSTQjd7e836KDacYjQt,39
1iIsl8Z9WG4V5DarICRCja,47
0vftzDteohY2egCL4BDx60,30
5iJUGd5boRXsCmW00B3Mtq,3
1yknkOZLGA8MPWMBrwBBcq,0
4oJEy4qDPwDk5ac26yEMeL,47
0EwaWLbMW0Tq84YVFNxNsd,1
2haCRXHcn0M6IxzGzdW0kd,0
1VvsWao3Tx3QjkWgr6sTaO,0
40xz60ciGIpsRtDqRfPKBE,46
4WxQGUmWBRNovxlF2g8Xdv,5
6cOb0Ag4iI3YVwHvuxkErn,39
1DvFERTMTHRpLw2hKiqz3h,40
058LC5qOG4VDaa4scqYc6v,1
15ZvFPG9YQ5haKUDGl9xuv,28
1knipGsDFp6FBFc6aRRyjL,32
0XPZzPRsYxxsVQCQYb6IEH,15
0msuMeH64Z0elgbo6kx5nA,15
7t4rA2AxpG7yAhgRwopfn2,48
1Ps0eZFXGX8qLxSj3vQPfD,0
16ko8IV4T1jta7o77evpKO,12
0nNgYDUY4zx9KJAM6ZkPAs,0
4j1Bk0BEIGCF9hR7cSwl9d,59
6dEs3CH2goHCTR6XCTctVd,28
6m59VvDUi0UQsB2eZ9wVbH,66
4jnFqNWeJCeCRHc4HCdxfd,69
3an1aoJKoBXJKoIfdDbVwf,48
6jL1SnyXcXiKOmw4M2RnmT,53
1KONmY3enP3r3nIPQidWAy,57
4oRDt0qQeY4XQOQWYOQUmt,41
6K0Cw5dXlVy20zQFpA8vUm,0
5oPRLER8bCQN3RFFVvLbTC,46
7vvRkLPIvfjjmCIqNxBuEZ,59
0t414ewhjcIiuPVF3QECz2,52
0e3dpXiKdTHRNXZHdfM2JM,35
6Ct0xRDiianggXtNh1kWez,0
63W4sfeRTTiNKFLAzUJHFe,38
1QMmvLfNQOQ2OFtvn3psmj,29
6qXqKNpWw3wtWuEkqm8Ljd,0
4nTYxxF8iWBq54LO3dBUie,50
3Q3XLVUfQ0HOxUOtCUYMpG,40
2EI8uljBPaI23VUr2tv4eS,58
7rzaHTWzsnyz3v9liUNW2I,0
3zaXjodcrXLPj6Z8Wm3txR,11
6XUihIoux2jn7OR0jRviZG,8
2t0Zo3r0UoSrwerGAPIRiW,0
6OmknRIYvZmABONKgva2GK,32
43LEbsntZ2eKwp6tClYZQT,0
0t6u4mHewKI5Ktl6Fo0dH1,19
46xnw9xZ0gKsGqaKg6jAzu,0
76LIYXBETh3PyHoNUufycb,13
0u4kWPHGLCnNhV1OlDxvpD,0
0QKBG3v8kqpYEPkTrGg0Zt,8
1VnPsEmiV3Rs5h77GXwQa4,11
14FTOvR2Y5aZcDp5l5LCtB,0
7ITAOjCWbkl2MQcBoPSBzC,0
4C2xWkpiO3sUaedG1VsdFq,17
5259N9n38PvQHxuQf0t5U5,13
0s2AuUkqr6BN5GjLoTbjaw,27
45iX8CSw3DW9rLYQek5rF4,9
15YDVoPwMNTZOLGW7cT0gA,0
3H4xY3vJdvjlTtq1YUv0gu,23
7fG1ZnOM0oOwUOtmoh8KOo,8
7k5lLjCSnyUB4S1LRvD3I4,13
2T6gVrosnbyaSGKXqsbi8I,8
3RNvMhYFEwpCgPnDGKR5MB,51
6zOg9gP62RJSsKFeOBAgvH,60
1jCsCYgzQQHk3bDJDuFbNi,56
70EYRjEmK12XiCX9E98upr,28
3R260xGpmDkG5eCmgqXrj5,0
4uI5xNUdEupLKskfQnfx3o,41
0Zze3tFRSNwL6KllmYjLgZ,53
5l6WYGy3di3k8V5QlBMvJ1,19
7EgBkZlqWRwvjmyc115LLR,36
6KYOzBfCt8uGxQrVG8UhcJ,35
1QJDgtV8L8jCnpM1RIauAp,39
2mj1Z5bqu0UfW4o4a7UxpW,47
0PhOP8Qaw8pFTqejpKOpPB,0
2ezqQeBiC72gwMJoO4w1hA,61
1blZP5x1XQSqQFpTy12rFh,46
2ydd6zSB14excgAawdjjoi,28
6kn5z6hltWF6C9rItSvAzA,40
6VcyvtPgCTDJcay6h31cji,0
0w7UvkamBjsPAw2XAJQYD1,0
3j8EEMm9kbPLqByuaHmUmQ,53
3RB1O5rR8artbci5fuNK1C,29
2donM8sTsqYtRpSAwRdPJQ,1
1oNHw7yf4uvsUQeTaT2Dz7,0
11BdiuseOwlswBgXTvq7Dd,16
5eyIfIp6IafrdAjRnZF6ql,46
6ZQSvQh5wb2M5AaEaoymMY,36
1Pqv7l6vxjBxd5fx4bWchC,41
4ui7r4nqNUl4HmTiO00CVC,18
6NVRYaGyZX2aWGtPnSqDgA,0
1JWog4dILZKJyg8o57Ew7p,22
1c48FSKfpobDF3VzopU10V,46
6xGAe69Vn07PnQQPQI083T,31
7JUZDQRGyMElJXjmcNayjx,19
4nR2XMmaptPEEwCP8msaJC,0
17aVK3oQdgwVG2l0HpP67W,47
0YwUJOHKYxlm5gVfIkl8Ym,45
3zeyP0JnzXEx3uZLmpOdtP,38
17Cs4UboxdEx3uRnJagd9k,19
0jSUkwLEobi6xAyKTGWAvf,14
4IzQn9XTheOsTLaTF1OUox,0
2qYIdNaktgtpaPHxDVMXbE,47
3lqT89gv8p3PYwXtr3ODjv,52
0NBHHa8wwwmBnn3aAzX5wJ,52
5UZDh0iz12IiJ8LPClqweA,50
0CmXXEwul09Kf8X68lPA5l,52
21fXrzSxu2y51Yqf57QycI,55
1CAw3ethNuSDPf3E7luSFF,58
2siv7IrEa2khUf70k7vp49,30
0eZElvtraNNWjjRnwiIM6B,0
7EIBlyjSzRXbTCFrW2wZ01,0
0ZgTez1pojM5aCxsV0hrC9,34
2vk5VPlYfltzVbUmqjaYqC,0
3lsse1FoSHnNXc6y0jHxvd,58
3tyUh8UpK0PVu00AjbP1UG,4
7C5lhJRscQR3WAaLBoqrkd,0
6xYd4zCVeSp80Un2Rl9wDs,2
2XKA576OqiY4PTKpVTA9AC,32
3seflYvRN3gmh50Iih5yMd,48
4Oek4Sft4I8s5vHZK6OJnB,34
6jzsiZRgmQtNjQDZf99Afl,26
4o1E2c0ye1RlIJJqOM0dqP,56
0QIuAbRaleUv1OHh3eqr5o,19
7mbly2D0GmkwqDGN8nTrRz,43
60NvAO9lx0KmBNAVHIlWN6,55
0OMmiWMwsCNtpQ5aP6fdp9,51
5IFJ7QvhzJxdPsM0THX87y,22
6BjqF9DTiAubeE34grUKVq,31
1bHwmGAPsDShzHi4b23TBY,37
0YneC4nNQEsKCqAGCv1tJK,43
6zmRoCPjIZA9ysAVBYiU9Z,47
70aBlCLalffIq1c1cng6zO,32
3wXhTV5ky83quzaBvYxrJZ,18
0tNuJpBgtE65diL6Q8Q7fI,67
6s4xndGKUhW0xXPYvFlwcL,57
6sIMSl1n3KDPr03Fw8mujd,59
00zTZGbF4IY6Oz39ok4EZ0,0
6oXaa9IjYnhaS0Fl9QzMp9,26
2HAVFycrhtbmLxyyxpm6JI,55
7jgZiwNyTH08evb3bDLfIy,38
2zbjlcLi1VQWqDNYdhyx1l,58
6t8JpJtI0PgVRSuMDGWZlH,44
4Xk3LRadMIQK9LcYOvqmeN,27
5FR54UnizyI8pE5E9Zb0Dt,61
54huym3Clwn8vsqDeTVETg,40
4UuTnRKGJ2fgo8u07bT4cD,37
0EX00YpFv3ivweoG7T3j2n,40
1mURjUWWe3tYtxP3WwRyS5,0
1OK4hVcucqYKMU9Ipb3dtx,48
1YCsTFttuHAzgfEWKdOb9K,53
6eozUVzr02EXMji1vuxgiP,49
3ojDU1HhKEfdExIN6QsK8q,46
4LxIGAVfcQIw0zAQRyFhU8,57
2sYLlZU3FuCF8SKNeIvdKA,43
6J6RWKCPN5RFKHUKEUFjxS,61
5qYBigLezS1D4IvivEKYVX,4
2nNKXDFRz6cog1kolC3efq,31
1IJXwbwbldrL3Cb39WHEJZ,9
2hb2C7LOzkXRHbz4d1NapC,14
3u4RKvwDT3CKeYbjxqXEye,56
4buDeg67vos7KP1yHrS9wl,54
5s8CqJcvebUaExSWvZVWQm,26
4o5XYTJecL5v938MN6YUPv,24
6H2TBm4IAc9LSzad2QbP53,11
2pwXHvgUsXiGXpWOyohGA2,12
0PRgPkCr1xGzXcVbHb8njU,22
6oSvZCB4TiquW9eBfcrlAu,7
1MnJW2FEQByou49YiMdrjr,26
00S23GuTVLTLFZcorgQpZ8,13
4uiV3By2AEpmrUTbfXHRHB,30
2MYtYwqRutASW0oVTYPuEX,42
7JmPqImeW3kLoYVNBA9v11,57
680kMGV6szhTiZbHRr3vLi,48
5KG4OVGxSrFmNHGZBezJJn,49
7EsjkelQuoUlJXEw7SeVV4,66
00xNAPrC9MS0yzRXUvrixS,18
2Sf6ryueL9oJ1eDE2HfIvJ,34
1U5Y5BhGG0kO6gULUheEnY,18
2Dl4lx3LicqztcmGo6A5l5,0
69S82K7PwFBFYB0DDpJflE,35
6M3NaT67rtIuo07nTWO5ZZ,0
7HyOh5NYicEElXbpZCuNvF,7
3zZpWgeGNhuR1ClD2JDWpr,9
38bP8r9yx49g6pdQ90NH1X,42
3Ye7HMeHdQqpyCkhkGckYu,0
6cMybQhimXpkzQdgKca80j,24
5b2NgPj4WBjBW1uLbl2v9p,19
3NNRDMmQzPjaUWNyAJb3bB,32
5SXJys87rlbDEGMvCHWc8r,1
2oxcmG1trE8AKHE9b14Lvx,33
3UJwEvKPrRKdrFRFpfj8Cw,15
6sHsXIJoEN5JpdkGMQDJxt,66
6tBD4yjOf9P8rWwUlXdJFm,60
1P0iAEz2vmTPfXtp2XTlcO,56
4330XmgVWlx98Y3Naswycg,51
6BxiFSFVzviEqe2eIaruLV,50
6QxuZMdsElzjC1NnXUfl8c,57
3vQQ6sNWRLfWXrnL04bIe0,38
3GxiVCUH6g83dC910cbgjK,21
1qlsnDtzryr3yLuocJ00PY,46
0IhHkW1fnUSMEcLSHmKhrJ,43
7mjTuZkE1XkJnco5bVsZCf,36
0MKZV8dQ3NxCL6dFvHWK8l,26
1eduDdsjMO7Or4EXnMf2iS,66
5Ddu4AaN1VaZ1MTg1neCl7,62
0ZDcLapel9chZ15ZNuOdD4,58
5aFLEMNvORv8MXpd4lR0HQ,0
2wdHKp5CBgJ8mlO7Cq84Xd,6
3gT5fIBRlvfu9G7ch5zR9z,1
1n86eBhlqaxWIwi5YZTUok,8
2ZAQE38hLEzP4uvw91i8BS,42
1ZhO3guaTsvUtVbywBgrUg,26
2eU63GLRBeMOszGRTCEE9E,2
5MTqczrMNkxZbFghiopgHL,3
2bpZOGUjOTYD8wPA0sqm13,1
2fnhNj2TOQzQBX6OlVvQq6,1
23L74esErcn5KvWFY0ZAqS,44
5dL5jv5GSCRoDhTtnY8maL,61
3Zrih6niOYdmge9hIVGBg6,51
4r3MJuJIArZTQfOinh1HFa,2
2kR09CPFP1E8fpg6WEVwJt,1
5pfz1tSbgYZ1HuKvu7kA7J,1
1h3BdJQz8iq2eZseQH6pt1,0
7deFhi7zKJHlR1dtuY69gv,1
6Ap8lYgDbcDOPr9TAXfcnm,3
0Ny5LbZnVS0IZKAdhbnhEx,1
68QgZ20yKM6wgX9UpFbSbL,1
62OnJq6wHeTppRMWVw2Yo0,38
3Xn6BioBEOrQnBN0yRrr4p,37
7CAHOnKTOgmevBK0ohndz4,27
6SObZyedSw2GP2bjJev1Dl,26
60h6d9KbSEqZy1OKvUMh3Z,0
1kuZSCuFZh718pUEMhgfSs,6
4QDAMBiRAZXK20zDCQiiuE,41
03yUFstSdQheHSdqQRWlmr,0
4BsX3Li27mT1QBN0eTRKEK,3
5FSoniSw26EQqheDimw3Mw,0
5wqB7S73zPUAtdcCvKZflz,0
2CeOBN9Hjh1ux8MH86VW1H,0
6c7b38jca5pwnY6Tf8W7n5,0
1wZqdAM2oLrB7UJTS4pIqf,35
1NNMoeEJCdzGJYg6VxnrGJ,19
3KyUEbeJ7N0BwkI55C2X7k,19
03GzYByXsXHcoEAxjsWv9G,21
2bQdgtO42TfS37YWupeMrr,60
2GHp47AE8HTBF9xpG7FIoz,51
4SRqDmPxYX0pUb5B5ut2Ri,16
15XOPzgWmqbnPOdeydhYLu,1
6OzCmbmKvXcamW6YhnhT5x,4
0MPegzGbqTvO2tw7BqYUU8,2
0C80KJWvQWIGjbOiIurV1W,7
1qbRBE3P3feRkXcWkO0u97,3
6RNOyiiGHFQ7lCHtFCUVQC,0
6sPYHh5eWFWtJ4DavD2VIQ,0
6gXsswvH6gtSkbrecXAeQN,0
6BCMCf3kh2VFe3fTU8Jv2R,0
4yW29zSXMvOMtj2aDiqUOI,0
7qUvIpu8le9gHunduvgOXg,0
3YFL9MGkd7UEsXsvREEoNk,0
0WKYRFtH6KKbaNWjsxqm70,72
5XhkV07Vou38wnrzwURUOC,70
0YHI5hydPPth6J5UOzdLDX,51
4NO3hYYJudCN6MrcToFCos,3
4MEwOkWMZ9hAuxnbcpcirF,1
6Gik13pCV7FNysMG8p3EDj,1
4nWn9o7NTpuqzHQ5hyae8U,3
1hxDtE2zgp4J4tCmn6nbyu,40
34Ai7jMLLwZdJSGadARhLK,7
695sRCJTtOHIY5ACQa7qtZ,17
7dgPaaeQSRyJzfloU8Yjpo,21
4veUi0IuVGJ6Yh8gM1N6Vb,9
119c93MHjrDLJTApCVGpvx,72
2tNmhDlMbwQZLxQtWMt2EU,60
24vNw0Z0srb4zYXwrakw8E,66
1Sgj10byiGzPpI2IrXSFEn,66
3glqlA5qY3bbo8UaUDGPnw,63
5XLC8xoqyua4U7wJiZAWik,60
3hRwcwpkOenKHjOsyIwTxf,38
3ja5IfR4SVatM0xP1Zv7NM,13
2fmkr30bTTg1Y06D0ROcHU,0
2Uu8IiLkLY0UXhCHka4Dlr,16
4h1T8pUzl9VtudWWlVAxxz,49
4s5Xxp8O5elepcn6tuFfsu,0
00chLpzhgVjxs1zKC9UScL,0
4v9LyMx5ncUQeT3KPLqPma,16
7oTyv5amzUG9siOmqAaXsO,0
1hp5TYhnsH4FBQSsR7RpJK,2
02UYYPOGSBXxGEMce927XV,45
3QHONiXGMGU3z68mQInncF,71
50Lg2uicm4djCkdvs7cAAs,0
0pCDds54QUooGedfpHUjtW,45
1QBf3Xd9MSXeFBAl5XdqkG,19
78wi1g772j8eJPEnD8rr9z,46
6I3LsZncKrJG9mwv12FCEg,53
4hXUJb211iP2iuyoh4eV44,0
0b5w1gamS9f239Sms9guAB,60
4mKbb9uvBMlVvOUv8fdBt8,44
2DLfVnmabQqX3g3dnfvBe2,41
5xLDmkobOw674TLTBBmnuN,56
6Gfq4pVJVnrsHVxkmFpo09,28
1DkGOPjC2OXN7xcT31fjXN,35
1yRBHnXfl6wjCnM6dYRXq0,6
6AQMkpCxZ2Fu7CM48vDSQt,35
4h067wpWDHwQWM4a6CbqSV,32
1iwrceBRCQ0nTGmO9x7j0W,0
7Je4aDuchYqv2YWMudH5ZM,40
3mz1kmUWrrbJsoAx6rFRc7,9
2tR3FMUgtCTWheiDNnLtMP,50
0P3hAOmO9Ur39TwVXWxx9x,0
7c9OYhqeRkDQsoRYGjDrv2,29
0csUoMvvImqcIPpobc21QU,0
5DvHwMndofUgkhrzRyBMoX,19
4piae89WoVnwucdJzWrB7M,5
4l2ecMeHvDg2Y9OOkqfucN,7
6ibyC3znjMsol5XiAvmJxI,0
5IlXSlwFWcqfw2TVHzsH1e,43
6PPtwNxnMMfcWexUVZ8nYp,0
6K6aIhfjYMTfgquU7xUhZc,0
6dW75XbJ1WAMljOXWjTK46,56
1gsnWXeNlbfoHpaGRi4oQ0,56
4a945GVIx9LLKNLrcXhWV0,0
7okfrvG7Lsj4J6FiG38aKQ,17
6iajHa34cSiD5s42Cq9miJ,57
3m5BfIDqu6Od3RU9cnWDNM,0
4l34rbUYqKWufYEWriVnB5,52
1XKchmOVVAhSlJzDuBoQa1,0
2gSyc23Hua25fqSFpgAh6W,67
31ogk4IUhStMXlkvKV5sfj,35
6FMcZqnhQD6tTzdpeNOp89,18
0PBPO8rmYjmehH4j4ymOxl,2
4Wc7CAuf2XgX44MLz2QaLg,0
5tYv99LXO4gEXU8BfWT5yn,0
2kL2hCTYMfR69sQkRbALDY,0
6zZJkvtu3N9GhbSQdVzsKT,36
2XpjmHq0CygfO5FV5d5Hu6,0
1IfUGEJiMxAf96sGEgLt31,0
2rX8226UEM7si6DiOzyDRw,36
3iFRaV1HlaGmkGXtB2ipo5,0
7rp0IP3Dy5pz2XGZ3In5HF,41
3IDzttBFq4fOccjQbhkQWF,1
6YInTAu7BhldjBFEn2SxDR,0
1iNufwx3I4wskqlCjIt2Y1,27
0XmTCQWHgf6dOXJeLjXrzr,48
7KWNTuVSFUziohGRhS3cZL,0
0xgcD5kQFrPbQQrzVYqw6h,1
1fkuv0QKrlMYNZ7BlETgj2,0
5X48562lzIHeCKKLLSIGMm,32
3MByCefcd6Y2S0VKw13e2B,21
0cEY2XrkwZAyrxMioyiAQB,38
5KUsozdWhCXBgDWtaqQWy5,39
4r5VaK6H1bq0cTGPMTN97Z,49
4NMtuxWfOPR6yNjAX0AWrR,41
3Yxmpx64AdWAzG3qAD4Dty,56
1ci5FGk5faD2gWyYl995yw,40
41gBEkVcxU4FSjVpOGWxsB,0
5MZTbx7AMI6Ezc1q1cqOAb,0
0otWaD7P1jqYsb0qSHNo6J,33
406BLwaoWwW4Hc2dzR9DfN,15
36MAwMm94K15Zrc2DrSxGE,15
7rf5YnDlD0K2TZnv81dOBq,0
7KZPj8boonCcKNplZa7UvV,0
7BeV8s7R68eqPelMmvp5tu,41
5cLsk5E7Au4hkTvCQFWHMJ,34
2IOIU3u1iNUcvZXfeeyAll,0
04Z8OXrOr1dCPd741ucXLQ,16
4dOXBS6SoIVYSELiRy0zaW,0
1krKp0OXeCH6SI5SXl8tu5,48
6gMGhsWnTDK470WqFacyoJ,27
2RNIViZ0tr9yWqovJC5w7y,0
1UO1yyMxEAYmYYQgIQJKMm,0
3QNo5oDTOSI23CDDpDUE9Q,23
5rxKLWFvozGCBDG7angcBe,0
4XOq7frultDFgx4l3wuRPc,16
7ETvGW4DrxnocSxcrJOL90,24
6xUIYXggvw3nwo6MWYZk67,25
6BDzQttUdcszjA8Fxqo1zQ,34
1NNYZKOk91y4mnqfjK4uqW,30
78Nx4qNwmATqqcs4biKW1T,37
7623p8KZ24WTeO0NeIb4tV,45
46Q5SugsIqjxqDLvcUWhA1,26
0sLrHBMJNOxEcMhcseE3I4,43
03SrVtN1UcstvinRAjrfff,19
2hBJgz4Ye9MkkmBbaDTTKx,42
6rVDypmrk2ub86XUF402uU,23
4VE3jasMCphS1duMN6RNNB,10
42j8MUqLMWw2DkzqyDa4GP,47
2tapMRhqLCvIWSj0uc569y,15
06yHcjr58IKJnfEK7ko3sD,36
0fxU0Wr9laBGaNsrwJ07Pz,12
7mrXW08W9eOrP5jxKOzhZq,22
6RQgvscK17WsaMj3N5RTer,51
07OzC5JlcaDwEkzWmvqp6y,51
72jsKj3VkYsGTIOgEUuG6Q,17
1ZiRxgUNTUlK117LIauCaD,43
3YqH26H4kyG3usFtOc8v4P,44
6G9rDpbpGIf87oZyY9hS2O,26
2SFq0UIiBWkBgky0fkrHP0,44
1AWjS2iHs8zNq21Niy3T50,18
1vQ2MZsupEvPhtvfkdW3iI,37
6bKqSvTOPxkqv9rc1tRZSx,30
3SmPl0CGxvvkQCrTv7edEE,54
6BS4BAScltBKeP6cSi9kh1,36
5xka4Z5fOoXt0v9Qxpzh6t,1
3paAqQPnUaMPmIEz3tJCtB,19
6uebosHeOwzQT3ZBtBCbtu,23
7aJ5Hx4GXT1pTTrPRkeKv9,35
1M5Dp3cD5YPueH1EjhRTT1,36
3gbAxjT1wt0LS4BiTcwC1b,25
3eUsSFWf6Aq5oCK9lTI4Q8,31
4VcV0t8VN6AZcWTznJOUUN,43
0IBgCsG8dRnUtveiIaoFHF,56
6yTZofBlqETycKBEUdsGxp,0
0Z9FRM5zukGVagh8TVSdrI,54
60Pjyla2BNnWzWxNXxGa4u,55
7kFAwFdZcvvqOggZ2dY5jg,0
6kVWb48884mjSOSgGeC8Pm,0
6lav2xdHxN1Titi7erHURh,34
32VygCu5knUb9ZmC5acyKZ,43
2dbet87FbAhXTJPcTuJ2lK,0
0T3xmp3KqDklZ12Ze0Nm13,36
18qgd61768n3awNU4cnr9R,29
7ABJ2azouB9EwEYzL9Tljt,30
6dFSbxLsx3x13auTriZLFi,0
4ugtLWGL0Xm6rM8dARxte2,27
2fzKLDa3YlAJ1Qkkxm5ZqH,34
7jicciytVTNBXYrIXHs3Hv,58
12soRJf1RZRsCd0QUnJUYL,55
5xE7sFTlv2yrG9mmhDSpdq,60
1vbe9sh7U9vdMceAhitWr2,61
6a5jHgwqYMk9wlYJYfs3c9,66
6AgDFWLbbAt2migXMbrhXT,53
6x53SJOV1PAZ8ZUwH4NFXQ,59
5PM96PMKMfD1lLX2lryUsG,51
6MdqqkQ8sSC0WB4i8PyRuQ,76
5yMQERKmNx6ajo4qHi1KT2,54
3bceL3NJmM8sKwr5dyrKAz,54
5IFCyWplye09HytIP80RCF,64
1WtkrKWpfFx75erK1VqtQh,52
0ymLvEYKBKRlJbGwAZhOqg,46
1CrWoWuxupYY1vi1XRdpBX,50
0wdaPticLmmqJdhgLDJ9zI,55
6PyLw3l6ndolBrTPQp3Ibm,52
125dAqUSmX1nOG50fBz9vb,57
6LqiE1yBBf9IuTxaTpTyiF,45
5MPxgVGxq79wcoNKtlRaTf,53
5yGTQzYbEdY6B9RFZJypgt,64
5KNAsnZJ0g3hNvIJFvkHzI,45
5GorFaKkP2mLREQvhSblIg,70
2LrvK045zLQyt4s9n1QSBA,48
5PMKzsUsTpZZGsCcJBuhP2,60
4fgQMbN9r8d9V2exSTsLFs,51
4VSyH8AkIt3kaR5xIPFVVi,58
6QnCf3tdlfCZLRcgfImwJb,43
2TQaMcc3BEAF5Srn7FCipl,59
3l3xTXsUXeWlkPqzMs7mPD,71
2PsHIonOTmX6bSrzIJSjyS,53
74ZQQZAVOrd5sENv57jfCj,41
6hdsNoZWIjPSjxcOnsjIxj,47
06TuMCjDEYjTOJScCRzmjf,60
0mt80ksFAwPHXyAlArU5Yc,49
5XWaXNh3jEy29P1S7Ug1v5,50
2OWzR8QoH7KaLtiN65v32x,49
5mNV8Mz59bzyuQ53gTw0c0,67
71fcC7BuScQCY40HIiMyal,47
3OUApyz3jDB3syGUNGqB1d,60
2tEifcUedZAkWUnRB1O4E5,40
0YL8rCxASTV9uBE9Sur0Ag,50
0hcW7qPqWWJc8189OaqQvX,49
3upCmUgdchN3u0vkedbC5S,46
35irxCsC8QXJ1IN0eioD3H,44
18ZRmY7kNZQQHpopsSVxwJ,53
3DIe90xqHuUDtyuapTwCAR,58
5vNivpfJaXsTpYpxIHsjvm,39
174UISK3l7VRbigEHxEev7,61
3HNjLJb6VfoP0VC30TdxyE,45
1l69V1gBVRN02Hgt7a7sqt,49
3TS25nchaYIPb2Y2fw6cbb,44
3OQu3z3okKVmWxSXTTHak5,57
58s4iqgXFzXhBndBkg2AaD,57
29VrHhpC5AS9b7XJYDPhqb,54
4PWaeUVCHIVbXlpXEuIcvR,40
3Cn1aiqSnvaj3FF4eFT80W,42
4WUnM4KNZ0kjp0CUeoyOnS,66
2seY1Vy7jidW4bxk98n2eh,39
13xKh7WqwxzEFYhYCJJwHg,46
4EUlszQIxlPwiHJ6e6j6Gy,62
6mz1fBdKATx6qP4oP1I65G,72
6MCoVicJXlNSLh5lETQJxe,40
1m2xMsxbtxv21Brome189p,64
5uhHKLiF6IlWs0NA7hIO2Z,0
6mwA6YiKDjAUG8kWvRRUPh,71
6AEdWbrFREOUNmI1hMPbyc,57
16pfffk4jnUdgtjiJ9phro,0
07bN8cB9mNxEc8MXZTeIHz,45
275i10hY9lXdmrTTTkZeS0,0
7nX2FSz4m94R7DErMJsPJi,0
4aYOQDyN2wTOlt2mRQ6zef,38
0qilV2pyNYLPryWllKwAIL,14
38TcCQZFSZ86FeAyXR9O7P,8
3i3W6JXFIIRnrm9RKUkaaC,37
6SIVSBnYbdVUcXJQJGDe0C,29
3gyGarXAYgTgJIIp97DjTt,36
67j0ZucyzdfMGWLe2kh6Ze,49
1qy5sw8ktKkokAjaxc5UX1,28
5OPgPWsCaeZDvHudPzVftQ,10
7s2iAmlI372KGVopcqetU8,32
2V37zhzoUGd0cUbK9v4bIi,10
1rME1sbMT1519MjbLJrwc7,0
5IfAtlAk8sog58Rx4JpDVa,0
7vVIj8Tm1wCawjvwVZdeLD,53
1AKI0dqAIamOa2UamiHNF9,52
6gTWAUYQMAQV3Cw2t5kWrx,49
01TzbTwZ9Mce9mOeBpH03i,45
5bqLcGZd2rY9wBVXZdGUvT,36
4gDBc1RxPAvinJrZzZ9nYX,43
49JVirKEYzK7SE2Nxnrk4K,25
2vG1yrWSMiL6egg6w4e9ma,53
7jsTBebfjKpkMaS8Ny12Un,33
3mJ6pNcFM2CkykCYSREdKT,49
3naqVKAWQJyghdX9VzYEJA,25
0t6DdFmFQhQYWhmfa5FJer,50
2DcSehEocZhDogCJKCnXb3,61
0jz6iwj9dsnHHHP1t25h2X,24
4tYpYYoOI7WDxbCnPninwE,43
2B8sc82PFB2493l9pdyWct,24
40kJxdeSmQieEgTgShXumm,40
7mJq5UJOfh5yzyjCaiPaZH,30
0CeOseGlRvn6zFoMLDvtsa,13
0MrD47wtvAu6igsy8vqUzN,48
2yOm4lN7aTygtXanJFNFWU,58
1QObH6m6jPyOHBLW2RLEpo,19
66BlLSG6ImOYNPttwSw3Wl,39
6yK7QgE4H7dIzHa9EV4FKL,48
0QJO0Pb4yfzXIbVcidpy4m,56
2tUBqZG2AbRi7Q0BIrVrEj,80
5vywtoD7fO1CP0B2wtm6I6,44
1guNRpfQBBkporG5NujlSs,32
64M7vSptOdMCuHwYzKuplj,37
765k9tDIFOnoOfkO2cgitB,49
1lx8ddGT5wCD6W2xmLeRKG,63
0QeI79sp1vS8L3JgpEO7mD,61
6fBwVe6udYdnRqwqo06if8,60
3UD1XZiA0iP29KI3FuK5Xw,35
5HAv1Ckfe50DUjv8ghwTrz,52
2H7PHVdQ3mXqEHXcvclTB0,68
0Bpi22ShKYtb49C9Bty7Ke,17
5hWdgGVcfTeLPAiHM6EZG9,57
0lmS0Wofcv7B7uFYssSKta,41
0NSSqYISjnav81CEn6EgBY,43
1VmXoVzoyD6Jr1dFLcrOTx,27
0N2qqQyAeMwXJpYRLlaKr3,9
6hazdpTPlt5W2BTCGYKBoj,49
4PUgCtazseRV9gXm8topvU,26
19wadMw1A8XejDV4p5wMt1,63
51H2y6YrNNXcy3dfc3qSbA,70
1CeGBbkJeKPojRmlo2gIwq,43
4bQGI1roeSr8Q85on2tQNU,2
3KwBXx4v79jKrITc0WBw6H,40
3IuRN5tplfZD56XYAHPvZ9,3
0Yk6Xgk1Do6fAJWydT1dI6,30
3333YXdcyths5CB8v28dZj,47
4Yenz5JZZOUiZSeyKY8bDz,54
4zAxfkmJqsaHqFu1YPMS5a,53
0C7dYeCLF6ukChtW64UNge,58
6a6DtE4sVwF1TY4YA0yiuB,38
2dPpQv8sCPeEaA4oz7ZjQC,41
2k7Z7ytdVtgf97apeel4x5,17
2kWJXkOSbEHAF2NucFv9SN,15
1J1Wz0UPt4NPp4MMwSJCcz,45
2X6okzhnNPSzh9yxDMHHe3,49
6sN4h48sAl1MKdrXAnRG1j,35
35Iy0Neh1ewQapV6n0td6X,35
7a35kVTnsXzlplOrxOIN9W,32
3rxl0BBJDqP1Y0wgd1m0qO,6
1PDwmjfeFGZw5vWHLGHC8N,18
07diX7vCl1aMtp75ebxLFA,14
5XsYwCgd9jteFDpWx57xSP,9
5JGVPSqWBcb3MuQJRFijnz,6
3kckepgeFtWk0UtZ1cFGU8,22
0KUJ1RLzab3hAB1ttlnSga,28
5hbSMXk4g4OEHjDoVdXrYl,29
2bgIU4lx8QdpOaCEaKu40b,22
4bbqwN4wm3bOHsCyXPR2XD,25
4cperyKfUBl5qwObuPvDdL,11
1pCOmSyhfCTFm6vdoeD4JD,6
14McuZa6Yi5pl1Ga8cA8gq,14
74D3tZI3Cd9PCx3BGZG1vo,39
6pMliTILbMMQJVFvru12DX,39
2CK1sr6n7aH5tWQck0aN06,1
1ds0ha8qvDdxNOSNv5NMIe,11
4eQFhnR8PNZbysZO4bzTVj,7
3HnI3m7oMAoBbiXTWEQSly,4
1miHnlTDGQSjELPZCrsmCy,27
0sSVf7esNGPkEeCQ3Dhiv0,8
22OtjOmIcTQbUe5TzACJIs,44
2lWE9q2bYGvhV9xAyUxFYy,8
2V0u2rXv1bzTiwivScz9fM,8
5YXoB0KJFppgXyxWu6G8OM,33
6op1UDHN1e7x9YzQWVxRCR,1
7ujVDENgCDD77JxBuw4Mhu,10
32Vm9SAaTKw2AHy2W1REP0,7
79qWg1ZfVYvMm85ukY2yYp,8
6G8YWJt13ZWBY8fIG4y3QR,11
3OcQkcvTcohs8vO8Rd3sKF,62
2Vr64hEbobPZRIDtnVSkSE,5
3D6xxbFiyPRduSUowHbjSP,37
5P1Zrq0GVVv5hDTRafGYWo,17
6njPVRfWswIE7oVyI6Fu3N,18
2qR3ORfI1SCHG4cl6r3ERX,4
3v9jcDkIrJtjzJyQV9LJmW,20
2RZuubseYpBLHdUZy2OiMk,5
0DpVOA3h2uSixj1TrXXfSh,10
0SFuVATbW5GFfjeXCNXNIz,10
6wYuWHJjTK6IWa1sRkhVNO,0
742hY2twqAjwNYnKkQdilj,52
22llU7nqiiVcH0UdUtB51P,5
7K6th4aUMwWWqu3WfqgCrT,2
5pvpnY3itSyRA3oZER5fJz,1
1fYDO47fgeLO85sXY8GZsO,3
1llLVlNKPKg4TWaDS9CDit,16
5OGV37gBKcEhPjcQI9xm55,4
2eOywXsZK59j4pscnrTSsF,4
3Nz6vvyWdVqjC1MD1oPAp6,3
7qAKV6euO2SCtHsECxuUMM,3
7CpM5kJcmLKH67HObfy4Kq,8
31tcr4OcLi2TXE5u4Iwhjc,18
4FpBrK6IIjQGP0VAjy4ZdM,2
21W4fTAvuY2FiceLdkUGqM,3
0FKogsG3NmepRnWu8KSLBB,28
7h723dpQ1HrLbT92wkid8U,8
6NJCgN0LdgVuSq9WQSooNM,15
6I9QoKC7TmaUBWCSfK8334,14
5iKYZAcAchghry6h8Iu5IL,6
6A7ECkB5buzJwGBnp1Lmpm,25
3fpx84UOqWm5Iy3okygo0z,17
34tWRTNnUCEUH31Cb6y4zM,10
73TrhEaqVPQZDT58Yuf4U9,24
24OzLwa2DqCSdMw2TIT6ZB,30
0mWi3EKhPDl42DL5LaHX38,41
55hCcJ8MTcCwtTVKPJdo7r,16
5SeUX3qhW3924QqcK5vYz7,37
5Sx40Omnmp2gLwUr4gU5gC,26
7ngm7sCw2N2HmSDsanrSWW,0
792tOJmf88fWGLyD7Ca1SC,0
71YRxs1q0TaGGNbsmVCkCA,1
6OkhYhe15RBubuthLKW0VA,0
4X7Nb9Ch3YogQjnxRphZni,15
5AIA8TpGhuilLpHbA6c1bq,56
2gM3JL6l1INKPh0vf0c8I7,35
1lcZPCRAuVXCHSqPsFaWlw,30
0xiuSFBOEHWaJ6rSuUbJWc,57
4eMGevfobDTaWfr3TLbkFm,37
2RXjRQ4RadpQTecRfRHa13,36
38rNt0OPkjbENjk6Z1dKBc,2
4jw4BotdO2WfbF0U1J7mXc,29
7gHtm3BUJgbET8Vmit2lu6,49
639cc3IeyJVop1Wxm57FP3,42
4nthV2eZAXnt4yiJMocLkG,14
3ixyQ0IdbbDaYOyodp6hvr,26
2dXotVqm26NHYLp5oORx50,18
6nTcn8CybBcx0t7IaXEJ6O,43
7FWuzwapuKHTEyDJIcQOw3,52
0AQqoPKwh92bCrR0Vr7gGs,24
5I0a8OADAc28ENKYTNj0YU,46
6CtTSC4APeyjYayZBZxAQj,39
1ulVKX61ePVrT81RLFqrOj,47
1SyR0qHmGNRZQ49Z0rFU4A,50
1xvXZfgG3S62hoXJAoCha4,34
2RjQ82MtgcR8sgOL2RJQAs,27
4Eap0FiMiGB2gqjk1D4cXo,3
6gk2V87atn7XaaAltdYsKd,1
3XKIUb7HzIF1Vu9usunMzc,66
1eJaG94qemD6iQ1x7E0qL4,34
3ac3lFWr03MpiqhLq7P1aQ,15
6jUyYHDikmw9WltPojSR37,63
5AE2hxwqJCaYqGDXTjLYu4,22
0tCUHZZmlErTi6LyjdS0zU,1
3Roegyp101revmrnUlnbj7,26
4Cixrf8suQVA70LrlsiBPZ,0
5bJ796cOnGBzSN5bm4mwMj,58
36tL7MtytUgnUxjDF830Qb,4
5dNfHmqgr128gMY2tc5CeJ,70
1ZP0yvaWPl8vQV9ZH9jvT7,43
0DBIL8arX0Zo6eAuxNIpik,61
3x6QCo3LClrqiJF19w8daE,34
68vgtRHr7iZHpzGpon6Jlo,77
28pCepAdwvCSfqdoVWDw67,2
1JlWJR79vYXwyaPMvlruCr,1
2rZb7Go59XDakdFCnIz9o7,0
6xGDXrZQoisoWkKWsgplcZ,1
7rrQdR4C0H1FXLM8YrNCuC,0
14mYQm3y6GMmfylkL1DsFg,37
0QbFNgjFt5kebstVXugODz,15
6YXOAYb8prNBvYHoEgAmzp,29
2o2of897dC5i2mVKl69UNZ,0
3a6YKw9xPXgqzwtOKnsPCQ,8
04xWapbcBAgNWGHGdhcxoR,1
4eboQESZB6YGrnsEgYo6eU,2
45kxlys2BuDewfI74oLTbz,26
4q2RJH99DFckparlsfCpBc,0
3tHAB8FI4rfULUHHG1d2Ct,43
1QDsm9dZ4IETeluYNER6rX,29
0UN5OvKlbg06LnZyVk48ll,54
7o7rrKyfqGo5xw318JNFUb,44
2MflYZf6aZzOxQWX0O7Brc,34
3rYil4c9oKuTVUBquB1izZ,43
7J41dYQolQJEtj3UmKLu5r,70
1xrdVVEWvOFyhCqOmj9phT,1
6Wt5QBzHp9vdSLAFlvdnDQ,67
1ckU1EhAO0Nr73QYw24SWJ,67
5tdKaKLnC4SgtDZ6RlWeal,69
7aON8z3MgEECzYwTSqakXZ,35
4WmCoqweV6nXrSogoAo12a,0
1U5rJXcvCZmpy3apIwoIQv,0
3WN3WpEtUVkM6MbBLJHa3N,4
5TSGkftHMr8e9jea3tbjTJ,0
4Ma0AJSqSln7urarBL8A2C,29
3jDdpx9PMlfMBS5tOBHFm9,72
1qzvHfKFORSj1KwxrVty0P,0
1DBtVHYl2lwLQswEUvkIEv,0
27AHAtAirQapVldIm4c9ZX,66
5LLRxnEQAbnQNzLK0mAC2R,29
1mkiNF3VroP3biGnvK0k0w,29
6gXHfD2fiEWFmCpeu2R6CO,27
1d0GYRpnCb0XNQcQdKhfKL,45
331dQ0vPDNCNLXFXo2atFe,0
76HKOVWqsEg26SECtmw7Rz,51
12co6NHVYEfsx3BgYxEsnV,0
1B75hgRqe7A4fwee3g3Wmu,71
5Z6SweXP6EyUe3Q4zaEnwZ,0
0HsTJZWuj9vY7Ns0If1ARm,0
2QzLYgjE7zTj1lb6Wi1aPx,30
4JrC58CfPm7nhlctu4MvU0,0
0Xw5EEK6BaSnb6GjIzDdXy,27
4L9VA69sfZKK5HAs5zP22I,50
30DUFFqN1JhGq8gyBjFtub,24
6xkryXuiZU360Lngd4sx13,71
5jnf5Lv2TJX9uYHsFKfrEh,30
6Bv2bQvYZDJLVlMPbmuFQm,25
70iDnqYvxCPl3mPd3ddxgD,49
4IsnUEgEcb7epezwgWCBJn,43
1xFliXOpcu7E89AsDAZ7JV,55
6MdRQ8tyrkYHvcEPZZrGe9,0
1ZNSuZeIV1StSeMaqRf412,38
2HCnOSo5WFKJXdvU8IDNZe,45
45u98kplW1TAIG3gIhPOoT,1
61sQYdFNS6sEBYCyr1q5gn,63
3pV1ySVuEVPqhrQfkZ8jcm,24
3YC6lM7N7t2deiBsXUe500,0
2ADU49RKktDsdPj0vKqJ6j,36
4uZvlqXHdzNQ5Jm14cLktQ,9
09I1TnKW1WPtD8tnQxRtkD,43
2aBxt229cbLDOvtL7Xbb9x,73
5IQzzrwxQ3tFNOf1Ixnwft,51
5PewbM9eJB1XcSEsCVOz4M,46
19Cgt2V8PbgyJ4tmTASgic,40
7vQNFiycXSGpgGgTxmaWjS,53
7uQ8L9eoeKJPXWG9kG7gFX,41
5X9NIp0eN7bH0BK5RNvqES,3
1VN5fpPqSIlJUKF8F9t2Ne,40
1SQrYjoC3yJAIuBiAhdcVp,41
2EKabowHBT6GRBK1mWJ5LT,42
6j77u0sqUdzGxOzfLpohTz,52
3WVJNKDreudOd8pBjU5nDI,39
1ONzZIqZm1F9dEOPMDjdEi,52
2f9mmR37OEceYERbXml0Nj,54
7nAL6ybHa4q4eHL4L1TTsF,38
0Gx7phIMvHVT7pXk03h0rH,58
5feRp0hymeACBAgBdBSTcp,52
5Cp7mTA2Piq65qWi8h71Q5,47
1CRhPXMXD6oz8lvJS5hu2V,39
1Y0VabpBsbn3ovrvEtjBKE,8
61mkzcrrV7CfpggUuCNMib,38
6xFubQjHKixwjyRrEJZ8En,53
1vsj9e2t6yn9IFt3XAGogB,39
0RdxqjfOtnZQfhgmC7Fa5x,3
4HgyF65tEwb4XqYYTE6grh,44
1lFBNIfZJnQQRLQ2nZHTHA,40
0FZTAm6OyJoAzAtLAsH0f9,12
3dLRPnVkjKsMJNc4GmK19K,31
2mpRcm9zF4jgE5bVzty135,3
1uDFbcZgzcoDq2KSc77YlV,38
587qpoPHuXkSRSykLM4EBp,56
3lcaOuNphj6MAnNI3ofDe4,38
2HtpC9dJ6jOLa4OMN0nnfj,52
15K87t5N8Pgi4ooqHhtG3h,37
0S5Ho90thU4mAxMW8ZItbq,42
6k4ZH5yi5mIBXiFK8xJoGJ,40
0R5CyjqjeZ8oxOFhtBb3Km,36
6cZ7aS2UC3hfUyqJhwHb4G,59
5LIwaG8Wl9LfExcmiRQm7J,53
0sZrIaNANwnhPpF0wtLAbR,4
2Sh3g3NaqkD23mZ6Ugfrsq,53
5RSHSWavmv5Mv9CxlCNSjn,36
1PXpZXOGJMtx1u4F9t0xQy,45
7zdoYASH8iYGR1CQV3m8dY,5
1BMlDJRb0MtjhliYhlofhw,46
7vKYuqKAySUizIkcAl4Oal,45
35fEUnp7savJdgkfH6I80x,37
7LkktUSWNxyR7YGVqQKjXt,46
1RqIdqfYW3ncpR6QU7v0cf,33
7p2h4kISjw2t4AqMUs2AmA,41
0Dw7uVJBAKCm6dfCoabJV9,60
6wIBZCIbbZh6ACDkWC5TX7,47
1GoTvQP3JEeA8oh5I9b2xc,47
5AYPC1YEJdwPqnPz0Lib50,39
7g3Htzh3rezIFVWAy59vsw,40
0OZjtuIbOvPkCy6zlgyNOk,0
4yFFSucK3BVP1Wp7MQ6c7t,26
6bffRphpayegEeBZBh9TV9,0
6yj6Si5hkcs1khQyzj0stc,37
1Laz0NZ0URkQVnw3TyZcvw,35
6IuilfHQoQI1fJ2fliMhva,33
1CeizRCGEYPWooEeVfmyFL,54
3IlcFFY0W9gNomWQjnX6Rj,34
3vxpjYukjL07Vdzw7wIJtC,33
3sDeuisFRzTK7dfwlNvoNK,32
1eBWD3ra0HeWRhPYuBf317,30
4fb7LB7OOaKcahftS4k9lD,1
1jjO9DOHrnCJrpiuyiavKw,1
1gWFuF1aCfnjonAdyDfV7Y,40
1mIMTXtS7NPOD1Xq63Zxhq,2
07fqonJcksfEG2Fav9SDA2,23
2qDptLjqWLqRDD4MHgbDhp,28
24m5vklX7lGxNA75IGafuu,26
6dFs9SRuQ8FKK3WORqoa3D,37
5K80qDIi8z8nfgiSGsQap0,27
7BW60EnubNl94HnwcuB0E0,31
2QCI3bdPI8c0DBy68GE2WR,23
0wjo8DmCAqZ1q3lVLCyrRG,31
0rcuDEcrzF4Zo6ZbUEhaIn,39
1HvmjWFZpe1lrEl1ehLsvr,45
7gEGhEb1VcCeC6lJWnjI9Z,47
5VIUVUvwHPM2vJaQpznd5W,55
7M4CRFWgCuqYOuh5Kz1hm5,36
5YzK2kmIM7cdpRbv0iGaEs,41
79yRAE9yyOqVEyJ74heFxl,0
2fE4MbwX3QGMzNaMjGVhtw,58
0wTjUM8Azk3fV46bDghbmZ,26
1O64lNU0k9bGiWJVGt8et8,0
43d3WCkXuVnN4P0HSLS29Z,26
3MyTEl8ZL0qKXFqyvbYsC5,43
1NyMdeeVDYizUcXHConsq6,39
5VPdmXGp3BR6Xst5gmbQrO,32
20khkbcFHJ63mEJ6nctzcr,23
4fZDZMgyWBxTg2Rc4OHVtB,55
1wRQqmZwiF4thdQ8N7FiNv,47
37clf85ZAJGszhC15NxskJ,0
1lQGlCQS09Q2l0iONMsTcZ,0
67ri2FYvHV64JSQTHN98iy,23
7okKZ5JfRIJBcqKhX2fTmU,35
0fgVs2FjWxf60Gk8aaoECK,45
4OXjsRE0RQsOAalWabZRY8,1
19asXa48FNoDzO8PaQm9MN,51
0KHHrBbdvuJ6knLxj7dqkw,51
3r9JScgtH2FiAQ9bwThV0U,0
1DHybjrWooObUXiqceVDcj,36
14VwBAL1qSlG4ovOSYUQF4,43
4FsDX5RRFm9F5f1ts9KWKb,28
326jVYfqtef7U87YaqOFfC,0
2FA1ckR1QDUBaHdrlTam6Q,32
4wmFfoH3y0RRkIQPhl2Qyw,26
322NiD7O6CXX7zYIKRtXV9,30
23mnIH4CZemgZgkyb0W1cC,33
4ZxH5B7JMRjNbHRm47AzUy,27
5WBGDhBBIKqnJdPFlSmCWc,36
1mC7u32zemMLC1mVOU02Pm,53
34XO9RwPMKjbvRry54QzWn,33
2SLKMhxrgJZ8TEPwhCt1gh,36
4tnxaszwEXGQSow1888pVN,0
5KGlx7rfcjhVGtqkZpIxe2,0
6IfE60JXZtq2rHvEjsyvpR,0
2bNbnpiLHz29s0ceWIlX7T,23
65Zm64XaqNj1pXGAS6Z4hs,0
1QGO7udymj4xp6w8jbpiF8,48
3ekvPNnFzO7okhIkZ8jsGH,36
7KasuMXuWHA36uFtFKuHPw,0
7iNGGLUS7x4RA6IM0De2R9,36
1PB9jyumBYH6jbVpzr3DSs,0
1foKxpDK99pTmoEJpJbJaK,27
09iWF1Hs988cmZneyLeZ2V,34
2hGXdfWHKIxciCfHRQpUa1,22
00FR9VQ0uzF4NNxVKKiMz2,41
4mMdBN8941wKh5rAmIK3bf,22
2R4gp8sppwatyDq48Xsu9q,36
2rgUf9rK2lGJeA4crG4Tq0,36
0PWqC3xDoCWyqy1IW3RiKE,19
6giuQX8Vkn44flOhzbe1il,28
3VNIHK4Dnxyf1EY2D1kolb,3
2PKiB1i2DwG2npY2xxjLnE,37
1TlEEopIktdAi8oWRf9Qx6,38
6bYvDXrdNSbejfugnxggvp,0
2dWuF9P2H0JtmQdX87RPz3,0
6XsT5UGfpaFeHQf5LRIy4W,66
1Ge8R2h7W0IlaAHl6Q2kM3,31
2GrdCnHVMh0DrkmMzFMJaN,31
6pYVNe0zSSjouxy49g8tfy,25
2PXv2AkAZkqYqc96gDKXuA,34
7MpNMARq9fDSYEIHwKNQTy,26
2b6nCD2LqFzcczjGvKIZDc,21
4cwW9clavlRQYKDjU59BEK,21
73nnFqLGSezcmpCzXSto88,36
5bvnqVuq7UFl0txSlHpsfS,84
4otQJBpb8okSeykALR3eCH,76
1nal3Tf1OCV53KigMZXsZ7,76
7mvma3mO5hSyhVbJDXxtFz,63
5A3TwAmhxbQ1qZCJ8N2H8C,70
3LfHBTYZBTqmz43tvVXJBd,67
2Ay0Vr9icpICeKkUDbBExd,66
0mTKJnVf6GcujyDr1PZn0Q,56
1mC0kUHfD8YzjffB8K4m5n,3
2E6S3NgbSG9NYwbdi6rWYB,69
4zI7i4nbKpLVba3JJTaszz,37
2Xo3rLHjXfdb4avN68aQyi,82
5lWHbKbyWlf0HpqLmEI01t,58
6cSBm4mtcuFtClN6yDvjQo,69
2f1lUkSEypMF1A77SIsck7,5
07Oz5StQ7GRoygNLaXs2pd,89
6aNdjlgzu6bJeRBFFXiVNu,59
6tq6PWrJ8y8icAv1x45YXT,50
1opARDDYaOeE1QUdwXmBGu,74
6hecXwh6EZHcl6rZyJftKQ,68
0rbnYyj0Zq2pNJSzWqtf4g,71
2xyx0o4xNOLLjBSbOOdcbA,80
2rTnVB1bvwxHtaIl4uVu7f,81
5pAbCxt9e3f81lOmjIXwzd,80
2sqsNXfN0HtgDEgaHXiUTa,75
6PYnUsNEpYC7A4BS2sjw3L,77
47Xo9wffi6F2BAUtvEz5kG,47
7hMSWOqitLlR938hRKG8Vw,15
6S5dMjMifQYmyTu1mX4f8P,74
4nw0S8MtvcLSpXCS9M8ciL,72
27aGlicHJKf5QY20looYlR,67
3TTMUI5dFcbeNSDTTDY9M8,80
7FEwp8BavoEVE3AnxJDchc,79
3TXKwYk2H7hZQFB0j8z4yq,44
0rIAC4PXANcKmitJfoqmVm,83
5uE5KDA3GhXPqhH6tlxrZc,5
4hvDzMIyNEHd4nxRhxMnTV,36
6FmnsSVdJJojBYzecDlpPO,69
1ZU50JsFvdgThm29i4mRTU,6
7AgcqeRnfXaniwk5gJoqO4,69
3OJ4LEE50iFELaHiZ09zif,72
2q8X0AA5YHDu0GelavXvUU,13
5BxD0HxuIyvEtpAuIbY4XS,55
16aNJYinJv9AAetWD5yJen,64
14geRrYSRz73sBbtPD4iPQ,62
5jlLBqK31dOqXECKn3jlMX,68
3EludUFeAoJAwSixWGG5Wg,76
4CMrdHWqic0usIZfTrKoI3,78
2kt06ZsD735FYBZO8yAAQs,55
0pzWCDSuVRX7m95EFOxVa0,69
5zXmmhtXrhDbYnScaYpqZg,74
4ggwRES3D5oP9NxWd4GGwf,5
2dLWb2s1QtgpzAGOaBVa0h,51
0XUHYxHOOctkSXReILAaJV,46
20E9JE3J8dHNDj9saOeNgu,64
53BX9bScZinfUywOiZdm7z,56
0AtY4uFaYBIl6tAjONkk1Z,48
4JSEMSiKPVcIEBQIlmGuI3,67
1EGrDTfEuAiRzRdxlblpET,63
5dXI2NV7X2c4anyLFbQdEX,14
3UqLP9Cq1DNryqu9scjak0,60
5tHy30IHYjYTwln2uBD7Wq,27
4nWyekGyIurZRSo0lKhZWH,48
6sq5mqtS3jwJjvBHALknJH,70
4zMmqb0pYwX6b0qc0slCoT,67
03mfJFcTsxfldb0DPI4ygj,57
4nX7yBASMJgtM0F9OC1zTM,55
4VlESxa0rw8w54oZDeCP1C,13
224EQMt8CpNPV98j9L4iMJ,48
7cdqv6XfTVx1vhMT8Py3Yg,57
270aLuFCbX32hhBr8MQyPM,65
4XiGKQqbmnMVxDzUj6j3f2,75
0mfCH4nfpshBQR9ueZP5eP,10
3MsOBg104Lz2M9w2grNRsS,29
3JCvjoJdEpnvnY5QxLuUDE,64
2cezuRJISjaVzjEwO0Sa8f,9
6P2Big8I59CgNw5U55h4EF,39
30uQMh0OHHIg74CXSfjAMX,6
31er9IGsfFbwqy1pH4aiTP,73
4Y1YbajyBpcXbccEetJp5L,27
4Y4uQiiC5sucABEUXdVtjq,13
3Ov9feZn8zNYiY6apq8Dx3,0
5ebcOd52e1IrKx7y8vkfxp,0
01J6VdbLfin8BagXInYEIa,0
32jcXj1C5zs4IccKkFEf0B,26
1tfVIwrfYAwYS9iHuspdaE,47
0hVXuCcriWRGvwMV1r5Yn9,84
4fA1ca0O5tOOYDWt1n0z2d,54
1wN6UMOnoOWqqQ6MY5R09T,63
6zl319nC7f5Xnw1tVq0UCK,57
440JHgcmlgu65MbKBg20ba,56
4s2SoSFk0djYAGEijhnBXC,5
59zN1921ag2pVv80Oz3sWz,62
1atQRDIxhLBudv23X8aWPg,6
5ITIiswssMSAdTJ9ZDEI8D,55
277yPUK7wvfkdMQZLSFSVt,0
3Ku9kSWtDQPC8bSWpHR7z0,63
63iZvr19gFAToQJdY7Sysn,15
3J5fFQ0PxfKQU5putEvUoM,55
0ND36delZlYUcwNaCk9Uf5,57
6pxElwU80zhjbCC77Vn8EI,66
32gaGfRgDMrMtcpCqF078U,58
0PwaDQfnz4J8WF8221gv7n,57
3griMd2FSimhnvHWOveakD,47
2KOmUz4XLr5vNpgQNdJq7r,47
2WGE7LzTfdiOPDfPcxGVCN,20
2eGFixlUmSK3Yei80riTVe,57
7hiOhyoRgB7ycVsiNz2ipM,53
7FxzgizJRGTQ3fxUqfvljg,65
1DoS5ql0TW3ejjJGHbsAmz,16
1nlSd6Rqq5pL7BE3yfO6QF,39
1RxUJSZWgxUBMAk26fnFfl,43
6bxtai04eVsvV7IZGqOXMy,53
4RmpVLrhOkLMyxqg3WqRsS,25
4bdfIfhw6McKwL9W233Ptz,35
0D1mT1OcWVqqFg629clZZc,3
7fCzmX69Ksgsc6ogGRhPlp,42
2k9N4caeCIJLOWwWwssrEM,74
51zC0cKP0zSmXgj4kgfbl0,38
2n3ufKl2OG7Ul4G5cq35aq,48
6YKb5UMzDOtfCfbPvJZ8XT,60
5xgvMrYYHTIEtx7w1LEAn0,56
1UBCUQp3areFyJZjTwLz9g,45
02CygBCQOIyEuhNZqHHcNx,67
71NeNcFTkxPPaGf1Er96Ss,47
4UZlEcQmkAeh4mYokk8TNs,59
2N0rHlYG5N4fN9HnVis9yj,62
7LNI08YZRk67lg7KaPABfg,61
31r4XPhPlpEdRo8LhubYUc,40
0PZRlp2wrQDausamlangtw,58
31htr8LdFPA4EcpIynnWgf,36
6sVSbqlpbATtUEOGC4XNLh,40
51rPRW8NjxZoWPPjnRGzHw,75
5EUPK2x1wJ5bERxjQ47lKv,53
4AweeJrnbe5I1eiyCkYhAx,20
4thnq3xsCY2KdVGWxM6y38,50
7c4iU5qYbzvhcuyKCTHyFt,29
0OE8haqI2h09QnotCfmI96,30
6mEP1cofyVXsJ9oDAeaRIt,53
4AY7tI7HF5cN8PPnv2p34G,17
6lxcWIvMQK3yezxwFfZcKZ,54
2OniwRnM4rjRGFEDGsoJWP,39
4mqKn7ewOLvVTJvGMRB5cp,40
4G4wIWnQXvJzdBifQwx749,30
0e6pxMzwePXAxNuNzkmG3R,45
2BlscWwajIvT29g6EiQaM9,33
5gTUtHVoS4wcOw2B5sg15n,31
32IWnxqoCOeDLas0p3K8Vb,24
2MLkfQ81R1jLgPT7zia03n,28
2BuJrxYKhYky20dQqTlobO,65
2l7CpLcHxJeiWibGWftnew,67
6fPBVhvCajXeRFRG6DPerb,23
4VBuw0C5WpH0PGsjIwEuE9,16
7pamxApUs3CE8t7tKmUJ6Z,58
5m8pL2TqjTvujYcFC2oiNX,29
1OAhbzfIB7Akh7SP9bT6OS,17
1gWL7x24c5s7q97b3yFeyi,58
26EMh9HokZODyS5Xs0PvXK,49
6wAgZUGobl1IKDPMFV7btz,49
7xVgFMUpn9BsyviaKJt0qq,24
0w5Rwt6LQkzkp3nDmzDXUB,12
1BqSqUUGo1ilm7Pg4ghJvR,59
1D662DjiH7dAjPxLsVVEvR,13
1eG4WAXiknUV2e6i32UVmL,13
3MThD7whZTtnIzx1Vq1GZi,8
4nSO7iKiwPj4wJjylLCu0s,12
5RAGWlQoDywRjaDfEnvkgW,18
1zS4PMsHfkSXPkzrEkCkC6,60
2Q1wXfJDfBxIiyKCjTi2wq,11
7MGFg1PXrjP9BW6RYOHBau,3
4URvI9qABWSkDHvLBXJKwD,35
3tyUh8UpK0PVu00AjbP1UG,4
4kyowB76IWcxKhKMjLHzCn,29
28vHg201THBT6XchTpbbqs,23
5z2vuWBeJHd2VrocKhPqkg,37
7ajXo8yoGCutN0tSNKokU8,22
4A7DUET5H4f7dJkUhjfVFB,61
4UAPxdGgrbJjht2mwHnMUu,32
2WNdEFwUBjxBsElbt0l79o,36
6U6XwiK6mYgTKZbgR60SCJ,19
6HPy0y9HrZFRsWXSPV1HWU,35
2swwtPxChtfoTa2sTh72jm,20
3MiqKj1HQeOONdXLrpdOt8,3
02hk28MN2lUeiM3aBWe5a2,22
58dSdjfEYNSxte1aNVxuNf,72
340qvFT1A7lK4ZWHOKBM7X,11
1V8g03BMpHf3O8OlDbrBvU,21
24D87ZCX5rruNJ9pMzIWjF,30
0L1lHepiSq6BSDKdO52s6k,0
3fjrueMS6akQDczYVXigYM,29
3a6YKw9xPXgqzwtOKnsPCQ,8
0KTvHwi5cDdZh86cpZztfu,54
5zhkOkaQCS21ulmwCrmqaa,23
7CBVCrFPV4VIbF2Mv5Ij99,0
6jUyYHDikmw9WltPojSR37,63
4EmrbKpQotKGCH0IWCnAOP,13
3Pl1pvzSvcOXunjzwNFYZX,1
5PdPaLUmJcGB8SiHMtlKPM,0
4PnivMie16dKknnD6PMc60,17
1arQh74CO1oQLKrO7el3FV,0
0JmWPb3v8yq0JJODZbny83,0
4u7hiFNXUeTG3A4dqQrkcd,56
6BOHQeYRHWUVy0Gcgj5iBJ,47
1Rxi6eitNnS37jl4dlAscO,0
25wKvRBN0js6yQL8bcVxQ0,33
0T54ZCylSgBsGpvjWCcteB,43
3zbG5GLfMfciA4rsLKOOIW,20
418jgbEz7ltzIyR4EL00U2,0
4KuO26KOVzDiciB8Z9NHZX,1
3wH3TWKBA9NCZinuBidD21,35
1sQMwuozNCmF811OgjTWIA,41
1l5B9wkjOW9718ZfhepOCd,52
7siiYR0yj4HYCPjeF7WQLp,20
5W71o1VVmGou7pDqkyv0fI,20
5ra6wApgNsjKT4ZoshAL39,0
0VUu4aOkISfhLkdio5ZgKf,0
5cn7GZc7OLRBYzd6PMXr7A,16
2yx7XX9v7M6yhm2fBG7K3E,49
6Omdp3oLOkmhDjVqv6vYk9,16
2JTwSmlb8d7lPpvaRpCd3G,24
2HTfaqz4LcCHLWmyrEm4mZ,12
3irumzUB7UlJqoVZCqR3kI,33
7wlcweEsneQgizqNOrUqJE,47
5gJGOikGhvbDtpCME5g8sJ,37
3IP6ntAkJdWfUMCT66Wgip,15
1VxTYGCoS9OZzo8cKyowdw,25
122nU5ENr0Y3CX22FvlKi4,40
4Wa3sH0hhacqcEBDbv5RBU,0
03LhreaNy6FWQxSxTX9u9H,37
14KzU7j0dtHmGK2uswevMx,19
4ucUZ260uit7vsvQfcDqgh,17
5fTtU7f2nzmTE7fP5aCx7Z,9
0qWPhodGwXmOlok9KLOkjD,4
12v5GBM74fB8WsHJPQRTIe,57
08Ed6CXK8Ibk5XvLgm8g4q,15
6LQeFxa911ingmC1x8I1d0,12
7ro9q9n77tluI6o1DgL4Kg,34
7uF6m4dAaSOntn0MAFDXNo,35
3WeEdIRueCLTZqmOCeZ8DY,27
5JgUhk5xwSpZYjIxtTfkHi,15
0lnbtKauqe8P2TYbD7QjGP,0
04XMj0lRdOA0tROaeIgRck,25
5t4JQLYbQAuVPhaqG0pHDl,22
7s4arMVNfggItXoCBO9UGD,22
7p72uUp9qIlFP1IRbAvcox,29
6L0mGEaV0LF08xkJOt16CT,14
6u43XcVUwOWpaLQJPF8cUa,16
7Bpl8pwYiI6t3vEYE8fVoi,0
6BNCjXQkdQFCOrWzzwrAsi,19
1EfbXCeMYyLHNwAK4cRgQ2,0
5TnWjvKZylf2NSBoEklVrP,41
1mAOHPG4li3vdjE9NQQMzD,42
4rRjuNNUJKryqqTnL5wJtg,38
7ikfTIReZmOavdS6NUQMDy,21
5Wx9xfNURyR3OaMNNlEk8j,54
4HNX9g2kXZ6F9bp2Wm9CYW,30
0hMmCpvgtjF8ZUsbl2x0Cg,40
3ValvCNywz1nhnnKJnywdf,35
4c60yLpE5lXvICT0pyEaZ5,63
4PwOQxfp3bGwn1SPdkZCHI,18
2uROM73VxtppgLSE2k27nf,54
10SUWedx0zohs8M3OJpnA7,54
0msrDPXxZpts4FRnoX0bFr,57
2aR6SYRJxy2QsBxA459ATF,50
3XAFrOZbJYdMaHGP4qutqs,51
3PFaFVWq5wucLu6s4baj9D,67
3NWTRZ0A8xKlBP1qgNftql,63
2F4JaV4P4zajoAiUkHD36b,52
300DUx4tdtCdGEUXR032jA,62
0fScVCIlDvKJYB550Fp8rM,46
6dET51TwAJPrKV5wmA5Vhr,51
22jnEneSABg4vRCR1vow7F,59
2GRDDzw7TnGRawKSZPnKv2,50
0eujYjPqb8aZfFD17ivy2Q,27
5SDmwAmdAtDG9kyGniVBKN,0
7zFXmv6vqI4qOt4yGf3jYZ,78
3V9VhLOCj3ieDA0ZC9lWNh,34
7uCWAhAVOR487BVKlRf9kp,43
23T4gelZgImtFxbHjXnYbm,55
276zciJ7Fg7Jk6Ta6QuLkp,66
5zyySSTcBpXQ8gSbuONRH7,54
70SjyVMzhmMeJQD8hOmIBp,56
06WD650Zt5MQ55kFMP2f3r,0
7Cu2COdH93MnuireuKNiS3,71
7HnkUNPrhRurdGEm9nRYFH,61
5bPZPEsUACrQXER6FcMs7F,49
59acp1OhcvxwVBwQJBYKuX,61
22oZYBEW53kgOKp3gVVaQm,32
6Nle9hKrkL1wQpwNfEkxjh,82
3GZD6HmiNUhxXYf8Gch723,67
1boXOL0ua7N2iCOUVI1p9F,75
2kBHv0gFA2iheTUXmPB9e1,51
3cQmqM0awej9iAESjhKrI9,65
6KluBT5Zthyzk6sBwqAcso,60
1fOkmYW3ZFkkjIdOZSf596,65
1TPLsNVlofwX1txcE9gZZF,69
3xKsf9qdS1CyvXSMEid6g8,77
7KA4W4McWYRpgf0fWsJZWB,79
5ar0XZUJMUkRZrjmcOCy8O,52
1gmarFWgSwb4SWlmqDjWka,54
0JmO3EBtl9qhnLkzr4FiP0,52
2id1xnRQloCopsF5IFRY15,52
371H6HjS4SXGbQ9IVfFUIL,61
41cpvQ2GyGb2BRdIRSsTqK,70
5J409CCD03eO7CQ050fiGx,1
5wjdouk5wQxXkmTeyOC12M,54
5d1G2EevctGiuNYrDJPphT,4
4jpBAzEAWq9GVyELGtkKAx,2
3pkbfqWxPWu0jLUbVayQaG,14
2xyi5jBkaQ741tXWTiqyr0,43
2kYf8lZWXI4Ajd7ZhVhKhu,46
1AUA7JlrARv430PUJRK0Lp,58
37oeplukPtBPPewiuvp5gX,39
25zjtAivp2cKIwteEKOnxx,42
2iGTYa6uaC3yKttM2z8hty,34
7ikLp3Ehq6OcdqMYztzbpV,19
3u6A33KtGqfk2JYm0YmiYu,34
5nXT0jRAR9ChVWmh2tLQln,47
2R1Q4cxCUuOK7SJzxblk5k,46
4Pkst1hmHJ8dUdOaBqdee7,55
3JaF1fMvbbMeqg9VZXTmVn,22
48EjSdYh8wz2gBxxqzrsLe,66
2TyCAfhwu5tRqFW8VnGMIL,61
6FBzhcfgGacfXF3AmtfEaX,69
3I8yVFjvJoOBM9tX4ZpxEL,60
3FkTxVBsQHrwMh3IyfKO81,47
4Z9npQ93MrnIkRcTBKwSa3,49
6Vmow8PuUaU7W1T2WWLZk2,62
5fQBa4wkmq28xpSLOQ202K,62
7GPstnufSTScEaw9dMxO9H,63
5dcZUsgcMW57ju0A379O7c,58
2UAMy9T8jWOjRVlQvHOmsn,45
6LrFPwUwvcCsgfJN9SgRqz,41
2vJIsdYIthbnWgLaLD9yrj,53
7eqoqGkKwgOaWNNHx90uEZ,78
6m6R6O2BOZDCNymhJ45spI,62
0kbacaF66yH9McxssuJfrc,15
17Z23wxx1J0nicqNfImgUE,0
5G0nSEIT0fGUZY0caM9AnH,53
6Lr9sGM6kARYVDL2dj0lqV,53
6LOZws7T3jqZz78unPgFF9,70
7N3c9CKUmRqrt3dDvGWBWG,53
5oJAaPRS2EzNIc8EWIbucE,55
5n1WeUNWJIjs9ueYD4v0Pt,56
3P4gLPPOHIRQ5j6PC1hNa5,55
1HA2V2EfAgJUBVOju4YfiB,66
7useXLqEWfoNdRveqGoQpv,45
5WNYg3usc6H8N3MBEp4zVk,74
2RGe02P8xxSF9syj0ltPjX,60
0xzvSNWTKvQGKzLRPqxx8E,50
6ttNSzoCalhgsJhXHiE7tX,44
4x17P3F67cUBat3J1YRgNh,32
1rfGO3N4DPGodJLSSY9Re5,60
54IbnYEdA3ymfxv07WgN3b,60
0y60itmpH0aPKsFiGxmtnh,78
0puyikpyVwe8TTv2tvMHeq,58
1Ahp4PZ1vzdbzBCedUrsqI,62
3ljkahwsdk97GG9g73l6w3,57
3C57ewlHARCVqeH3KiYkma,63
60xaS8mYBKUW4VQQ666N0T,69
1UjyF6okUHhnVxaLV8ojsA,60
1Z5B5x1vsgwmR6M4B8ndwU,38
0EM0yABJzbFOvZQkfvuvCy,58
68C7eNW6Mi1833mjPWlibs,28
3hqwWUExarTAm9v1Nei0uU,37
655ph5p7eDKMQwbdoQkQHk,21
3onyYH4No2rAdchHOy9KXY,10
26E5XogqhqTvmjH5nPW2Q6,15
3K8tRD2Prik7FXbD8lZ6DC,60
0ocEoJywYw7g0GKXd4qqCr,5
4wkWWZDqc7lgqOUA70pHMw,12
4yLxnsxbnXiyMwtwothlfU,0
0F12Vh1or5kJaCZmQH0acA,24
002xjHwzEx66OWFV2IP9dk,15
3TZlgEx70yynsLjKyPaCfY,0
5NrSSLgHeNpSLGWB2wLSCt,10
1zGEEP77I5C6xaJMUoWEVv,29
7JR4XCmH1f5Aq5WFsDWW0g,7
1XMgFNqrmnSHIKp2YXkPyp,6
2J0PjjzjI787k1ASre2O6e,36
3HPOsgVwY8AWsh1jsceqOI,27
6dazSbGP7uiyr9eowlBkDo,29
2ifq6nK8BTXl9gfY3dCiqO,1
6P4uWkUqr0M6eVYjmbKdAf,5
7L7KnCltNM8yXWs3ozuUY1,10
200OfxLpaRBYzIg02cBcgt,0
52yAJNEvLjD5wRMnSDa3na,46
0DPkIJha3NGgjPdC9hNyk6,28
6r6C5X5flyxMfLDXcv9oVn,29
1ohXrU5DLEfUlfo4tIYbqJ,33
0EDfF4djtCu48KZtSHx5jW,28
1OklZefA3QDQIocxzTbpRQ,0
6bS5OiM8fa9UQ2WxPT2QIl,16
57ol0VGQfdqoHfhRfG9k0i,17
08V9Lvq19LbR3IlgL2AYXv,45
3HEn14GqygLCNfroOnYiZb,61
0DWQYGNx63qrkYOLVX8FQB,0
2qVKzWL2OhghV6nLOT6pBw,21
10RvGIXsTshuoX5zfHNGb7,27
4YA0OHXqNGyNCTD4Mybpvq,0
01V5Y0jmzA90hs83nedB3z,0
0fRsAGSCbEjdSYM1U3NYx2,46
4sv8shEvVY9iDo3cmJRWwU,30
5ZbJR1AfdOsvsYNuCvgqKX,59
7yDMMrGs1qyF0DSJPQ0cze,25
7qveFKh99XSlkED6hTPAoX,39
0eWxDnXDbsR4h1kVk6rZdy,45
7aqsbyCyEGZCz94DBQvOvs,26
4P9ebbQAHTkWXonjOkND2t,21
5VhDYAIGxYBsc8gxFgpZs2,28
0eTX0DeAdYZGCUIpUNNbLw,51
68owi91PuuLlARM4BTvNHv,27
7nmNw9sUOiwIlnSwReWDFF,24
0z9PMxrUVfCLc3e7itESJL,30
7B7D4GjK8fx4XeNZRU9rDt,27
62tnsScYuep18LnQiQqHmX,45
60EBukQJSlpJVp6pEa1trC,0
5BtRfJTqNCdUiSpyapwmno,44
3Qru36Ylp86E2Q4dWB4OnQ,2
2b4SSorCTQ2VzmllaeWuuT,66
0yelbFU0gJpmEOxJVahtD7,21
2W0PgbJmayLcgbSyqGDqjq,34
7EJzriJMDG1dLsTVyPKAzF,23
2y3dqVPQraN7SfKqMbDcmB,0
1vHYWQyOTfdh6tGRLq3Twr,29
3bcVlSWtjktTZAczUbfzlG,47
4LFW2NJj1rjAYXN724MiOb,26
4CWy5RH0DiSJtOUCcqKjbX,34
43EsFRsE1oBbiVZn9Ewfem,28
7FVFloQe45NEVyt7VmntKz,32
3q7CL3dh2u23ZQEwixtAIi,51
5u7YjfqsRbUser2DXX8LN2,0
2cRm43WgDFpOX0oqr6ujbB,30
6f5TuB9WtbA1g49A4DcMQ4,70
79nopNMm3rJSUfQfMkG0Ur,5
3DdQbt1EdmUN7saVPf3JHy,40
63Ly2sEzloc9s0yAXlMi6r,57
3xy8karhdpkltgdwj9FGbQ,61
6EqzQj41ouk0ANwJXCgK6M,35
7iXVkTHMB42Mz9EtI90rzu,50
0HOq63A8H2BMIJzGFdWs79,52
6zWLmJxa1AjS9fhlDtgSKA,19
5ZnZelwYbsrBsi2QmBcTXC,45
6VkGvZnA3wNQnnp4ipzQjP,0
6KugjM6PRQO7eqLo9AfWiL,41
7zKj7SWOeFKPqDqjL7kk2B,0
3CUz9uazoEvF9kS8rloHGI,28
2Nh2cMryoXl7BrZoIeN2Pr,59
4TAob1aRbfOiNqlE8qSISX,26
1fSWxeRWN393cHwMmGMayj,0
7xsdtQsh9LsEbozDga5X8D,38
5HycJMEM8MyX4i0ErSeuC4,30
2Uvy6SkNqxvnH1W68dymxG,15
4JJIj448WHVYw2kEYfIj94,1
0t2myRMEMCi2SRyg5TEFLp,9
12GnlylbGCoHldjYsMoz0C,36
5fqt5nfPEgbOuIajbZmkBv,2
2RISD4aJrioDB54exm5WWM,56
2TD9wVSR6dKi7R0arHRFWT,0
38xhBO2AKrJnjdjVnhJES6,75
5jFiyUs5R6kHuKbAs0ZU2s,56
5V31p6JbrGE5tfKrxzQNnM,4
3qLpCWS4DBUtRG7rKRrwGZ,37
0TTEm8HHxndsd6Jqtn1DDk,42
2NuBmpSF7QrpD6s9jlobzg,11
7o2VkCW64Gs5gTvgYNwipm,5
3m4rKJVEYMJh6GpCRLJJYp,39
2W0cQltLhmrTt1Ild75DuV,28
5o9JHeY8e47bXCjSZOnD7b,14
1NurK1Rze21ZiVpXptNEeJ,20
4IU03NTBDTHjFkJeiOZ8Kh,20
2sjPJ6T2qA63OUxBm5dQfS,1
4myV8ss5IG0PtiIhmx99Bd,32
4mFjaz2VfCtwIy7wfIn4IH,25
2ZMwTK0c3nOZzvIgmtdHMf,28
6Q2K4e7Yu09yOqzSZOVmk9,24
00cqd6ZsSkLZqGMlQCR0Zo,41
3Nx6iu7XpzWL1QMPRJKzqL,9
5P5efUJoM4Ykh4xG1sZT6F,58
7ziHNBvbvVCSLeqdKDLQR4,59
6U8TcYGLSinKxjtfPcCPrh,0
4eCE7kaSrhsyTNkiZw2KKY,38
012mGdSYIBEmERuScm2iOl,28
5I2Zw1tJXoswUSnKkJSuwX,15
1U1VsioVGJkXUckkgOy7XK,2
3svlCHYt8YCtAYXjKhrpUs,45
0bYg9bo50gSsH3LtXe2SQn,90
7jER4hFurkqwYmeat3qsh5,11
69lOXkCMEPFSDwuuznGjMy,57
0s8XHbX2z7vNIbOyqKk5YB,48
2pnPe4pJtq7689i5ydzvJJ,79
3Ko8zjBg7VtcPTVnd5awJM,1
6fjsIxSPXnOjQleb11AYNU,49
1TepWoct40tUbIYdfZXKRh,23
7layOOgCgrlfSdBbOWTxzp,7
4I0aqR9G7F6oUPqQXLxSdW,10
7nsHQpH5av8kIlhDAc4gmS,12
2ftFntZ6YiBfFyPTY8fMm0,26
1ep7czKo3gvwkZ2cyuqwFc,43
4DEyCl5t6wuxLZnUBQss8N,29
7DESENONjlQosUbxToDKOy,55
1SiHljxheMagCMXepXoNhG,28
78eVUq3eoVxV0Mq1gIPipN,25
6gJb9I7KPf0g3evVOhJhAz,23
0woQXo3TjjZm4XeKLFeSYW,23
36Jr3t7sDLK82NU1aDOZRK,24
4ETDRicmWHgNvc3PwcRlbi,30
78AF5NGxtjIczE63O1EL2m,2
398PpKV6XRMR7yH3bzMZPP,25
3WP3OIYgTAnfFuiQBvgzgi,45
34jQlhS7FGfPitCHJRd2fR,26
46pF1zFimM582ss1PrMy68,73
0m3FlmzEj0TffSexx6rWHh,20
7DBIvPoaC3Wv69Qe5II7b3,45
2ePuLA5lrmT9U8D0VxTgWz,30
4GHG80QW7qKZZTjfMw1QTy,46
3avPBX2mPC3crXA4PP3ALw,25
0D7DRqVU5h31xtEUccV4s7,58
2a3oa2Z4QhB61uueut9ww9,48
2XUwZ5CObNFeMfU4PHkWEB,4
6MPpnJDLk37GEIM0iGGITd,32
41U86awdgg7CKQUA4twR68,42
3G7ginVlwmsKqX8upymtWt,51
4Ck4Qah5oq4a8hyVROESHj,38
3E1DLz9jCFpvtQp9u9kKnH,54
1haofRgjpVfOyTVWnjJRND,5
7by9QasewukzoIVcRoE4ss,33
0KhSyTLxO3JsWHCA1zmgXh,52
5LsRUYp8S5nR2RP8sdNFMq,1
4pHRyFLUtG3zt4J7sNqnuB,7
4sdIuwRDXVZEKhs8ZY897a,0
5rXdcKlk0GXKw3Purh6VTP,23
2WBVGEIg5pWC15Pylp7K6v,51
0jgVkOMLMRZTgx06ddo4DQ,43
77sDjYMDyBAOpjpRXljrbI,43
0Cwh7FylYMq0hGgEK4TMVu,35
2axYLm6zrpDHJoY5ioeJI3,20
7x5fLfjbgCFUxsfCUqBuy0,20
30eM8EUY1RvHSAzWoIegml,43
5ewa79Xg31HDefmPUpZX0Y,14
5uRXRlOFJl8kRBuv7WPvhc,9
6mZI2vbLv1UvlclwDQ4uvc,49
7e0j6jReCfN5KJkDNLHyHQ,52
6y7JGli1CNRmvERJitUern,55
3tH16kQXSDJpawV0HvCj2E,2
2pmdhh3dLu4ZjPu7vUUGk2,27
2f98imn7H9PuCLIHurtKDb,31
2oMSXWFg1YuwFmJ4vjK57Q,37
2f0aFeBIxAGWtYKSoSIa6k,25
3jEBoIiTgxffp0ilDu7CpI,36
2TSpFwuz4E4xs1DZn2rmrQ,37
1KHLzYL1noQJJy6JY7txx2,11
5TbX5Af7orkoGJkY43ly1B,37
3ekAN7Ijl9vIemCaDbh29K,53
1AAbYwMYq0JE37F06XUeXA,43
1eetzMDPNpYSZOreBw7SSk,51
1DTRyqSQ6CfDs46Ft9vUpR,38
3Fw7pl6UpksTfmYcXLbvx3,45
6BIcjFZIVDZxNAcofRFPx4,67
4geR2biU0ogmJgtIhzqUA8,41
58wz6SXvLA7JjKtX5Ydq06,42
4emn95gx9O3BIGelWdv5tC,25
3IyvKXZZwgqU4tPxE2LZ0p,41
0g42s0K0OuiUzzRM1qyVRt,18
0YwUJOHKYxlm5gVfIkl8Ym,45
6xYd4zCVeSp80Un2Rl9wDs,2
0sxEHZ8WEPPTWGFXYBdB3O,48
7AjfklMN4WpQYz5FkT4E66,62
2m6knc5tEfzVYwGY6GlCPm,54
6TBF7XZ9qaurpEaNyQkYf5,21
6Ej4cQotdCJ5Gt9xKkPd1X,39
4FWmE1B9LaE0qta4mHikD1,26
0xiuSFBOEHWaJ6rSuUbJWc,57
3evLDlldkPh1TO9XDrNFv1,36
7vBxSZNdN8gYFqCaNQ808v,0
0b5w1gamS9f239Sms9guAB,60
5Anh8jULgeUgciLHCR25Mk,63
2nGFzvICaeEWjIrBrL2RAx,75
4Eq60oypgAxlX6Kp7MFQl6,48
4ZFOYsaQRauihXEY6yF58t,24
5qR3pYQIC10S7aD2YBjgui,51
2dCD8qq7yHZPZduA8FJazs,46
6W7NpqBIiecNPyKOOFNcuL,44
549NLPvel0Hq2PcBZdGsUJ,43
2qYIdNaktgtpaPHxDVMXbE,47
3lqT89gv8p3PYwXtr3ODjv,52
0NBHHa8wwwmBnn3aAzX5wJ,52
2m4AKjV0OBfSft7YYh8y5x,35
3afeZ81GDy59tATovKyH6Z,54
2gTIfTr9XOv7Brek0785J9,32
2CS0RcwxuawBHEs8n7gS3i,44
2UXEwIOtNGUUgGdXnds8V7,54
6SkGfPa77E4giShVbk9N6R,57
0KhXVmAN4sqeEgsqRd39f2,58
17SLKNcZHfggqIkVHD08e5,45
7ANroj1yWw0YEGcLf7HO3Q,54
58CrldAc1Z5WIBozT1NMJH,18
0YHBvFhfCJHyP5qfgtiX1o,50
1rMJ3zgDnnokj3yCsCPLHx,26
2lp8xjq0WTm3HZKHuDEweg,63
0MXNzVX7zTva4U569d5oOq,36
3Nseorafz0uxtBrzFMKEsy,0
4xBGYIZndfEI1puWGcyfo9,31
1jD3Cb99wZ68V0obSEKFw8,31
4oTpOReBnndvbEZzjApK6j,9
6mqEYpayC5TQFUYTwx7qPo,47
44q2DhInsQYJ8X1q2H1RNj,50
3n6skGIXpXYK3UVcRAkXzy,27
5NkCxPZOHGCsP2UGDyNLRV,13
56MbtP05s9Qt0NPG3S1QIT,40
5A0aUvnfAEcmUx3hoXjI8R,62
3oXNIpoUMdk8qGkwCeXqGv,51
6iWs0J0CnadMMbxLQtZrCG,53
3HoyAX58MUIBFCNmhMliHy,52
0QmLbWOTGnaMgUCL8xfWiw,48
0atAqF01mqwYOOfXVHu51F,50
5QiTs0egWAq0k2O8HWKoEP,41
3VZMAx8GdrO73kvTZDD8rU,39
2XKA576OqiY4PTKpVTA9AC,32
5My5YI9oqE9MZcHIrm38BJ,42
2mbBbq3QzcgkOEaBLs5e4t,35
3LgHF4Fe2TOCtnfPU9PObU,26
6byWJy1kjx2pZJfmXCCEST,10
0uQvkNc6W696ngO80869ZK,5
4GPRlPD1x0rwTmARsGvt0a,7
6JkES1jmcqmUOWCJTFXu0D,14
1TwVcKR6JojvPwBGbWZT36,52
0wC3htGCqRNJkk26zJG4vF,45
7pv80uUHfocFqfTytu1MVi,62
5dlfvkyZOuBCFP1KbzRHUx,50
5NaM1Pvh51i5Ja5EMb7D31,51
56IszkEOG5lFShWevvEH3R,65
1sQBPGypjSgEgJZvD8u8ty,65
4ej94zqr9xYLbWphCH3TcD,60
24Rz7seIzZoUYVlLWIAk0v,0
2fXwCWkh6YG5zU1IyvQrbs,72
6NblUCwJXYkQlQ6LhcmSlQ,64
0DQQRJ4sR3pxwom9L7D7QR,64
3uSSjnDMmoyERaAK9KvpJR,61
4LkLfPYc3yjOta7Gk8FDRB,65
1eu6vM3Q8wYKGYZCn26uMb,56
2pg2TiYo9Rb8KeB5JjP7jS,74
4L1eqdFY10yO7tMzvRp0sx,56
6AIte2Iej1QKlaofpjCzW1,63
0q75NwOoFiARAVp4EXU4Bs,77
5GjisoOfsN8qagrax01T4y,58
19woxaSpjOefa2JnAOoqW5,69
3SwhPTNNU5hpF33bbCsji6,49
152lZdxL1OR0ZMW6KquMif,82
3nXrCAE44KlevAkQB2XWcN,70
23c9gmiiv7RCu7twft0Mym,73
1m8WpLYXEiNVZchsWEcCSy,71
3VeuvRWfJLSOzeVPrgi5MR,62
1cPBPL1FlwRM7mYXixVmJB,52
1otG6j1WHNvl9WgXLWkHTo,71
4Uxb6ZyCz6YnB0Rr85IsS8,53
39xVzbZDVYROIkoI0wJU7k,48
5tqZJUHEuqdN12RZVq2l9p,59
6GCIYIWUBSLontW6divqsw,66
564oa00vY05d1uYnTEAAmE,70
6IAgarq2wDeYzpsY2Kx0Hw,65
3KVlk3I9qKGTPFpkWA20nh,57
7dQeS4ErW1iWvnKdrtKwKr,64
1MVpa4w2TsjgUoJxMRAP0Z,48
3myKrRi0ZXU9pRfGgpUCTj,51
2fhePAlCSsJplwkjqMYpVm,69
1Mza2sr6tPhy6jjI3HB9fW,65
3E895HtTn6lB40SA0l9EkL,61
7Ffgp7DIow5wECYQyzEiTq,67
5BOBHIBuzvQuIYL1E1nDzl,69
0Dcv1cRaS8sEUYzjHNhHBr,49
5Q5GYJHW2pAZc5bZKjBjNC,37
5Tp4UJvnsF4Zd05k0zXUte,68
6D53lwtCp4kY6B7aZGkOxB,58
2YnZA9UJFJoHM3BAUAmTHR,21
5dCbF799lzdTCc0eHLKS12,21
6ASmDSPVQ5eAPyuqvkFJsA,1
3J8dsSohvCX0jgG2TVDN2A,0
0yomhqoETEC3360pML8nEx,3
7jjzb6VsR3MTk7dIb7C8ma,24
6STQUG57CklxDvBmrV3l0T,0
6ZvMDPJEXMgxZcYLGvf6ts,0
1QLRsTQdtz5KTXHndX1sLd,6
5vqxTtkfBU3dtUgGoPEsiv,0
4ipa411bzP39RfrNdUcckN,0
6N7ahLwkE8p1e9v6GIrp7z,8
25BZ97EjMp42XIu7DzbdVT,15
2gpEHrWOXBpeAIGORiBWw5,32
6kv6xwlwm1fodXIKYNTvac,16
1K6Rg7qwAsMAD0AwLJTvvT,15
26xoZDVceioM6QJwb3zbVN,0
7I5U5k63Oa8ayMpWRCMgI7,25
2mGWmvIIvs7jKEXxyh7Wfb,48
0RJf03zcEmSCv1PL48n777,9
6sdX6dI2bxMoBSFOR85VAn,0
2GHJIrkfdGtr8CReJrISw2,26
7BnJoLoOxYrNxzo6Hs0J7k,48
6ItLASP9h9ZvU1J9iXEVXS,33
0NXaHNdHP9uA9IXM54y4rC,29
12tomJynzttjC14htb6SBE,3
0jwDEhz1rzyyYYyWfF8Pgr,1
0gT00heO9IfOUFwdkcIOVH,0
1emxi7e5EWFsJmwSKTuUDH,50
7ckO5VCuSYBQGceDzJMd6S,8
0NXQ8VCPViY9CbIT2w5t5N,1
2cCbcR7odUks48dXGgKgEA,0
3tZm76otWH20xzJC7icHCk,62
2oX46s90nkZtTbCowHiWVs,9
2UrAeVF1jqprpG9mWisUH1,37
0S8szpYAYYZJGHAzLPF7kZ,5
5GWV1AwlBbiwbMu6KdUnr0,45
0aN6WpOVcTE8fmmZybZzc7,0
1PuaKKWGYgscPXNnqdBi37,16
33zaP9mzOPm76Zf7HPGkaw,36
1cIbogH3UKRqDO2tasfPTg,6
1aiEUezEsSeZhXprf4bX5e,0
0Kd4v0hGujcMGQKy5LvJo8,20
1O8cqTQ6FYScUEAr6RTmQE,0
4VaautwnWDkePRnzcDhAYY,40
21YIQ4I5xNK3GY7jorq2tO,28
0yKXxMgfRpYzVeIbPZss5B,2
6YA4J5rBfkWZFawehom0fm,1
7Mr2ikCnz0wRaYpqkwnSzh,34
6GXe7h7e3VTbRp8sQ7GLv6,49
4d0dY3ZeMdoYrD5YmdFvWZ,58
7LINJ2qN2WlTuL7Ij9JnyE,20
3mXpK8NQbRujdaIoKZzn5M,25
79VUYSlW3L7vPNLbQCjBoM,8
5LIJvRvIT5aEb0Dclhgy6c,5
7ykTRGiYoTPGYZCajeEghK,0
4U9uKCsD9hqmOFVlraX41a,0
5C25hyezPUXfOktnlSBAQ0,0
6wZRGjTX4Hsq3RcO1t8S61,25
0KQx6HOpJueiSkztcS0r7D,21
7MdWy6ICKc3jmWL9fFAvoo,21
4UzOda57o7ByOBubmhmBrW,14
3AnvtpQlmzUpu1Z0x8UT4D,16
34vq540jPfrXKt2aogxib9,34
0Ryp6HXZv4fdC7wfLJTdS7,16
5B4rfvTKKv3sjnRghgivH1,38
3l3PntoToWjVsXDLTWaFSB,0
2lNys5rfeHsRPwWeCq60qz,0
51cMgiP4rh7RU58hsLJjDR,0
1eOCyaSRBdFGofbLYjgGM2,58
0nNxFQDvrQdYZhqSpEwzlY,0
2b0Db9h4Z7F2ha36YbhTtr,48
1kKLWkqyZEnrOd5tBYYCUn,52
5GDLIsTRZpB1lYUWCaq6ph,20
4kACIeHCApBCrFPpIRbeeB,17
7oCT27uC8YRpj73jJsggAJ,0
1RFM9jKidX2AgZAuV85ZDx,4
3aNxoS85gPgXzaVMQ6N5ui,43
4kQ6ePhvkPxFgiMnxKWfpm,2
1PJ2g623XGObGyUZGK913C,35
5KcZcZOfq0Kwpa6fhiaGZu,0
0qYAgbjY0oONzeO9gVkek0,6
5YjxMnQx0pEdgkzwDyeXGQ,0
7lWv5nVZoX3Dkk2KnZS2jV,28
5rjPINVemhJJL3JUiXLeV1,4
4XibrJJHS3DJO13t3hF6SW,27
3g9nxeJPQM4CxhHt1iNlB4,50
4cFykOhUKQ5dnwLYf59s00,0
1sZOwk7oLpsVH6R65wyktS,8
1Ep0pA7Ld9WoMVWC3zkhOu,9
5GSPbwdtRrHJII2T8AOckK,12
5723PAa2SedzxwifGHy7pd,22
3Gmt6Ki1tySCY6sXvmnR1Z,40
3cJ1OmQXzZFd6vPxILAEbZ,4
1EIvMRhClzMkbJHZAd1Aqa,37
5jIwg6dzwp8I6G2x4joQ5R,1
3QShCUNhvDo21w3XeUE2qb,33
68Zg9JQGWw17f6W59UxXYJ,25
5nOhowIlTe0mAw1i0RQUgn,20
4Q1grs5HY4n8uDIdoqYHCl,42
4QoQgNqZRWs9euigbbYP1A,43
6pTOqW9WKaSSFBLzp2FVIb,23
3ELDXXIcNI3HZ6LoKK580V,31
4lyjlRP5xoJKsMqwiz7558,35
5jgEJXjECdlhzNgfITSTVm,57
0fqKsU4Hsnb0oKlyjat9da,33
10sYl1hGa1krqt5gfslCZ0,0
4lz8RL6TkJ3XlZm0wFfjpR,39
48wtJb8w1yNSLBVy5q9Wos,35
4dA9s3ai98THG4nQlStPes,27
4C8bbFSl37YUCoVeyr3Fl3,46
66QhdvUCKKgvNJVBjIHKGv,48
7IASPK6EZGNTHTxT6yTp0G,27
74HYrIbnpc2xKCTenv5qKM,56
0QQDaKW7eRRoqvbLCylzrn,47
5dd8tOJwLqEvasVqvvrJzV,49
18LavD1R3IO5UCtkXrRVzm,35
4jsPXSR5zZoOHv8uWX0PGG,30
4QD2lJZA427KI59ywRAmyL,0
7BgUcOjSOlKJXASLgJ6bx1,53
0dbuo1Rl0r5ba9HCoaSPL9,1
61AsTu6vfuLieRBzhjskSy,3
1j1uJHqOWownbmqkCbcgCQ,1
74F3s25Zo99d3Ze4qztSPu,40
601ZisFeoajSaCjatZlYGl,0
2bZfoRmADhlF5gMCSZ4pDS,7
5sZAwvRpnoOWrQY93LofKp,0
5q0kCefoIXTSyPdG3ftcec,1
7GxyTvjHH1rH96TYJnBceA,0
21xVx0n3qonzK2PXah9M1S,38
60Pjyla2BNnWzWxNXxGa4u,55
6l4TNbfPtNAOOlGIfceSaO,65
04b5l1WOlEonBLK2qTZrUV,36
72by3Re4C3eVEBXvsUo0zV,57
0FsqhyyHNZJfK29IpHihMK,46
78W3OjLt8Ugxaar3h9mY2j,46
2yndyCjYuUzJyBOQfAIjII,0
1zYNxblaA2j7QrxOqaqyEc,0
1h2LOOg8VaNIZoXxc2J9rk,0
25YxmLweh3btfo18wxp7tU,0
615LO9eHlx6xolbrdQMI7c,0
4Aa6cwl4QQMo61ej9Ucxeu,0
5QFLWPwiMqc6QReNkmAWWY,0
6WvaM9yVAKXKxuD6EdHPIu,0
72EpZIUOksNX1nI28s7tDi,30
6pbhtrRxS6xt0GnEKtLxXb,0
6aWwvl4NxwBC7Sa5kjTD0s,0
5a6cGfEIJ9nmgBuXRdb57w,0
5Ll0VO5jrM6rN9cv2bPLl3,0
6EqT8NTv64FId3JvxBe7mP,30
5tUXQvc0yMQD42799A1mec,47
5M1tzhbcYFY8DwPFDLSJXG,21
18LxLNSgnkXRpijvMTdVtK,9
0HkcFsicQMIumVpNNde204,5
1mD6ztiiAXEF2YhqsfFCDa,1
1hp5TYhnsH4FBQSsR7RpJK,2
3c3yFXZw7ECjgyTzqiAVyM,4
2REGtB7mzeH3GmzpCUPJRj,1
7aK3qffwZNat7UlDFn28X2,4
3BIGSNjb2Ao1v7rOiHRPdq,3
2nT90agaRPagnai5AusA8l,0
3o9PU86yJAeojzW69KdLh6,8
3V5mBc8Qhc9eQnqGnjKsuB,3
5B26qgkQqc9F6OnlJGjzFb,2
2v9QddUdHVKOu7lNpCaXa6,0
3ywXd57iSPA37YT0BtmP3u,0
7x6ev0H9OAmvuDnyuItBZS,47
4y4ilhWm4BcoWs7o5VsI3R,50
72V3zdMD3x7CxNhtN7xYX5,34
78mehkHd1WUDxhcLXkbrLb,53
4yzXvKrnhzV39vbI9fT0ff,17
0jET2Wl3JrzW2XCsFZza6i,17
4q3t9aqaNe79qtLb8mYxzz,15
678xbt4SczRRWLa5GJFe6J,10
4xeCIrsyuB845UFCQsOxAV,16
5I9EBA8KTXOFhwjwWgrNIP,25
15EFDhVPZN6UCBv2FEuwie,36
6ivEZ3UsWccxvqqqNXwmFB,33
4J9f4lTe7j03M7j8rdqVOF,26
0bHs3ly4Bv5BlzE3KrePfX,53
6A7A9t2syLOYlpWowYYhKm,25
3egFyD0Pe21jXAMAnEuLDl,31
5Kjf7kWia6Ey8nRM4Mgj5l,42
7AitCDHecfsGYIb9nhrB5q,16
7km1tntASwmtyzGr8vaT0e,47
5dAyTPhOd3pL5O7LBoRRbS,33
7MFYcmfPkJ095X0Y5FF6ny,36
68MX3Id3tWB9CKV9LqvYQy,25
6yQ4NYT5DRVBNfSksqgynG,28
3nOj4aPgG5KOMh4HBJYMMo,0
2womkqclvLGSEyJ2YpwwrT,32
28luqgS4NCuFKP6YSOtia5,66
5dvpipXxOIH96gcGEKR1Iu,60
4brX8MJs5hxErgq48f9REO,67
4mbOTHs6heygME9uDHg0mf,53
5pCRjB4ODnrZQOKkeck7BU,30
7ckK9JSAnCWy0m1fm1JBud,31
0240T0gP9w6xEgIciBrfVF,61
5iUQMwxUPdJBFeGkePtM66,75
22sTSq5hrpBe4OiWgylpAC,0
7uJvH1U5rhQBEwJILAyA3D,46
3XbjOJKGFh3ASjJtzmq50J,31
5Jc3DzT6kfUQE5rZ076fpR,38
3OmGcFaCHyCFLZUw4KzqA1,36
6P1SNP4w09zcvdt4oytb5d,52
4BGfM7Faj0dyEnSuaOw67j,62
0HvrW09sl0aoAEmlIcZ9s6,5
4BVPMFwf6Xn3y6L1J6RTQt,48
4GdB5M7GbwLZLouktYocFC,60
6hlLKByDfmpoQQrfag0LzV,3
5dlGBAAl2LSIh0ZoxTeKlH,1
1MvH3FdvO17S2eQ4IeNRCo,50
0tNuJpBgtE65diL6Q8Q7fI,67
32sBVB5HmrwJ6e9g0S2BRL,65
61OMCRdMORzZKZ5ury05iG,56
6gAJcOuegRlexpvS9HN8TB,29
2UyGnc6Hw8lj1MFXH3xGQ1,13
27x2tIcwJswikH4dOgUg5x,43
6NIc9aJLGBJG2HcVPx8kE9,16
5hqQwloNLjoiMxf1cOJLOV,37
6Ius4TC0L3cN74HT7ENE6e,78
127tGTzs76FtJSi0OL8iWb,37
7E3gF8d9EEXRqLzsNKFK3A,32
4ipLV4JnYWihKOW8MPoF5K,17
6R8YNdqZntFupGut94mauB,49
6zSe7ZKNjb6Zl5AP78y5QN,44
1lCutqtm2c3N8BNuYMCTCQ,17
3DlgDXIYtnWtJKiB8bZQMv,70
47euMdzPz6bdj7EKPy369S,46
6yIjZliWeKDstbA70wYwm0,2
39NDBdU5Xkm5pCFGa5kZtI,76
6frS5yt1VZWpjrsJDNbzN3,45
5uOXJ6ohLn2V3FRxoFrkgs,43
0X8bb1DGPPvrek9OnLJ4Cv,32
6GnhWMhgJb7uyiiPEiEkDA,77
4UW4I0a056lfIaghMSvaf4,53
2RfT1lgI87TDqWFM10dBVa,3
0uPA6fX70cCdfG172jdcKO,56
2vImBrdMibzlohnN0bffPd,31
1pynf76l80VPFR8pEQRLOu,39
1xCkZYGKDv7ELjSlIKedOy,57
6ujl2ZS1tFebJK2owCHWW4,21
6eQ5PZ0nOj4vKAX63dIQSJ,44
5vhwne4NXUgFdtbnTMz37m,40
2jAn0rAOyLW6hIEuIDNcoT,59
7A4DelrsueDxATfANucgZ9,49
7rt0kEDWRg3pgTZJKuszoE,59
4zQuwW24dweWcaX0fEJkP2,73
50oMV9ChVZchW4zAcsKigA,46
0CPnwugq0UbmaT19wAbhk8,0
5MChi9fdCbTIWDJPPUuuW6,65
3oNn2Qg40BPekTa4zxpSp2,45
1WArHcLGOyA5YIkcEBsg4L,26
3GyvdyLEZ71aW0U1VgHHLF,36
1Xu47hsEbyKfdmlV2DgQw9,54
4KEFi1juFd2f77HgFYka4e,0
58MeeOMk6PMQxXWY9YCNPD,51
3feSwo9dMR0sbvdPU02xbh,0
07DzlYy8cePxVKpTFC3zvg,32
6gifrVamdnrYxkXPV6ul0k,52
5yCVIHTWd5HiCO4TbActOu,9
0I3q5fE6wg7LIfHGngUTnV,77
2y1EJOmGEgpUISuXmW8KOU,41
3FReeuzSopfaMzL1QXbqEa,39
5YNthZljl3VVkWKWzL0gQv,20
4aA9Zj6nzrdBjjuY8lQDxL,42
5TUfKOVdzg2jZmFd7HpVi4,0
4IiI9lpobMyEbhV5VstNs7,54
5rIq9qIH2NERKuolO6CNEz,44
2Mb3zpobD0CvJGWv6NpsPy,60
3dqDRmye4pQMEHBFvJxhsA,42
1eDS8ii1utvj0PjfQLrDb4,62
1cBNzkPsAdI7XJaKIsjKUk,45
4bqTcIQAj0aqqyS5LzMVPx,47
26RcjBcThMrZ8KvsqApOvN,56
4ZDmwD9RakgRLiSyL6oaKa,24
2ik5YFBdGUmPdT5Qxx1Mwf,0
0VughFCmfCAbSPwfAUNWeU,41
1345xOev1kyaeqRdeTxiLi,44
0DJBgfyaAlT7T0i0YAuzrS,46
1Q7vga2QfgMUTmAWXWb3CI,36
7thr8kzCpwu5ps4feugpkj,17
3a1jDMHy0W7598Mu3jkLBh,45
0FMMLKHb74VB0H5u2fP6xo,46
2x5Frs6ts14U4MSLrQQlXg,64
1x1BKrrpq7CfOZPBeUsx16,65
2cw5oXKN9cVz353K6JFAbc,32
0n4bhnGYIoVlEGGbuogyOF,48
04Uz6OywoKTsVETCQ9vAP9,50
4RzhIVXS4ID3UkARntYICJ,43
0YHTIIZalPKM9WkQUDQ9Oj,40
2EWg5vyWthxFUFRtcwpnpo,38
2KpCVL6gtwaKAbyCcwvADp,46
4zFDDTSInTkLg0d0KzxqJj,51
1mfcYIaZ2xiXv9q75sxdnP,40
5itV76hYlBdBeUIMZlkRwE,41
4MmO631CdxuFOm18UVbhkp,52
1UMTkDVCP1Osrt9BLj12go,49
5BZlA4HSV36XZqnfOQOzyz,40
6U1J1IBf0WrwKnUqoSuABj,36
7G1sVwrOMDULbm28gLHKbs,31
2YP9BF2Y9NUMJqgmx50FLH,47
3YqoVQblEPKohgRhvjrj3t,28
4ho1IGIXGpUAdjnIxm6y4J,30
6zft2zhROoyqxbNuG5piOv,22
1LhJHk9KH5HZsxIfpTHRm4,19
7jrmV2k23QbZ3ms08qhG97,29
5ffsJmXSU71JveX1hC4IFG,26
2dtRDOAIVi1RhZ1LZpiXn0,20
1Ljc8eYYwzg9lMzk5QvYrW,22
7iWxKANfS7XgfKPZW9whfR,21
4ty7xlPcY95PFwOR9c3qRT,16
2zh9VJU5HyzDBJIfdTpeOC,30
5ZJSYBtS2P2NmFpYqJnDNU,22
63hpwQ6bWNxQ0YWTUaGtha,21
0zMBgwM8IX7tC0oVSM8hT9,38
5FYQ27w9dCOPtAOLIgWdVF,30
4y173YPGEEH32niIS4Anb0,30
4668NzBeVEmBV175TwDRiL,23
5J3Vufapnr5ThbwpcbxDoi,0
4EBHtWDWT3rXDzfRh1CIMR,0
5X0FDRaiN7aBScXyJwEPMG,0
0Pty8SVxAew9j7eBOD8Kaa,33
5ao8tEjVqtn9zx0YHvtNRU,45
74UH2neux1IsLGhW0IOG4j,33
6ZkCW6AT0fPg6Oi6f5hS8L,18
4Kt9ktbH1rLPGSfc8YXpfr,25
2nMjfJtl5Tj5F9vzuHhqOl,29
64F0vO85TOINI2wItykfU0,37
7ISDHzm0wwyyYTA6oBahNC,33
6OuFH2f6Oq0QddSmwZJu6T,24
36x7aTWJLabT8s5pazV66a,32
6AKoio5a5qRiIK6QvYJJrr,44
62XLlA4Rf4m406v8vprzSD,38
2aZ7e1oWOjztKYRBJiAXHS,0
4VaoEK74pHlhf72js5Kbwy,0
7KhafSGST0BDThAmBrUSgr,0
0AN7buveJEF1x9YwnAbumB,0
3pr5K78tjjl9lpgm6CDzwD,0
2RJXoqhihn42mmQ2ZLiEO3,0
0pE0iF1LmCtqUWoLMZWR6r,0
5aJg8WWDh4Jfr8wIJhE1vl,0
08AVrER4Kh0Q9ORinSK3SQ,0
7ppgB5qYI5nhpWg7e1tvM8,0
37k5Fz1L65ypPdLOnO2EWr,30
6AzSMF56Bce1YCaizQpzWH,39
7gdgzCgsTgmYil11lt7BUw,39
2FavFnagG4fHny2f6GSyhr,30
1hQZiYDGr6bbLc3ZxsT1CM,35
6meIeOX3DHdaCnaNw67abE,51
3QOJdBuXIxpfZ0UfUyErpJ,37
7jZN1zPbCfujEntIWp0UuU,20
1GbISZGgBfYuiM48ows4PU,27
1a6dXyCu3izFQuW5VUzoYc,37
1RPlzicSrdBWXLCBu8ZnO8,25
5WTCHYg9G27e9e5HFKGdd1,47
4twOuEvYNHNUc9dHUqhhUY,30
1f76rJMP93OCXuDn3lzq0S,40
40uwNPMXHFJlZmxjzjody3,36
5RSpR665UGsu1FFEq1pG8R,38
0JUWF44gfMszGNhjCF7Ufs,39
38NUJ71SZ6h0RhWCTCt2wi,23
1DWfjSM4lKBjg7hQLwYkr2,30
3M7p6WJoq4ErrxVmga2sov,22
69rYBfpfc1RXKW8W08BPhC,25
6WQ6SSZtvdLmmXkmliTasP,9
5PNbUaIYAbm7clBZeU7oeQ,28
5QVIt5N6Rg7fJHrwUt55Zo,35
2QIxieRCegkCSS2nDsBFRG,26
1Hfjy5mfIUsBLBBf4eqBnO,32
4RvJ5sXFvWt8n9HHt7yBRD,40
5Apf3vHBoTfRBTRhrndVXO,37
2jsbLRAHKu0FCZcbySednM,35
0DCzMvkONMvWDiOtVzyRUX,45
50RKxAH1u49WI5BI8AlRaw,0
5tAINIC5mrsL4yu3Pi8Krb,43
4TgkPULl2POFQoGOGZ2KgX,31
22p7tgi6cFVBaH7vAbgcUY,40
6h3NfvlWed8jwv1xECzQE4,37
0kiVSrhKLaeij026mcoqXE,26
2bL76Bf8nqqy9dj7tgNVV3,22
6Nq5N6GC5Ik5mteYWlpgKp,32
6w9Ob2zjMx1o614BI9wZsI,50
62pLjWF5RRPQg3mPCLDwf7,17
29KB0fBhoo7o9QvGkG8iHQ,0
7EWiAH42N0RMovbIzah6hs,0
59ec82BVYaafQKsam7SYId,24
4xyoLXrUb0cpROQwZe1ggb,44
5IFBJX7Wf4EzhECoiCjCch,46
0R3OnUm6RgIpRFcckCoi0x,49
1h2LHhmyAXi8tPNLi806JA,61
1jQfgl9WRle7D8a3GXLwaD,58
7gxJ4A7XuV9ZHw6ZrTpfp7,30
32vbyo69yJq5WXyvHCF0Yp,45
0JwfrZk5keNp3SYhZn6Wi1,49
1OepcuP3TLFht8sgCYS5l3,0
27snqdLCPt0CshtieduKID,0
7EMlE67VdDAYUcSYXO1BEY,0
7lkA5h8ejsPjZcLHdGiHdr,0
042wd4CrF4WTAwiKs0F7Ve,52
7c8kmH1pdl1ZLsFxaMxlUl,2
513Tla7AksgNgCDZwOT2LU,0
0tBePnYDUyacbXvTIvTGAi,0
5Jjuv7uNuTbgzj8dl6DeXG,39
5dR7h8Rxj1ko6f9dmKQc77,2
4UOSM66BYQRD4YbOIkcTO8,47
3jP3coGrROR7kjiDlpoRph,12
2XCTU3DJ9W6glWSkM2uQTS,14
1x0OUPKa4Rcj1jCoLI66bZ,45
0Y0JVqSlj8J512B5kjKekP,49
5NbdN6rPwkntsk9rdHO4vl,50
7JJuFG4gELSwccbMXsvTVS,0
7MiWY7OrnN05ZhLmJl1PUl,0
7DpWrUnIr2vWAXztBGcoWM,45
1xV2fxgmXaVJ0mJDgFuG3J,0
7wnC64YPj2YH2oHYBmCzHt,57
74RFiTUWHQwWbqhVrBfKuW,15
02SUyCzxfqllXeEUqVNMVv,46
7j8k8M9korrPWTERMyD7mM,1
5RWOMIPSzfdf9IO6KnFefu,0
0To77mmBsRqtWIZHcnpMvT,0
6kgLcuTv6qe1I3xAKaII8S,51
1JA1CkP5hFEarsErazLeIe,38
2kGTsnVVoDsQuFD3WrbH6b,23
62uuztuThFtrMuigPgbGuR,1
2c5fBBdKPfYSSjqQR8r0yj,1
63PJEtaDQNx3BfJTqEY39c,1
6LRRTTt97J9LnK1D3YcNGB,3
6fbjdXZNtoAJbJZUeT87Ii,58
4qRjfovbhI4EwP7VQNfxVW,61
5XN9jwDlXAZ8j5nMcK7S1d,48
7zBkFHiWejDPxIimU8XpVw,2
3jo3NCp02lsym2Pm4l8hld,31
2NjYeefGWvg8ErbDg1zSnz,40
5sZ49nuYd2lMeiYCI7UfN0,16
4D7o2dM2OeEFXB1omK5aTF,44
1wmQEa5wqsnhBaNNYVwet5,55
1OLeA7zpNAHkHOzBwjYfy7,46
0PEXp5yk0sx9dJ8JzwvjJb,64
2YXYKrW2HtvLIVCMD3eXXj,0
2HytB9M0U9L8fmrDFvDgXD,43
2VsKJODsXzU1NtoFYIh9FM,54
4M4IQlPTL8arij7jFFetWR,21
5GUYJTQap5F3RDQiCOJhrS,74
4L7jMAP8UcIe309yQmkdcO,68
0SsL24tWTdMshmTBhK95HV,31
0UPy6jay9WQ2HSOiYq7nJy,34
4NHanbCsMTqUxOpPDrAPuM,4
05xA64s3UzOOmAnh9SIIjn,61
3bPlMzfHJMYqdAC80NLPTb,45
4Sqkfwcm0HsUMlmmmZYTim,35
4lfNMly5kJ10aXlq0DhnOp,4
0GOVA2bOtFTAONKhbknj2W,17
6OCFXXVmoPFtidXA7ey1SI,55
6SEolIp22t0DzeBfCBo3hr,66
73e0LixjWj3e8prfptVeGD,53
5EM3xViVNKGC6QgbhdDwHW,14
50qLAF3XgfhtaCGDKT4Kks,3
7sofbCzttnuYzcYKVJkbjg,26
5JdNrqdRbwYoZeuErHRf1J,49
31c86U35gJEV813lIaQzZe,39
3xlN0Fe1oEOEiE3yWLYcSD,49
0LbK1bodGLc9xmV1cS9jvL,62
1ulVKX61ePVrT81RLFqrOj,47
3xhXKRGahWzcXF8rD5gUvd,6
46T4UTffeX2GrfqAU1hGjZ,46
6wGXez0O9oWzHJA5RKvhnn,0
5AUl8hyukPfxgVxniZFXAV,36
1l5AqNHJ3foihftOJ1R7Sh,43
66p59VAALXRlp777aP1Wom,50
3ppVO2tyWRRznNmONvt7Se,57
0avSZqODpo898TKYgxxFvZ,26
6UQDIIEPzeduwXlZE86SOF,47
5egiiQYWp19Mda1TA4J4FR,52
5RcuACCOhgoc4ZH57AVCLA,53
2MXnOfWDP2wDO34WFqP5JF,4
7zL1R4SiaifOwieMmxsG7i,17
204PMLBFTDVUHjy44ODWjv,0
2lTL3S3KG0b728s6FuJNLf,7
0U0TACyVlSf1gqFXqnBeA2,0
6BgRXHZK7xJYbazlQvKYJV,0
2MFB0iJptgZtQGUz0PezFa,0
0TFjehto0sBULg4bCiTNb6,0
41h0zUSDUFrIMq4jf9CGM5,4
1oxL7DwEwi0L3LpOrYh8xn,8
7eGra2ciOiLDjn1XXOJs2s,5
4Z83zDzjQyNCQgItGn9h1j,10
1co5vl3ZGNEtkbH8xDrAV9,2
0unTGcjFrPA4UzC7Ro9lBl,3
0QcDlb3cYvbVt3LvZE63Kx,25
61CXA6nMgxRc9oQDmVwNX1,19
3KF7V0e0kVU9W8h8LgJ3JY,17
0HDTxa1k2In5hGS1GrbE4I,21
3Os5bJt8sa607te5xqyNYP,14
6c6VecqqoYOCHul8QvfWBT,13
6WMqWv1edtt1OL1jre38pL,0
3RyKJg21cecLa7DqlzmMz8,3
0olvHwDoIER4aPIrCVeHXc,3
3hbizHj0zEkZvam9mVk8if,5
35HI0iuuROMGCjg2KKgHfc,5
1hIBofedbfeZS8V3RN1By3,4
3yeBgHJfWqR7i1wIRw4Oeb,0
6t4UID7Lgxv3SQExFo7DIm,2
6s961AorFHwuX9KSdEcJfy,0
25p9LHKSXVRT5DsH9iNqQn,4
067rttIeRuLeNHM2dAPb4Q,3
2Vup0lX1VWmjjyRIYRZi5k,2
4ezxMulRZWUWA875Ckxf3p,29
4MFlw0Rqj02GpUv1wuY2Dx,11
4efrXQJaksEgulEO1gicbI,3
7KXUDNOq0MdrZ7zuTVWCIj,4
0HBSsQSsYYDDVf7vGvUeGu,3
6oxTmdk5xBuOTgUMKEqBKu,3
5VWN8bcEVUqwTNbeu7NLJB,6
5ciOELC8e3GeHoER1o5SSg,8
74VtWJjaDMnRIhIF7C3kmP,1
3YUFtdyOT4bZlaJ2YzjGDy,1
1grjXpi93m70kLPHNqwbXl,17
4kyXwepLWWn17KXd6kld97,18
2Y9pYS0xxZB6a1xduvl885,5
3rDvnBhpYg0pwViWJnNvNb,0
32c5K5MRBljaSZ7A7ba7Ia,1
26NvNFPx4A2ODz2ph9hTqA,0
6tUuAUCUdl2yrhjRQDftMi,12
5v6ZfHOBglPvDu12EJlC6h,2
0249LlM4KecGcHlSc5zFAW,0
0bgVegYLX4hvM025wkxmqc,1
5UEhF4kl56BRQGBm2gyciD,1
7MxfhFROuI3vSutVyz6lRB,0
2T3jxtnKXLobkJNLQfbCcf,1
2IFsKfIyb9haLY109j3z41,0
2j8xh3KCpo1erHwHFqkMHD,5
1TPVFKsYJqlY3eN6wdDWFR,24
02jRaYitEwEyi4VLjn8lVh,0
0TEGzVIGosKI7M5m2unDjq,0
2k5SlRwPcIla0W22nC43Nk,0
1W5Z5qzqGVqfVLfgo2JdHi,28
7gq2OIsDiSYz8d1duJHM14,9
1VHszDbet9D1SfmPKkWyqw,1
0q7yWiUCIuoWnDWL295iFb,10
7dqidLW8nhtTA4sfJl3naQ,8
6Bf3yLzTAoUAGCKDocLlNN,9
03qLoMUX19sxaOwvLcKhJG,8
1zwvZLb6YWNDWBm7oCOtDq,3
2sRMb87QD0OkybA5M6NsTW,4
4Za5hZBGX6z9a7X95PEFI2,8
57o5LnB6WH9SAbb7eOmigl,7
6rcbiLefmmfIR6Gz2GQPrf,3
1hSwnYZzE7j0c8S1ziMTzA,4
5XJHPtlkia5JnccXFBSGbg,5
7bMq2CLnoU1qVbwmfXB8Ab,3
6N5iZk1MiuTZXUaGCwYe6u,1
7H1PgQhT9nVen9WY51Uk8w,0
7n5fIejIU8XJ8BZMLK1UTl,1
1QUoLBpquFd6S6Kuicd58b,0
730CXr8MWOcpKmv6SdQX3F,1
494gu8wMGboUduX4l7OTC8,14
0PFtu2WxSsK9vgNNeI1Gra,5
2oqiI9kX6Suny3beYxBlzi,6
10GibFPOgO6mD6qMQeeVoU,5
2lXWzWUVCwM9F3oBqeQdMK,4
7E9ZE2oITVBddSN8pmBsDS,9
3THsOfKONpYiUX3dZ07JFx,4
5mrBYl7laD552kxVsSXy2j,4
3mIanzjhThM2MCNfoI4hGF,3
5wezdyzeY706PFC6pW0WvP,1
4L2ZMFzOIkDAuD1A9BwJQj,0
3upRz1ufZCxMcGj0esFRBb,0
5cgzqS5qrCkc8ORkBywsPx,0
4CuwGrquqpJYOqbBkYtIY0,0
7FFO3zwgKEmmH4L5KngfKP,0
2gRovAgSAleWJy7e8m7tCd,0
0Ov8gsuiq17EPY3uKMGx4t,0
4VtYY8IfgqIWZhJCz7eXYG,0
4SWUAEniXOiGiwXYPAEiLV,0
5dnvWWkwwFJoDDc0QoSbvf,55
1AlcpxsgzYwAJ1SfMPPWU4,5
6CQaVuICm1WVXyy3SZ5jEI,65
5Ru9OjtEw5htfnVKpYsIcv,55
2jJulR1CTEuHsXpS6bGDou,51
4EpZ4eYuZOwPSSwyqpdHnJ,79
4dtfrnZWZ4Qttt1xJDT9BY,34
2Uu8IiLkLY0UXhCHka4Dlr,16
1vrMGV0cxKxujjkhKiFMUe,38
13CLufSzf72lwWXJrEvzF7,0
7lVxWMH0C3Bj8b8JLkh9EN,54
14MRu7f8L7mmHjmAdxVu5I,4
2TTINcGQL5UhbHbpsQjYRr,8
3Edhk6hCyZ08Z9f9O8XpLh,15
7tBZa65xUKMMan9tIMPqbi,56
3Kdo8Zkp16NQBnJU0QRPhy,10
4eX7melvFT67ywDZB7kw0V,0
5IXV375WDokSNjZfR4GgnU,36
4oiAlcisfimXQc1wyAtX9a,60
0ZmQwyyJNR4nLPwhotSopI,5
79UjqYt9MCLlBpzAvaKVJj,51
3uBbvynFWlF041WzNVHd1d,9
0kVebH9mitbhW6nuiInDuM,39
0Q0IVlqMV64kNLlwjPj0Hl,74
7p6IXGLt5Z6XYthXFlNywB,1
668ZoYvHRo8mMKmgLlBVXk,1
17zF2ISrDrQdaULA8cxReK,63
3TkNsftUBh8dwwLUHpmYNC,45
6h85a4Hgx0FAxJQtCKuYO9,24
6pkttXoVimxUSMFbQb52e2,1
3EoW3WFVterpG1cTPUvoQC,51
5MjAFPcmrR1DYCgZrXCN4d,64
5LC7nItIEFp4nzdFdEGbf9,63
77tviKIXH9uuErKOHoSiMO,1
1Gn9E97yfDAORWpqxbfGUX,0
2xw83SYMla3pwGna8llGWi,0
2Qmkg3JVW6e0w55HQudjSW,42
1qiTvDvaUqfpTKopOfby8h,41
5LuXEmya3JlX3ZfdudPAbO,54
65wx71brAmEQz66GXXF8gI,9
2pygzLN7fwCgeW5FNaugEm,55
1L5tZi0izXsi5Kk5OJf4W0,73
5CDrDzan4wRW3Dj4LD6meH,56
7rWLRWfPsUzU6h7r71vlOM,0
5EYi2rH4LYs6M21ZLOyQTx,80
4tOmFSoQA9ji8lTxAbbvq1,51
4XaMrEDm6mrjBwGnQ8Dy4y,37
74sfJjVq74bYkxMQoOhH3r,54
297rZsBEjFw9d0Gl3iBLnd,45
3U3J5v3rkx89WnFEQvAJD5,71
3U4isOIWM3VvDubwSI3y7a,85
68dd9CEzAUc4zeukKzMJP5,59
7or26qS3BfpTtWO3BFw5GE,51
1sjE9VTx9Glb1Znahf2xbd,26
0nruobjhKItGHfkH3VbTXy,52
0exKMPo2iind68yWTaHCrr,56
4jBPWUAtvIbj7trXEg9QPJ,52
6Zu27PkzMSe2oL9kgCXyk3,48
24NcYbEauj5ZYpq6Rp13q1,36
1yLbnUcF6VkwYx4vNcM8se,39
66wkCYWlXzSTQAfnsPBptt,74
3xxmjMvJsSR3L7mUOxP9QA,56
6OpU3cvY19M2hFxTbLKy5L,62
467t3218y3yihFcyDGWjr0,67
44YAJYlDg4EECrecze8BU2,57
5TAf4lnZCZTLlZHNZMLFLi,71
42QRyJd5x6e2TFR1S41g2p,63
0BhvzFxq3FHiMdGcLiTphr,14
4PFnROqBlAVnizUrhF1x7C,59
3sS5NkiQMcSZJHxYN8rpOf,38
58Yv6iSIVoOsrP5QGhZEu1,14
0g6NSuyHTmz4DLwoGt5Fil,0
2IU9XtrbGviQfWAjg4x9kc,35
5VWVS4c9oLaCFsFJ2yGkSn,36
3dq91g5o0wcFKQPdpaUSlr,25
4ThTvhGNae80mrLsMzs4Hb,56
5yfwJb6E2vlnWqxicBY2yj,25
1DLhyRZQq8YRh4waqHMfet,39
6xpEVwTvW5KNqPQ7yFpq12,0
3DkaXDmC0qaFNAxgLMuwX4,50
2jplimH0b7Abf5LQSPx27A,1
2mRu5u0omy8xHggBBW7fG9,20
2EeDqZf3Kh8i7wkPgDprkG,29
59tg0OPhiHlbsVZ9GFqUk5,7
2PzYqACbv12FNhrlHPfJEH,52
22NLm3IIR9NLG0cUYtmHMW,58
2bmVKEPgeNj7qh7QsCQq7O,0
2o0QvvMoiq2zIQ1wWhqio9,0
6uSa5iCMwPr10Ftpz8w09b,54
4Bs9NcSkWJ1uuV7lHnTXxd,42
4yorDWFzW0orW36OMr9WSS,34
69TENP7mK0C1Qxgi4dpsDp,0
0qIRdfBMfAfLTMQuVNMCeI,19
2pjhbhe7wLELjw5PiEHgU1,40
0q3q720x1nLY7QqRdeY5CW,0
0yonyImAyAHooQ12SxdHaU,25
5IdPVawDl9lz84nPj832is,8
7eSDRPSjYBOcqB7b6Ord6X,34
2semWw1jR12F5g2X3Iz7Qq,0
5O6yk6U8L3rTbFsIwuqe8H,66
6viJumjXFeskzT8HBjhMe9,0
4YtsQv4fham2xoPIQ8Ho9Q,39
01M4Wng6jF5uoNEHLl2OIn,41
6VFsANQUaZhXIGbaqP2Yhf,20
5dSiEfe2Q5RLXXrsmjsMed,0
2L82XvyoCvUgePuljcA00o,38
60f9lgHK7keGA3b84L0d4l,44
741OE401HO7ZCaPhEqCZ7w,57
4Msk8J3ymLJNpxTQ9y4nfR,18
3YfovjrAI1m5Y5kprgEXcm,40
5l43cvpvx3zpInfzD6j2UL,0
2k9Mr779AIfm1as7TXEh0g,30
3Noa5kppo2crIEMpwOmsHf,1
6LMeLQ9e8T5YVNFnwbliOI,12
6Cl90cl4efMaG05Xm4LjDN,46
2MsDhTOfSW6XC5eAYibdlo,24
19KlLuxA7AxvQpoQYx7zhG,7
4GhbRPmkVfAZmSQZqdifrn,45
4Pzzu5xpOc3e41d2M4MWxi,0
59vcfBSy2Qa9Ytg1NdG9uo,0
14A9yQxz4hjMUeBSYCUOLP,1
5jo1j0yX8cHIgNkSOO1bqW,21
4HujwzHGxXQ9BkrqW3lIfJ,1
28YLWwEB6xnJQYN7e062rH,3
7e2lRhdJQ6vH4EwOrIMb4g,0
44tDqFYrK86OVaxzLhUbVv,49
6DLF8OUu5NOyEXKbM1NWDc,1
6DbLVUlvJckJcVnxNW2xak,2
5u8yoJzasvOhdNDhsBtoje,18
3qE2w43yCbFDwkeXQsDAu6,25
2sXnHk6Bvw3RByVMpbcc5A,0
6RToez2WyNjAr8DJl4DIqV,31
1cl98qoQjjIy7YxeIplAKZ,30
1JkhKUXAoNivi87ipmV3rp,58
4H5ihvXmN3NpxTiDs1wJKZ,19
2dk5HQv2V6hEVeGGlPvCFA,52
5LKXxwgll43fxe1lPF7sze,62
3xwV2jOTY12scSiz4eEWD9,37
6JaSEE70ylKNF9ogke82RJ,26
432mbeOr4lto82WpCsT5GT,18
2hE5Lm5XOHR4t3xlhIFauP,60
1ZnphXcGuAlLpw2lkRB9It,44
3d4z8zsN0zlYHPb8EeADxZ,9
6dxOG7bXlN9wK9LXw59KWF,50
3kxfsdsCpFgN412fpnW85Y,18
4objxuNfJlJHomkRIPa2Y2,61
3g9rfVxgLrcHEAjnbnulQi,47
0f2zcrhhHT59aIGQvRlTZ1,61
6Kt4ZcgT2vCUq7QezTTcES,50
5Za40sgB0MiepRMcV36FhK,34
31usEzDUXeGWAheRaCeEaD,56
73qkrdCXAncDggNZqWKTo7,37
5V6dktq2UGRgs3iGAeCVYH,28
2fSIF8CJhoc9CJhF9vJDXp,65
4cjDtDwdsi5ZOBOX4g1tX8,42
3fqwjXwUGN6vbzIwvyFMhx,77
1rs1Ne4fPePTvpEmb7xtjk,21
2QG7VdagyaOCbfWn39xzAm,50
2wSJEsk3c0E1ZXYRwgNQoR,46
2VjXGuPVVxyhMgER3Uz2Fe,67
3LcrBMmEejUO09Lrmyixzb,45
5DODqUKPEEVIS2TslOjz0K,29
3xCSmBYkXp6msX9z9MrFRc,12
4rWpq9CWQIE43wRAV3psEr,16
06TuMCjDEYjTOJScCRzmjf,60
5Pshy0bOUQfOaHaz7KwPse,28
0IBUFi55OCMR5HrDHB1lEo,1
1nd9moIZkGvWoHtReFqkRY,15
1EoQsWMhGojPMVnGx0JySy,29
51FpzuGkRYXFgsE2zXt9av,66
6s79kBwD44fMpRl2F7o9pE,35
5kuq6ihuKzWvA2ZADsVp3a,25
5skLVBXJf3VbnauZUI29pK,35
4lOSYfq20gkKbIy40FL4CQ,36
1comODdI862K7ei34XZRa4,46
4liHM874gKPYnsqmdOYBZA,0
6CAG3rBGPTAinoqgVD7fBJ,60
4hKGICUB890arImAdWRaHQ,51
4m4PeMnGpkdM2ohko5dgKN,26
7KX65PC1UZuImsUInThbav,71
22koI34FpNt6irOht3N8nJ,48
6AIB4vBOGWM4FJ65yNWaXu,51
4y0c7gHwdlTRc6swtlkwg5,11
54VSZyIh7YdLujfihY0m5Y,0
5EA06TsQmqmQXZiEhr1AaM,67
6P2qQ78prHbv52NM8rA9P4,35
54K7o2yNOMZYCtEDnfD6wI,47
43AOxjjpyDvPE6JGWDv0Eh,24
5xfRRvZe2OqiU4sXcUUUZ9,40
4qjqO5m5e5vebk9upd7xUU,50
1hES47PrbU8GPTI5A9lsr0,54
6hlRJGUMJZTNbZmHr0qb69,24
2gWQa5iZr3gHkJy8BOuQJW,0
3i85UIF4nR7qZXTnEwqdPr,39
1i3QDZbA9jVI7Lg1DA122c,47
7GsLrzsAash4bp75SltRaN,59
1R1yheuqbn1J0u5bFRHdHU,43
17b1GpKUrevAQuhmS9koTh,36
20Oak3FvTZ8dUiQPvBgDk5,45
3BZGsEhiqkZRfFxJBRtWAg,5
1xLqgaP1cHcZzQRM0ycRUE,37
5GVQ5CPjpObWCbWnxtxzdV,42
5j4hSQH0KaAc8f6cimnXIT,66
3NFMM7IW7Mpk8t3ykUC8nQ,0
1yi8EOTpKeVK4cj5HS8DRp,52
1EKfW3pjgfLpnsYMZR9xVe,35
1mW7XU6ws7O7OVBnQ64E8y,10
0BN9Ray5nJxg1hWhPTY3ka,0
16VvTsMS2Uj0f4vnIILYu8,0
1k2ybm1oz7rVPchTKCgMMz,47
46EAuZqF6rpOfwcmEj8Z4b,26
4b3LJNZXuKRvPQsvC9y7Xr,35
69dDr3w8IIcOGKwlW5XntT,53
2R1YVHhJV6c1Vw4pdLW3oF,51
4Q6wWm1GyMweUtoz6PNvrr,23
7vjrRo9zu1pvrqLe6A5Yex,35
7zye9v6B785eFWEFYs13C2,40
4DTLlMqz8grnPEQZL0DzfE,0
1jwFU6N6giBRr2NON3fGiM,48
2kAwRhYlFuUTqhdeeWdzyO,0
1k1Bqnv2R0uJXQN4u6LKYt,76
4HXmYG1IR5xduvxTnr7fAp,60
7vl6ANTdLHg94AvCYXiSIw,59
54JpZ7kVvW7VsMFj8FqY95,33
0PpJ2bSqADglJ2oRwfW3Jn,6
29zBeRiLVnkDEj7tvmLVOU,57
54ehARSrqIeFWZ1q1JWmNw,29
6i7ZCerJICjhpbisBz1Lw4,46
4bXo5s1XC6w9tLyOKykxSz,56
59iKev4jKYQ4suxJPO8Pk6,16
2c6icYi7BTM2x1Wy2f7vrK,5
683b4ikwa62JevCjwrmfg6,69
5WyXvvsfowvKUtPI4biVlM,0
11je301F3XSDfB9cGriUWa,34
1dPUQhlNGEaDm9Qi1vcL7I,47
1Ovg7mt95a6ICyiWBj2o1n,31
52FMlC7YZz0i45n185CzCg,1
3U7fJ0VfFR1Msntjgd3DPB,46
1IXa70EPedlpafPL7Ood2z,47
366S9c0rQtvrkclcCSRNmB,43
0nEeyKLtk5vTlbcdvgrCOH,46
4gxukDJiwApNEgVIh4pHgT,10
3mLLlN1ZdHmlJHkvNON7ou,50
17NCISfYJl0GITXs8G75Ae,33
0qqgd6DGBRaI8oI0opqW0S,36
229MM2St7SnW43nT8ADlG8,51
72qHiPkoZdxpkhyBPvehRB,25
1ctoZDhYkpKa0o9B9Wjen3,38
4WlBtGJRZgJjWikusfISrj,59
3A0X0wsZIvlsMdb7ZA57pM,30
7G2Ax4k5WN0fGlQZQKWXwr,53
6SG6Tf9em9kbueirgail0n,37
3J2gbESlzrz86jonlkE2Qg,30
4bOWUh4oWJC3R5n6jDBLh7,42
5IR4eSVnuXPu8pJtQuzC5I,52
7MxPKKqDRIJja7kMMfksFx,38
1IiXinz5S6xFKsPj7OW6Em,53
0QRRQ4HfvekI1U8TEdVYJe,32
1KWrQXjHUvVUwjTypwDD2S,39
2b5quz1xqBnmUeYYPdPkuS,36
5OgXcMDZUPp6Lf3IH3HRvM,28
2Ceq5Ty6rJqazoZIWyS0Vc,64
3T7ZHIgO30bKeASQppPtM6,52
5e9lzDRWdQR6gGHjiTcg4M,60
5plG80hc7j4siXDhcUamjU,8
3edfAZPM28vwbPjLD2iGBc,25
575NJxNUVDqwJGdzBrlLbv,75
7MYX0Vu0uMjVLCiy804sdX,54
6jpjYncRJR54VB1xH8ZKnj,23
0HdgslFKTE3hi2lCdOf2GJ,52
6JSCyK7eMY4ye0EmuK2Q7g,24
4wGqPjTb7TFzC1kpTJOVXU,21
713tpVMmKAaeJwuRFIZ1KT,24
5JCi3pyggvk4B0yd0BK3ow,69
5PX4uS1LqlWEPL69phPVQQ,74
0REinjAZvoW0PrhDS2aHAg,25
7b4vbqgzMhbFa0wdjfftQJ,66
5Z5OCdMKuwtOX1z1076TNZ,52
4Ja9nYFkfPS7D9qiZFMUrH,49
3LcL0BRnO3EgoAn9Y1ljNL,30
18YRKiIZO4qDEc5Ik0Cry6,62
1irGtQgn5giYnadMiD6gfT,24
17nwt89Pq3pSwJMesCSqsv,48
4Jv7lweGIUOFQ7Oq2AtAh9,72
7vCfRri9TQ2k71GyVgGdre,27
5UhQJc1gY9I667PZt90WEw,42
15BlympuVSfZFROojEMY2M,64
1Cfws8y490Zpsqsyeme6V1,58
6qQVJNUPbgIdoQR4pqtQKv,24
3z180uQXJRohgpkze58UEN,27
3abKAw6reL2U3vhAe98ZsY,64
4QIzuPwXBsznrd3THZMEJs,48
0XFZjhpSKttg8UIA1LEge3,51
4hOh9Q2A9a8ZPDmTqd5pNn,25
5jziVuI3ZVihBecguWelsg,30
45xDw2nkvBaBvdoXRl0Sl8,26
4LbqL11mb75PKwfQvbVVUJ,25
18P6dphVW7uRZLfhKZa9Pr,25
5nrsM9j5oNy2SWDY7hsyaP,27
6YqUmoIeLNLG1YNcriOufg,32
5RTrBe1HfkQD3CtLJ8a2y7,26
04g1aQFzaegB7ovWaMMIzz,51
22zxLxXlXrBIm7XaazHNrg,75
7sYAS4CpbV90oSemgaEQat,79
1ICPREUY4yMNeFEgbNh7D5,49
6siDDghVE7fxel5o7fE4OF,69
3RBk0P36O7wCMxF263jRJL,59
0xYqWfml0Wh2OWPCJ9qLKb,61
1IdnTCh4GlzkjoceN6LVpQ,50
4RdZfdkgW1OmkajhvcOxA1,50
4PclDQ2lYPmIuhj4G3swK1,57
38PZRw7TuspVpgr6kyZh0d,43
2V2omxQCbMUcCW1qht8N7x,48
1wMjnwqop6alJrCML0odYa,45
5rmkdWaxZb2jp5KNATEWXq,35
1dVbC0XoM4VxpDkrv1tcjf,44
2N7Qm7YdgvWlg8ZoxLkOND,57
7rRMmhC027ixjjXzuZYoMv,67
7ENBXir2EaAuMnCZUQIDoL,63
2Vig1N0eNlrkY2XyYJdH6H,41
3m0BCyPaS5BN5iQgtdPr0u,59
6k7bhsnDWywB3wbTKtqem9,53
0Kvb0cKIssQg1t7c5KCw0k,39
0ylEU11YZmznWtvCJAQm2G,43
73xVeCpXubWTt4okmGRZQ6,56
0V3hcG44S4Qg5QgJfQgrEq,36
0KwlzQaySxzPkt0nELecnx,66
7fvUMiyapMsRRxr07cU8Ef,67
0rQI0E2VujvJ2bwcNNvHOi,21
4LJe8VkIe2j6CQl1iCp9v5,55
1Mwkihf9RgewFpE15q3Xsa,44
1WQywsPBSyvw4QC4ZvmSbj,57
0lzLnZvdNTQATH88ySWAsV,39
6xmCl1MwMH2CSJtQy9p4xa,55
1hUmqRBZpseNjByPAEW6AJ,62
176U6EwkFsWpSo1h9rTUuC,29
2J7SwOy4hDMM13bckv87GD,46
5MvsfUN0H79C24t3fPepeL,58
4cQD7ykxaVNIWml3GvNZwA,46
1d6rs8xeNToMutVoEwdWxm,57
3wSrPtJpnGaUC2hOmJy0BV,71
2vfiK6HFMl34UzBxq4NNSK,58
1RES1p3VXofj02iOJ65ZaA,49
6BwN05qKw4Q8bNoq3rYuz7,69
4AkCyd9Nlbt8JprQq9V6o2,72
0zBMCG1H2ym5ogC3Pfyc5s,57
3McFoGzAMw63UDlS79C2RU,53
5UA6rAsMTn0okgp95isGrl,58
2SRBUah0IJcE8hiVxvuAUX,44
0AGpftxgPuEUhFfWDE8zil,41
19POCZOP1ACwQ1MLsaVocG,45
0mV5JWhyUFANd9qpwLkM8d,69
4tbL8AtrM4hIYATf1kKp18,46
3iXyfeiN1mpVCvkK8fROru,35
1fOO0aEPYnwIikMudNP2e2,53
2UM5jlU2iLXDEAtzIfa1m0,53
1nHUtoQvTfba4auvwHvWw3,50
3DYLacJ3pnQXzogxRbIE0K,39
03m9WRVBzoxyTeKblvLvpR,62
4IgPfckJ6ItpFS7obnLRaD,50
0mOUCPwinFXFJrX5Kw2CsA,45
1RXzKs0tQcn7CeI6w34REK,57
5v1fID9mfbRvyYVM63rj3l,52
5dS2dvXVPe7AR6UwBpnomW,72
7r2VuLH3NqOu0bXF976eFY,57
5lNRxj20YUieZmOz0JuK0m,55
4aTtHoSBB0CuQGA6vXBNyp,72
7bRYtWzbXkyixU0Cjb142M,53
0P94g0h1E8mKLygUyW1zFA,41
7Llqq3e3Hf4ICVJNBi2muE,51
2CRz2pMU6A46P1cK30HQIT,55
5Ztlpo0tihmvazlFYTL3fQ,37
5bbE0DwaHoAZDapGXmWIcw,57
1wAIjMwxC3KjRqHpaMkFvC,57
4rntZMI526VCgIA76HEoew,46
1vTDaihmFxX2vIoraUYwkT,44
6MJaRAIaYhE1LFRhuF9a3O,50
5iXnDpczRvMLg8FYDQtc1B,42
1SYNgyiVRZEBhV0P4YFBk8,62
0t5eevrq8rZOIvXDkVwN2i,53
6U6nzpSvKxju6WA0Kojcxn,50
3Bo1APAEDcahmyiUPyPVuO,1
2SLEZrKKVNpOXQJN8UKSxC,48
60RKznRv8gEAJCyUxfKuYF,36
6aEhYkBiLvZhMlRDpt2PTh,38
0tVv9FxhUjHrhF1DLsDUNH,58
64UWzgxsySsNSu4LUqpJA3,50
2TJuOoxOboVx3aqedQ3MjV,51
0ICSJKAcCQ9dhKXrJ1kRnv,47
3MckdkpumOZiX2efM3B266,50
0h1JeQYLocnVXdexyRuxGH,35
2RDrdDHsfstznPKBv0JmiS,47
6PuYSZYjpmkn7ArLHhcGv9,57
694l2zv6a2jjUgjz5eyX6g,51
12avIub7BD2xuMOhyvIr08,38
6tX2IID6sgoBSBHaIi7wwd,34
6fIMWdcH6sZth7HAdAKXzg,46
0g32rSrm5u6VqiPni686Pm,34
1PLHnhmfEfvo77sxPuVwwv,51
606LnHssjBNoQIrxa9KTYK,49
46YgxHQSY7n35YcF64rKrD,49
0lxXCZQFTrnreFFTWF01Gy,43
3DKKhdNzpFbRlo0XaaZBLk,56
1SFRc2v38EyJ4PN1hJo8bC,47
7klWiY16LcWQiJdrGD94Rs,35
5JrXxEZniILplCdUaRSeTE,38
60S0MHNzjWWE0pvfP31ffY,55
5prP1NvIHkdUD2GumKKJDF,38
09XSuuguGGVoUirsD67SWZ,34
2quJfGTjAe7KtJ7o57U9UT,50
7HqoRcDRp7zNjbXAlt3r8b,35
6uBkcZ5xhb6mmakqu4afOV,57
0ASr58kMkkfRcZr8Ghu8qj,54
1w3Q0fhdINUxWbmQX0mg1x,46
3lvYern0XwXErOq5G6vLIT,34
6b9SBw4AxSJUYEetOS5Sc8,34
1ZBiG4hLShMXqFv3FCv1y7,40
35V6qXUDCvwZdmbKe5PlPG,57
43xLZrLexkuHTUzc2ug3R6,37
07AIGejOb0kM3S7mMHi7pm,44
0zp6Jw3BSnV1kJMVcJY6As,35
6LwlxrRkPPt0AgX9NPTK0U,49
3SSzqNGH8gRHBXohGx7BcV,51
24DQClJOxaAMl1ETu2sqgT,46
4hs8PWdQnM4d0Byz3YdfSg,39
4AIkfXZEwpKaWDDyt5m0n7,43
6jMt2iRuhyiKiudHbDwUNL,0
3qgtGhoCutbBX73cd6ArCW,63
4dY3ZMq5PSGT2Q7zgrpTmm,9
0qkC5nUg2M4EDHCGxP9rfH,35
1mIywsWR43SWCQmYnyibek,37
0cGaJCy15wAA1rnExE03Ll,39
0DJybp0uX5IIX03pCW7M5F,40
1NreUwzSaz2WkFh5uZz0d3,37
5C6lmgHIG9wTfVkKl41EI7,41
28X0E21uKdA7S1HvgMJjP8,39
5t85W1qxN3skaaomSUdUbN,32
2yVdrLHCzjIm2IliQRCCU6,30
0tnFKjEEsjD3AVShRgtIun,51
6yNOH2DqwOazQURwP5NZbq,28
3nBaiVtvhNu1VZq9q4kT2o,39
6xuJuA7F6ey3aULMRY4QWQ,31
0zfhHm2oiLfXlfJP8srfL0,37
0ymgsfrjrE4jEjbbWxgmem,14
32XYHtzekod7JJtc5ITjiu,28
69MTVxcNVLtS8GAdNucPXy,33
0ye0596VIK35sp52bA3zpZ,35
0VqaYqxwDoT9jZYCb4tGcI,36
296Gigd8C1sX7RgfCK4YgV,33
3ZrahU0946KWyRBII23QOO,33
5vMJwEHl4Q8gmQjEfuEh18,37
3fbzKcWaLyY4ZNhnyhuBDP,36
1fRadkuwHEqwMuiY5ns15C,52
4M1VwqUf8Qh8lYy9EgRPrB,31
3Iy6cv2ptS8yAfEahSJsSH,40
4mZa930xFQaDTTcwwHx03o,31
3YpjlpaIHYBDXll0XCwrif,30
3T1DGtJP0kEshTKUkUt3V0,39
3yTR8aMxpwaPLEsjHmowEw,28
20kzc1LiAgnFbeFUA2VA0F,36
0EDyoVqPdg9AMt8PuDeu9c,48
0TEDW3maHntHKBOkkdfPHx,9
0VMipILpCmHIaKhzUIY8FW,30
0mxjKriHsdi8zKiBTWIOrT,46
15avYgGiZCIT8PYtcRH7VU,53
0DlNw2L3yCsV69g8qa1J4t,40
6DHMWFchF9eAEFEM6euZto,32
1ZjvIaEJRjamDwcypUGbpr,50
0tYvvimIV3439bw4G2TuSs,52
3NxjPAciuwddPmhuvR2xjO,38
32yIvEockCgR8B0sMGRnQZ,34
6eWJkyAJvwvxYBQ9Vd0HtP,36
4igAu9QaF0KdGuTBK2yuKE,20
7Le48y7wfWRq63dRAzVmWF,58
6jHeunClv5nFVXQ6jtnaWm,11
4aAAphlKds7AxRJaCOh7Qn,42
1UMiKyIToDY9F3mIgvAMsz,36
4NpPKFIQXU3ZrlcG7T6PTT,55
5m7nNrNPOwpxT15ksFIGSE,33
3B3El69ZXyan2w7wt14Z6c,38
1TbdsY9g7uwrpGQQC5pG0T,18
0Sl8C9oeS3b5Kv9bSvTPDr,65
21mimz3pv3JD4r8wEJJfNg,64
04UhmoQBsMmFjQ6nORSipG,43
6kckNpuM5oXZrObLExRg6d,65
45SxMJzWaPMXdNNC4EUr0Z,48
6CDIz5IRDVXEzkN0ZxTD0t,30
19ISEtEat3oefNy4yVFLFK,53
3yYk5jhpqHF6lpIyvjhTRZ,64
1mF0eXeNiMvn01cnkRH3WS,32
0VETcdLJtf6qpkj7aKPBJ9,53
6OpOMtO57sRuaHq2RZO1U1,36
3tjyno4KTm8KDRVwYZxpiC,35
2aICaLTkejrkgsLeCsbQY6,46
7spuHnkwHxd4ZMxRSFbdkL,51
2jqRSOgKXcCiNIfNzBpHih,22
4gx9edHLyQtb69ibMUyTxJ,58
1WO7skj3yz61YIaOEADHeC,54
4nTNpwVBusQjj7bAMnbX24,52
2xiwvo9SaTHdLhRhIsVZ9c,45
7LihoPgTF9hnxMh9lRTNkA,49
6mc2ATpo0M1MKZD1Q4IBsI,52
6mQMZtvy4cGi5UVH3LmZte,36
3EA4HwrlLdDJ3b4cX7JfqC,50
3Kx1knJo8tXN16wK8vJndj,34
474TEoMGE3C9KBNAkTb9Rk,24
49lIyn2aJjHLNuDHsxZQkc,51
2qC1sUo8xxRRqYsaYEdDuZ,60
7oKw3kidzKqhrKsNWNakkl,49
51lP7nEIFmpz4uE3HNCTlb,28
352Flav5txZvqUOqow0iQI,33
2Xb330Rlb2zXYzhp3OBMci,45
3VrVbWJunv57wqT8mTepmg,58
4zIZhqEa7CZh7fp4uNGouq,37
4p1NHiFP4PfV7eW1183Ej9,57
0Nc1rZEB2tZLgpxw5nkpEu,67
75R1jcwcAdBfYMf2hCoSs9,23
72vclXWvJtkFgALSfuX44I,30
2j2zJVcwS5xr60vp8tmuE0,51
3fCc4VdaIxVkwZrQ3UeCfc,31
1MXmtk0zJhEhi4bqiPkq3D,43
6sSTXvWZk1K6t2SZvderqT,41
7gDP9SnWdoQLAr0LmElQcL,32
2WpJ3GXB4t5wXJDzb5MW8O,36
2aggrCqfoAlat2XWag4TrI,33
51Wao8QZ4Fv4zamKbRnKQd,61
3jbm6LQn2wgRPBAEFqU8Hu,39
38sUd0bwNkqDOAam8O6bzT,32
5GUoGksjq0q2qKVwAgVbsy,51
2i4wd4R5eHokpAxFdVnJCw,40
09wrW4mdaoBrOFY6KSR94h,62
71G5ky5TV4PGCu3j1BnJsh,21
1XXOLEun0Duy8720pFpQ8Y,42
63vm66GqF7TimVEKdPaRxO,44
6VXY6JrOYxbswEaWqaZNgl,33
525juAhVEJ3uIF2E49yNBn,47
7kL9y3NAY3Fc7oRz6w1KDF,31
3VDhZWcY0JjOf8RmxdbYNp,53
41u2DXpWr06sRGtvrgtyhH,40
4pEEaVhg7B1JJks7HmBNQI,55
6TJlN5PKWo1sN5MUmk5T4b,23
2HbIfGXrg2cyy8yVOoCJhB,44
6rW6FUhOATT7dBnup6UVHx,40
2dpQ5MOgkbZOC7JZdguPrq,52
6DvIcP9qGvYqNAVIdQNj7k,46
0WyVG698gXiHEdtiX9u25H,32
71CRvX5TW0CsiCxGZ00IfA,42
2p462diG7BBRwlp61kuvNf,27
2AfXarK4dUVFqGnDEawi04,35
74zddYeCEHW8ORcr4t1O8K,33
6Ad5TdlevXBRsOsYhCbgb2,39
5rJ0Gko12iELLm4GjfMjex,27
2lxz1P0ECfkjVMb5uOAYSN,39
4Xw7NOsndYH2owNLNvep8U,31
4wzIQMBMRszw5KOzEPUDRF,43
7iA8BlFVOityG3DGPExJtx,54
62MDahqjuuD2BcZ0QZErzX,35
3jrKt2k3i29zdYkreFDPuQ,29
0jJLwPDpyuZRpd800yScN0,62
1tUWvv0HotBCDNtQsSoLtP,47
0SAV72Lmm9Q4vkcMwgCJR6,37
7dZJrIhvv8dkM6O7Xb8Lww,49
5B0gYfKD10F24kzbAEhgEs,52
3qDTfBuKrM54QbY32Z5uCE,57
5Cx83giTGPVs1UDDSSesj7,41
3RTqz2n2IF9QFmL8vFdshr,38
2GH5YPmXOoA9nWRnuhnLro,38
1uqcwvZ8COoq85XOksYyhK,51
4eGkjMOIYNR5ExarfRa9zy,47
3iZnPOK2zPkSrwZrkOpr3F,45
2n84hx6obm9bv4aTHJeOIp,59
1rcVvrYY7hURnWl1ZVq6v8,44
0qrFfUaAxs0LEodNCuY6r8,41
7uE4Ie7tNB5XVn3Z8FYdHh,33
4Gt53ktThfaImqOOdyDC3V,52
3sMvUBpqvGUsVbaTdPnR8b,37
1TbmbDmwUDz2QwTWfzH9bR,34
04pz3qYWoSlLashhSzHuxS,28
7wSnY5MbGOumpXSwk0CGvw,36
0iAEgZR7aIIziiCHyEIDjP,43
0J0busYTWpcKAcryFukUuk,41
1xHTjdSnCexJodWcWZr0bk,37
5izvA4JF3EStlWOPwljKHT,39
3gau3Jf9sY9B1wREgvcsfD,41
4JUdfJv4oDHQTfPYVn0AAj,28
6lcNs5v4yVyKIBEm4WnTLI,36
0VH48pgQmDr34g3KNp8J89,41
0F2DgukSZwmJ0R5PIl5KN9,41
1EEz1YaG8o3mHbLyMTsv3n,33
0nsG0DmswNIw4MXKVOeplj,37
7mvRBXq6hV0PpBZeyjjDPy,31
0ZykKpfjw56pAQnkvRIFZS,37
708OP8CSrX8gVgIXIBcMOc,40
5wQ5swlftYnGTEVJEDwUvn,42
7Lt8lhPwf9u1jepXKsbocG,29
1tRLXy4R5YDnwATpNIkz1R,58
6rWDuBEVXDWrSNS47sONNQ,19
6HD523FPLEolYCPUqUQeEs,2
11cqTrula69VJITiZOi8fv,28
2l23LAy30QmkVaRgHVobtt,30
4IwPa26Sc7TmmWeyEkzOKj,29
6Co6uqttrXPdPlyV3YW1fU,49
5o7gm4RXsakRzue0iRcAlv,38
1xI2JdhG9F318QvibkfZym,32
3vm3BWDZaoFwvDWRnGTaZB,39
2PRf2fOVbsTgzQQl7bEzYV,28
0HlxLEj9zXgIGMYNlKSlXf,54
7MNg4rINGaCs3JEgHMterz,29
72D85I4UmpMrADR961tXc0,44
1pRHr9MgzOtBItiobdyXAS,41
0TQqvGpj23b4rUVCxMuBZX,21
6hIzBgQvJDG1qp6WHU7gRI,44
2n8UFyBNBiGfZqLTSrXwBD,31
4cHC4V9ayBDGtQULBJTWcY,25
0bzYxcZv8NUmIYUu5JSQ1j,36
3N8jLiE6bwjj0z65XL4GVL,42
7plNxAMx3m8o2et2UEeCFm,29
7zQe325f5BShZv7uuStrH1,29
1NKbKnr2LmyMmRciPk7VSF,27
7eRJlwG9XYXWX4aeBn871R,24
1U9aZEIymTbw1xqLbcL0Kr,34
74Ag9d1bpK4zr5d7eVHXRn,26
4d02u5rTUFCOdrbhIyxkcz,27
26tjsspbM2bZCVW78qzzdH,33
3orspzb27SCSXJvtfg52I6,15
7CHi4DtfK4heMlQaudCuHK,91
4jw4Jw2xFxGfgetPVHrwzK,15
5NkI8inKaxZqQIzgbSgezV,44
7IT5ejCSseE0gylca5NQrd,18
4pIUaycp4FfoAN9X7fB487,28
69CYU8SngANHwGa10dWPJ7,17
1XEWa6B8QT9hLEWviXnIGb,33
3pkAXVKxK1ctM2xyI11lwF,25
4tEC9OF9Dpom0NhDTdbyUI,32
3Pj3VNBiTul7IWE4TSkIqu,43
3fhIcgC43tVEJUVWunEK8z,37
07Y1gaU5oQfWm0WTyaQR4D,33
6QVpd3pb1Tq9gqZ8g3Zm3q,29
0zeoeHdThN0z9V8AAaQ2ML,28
5oy5ilENOJEPYMUSJy8mCy,28
0ZNULDYfk5zZ0XHNGSWOZb,43
0DjBIx0EIjHd8aQFt4Krgo,31
3H0ur5M43dIYkwjwlGc88i,30
1a8tAQAzHIPQ00OPBXGWPz,65
2J2xb5PQDrWpH6XmP08Qgz,27
2y6B3sGYAiHzZYqs1AmQ1e,35
3fj1n4HME7WJZSbJUBoC7b,24
1J7tWscDLyZmaKu4TYr069,20
76GXOX2b5MASAaRSdPfJck,40
1tcopkXao8UXreKCxzC4vu,30
6oRvENNqrApixVobU92sb2,27
5jpe3La1qz7jKxTRv85JE9,51
3MzjsbSLrWi2RdGGRN5OVt,41
1VEGK2gd6XLCAelmxrCQYK,24
7AbKYW44T87KRuHGQeD1U3,27
3lr5gr3qhiLoEgy66c9PVH,39
5T4M2lKzdHml7MUwQYrvkb,27
0X2tXCkLUBUjkFrP9RfOpG,30
3HyMV2yCaI35Vy5Zddfe9H,27
3jE5fTV7ntTAVqxTU9G69T,24
14srO7F6k4mePDXHihdJIl,26
4qYOklNXYrprSeR5kAFoOo,34
0H0fVT71MjSGlJB0jeL9l7,0
6Cl6xuMCZ05WD8IKrA1YcZ,32
4mZGiWz2bqaenimlUZ59T5,30
6fYRgMy5JyRtCCupQK5j0E,51
3GT2CBmJWIEdCpHiB31WYK,68
2shD8wlebq8fDg6ChqOPkC,59
5gwLIRjGFf3hXuHoKEsWLg,65
2r4mpuIYFgKsjeykJTQMqX,65
7GvzyeeBMoDlC9OziuPMQQ,67
3VSNFbj9mhR5DXy7UXRkDZ,38
24Yi9hE78yPEbZ4kxyoXAI,88
7MUazB4rGIqFFIkjT95rCO,54
382fuVEZi9acM1bYGp2Zbx,47
2ONRkpOJ6X91GMXMthtT0M,69
79zshLLUoqncCBkd9YfVUE,77
0VDazr5nn6zpfjyXR7ZWXd,58
78WUUxoUBoLKn2hgfPupWQ,53
6iW38RGqdDGOofmz2HeXLW,77
0qaWEvPkts34WF68r8Dzx9,86
16QlvcrfQPyRLfbxcXu0VG,69
1ppOGANOzMT01Cxh9jx4hN,67
0P5lXk4fg0682IgDyK7GFM,65
0LtKw37CYqXqsRF9pyDGGx,62
0lXQJKX1wPjFOwyLXAHj9z,33
0Qp1IH1EkRCNabfgzxNMUT,61
5dwkH86siu5ssq03GzXZnw,40
5TR2ewQtnmctoiwBoPTCuM,40
4kyrRm0GmJbg16CEGEHXUK,51
0lz4rVOk2ovGAS5aWjaPTA,58
1UYeBP5nafTM5uKcoKkNTN,50
2Y3P9IFAeNGH9qTZDp9N6W,67
7AHBjnDdrzVS1GcND9SrTq,44
6Cx2GmS5FEWsQru5jQGr40,24
5V6LQGcEwh65pULxet2v9u,56
7qwQ2UGJnixDow4kyz9PDe,60
1sviDBcAqVOxMXq4xITVEs,84
3IkLIde5nKEm06EklU9qzX,23
3HNs1UAn7OZQiby7DXTIYl,70
04wllvXvWOkZS5NugzeS8O,37
4QAUGy6k7c3IOAhgWz52r7,70
3z2wLXSa03K4UD6ytjraOJ,10
7MMV0p9GGiOaQaTvvjELC7,50
5XBgLpobYbg7odqJz2bmvl,45
2cFK03sObtI6AK3QKeOT5g,69
3mruwwpKfG5NYmnEr6O5Dw,72
5Shjuje8PRcX7ueEVajrLH,63
2lhoNTM4ZkRuheQm4hNH2E,47
15zRvbhG0iYq5XS8rGcObO,54
4ESPuOrSsRcBISzcMlzmY5,75
1CW7tYkpJ95c7bQkRf6CcK,67
4tknhO5RmXIxnpoipMKBmG,71
0kAqaILyqLeIYotgWr4FJz,21
41RSRxdVqnSWlL9Glx95fG,62
6QMAf9jRnc0w61og2W4Qzu,64
4Clmg1g8n2yBYG13Z1oSdG,83
78XfOXpUShe7mFwhjBEd94,66
7pWK1kMgHy5lNNiIfuRbkP,83
0s6kLU7LZehOlr5M9fSOPC,28
1Gx4ufVcxcGxMTBVGYoRpy,41
2btv6lUxX646loJFglJXRw,25
2BtyeeUTc02ezMagpJ3QOp,29
7Dcxeks6WbS6jAtz1kYtKQ,39
4PXIif48Cz4SUIQ0JBV8Wz,30
3aLLpM2o1zvvlNXmjhXp62,16
5H7hB4kPh0LSRVwna2NZ5I,25
0FGdaZ3XAL4Jw6v1rqUcmk,5
1A9x4TnQrYulOQq6eeqWAH,32
0i60OX4Ba7Bm3r5ikTK4Mc,32
3W3fBjnoJHdOOSpB7irZa7,21
36G7pOjovsyzvASQUuvonN,24
6bUuH7MNP1u63HtbpQqBkJ,24
29T5wjKGRJ2JAgWodMQGyf,32
6CSwyKLhiDtp0Jue3J8tCA,31
1cDheV7FoerwJAFtwYG9z0,28
6O3me92QRsml7rAWIylnGL,39
1nihX7AXe5qdt3OmDcstTb,41
4N4PSn6qVzE6O9yAqICo2K,40
0Ri3VNPcfe3UddOnfvyCgC,30
2vNlq7qG3FPFBmuAc7kRng,42
63VfSf4fqrknzR7H5sb2AS,33
1s3DmLaz2fIukAwMwUWTQb,36
3PeLjjqRmSSKmF20mshkwb,41
4JBC9FqJ4KcNIXyRSjdClx,43
7DgZYNDiiOcbXUC7xOy3kb,22
7FQyzz3MRRyIHB2xuPjQhL,42
7lOCuVqblMUwmBrRWLhquh,23
7MCiuYq3qomfpThrReHpJt,36
5YGhQpZhMBTJ4ROUns2MVB,44
4qGH2sCkmVt8nJuKaUXucl,30
237SYSC33Z7jhBlyAMjgEt,41
6Dkq076c5757KhhNAHGZ7D,35
4OYzBNkbbIdlzdXOx6JjCD,38
5O9Mb95hkpNLw0HLsWwIoj,34
6WHVTTKagFkDVVprdFAW0Y,42
3vUyckIq0bDuGRYZdF1hby,49
3kpbLXeL4vSyLB4wYUKP45,37
5liA2MK82OeOqSpcjLpkkn,40
2lzI43HVBQHznsFFJ3RKpU,24
2DIKqQGSPFxCYIuovX2FYQ,42
6XSKfR48lYGFOaaBWEMWOb,33
4SbANbfXNOvfwp4Yt7u5UO,32
4DXMM2jLdMb2y0ihcbPebe,38
1fbZDbnXkNXN4wbzme7Kk0,17
0RhxIDb2s9UgXeEBMmKdQ5,32
5y1OClzGRMXQYZ2OP6zvos,31
3U548qE3Pb8R1jdjWotoBz,39
1MxCashpyOjvXfnJ2yiLVW,23
31lJaMTg5i3mrO7U3OyVkq,33
2nvhlJ4ilhKVSy2Hn5b7ij,23
6D57CkE8xH0lagjxG9NjA7,25
4EJbzh663RrFkRepNyU2iX,49
3ySsJYEX1UEh5M5gR30vVZ,35
6ekZ73XINCNJ3ppPaHfViM,30
3DkPj7YqFLpQx0vLkSdatH,21
0mstBWuKrc5Yq89IZXDMYn,29
0aUP7s7O3m8xFnQ1Ju0xbZ,44
1DN4zkW3QZjeXAmMJgZJ01,35
4uHMfLdd3IbY3UgZ8jct43,27
6ftZKIYKzEZBBGCKK1SCGX,21
3dgGYPMFF7hMUxwwQ4kfuG,26
5NwWGVjLvbxJZrJLhcRqm1,20
717lZxxn53x2B0eucGiD1Z,59
5nAJ9W0RqCDzG9IgOfhqKx,37
0FilMYb2ATvOOmJPtEH0t3,36
5xqVBEdPfunVN9WYJTJmve,20
75P61qDL1jMCHW13Su8bee,48
36kaImsnzRzsU6L4cvWP6s,54
1ZFkhOsw9Eim8dCgI2SDvX,42
6fczHcaWu4h7UYLQTXL6w8,40
6wPnh3MpYkt8cxlZf2Bszf,29
5ObZjs0xpRyatTzb8TlbTt,28
33VUftZBMcYOqQgKyd2N00,43
7aATFcH1ZVz8bMdosllVSv,44
1XKqzVLhioMoFoThIR9mxj,31
3oWfGgTFdIT05HOEXfW9gu,44
0OuWBW2Q299zvZCdLUPlLx,51
6LbVnwPp8tL1TVX82dXhEv,45
2vLsAbYRoun4zg4wqJCPpl,44
27FnDAhPtmDJkY1GAbYv6B,38
5fAPaNJs8HQzFi3hVXi2iQ,48
3uLySGqoTzZBCyzjVvJ2np,22
6pa4eJcF1Nb40Erov5Cb2I,26
76zNdWG1x77G6y0D0G1ZDr,30
27Ny94WTtwbbjN4gY3X0rc,46
1HDApabtZoWpGEcWAMMyNM,33
6ZcdAII7aNBWqq7ZIjzoQe,42
4gO2T4o9jtWn26zyZuB0Td,31
4cuEaWyqrKxPaYq0570x4A,20
26EQeaVitjiudwfLiLpo3D,25
3wunO1P6bAt0FC2rCQwvy9,23
1CmGzrH5UKJZROPnaMWTaQ,40
30gdgd5rpm2YYNK88DH2G4,5
0U0I5P78T1kAW3H6aAKb8h,22
1oOW0rWXdkhUeIqOkl2dkw,26
4prKnlKzzw1O8KoxjqExdR,52
4dMnt9B6xYOzpdjoxC9YJC,28
77RFXda1NeUkBIor8iZYJG,53
7eQ7hNCOavwfLl0vrmXjZO,43
2mP0c7el8oXRpMOFEix7SJ,37
64mmB4Jx8eI4tCSDhypE41,50
2FOPJIJvirxmqIVeAqeTx2,47
3VerYSeA9fDRLDCpb9JzSW,44
38LHpxLutK4xQZMB2Hngh5,46
4zCxvn6qHK3CosaM3Azaii,45
6WjIuiDbLuCvEQPiKBog8m,49
7iQ1TjOoYi33BupikScqAa,42
1yUC3N6bGNcojpxPS3COYD,47
6FTOdb1za7uQV5R929LFwe,37
2wAfJqzEXakJyDJeR8hYnW,41
0JANCc1DhGuwOBnfaZNzaK,43
2wZJLu2kZfZW05Surb58Fs,31
0gcawCt9KlflhyWkqhyS7t,26
6BPCpox5FMswnClsJhxaws,32
3sMleqdCDalZ6xsAQe8xuY,63
3bLjQbzmoi3VuvKY54oijG,38
0BgWPeWF61a6HMpdIG3wUp,35
7unnkEMBqth617Q8DyhsFd,40
39M5ZT6RCX4EM6tspj3hEJ,33
4Cr3846tRMwCqk8Qw181aC,20
35nsl8YiBIYw1YdNmkmhnk,54
0CMRCkUdmiHGt7EzEUIskU,25
5BwMDJ3qtKURnpkBRSoifK,22
1cXEPHFzgFTuqGeLZGd7Sk,20
5lid9Mve2u56sk6BvAavUf,35
4JCXjfuLxoQF88CONYTVdg,39
0EkF3BiQdvlzQW7VSq9NyF,39
5e60CEqPnkrex3BI9tWnpU,41
2fuKdZhBAH6sU0dPPTalDr,44
7zGeoy0A1F7NU0wgI4mqoY,43
1r6c5dGV2MQmRmSyDpE5lG,37
3IJRPnVHSO7G20e2BGZbCN,45
55KhvVzqoaNEgaRTDmu6Zg,46
7uyBkmyIS07Sp3lcEAZAsS,41
42l9bIPPT5555p3KeY83y2,49
3vKqNw4TfDPY2UcWosAscs,43
6kK2YbF8boQl32Lqkai3Ca,56
3AgEOAo3dvkjtsBmeTGRjg,53
122VojpyCCBN3SGQQo77Ra,51
1DxJG8xDWh8T83w6IR8YRx,44
2AljeKmM4Moi21lYEzOHU8,39
0Et6FzUqC5JJbxwmACdTlt,42
0aH8X88VkmMpDK6tGcwRd1,44
2peYxS4wKuwbOxcw8frdHb,40
4eQKQ5ZO4UlSUzskVqFU0d,43
6vQwuQSRhj9ZCQHEb7qet2,42
0yFu8XNnKr0ium4NrmWCtB,39
14RrzxMs07EhE8bUso5Pso,50
5l1deuLMR3ZqRAdq5SpVeE,47
6oFrnNtYCU1oswN3sz5cP4,41
02uRToy7bttYcKCO3vIStA,55
3ONkyC5CusvkPcxYXZJy0d,38
5IK9dSUSzioE9lilLi4AEi,49
5Ps6yt0FmXilnOeq1Djg9O,46
0HKfe28JBiCJChmtcYrgmO,38
0qwvMH35Y5pm5U5xXqYauT,40
5OeflTgTzyBrdLxJQtcn0c,45
0CT0EoTIp9E1B5JQ0Uq2An,40
75HOjGeq8N5q7lFoB4oUoE,40
6voOIfO1GsbLI5pRh9qwrY,38
5Pjg9XU50SLeDrMUpDjTk0,37
5QQrPVZv6mlJ7rB3UEoZck,39
6vY2FbKVYwrBjCIf3j8gZU,39
15tFVhuNMklFTudioIzRF5,37
3VpLkugcSbYuDSOBKNxFaQ,43
0gcOlRU3P9yu3Jhqd3ZYUZ,37
00cWy7HXgoJlXWR718s70W,37
6jGYrW5pzaqyAHJAifMGjl,39
3K6KxAXRUmvP5qYG5oCpwt,1
2Ag6FZjxfu3raD2EgmPfYq,38
4lMME61VxiWD189Hs2oRTM,45
7BilkHwC8zy0Mv67wsGiUM,50
6oomEes8hP95cWb8S898xF,40
2erfXuZOAQ8T6FjJPDFpBC,2
38y2r6F9E3VutUPgBlcnpc,2
0u7gdux7Ft6P69Uyj0pa4a,36
41g72L4deG6iIwBJbFdJyB,36
03ERbwKRWWdgPz60LOwrKy,1
04KsMCb9PZE2S0AtUU8Jhb,56
4Vjc2hFx7GT7YtyfRmomgR,38
4DLuLxAJGlx7eXzq1P6bIU,36
5kAbhPC9z3sJEfQQxaoMfu,41
2X4Nz5BFIcrwP9JmSfsY1Q,38
72wlXAEF2A1dPfhGzNZSFA,35
0b0zGvHMcVmMgy8ZIBVh5g,37
6mF2SMWAGcw9rE0TuJv1uu,38
1f0qGy6HlMMLJX0ZNpZRa3,36
3OCotzyyYbf3vNBQ0tZqMR,40
1Oaq4rq7EBVUiXGh7yxuYL,2
6ptpOr9mCnqingjjObKd12,1
7wTmnOSpVJcIzj5FIz2I04,58
1mMFvnyJ3kjfq0PvUklgoM,37
68j2rXimsXQYezvQn2Ot4c,48
34aycmeaxuuxipebrdkLUP,39
4CKlQsRoWRQHK78FyxY9CJ,4
2bBRrsQMO0yVhVX0mWG7G9,0
7GOXkO5vEGyZWGgja0qXSb,1
1MAIJFzQFIQ2Hkm3X5YtCW,54
18xxpzXiD3wKmJUibqqPxl,35
46jrqGkZ9TPqP9u06RMfYq,43
7aNTFhSXwUtXWP063Y46rV,35
0IkBsej5dNXm8NXwcenZYO,0
0Mft55GDMuD2rFnrSeFn3U,42
15gUb7QKP6PlbXxxTJm2T4,39
7dnSxJbkmOWI1v8W3loMcR,41
6kWxGDy6M6IBoUphdmYTSq,1
3y4QmC8lSWMwsTpR3jYjju,59
47knrBbYhqtrggWYSkU6h1,56
1CKbPI8AygxJl1HUlmXL5x,50
5w00Xed2Okc8qZ9s5zOhbe,49
2Q7kTdM2rHHJiP8ikFw12o,50
7f2d3p6nzGFR6874f0E7E7,48
7nQgBpoTzmbEPw9EpZwCNN,46
2xda9V4jTo8AifNVxuJ4lQ,45
29Ddz0FZ4c3ICEs1CNQ9nX,48
6Pkqfsx6tipFO4qpwkuRYz,48
3J1HvoU2tJvAsKaUNJYpEY,44
7eJ8kuzJ2KyA6ahMhNnNCZ,42
6awLXIvXP7QzU4iTmhIQMD,42
5SNPmUTS4RibXP9drVv7Gn,41
7bSk8hmkP54p1Rma8TOssO,48
4VOEvTnMKGmyL4HKCervmR,42
0luSqbBJsI4IvPeDsa51Tg,39
42TdB3f6f1cQS9B2UeT6zK,39
6rQYJeJ7taRNMeXQVP3U5d,38
72LFgoXC3a1sOKZM7jUeTJ,39
2C8sg3Ae0bhfY9XtLlfUYj,39
1unvk9w2ikBIxcluIwPEvT,39
37RqXKYpYnCLXJolKH8uuE,37
7pOSphiQrRDVnoiXtFbRmH,38
5sCVvW7CrJjZrJ5rgg8lMF,38
7qxs2lsb3jRLlqFBrnl6bC,37
7a5OUYOGtWSHKlsZz4n3QL,37
305E1K08sGnszjSEWHU0cM,34
5dMq8Gjcp66z5lnlTSpydh,34
7MBUdJlpkl7Ij5ux9S2xUV,35
20b4zPkae70HGw1Dv1qrIY,35
4bOGHIpDd2fYcbyNxZOWou,35
3l3VfjJSzLBFdnN6lljP0R,37
2pPYl7Gif7MNAHd706ClhW,33
7fE2sOBX7OqEe41QsyFUtw,33
3g4VIMFXEJ0mZ7N4Nic6wE,32
0bwYqc07M1jtLVpyALQzZp,31
1Vbi3VW07BwaMruQiUIQpL,34
3cx6mhzKNKpRtZ1X0SX8lT,29
0fgLB3x4AqMd3Pgdm0j6vD,32
7DKMQ12cuqXs63ZnELU7OL,30
5qvGIVwLPiqAyJuohXwvSM,31
2QsXx7k1no8naCHWPx1DGi,29
2tJKB04v9nN6AtnlBmnp9N,28
2yPNn7KSfUMMu2jSRwYjae,31
6u1C53AsY5G8tQz0jBuhWt,27
0YGnAumcRaFQQDlu3z6737,27
7waUDw3NoJq2iIzgsTQ7h5,44
26AIHH0JMIP8sd7YBM5uWb,53
0E3L4BNuUlZyvcZyySTfKr,62
7nGVAzJ4S7WLCe21qqWlN6,36
4wBct5p2OehSJiPIr9KGJX,50
4mxor2HYZQFXTBg4cE1Hnr,40
7GLAZesgD4Uo91YpTiDUQ7,49
6QwwDh0NSF8Qn0BDpZVEc9,41
7pAC4ebO3MVIMAROkUrEyN,37
3MhHtVleD0oI1NjWv7Ce3m,29
4kbaxfwAF2FaquuDiWSkDT,48
0C3Y9kst8c4UmLzomWeTTw,40
6I417WvjdX90AJXqEXbYzG,21
3JLSv9wA8Y7e27yDVDWj3t,22
5LkvdwyjkqI5A6YIyT7h1O,33
1KVrHVbZrD2aE8PS8lmOB7,57
5ReD0EFOt4pty5Ql8QlnUj,47
19lSYFEPBJOoUaHCAtJLZv,40
10HvNBMPsYz6Yc2l0Dw594,32
3mdyi1i0w7bfe72a2GX4JX,49
1ALrTfSEogKhyzcgs8spWN,58
0LF3laZt24GkVkd6ZyJlw8,56
1bhO8HWJwHgBIxk488Oj8y,38
5AFrctm65wWIqJsjHPPx85,70
7ByrszLK5P7yrLXQwxCmSj,43
1yCHawhY9WibtJ1XOJ16ET,47
66JKkmeHO1W9F1NtsiKtFo,34
0D8n26VxzYSDIMhDO5JPjO,53
7zkhXNN6zIevhWwGZzIz2O,27
1sF3XjvUGeDFV7ntzOkPEs,45
4QUA94c3ycZm8dnpPih4sf,72
4h2ohOfzR74qDhUmeYE2za,53
2s1tFUAu7atdMKuThwOJu7,50
35mMXfym6C9VOTUVrcKKZp,76
4qQnE12IwOkgPUOtvPJW3Q,49
2wenGTypSYHXl1sN1pNC7X,70
7K4qs6xArR9izybon4i4gW,48
2Lh9Vp6Bi83hNe5RFYh8SA,49
2UdCIrsZR9bw96kcLAyAyh,63
5wM4n7Y50JPMOwdJPZFL5G,60
14aYMRpH5GUIrAGHwTBX6E,43
27F9FlipD657qYRQT3qxFm,56
0aKNU0pxAon4dXwjY4GreO,50
2MAkRdJohGSnQJXNcRZPIs,55
2aRWvh5XCMy86wmRsL6sFr,39
58tYBkyFprVpfe0HtJqH27,47
5YN0zHycJ0Yxz31A5QsVov,71
6bERyJwcB3qHDZMnT6Wy9p,61
6VP3410weACXiPCVLKSkOb,66
3m2Bsp7otjIddiGoTaiSKO,41
2IQpgTBCsRuOtGNu9iRzaH,26
6kTsWBU0JLeFYQ9f0bGEYN,34
1sI9LpIHEEzQwSVnp8oyfD,10
3dTmgecC7MCMbteWjf8Ls7,69
1tWQK2NoRsWj6JECrLhotv,58
1S7hEPenrIVKVTuEjtXKz9,66
1yAPglN5AGf7UoLK062ZYq,75
2V9Jtmhr0wPZ5fNwHaZM3t,29
7MpYTQdxdkrXv2jgXNViBj,39
35Z5CNt0GVIAACouXzDwpO,49
0vrmHPfoBadXVr2n0m1aqZ,80
4fK2NU9UyQJV74ZGiSVYsr,67
23aLHpZkjMoczfmYeUZyto,24
7DCdlReHytM62WN1KBktrS,60
3tGhzuFRXJdHEge0MN0sC2,33
2zenXe3zo8bO6AvN3pYGRH,52
3GE52DOmiSQ2R3FHGmYSif,43
4fC6tDEFmSBBCRBUOPeQ8b,63
18KjYhghq6K3ZmfcewWDp6,68
2pEJjOaIpVvp1gC0N40ehs,61
1bZCA8kaaYYIMpU3Mh7R7U,48
4jEJEJHmbR7WyZF6mz9Uvr,40
3Kuu5vASpXK8oRsxOvau6P,71
58ctD8HaEUXJkdv7TTsmG8,52
4yfIBuEnkdmZNUpMICBlsv,38
3nVJ4tGeLFR6HUiz3e7qAe,65
7IWTIkiWGWNQyYfOLdMrGD,68
4DXjfzDxkhD5eYGk03LoA6,63
4M8x1TR36VMQMFMbGCdoyA,72
10LsIFdrT9iJrFelDP1EYW,31
0tp6mwUt99QnfY95T30Lqj,63
4ut5G4rgB1ClpMTMfjoIuy,77
57OOUUm8evWsioEolcEbOb,32
2YBQa1P6da0Xy8UuayPyGm,25
0bPzjRMx3BXMiQPIhvWCVE,23
2cTGafydY9vdnqJQ2Gw6t8,0
0dowxVQPIR50MS1lqLE0om,27
5gyAm7BgB0d0I4RPK1zcn2,51
2ZEqEHPOhJdkI9pCCW9pBD,50
3pX3ku3Dep3Z5jQEYDR7PK,50
0Pu2P5Jp0kSA95eqZ3jkb8,36
6a01n8nFLsXXYb5lxXJIBw,14
36TYb3C2kMVeyy32ooHMse,38
63x2ylSiGxGU7dG54upqI4,43
0irKU6Iir7gBMelIXPnXtF,21
1GFeOy4vXXMX7a2a63D46u,41
4t4amM7zhbmiUrBfuIl0sK,43
2ezQ7Qe2itIl6HvCbyqZXX,43
5yFSF6qQA1rcLsQRnBsZgb,73
15DwFznkBJir7AK9PyMyRR,69
5EwwwdsQfKI8ZnFG93j5Zu,62
6JRJbyOIVV70SFzNCvH9xX,40
185KiwRpwjqe52jyaRUBFn,58
2DGa7iaidT5s0qnINlwMjJ,75
5Xt5iEbljmwJW51LMTQ6Nx,57
3AUW7mAGx1BICBWqsuFgh4,58
5oAgI7Pzg6vxuKrfapg3Pi,59
1Sl3njkhhz8nrSPZroDQ82,66
5K3NDUPkLe46b5DRMt2RNJ,47
0rE7P5d3R1q1rdmi4busL1,38
2Yp9RZD8reu2mQ2mgFGfOZ,34
4DfxFGwreu9BquiLRClwh8,55
45TbnoJF2Swax0zEEsUOcb,22
6LIe9o2p1xfj72rx4NDY8k,48
3CP5U0Eg3dtpWsexPYemOq,0
3mgFOCbfQKowaSRg4rBTDb,0
3kGfazcbVvVkuZunzlLgTD,68
711Tr5BNM38pqJ71Ajt0nR,0
4JvgDvUxtG3qwbzbCgucwq,2
7e7hic6gtPVhOrVVIZMIWr,1
4PTnMiPAfGFV1tqmeAxXGB,0
2UPXQ1UumX1qBh8COMbo6K,46
5XUNFwRuBVEwL3ilsNSIfT,36
1mRiOkXyGl8aHw9TqMYN0U,14
4lharVQjYNhByFR8dSHkMA,53
2zlq3jyBgKbiBMfmqU0x9F,0
0OMds9VuIlMusNnBt4vgMQ,0
0GBm0i9OlIlxQGx8fCNzoN,0
2Ubw4Bs0yzYm4vtPTvtFwQ,1
1fG3qsNKRnbBji58Rb5SW8,35
6eE5LWw0DpIbTOdKwDUoE8,9
3BC5s3KuoL1lhtllHkY4lV,1
10BTymGGrWHokwzbHlkDl2,31
5ZnzVZrSja6miEOxZIV8Q6,3
6Wrn8vD4z8kHBQpTDQOkUS,2
0lFIavLLfzibbswy9L0XqC,0
05YVJezG8p4RtNir63600R,0
3m3OwRXheUtBRKmcVNUsFo,2
0HSHOXIDMwhFbXHnaxpvxE,1
7nAO8p9s39A3lYXhRezK98,0
7ipioDTtamvmdNHwQDsOKc,1
1VdIDMigQggDtUwjdt8Xvt,0
4dA9hCQDGz9eloCRNacWfO,0
25Jkn7pfe0wQkWLxRkgW6i,0
6oheWhUHTYSegLGV9x3BMd,2
4kcsjzzTSW263lhs5VOhVa,10
2BF1X5nkYYSb0AUTRaGkDm,5
0hBMYG9UPV8QVZQFzaw2FI,0
7gyPFudYabcAR760rKv5rl,0
1mEUuGPU7gCcIkwt5QDobg,0
0kTC7L9V1nEGk58UjA5uqr,0
0By6lqHxAy8aKnbcmRqkBU,0
4ZkVOb0mNnm3MFY2LeyqHY,2
73vEP9D6XDrPnPdsMIoN0Z,0
64zUNPNYxusLnW21zSZ6ZR,2
1DZ9n7K1LZW8bWBZqGJUfN,2
1V8Lm8AMbCVik73Ixqp05d,0
3KHwhq1ZsfBwRYtacrXqVP,39
0MyfJah9XRKoF68chrxVmZ,2
5rE7rJwrAiCypgcYfvFnE9,0
1ZuE6xOcK90eKdQ0EVC9gv,40
6PQ68UVfFSjsPWFfXkDfmI,11
7wZorJD5loL9ceLJ67sg6S,4
4XgTgTG9FF7llF5waA0KSE,0
30HYyVfAcWGvYfTMK2bmK0,0
1IBKePjbIXAkXiSvT2E4LQ,13
7Ktv8bQUjZt0rr16qgB4h2,4
4jvJPG5YNwenlOmyLWSqaq,6
6TUwKZZTGqEDYQb9W3dPf4,0
6F1kPSgdnlSzZRfskE9vaV,2
0Nh1u8Gd6lVz3BE0Odg4sV,13
79IZKAygtVmTcVnJ2mlaIS,2
3XuNYjoieXvbj1ivyZCUjF,0
49NEh2ZXUwm6RjBW7gf2mW,0
23L5CiUhw2jV1OIMwthR3S,80
5yrucjkvhw5RaNZHCA3rf1,0
1Rkrl4kdVsHaFd4G5yRVx0,25
4I1zD6WvoJoLDFWsqcCpMJ,4
5BHQgdYNXLHFSZaoSGXQh5,26
4XgxEyG8fgFKo05p3T4m1O,8
2OLBFXBmMc43M7H0YrHcL5,0
2uH5qYSbyF263EdwQiwRFc,0
4raBRzwLKKRLRZF62nisLq,0
1aBFDk6bC7Wd7GJwaDuSHF,0
6Uui5N4PGEWkVdiVY26pqU,0
397gYrJRNvdMnQdPQtSeG3,41
6uCsQ6JlUCEKTRhC2kQjPK,49
1NKCqXjcYZ81Budit2CQMh,54
3lBoISh2FvtpdQt1lsU9nN,51
4KX39APEOO2EgiZFkcJOfR,49
40AGMddDK2qtxY41J0dpjK,0
6TaqE6fbzfOGTSnNqmsAMO,0
3yzJxgqXvOQv77bsRe6aLu,0
25hwApAUAwTmsJgVFzwuy0,0
14epucTZd8dLIYipdByNZS,52
0xr8RB4uOrqbmpndeoC7rO,54
2V65y3PX4DkRhy1djlxd9p,77
6UPTcXvKGGMg5NsGcUS6if,39
7DASvReTFBrIsqFU2FY3Ds,0
7Jwe4iWB1G6c7TE7fRedrm,8
5ZvAZJEH4R4YEbZegv1VDK,38
2MyJqg3BXc0vAD8KUtKHkS,0
70czmnAcu0CqMzqvkUHOIm,0
4jzJLbxEBpa83bd9e8qlCk,0
389MC596K4IN35zaHAyuYz,51
7v3OjlUZX85C3qz68BTtoj,0
7H99bn1pnm4OuyNBpX4UTd,28
590BSKBR5povyuY6GPq1T3,31
20hsdn8oITBsuWNLhzr5eh,60
2APDhs1KxcfythNgqq97OE,0
6YTkHZitFBGR67F9A5RCa6,0
6RH49kOurGNl02pT2iKOOp,55
1gqv45EWm4hL4CRdVq0dmu,0
3lW5U8Ls8JKhhjmY88Nxeb,1
7f2wpvZQvDQZI4jOmvPzRU,0
3WfbatB3F7XTkJehO49DVE,0
5Su8uGrktYXM9inlzmL99W,0
5tB05uMCDMwIfZ81siwX6t,0
6RzqKbsF86Im2F2gJJwNYe,16
4vxnGjIxtdeWvLSmG2ED3P,0
5W2TFCEwO40Qi2U99Khvgz,1
79B7naQYN34s6lITPdToMQ,1
2gfToY9trgUdYIgPkc8zwR,0
7qDV8EUMjj5sJdholWKUqk,42
6AdD7ReUe1mk5ixLfGnSwO,0
1RxJ7DH5j6WdaOzWiYu5MO,50
36pYPsbeDZTNLFhDJbVv9b,61
3g1MMelMBxLjtKwcIVFe0N,63
4s2rzq6ZpCfg5ODq0z79QG,58
44O59bdcfD8ukbIbvFeHne,41
4Sp0jLZN8MgPnoGDufJS7N,63
1ReI4ZlpCqZA8AyeWf418b,37
79Uq59YH1T7EJ16uWxK8Oc,41
4iLEvbFCaxYzBIkO5ZlxRq,49
3VHCuPFZ9JA1kopIlNLDdz,37
6PsThaFJEeaKMokhSPINnY,41
2dQzfKRaMKUCQgMpOtpLTh,59
02q7qbOYbE89NMFEtOklcc,66
665AK0ovB11McZRwfa852G,49
6Sf2YqGzNmVfSNpLFWuYbz,63
61veBHF4sj0pKNpXeHF1ah,49
5MgBUUjbkQ27Kd9CbeZFLo,52
6ZbiaHwI9x7CIxYGOEmXxd,52
3mqvUmsGVshZSf5INiebzO,51
40WECPl4ve5Vc5LWwK01k1,2
55y30bh2ZUtzOXjWLxn7XT,59
662vtOAyenh4uGaEP8buDu,40
1vu8zEpTfoxLtpRFyRMEFn,56
27YP211Rr8RezhiFVDLFI8,59
7ix1nGNRBkJiKjJNCWjDTp,34
5eAGda6EwIwCJp2i2S3UeS,42
3d1pq5YK7a79vV2SYwCAqG,47
50RJdoxw8iajGNtHQe6QeS,56
5xpScO7frkFncHij08H2C8,45
1EYe8QORnVJey5MQT5H35S,45
1uWqDjZATn502optPrBt4S,2
3arojvuLeaH8MBlNLSQ6sk,50
5ZaGbMqMDU70Tg5fVzq8hA,60
1feebjQLo4D91KPWCYrU3z,46
5LLj8FOkOpBm1zSEchjVlS,36
7HsBPZz9DNjSoknVFsOwAh,48
2tmoma6St8qZqkkxNJl6SB,34
5KaXfDGZLSX4GQqrVbP9BS,37
4XzdxE1HXwogDM3MJMR3xr,46
7J7D2Ezp32LxlYuNTZX48n,40
0USJ702LWc6LJW5Od4euwP,37
1PYsy4cGp3egbeaQDjIGIa,56
6cui4tNWQlw7ydqyrk89pc,1
6x7r0lpyqxBKGq8J7LFMeu,52
2X4ZUK44laGmfq6XTTe2dm,36
4UaVU6yAkMxqXZ6Ikj1Cxb,34
7AyumpcX24H7KYJxeCFOlC,1
5Zpe48RJ5Vs1YuFRodYdeS,57
0UBgJMgfxiIsuL9zfiEuKn,50
1XqmGsszezEWzARNFEYdV3,1
0kdVIAjTAkAFo7dYdciDU1,56
6LUOMjoORvAkdhBYvESO46,67
0MjeQ5T5E50q0d3i72854N,54
6ftVlFJnGZVq2DM18ipV3s,25
6zWIAnsWUkqLHh98QCvaY6,37
3dqGLyXoP2Bo32eU6Rd8SQ,41
3Ej9gFp9x29QEpU0TDUueh,49
4v7kKFlEDmpVToHOICsXaM,62
7aLyzHkkuI4QoLum35sB38,31
0elrWXwFQNxpmehJIH9kfO,25
7d2RpBy2qTpFnzXd5jwX5F,58
4oq3le9UdPBzw21wYKrKJL,36
5VZSIseZuR0WoAwieGD4Ff,47
0NcUK4fUU0d7QLdtFwZ7Ky,24
1xf12QFZ5fajR9zUs20f1f,31
4AF6IcOMAQpAZc4XombycW,43
5KN5M5tZlqJJdXzvfVhKwS,46
60rXUfCB6dAErFNNzfUs0J,45
6RQzJrr4BrsO44IAwaicvu,33
2yhSkooN0l5CDVKhyx6OL2,34
0HeTpk89fOwfTBVL5d2acE,41
1qo1dnwguBAbiqRNd3oTEi,54
7oSCKN8YAn1NpWrwnvXFpn,34
6ziw4ahDZIs42ZG5rvyZkO,31
0eTAHhhlveyA0nJpW06EZ7,29
0R4edaEAa4jfhQc4LXe9Qc,29
6y8SWSks7t2ANvmwunke0m,38
6KHlIvwh0yQQzte6NyTg3E,58
5Jk7T3Y4SNdsrC8uaWnHp9,43
2CVEASRFkXIaa9xAM2vPTw,35
69CKIXoZ73OtJt590mlFEe,42
3LwDf7oOoTK9bLjvpmJRsr,31
4xNRAFyADjMPrBHl4NiqmC,48
5kHMg5sSH7SeDfGl5TEptb,27
51REYQuyjvjEKrUj9rISbQ,32
0tXiNzZeQnv3NtRcdYSKy8,39
2reQzXiT6nMipfc0zpkh3B,17
3ZcSlaUgJpKxKzeqT9wqVb,33
6Kayke6XzdFL4aSWNQ3TuZ,41
4tJuE3DkooytN4I05YzyTr,48
3vj7ZCPLdgM9T6obaVl2HK,60
1kHxfbiZ6HOagkTTrWbICH,28
3YIcx96kZEpWDUrgVQPOkH,36
0z17vAOwcPHO1f7KLr77im,43
4N1r70StM4WeymDNajIJQ6,22
2JPKFAcyJpctNbdJk43lJ3,26
3wsQDA7nv5PiUrrYN9TMVw,28
6gJ4DuCPozEuN9myUxvRMt,58
72juIoy6SX8K5g1VKpVGZy,50
4qXD6QHP4g9Abt8dW955Mi,43
3t0HLqGFR1xl4pVQn6VXJL,32
1yebmGMfzmYUt31SmpamGx,39
7eV9ueaDltzZ9TVAeFRoVZ,29
4Lmr9a3iJZcFpTDQxIORWw,37
44DZiCy3IulocxFXdU1cE7,44
4po8blw2QTCBBjgpoBN76V,41
0I3wlS5dlpw0hv5zhxN0pz,58
7uKXny4bHfpLhFOgYCMsQC,0
0C4nF89474iqlF4HBVhfEI,31
4tTRm872gHJtA6WaPmMyut,36
4U0wNvX09APPfe8TGIYHoO,41
0NBG8XHD1xri39FtzwVelX,41
3ZXFLQ4fX0uTWX45BDBLi8,0
5k7c38j8T7JMWqtLtKt83T,37
0QNlZgXWDIMdqv6Gjgq0K3,53
6R9MD6OD2EGOTnblzvi3mw,50
6DJQpwghSFDWCAelPckZe8,51
1DFD5Fotzgn6yYXkYsKiGs,88
36LQYp5FNsuT5voIO9bdfZ,61
7mtHQxn7gie9dFH1bs21hE,58
6rO7Ljvkmj4ESCIcGEsVdT,68
0k4A0wcdZLY0OSQ1ugfi3J,59
6TR0FGw4zhlGbQALN065AI,69
0rMm7NslRihkjiGq7e8Tpp,53
0XwqQVQa5FtszANrM2Oyeo,35
2HvMyC2NoRJceu6Lgbn4lS,3
5sfDRsJPr76mjdjrMnB2k6,32
6GvLs37NcHbKpB03cS874a,28
4XwLxC47UNg3EByUt5RTIG,34
1CCEmbH6GvcvdxDNSfpQYM,53
1rlNpTZ4vEU69lBnC4z7Kt,46
2gGDfz0betX6x1BAvky2rX,42
2M1VM5ODWp948GjPLPS5d9,45
6pTDjJzSJaciuxfx9lW8hg,58
64L7BSxBzDkZZSWO7YdgPd,1
3y5GQLGbxrGQtBeOHDIviy,16
2Tax5xK7RwwpnZOss6HmvD,21
5wkHc9kBoV1jcoCE95ucjg,0
4820bgsYIUEXXz0z3NfdiB,0
3fDgxdcf0jeJgGiZJGUmyK,67
4qetR2UUyBeUrJ9DbYrpVQ,70
2xcbiKAv7KQZhQpAFJmucE,32
1liwCzSX7DqdmqS4nJBl5R,47
1bvHNgnKpKu27knGxVom2V,0
69yzJe7xXyaTnhAP77Z5sd,28
7ruylcpwEbeCl3HfB9SSyM,60
5DD4tInALhytdTzTjnJYEj,33
0owVMbILBt0p8IaE23yUVx,40
05LvE6ySn6hEcHdAJ7N19z,14
3NFvJh1TLTGnefNSNtydg2,33
4KmVFTtbs2SddeQF5BMe67,28
7GL2SOvJXs8QVLX0cUADeq,44
0xAV02GbfG3Ud1T7BkkGAz,20
5675X0BCpyxAum29jueMUC,36
38SjWjddl4A7tU718iR6qs,38
5EtzneN56QiNY15QxZY3vo,3
0WMGutPnFFHAsLekvKa9vd,26
08d1uFAAtQgLbuvyP2AkoH,60
4qayCwK3S5cfbbteeeV9Aq,26
1CRUD0H8bhgvXoA7e6vP3b,0
4gVAUsZAzft2g9Ef5CYvSE,0
6w3DXodg9feLoRbyrUhT9x,44
3xN4zbuUZvGev7c9D0BbTM,48
4k9ej5Gmf6O2G66giJN7sM,0
5A9Dncxt8d8la69RB1gYSH,28
3uflqf2yN68tM08Jdbc4w9,3
3GxbXFWlq6Qseg4wHJ13qF,48
4wM51SUZfjpOs6attmHbYi,0
6zig6VAzxkSV6MUs0kehw3,48
5XrQLG0F2A5BsF6KfzGpL6,51
682gIKe9M4YJeDbw0Uqimn,23
1hUkAK5CQljuDbu5U8c0Cc,28
3OzdPSE6oqobXdKqNADWQ5,24
1iA0R5MfYHfEG6bfaY1rqu,26
1YDFdfd0ozvJKa2KG94vHg,0
1qTdVus86G3MhMFx6IPdx0,44
1QA0NEHAHPN3XCv4H5CDmE,34
1DJ0I0XNq2j0NRJyQgqtXt,1
5cWtZM21FH4YL0aWq3Syfv,50
2iQOfVX0N8aDmqQnS1cwCV,35
6jMNEGB4wjPH2CTZYZpktJ,19
5QEOyTOieflmYwkkFoDTRm,28
2byHMGpQTPrmUwZ4Lz0eV6,18
47ioykvTZqjTNbXSzTijAM,29
40r195KtIfLn4GMLvHKpJH,31
6yIzFA5XvwY9ksUklpvX7h,11
4MSXFGbZtafocmOJSl4QKN,13
5T5KSlHqsArMUX3c40jvr6,1
5fFEgmLAbNG75zKPn3hXOO,44
57T6tikkGJVT2RAJSFt1c4,39
6wp5tGVNQYpKJPo1s3WUEY,63
011n8lBopxh6VVTxXnyKu0,34
65o7c4CUnLpgpD8wj8RojZ,18
5VS7aJFWhrm5U4gO7wHbVB,41
2b1CFo1MDf6FHL8MC6IX0T,40
3RXpeuxTgxqMzqGXVLRiCy,49
7jwWgLyrVPuXuoKOJeTQVo,32
4ukLAzXMLNzr9yxjlH7mJF,46
3DmTvxgaOYdKS9dQ1z1mSd,45
4cWafPsRizm6woL5j4HNTD,66
2Nl1RhZ7BP2gP8l7SlUyI3,0
2CkhQBlp5X4LUthvEdkuFi,34
6RzQwBJyxBzQHXthbbjGu7,47
4cTIFTmacy3vyi5A5F3YeD,62
0nWUjxj2Fma8Cvyhiw0urs,36
7B8YM25inFu31c5nTiLFgD,43
7a4FQLmzBdwyq4f0ws9tVv,41
65N7IAvQkiGMnMcUCue3Ug,4
33FIqQgI9ARTSsMj2Vyvxq,45
21mCpc8m5SB22t8lgRXobR,42
1UPTBEmUF8M2AtzTiqZOT8,32
54ztfXZugJVUu6BMmavJgX,0
2Lv7vYpPx68ttqspWdMnvw,1
7qcoZzfJ7HGOuR6fwTbZND,41
6w2A10HCO5nhBCaNLk4aS2,47
11xsm79HwpWV1C1lMXoVo9,38
6PtXobrqImYfnpIxNsJApa,64
67awxiNHNyjMXhVgsHuIrs,72
5MBhTcvskTrgb6OmLLrOqE,13
766RKRQ1ZJjmdBQ9y54HKj,5
6oFd2c2UiVfFBTIJiFVfz6,0
3bT5PDBhVj4ifU11zQvGP2,5
6eDw3SaYkrJQdU4OTUWNOf,0
5QKPi7unCLHGLv6gJ0c6Vi,0
4oJlQHvcgGMcnPdEsDVqNq,34
6bCabEQbWmxuyZQLHn8iiZ,0
4TUuAXGt8SFNcl7ves2nPe,28
0hGSr4bb26syMkhIiPGNNe,0
4sKxpfxfS5AdVczPBtv4QX,47
037yW9RzsLze4OmBYmcH4G,16
4J82lONPEFQ0P9rnkUahI3,0
2x6hopxvQkOzZTBdEMyUO2,40
4GNCf7mGb5NmZPx4NbHO9h,1
0WeF2Avp91o78EiEfxHPrw,1
6q7HUVZZ5BDt2YBPM0s6Qn,0
5VHkkdAWbO8QKMKHnFNotP,0
1toz8k7rYIw4FS5jOSXxYH,2
5nKnfKcH9r2Wt33RhRWXhr,0
5GbOxaenurzwIml9abdh7Y,12
3rBDty01BRxfQ0C3LjLN3X,0
2717O30PeUJbOVX7N0AaDJ,0
48G3g0cNjZZLwRTTcBbc1u,1
7lxunsaDjpbHFvVs9Db0O7,30
60ujaCxju6Qndk01pIQ2Pk,0
4pWfWlnxmtUHVnzuqTTyP7,0
23gEWg886oyEWphJOhplT1,0
1oX0fJip3Pg8n38740vcKs,0
4oJnPMMBftqQRjWFqwvblo,32
3ietiUYcpAjD0burVmHBri,0
1NZMIqv8Rxp66PGFV6i2fb,0
4y8XhpQ7YqFLyz2o7c7r7X,36
2tBtdRjNw2YYIEzj6VtQhq,1
3ZGqWjcy9D1ZqxBOdOhH7x,0
6e7Xpk8Ot6EECTUNkPgxkN,9
22isxqWRKLhywRJYM6B0Wr,0
2wMW456QogoilDyApEEAky,0
0LgXyRIho1cJ8dfbWNIEtx,0
6FqH28raIkXVlcHDUvlEzA,3
2hWIE3vQu8Zc63zWaFiWRG,1
6qCyotuZh3DSf1IraRIECq,0
5H4SOkZ3ELKnBKY1XMzVst,0
0LN4wlhICj5qBXKaM960jQ,0
56I2Mg0Q0O7L5EUmYBGCW6,0
1gOxFgeDG2xUKFfCnHnl37,0
2Y3eAKHXWZy5r88VEhIkL5,0
5KPMBOvLbP4eMRPHKv3pP0,0
1RhK8kEjB5lUYARdK7truS,0
1LBUjhIG1SN6Jssf2HgxME,0
7GVSFPQOFTvj9x96Vnq8Yu,13
5RCQsNJYVvCZRt5ggzkjkY,23
3EBe4cSkKqjkv3AEAmjyaF,28
5LIx8Ml1BggykfpwwkOgbC,0
4GqvWKAq6uKAcivJGnNAhR,41
0twZvYPeZTFTEaCopQoqId,0
5Nm5zhah5fEFJ5FatphfP5,0
1QC7vpmKZW0Nb3I16f9jND,42
0vJ9I27nDA6PofOm83NH3s,7
7dhkH0CecrXlGgoNHagTvV,21
0GaBMjNGzWVARb3fReN6dx,0
0BDH10wUP5k1Pwzw8GjbvB,0
4655ITqZ6CKFqnLI9d5iyS,12
4MX33MuK1h15xjfSpXU4tj,0
6nlCPdygwRryI79rUbWx4m,42
06qKEP3ITnVPmH2ZW1zYvn,0
2zgy1SnyfzoyyG7De9zT19,13
4GWfs4aOX9NG4msG9OA5er,0
13ihPYxYfIt4Oe3crs4jqu,20
2cECvldC3qtMue7yH9BxGO,0
7Go01FM0sfNRmNs7uJka4b,0
2thYAVfPCmf4QxN7R69rPu,39
7qBj3Uyq1viGgNVHMwY00D,0
1Xcww2gldd5hN6WvGBsbFT,38
14KtEyr1OCJnaYzWIpRHSA,0
0qDOSuKfzm8dKrXAMVKe0J,41
6KUyWWP7El9TZqzrDwdO9s,20
0gEZssZrAI2zNLcg3u8i5Q,0
6Omn4mz6wbBlz66hNdK3gz,0
2zouWv67gStVJqRzXxaYcZ,0
6rimoR5kuMbnJBYQZyoEeY,0
18g2NMnK8Eb8PUIRUWtltU,7
1yDgazw4dqONK0SdaRmCea,5
2N2Mp4HjnYcmrZ2YqrKedy,45
2r4ryc4r1Y6pMgdBJmG2Wk,40
5zBfEZ36QRKjkU0eqNuM8d,4
5wQeCrJTJxGZnILnyCBHjI,54
280ZN1ZklTE91imtyQwMBa,0
5fp6j7TdmXpmKM6QEDL6ZA,0
1CuBioSnK1CMLeKDmNpoix,0
6b8e5tGBey54C4epKvIfOr,47
1Bud9ynlPCjkqgzyEaZWPD,47
5nYi9SNQHQMfErb1p74Mpz,34
6Jg3d40jtWFJkBCvxngaNp,39
1ZPc5wZ3riWjtKVRCgHPOK,58
2wFH2lZdh8GN36N86VvnYL,26
3BSHZ5JKFIAy2ii4ToTVLn,28
6ane3gfoE6QFtOWSvQGAIH,36
4EWCmQQyVljLJyEdefKQgG,58
70cJZh9z6pfBYmghV6fuBX,47
0PJ4RVL5wCeHDO8wHpk3YG,51
1fA60VsNlPkER8Hr5SN0rs,42
1ucQ5LXllUXtvnIw7gtIpz,1
3uyo6qwUm4ctMFA2rjcp9J,36
56hZJqMpRwxzRMNQGhdBzH,26
2fQYA6cFN4ClfI4OmtpC98,56
0luZBaTxijfM8Dy1ETNetX,40
03TXYSSiqqXMF5EoGHxUta,39
4qvGgS0IU78kJZQPNfqDEm,34
0TEoDxZlyKLtQTIEih9HIT,34
3EDbqYLrCNBP7J2CqcMPZO,68
5bZJ1pbxDnjaXr45jTYTNd,48
1rkrZxfScVaKmHdwo92Hr7,48
36C0Gw2RmYWy5aEpMPaQ0e,61
5EuVplVa6I5vbAUBuCRnvS,60
5E00xRhYsooyC3MBA2H848,72
6qLkMLUIkdtX34gHF9sPFL,68
5E9owC5qaJcsc22B0N4PYn,47
3ocZqgu4jExP3HJetO1I8f,46
7Cv2Jm8ca9n7aMO0zRfJB6,31
0HJ7K7uauPS05UqWUkIxGM,60
7t2SQT5dDOqRkLBJF2KHLR,38
6sYJuVcEu4gFHmeTLdHzRz,72
49jQjsgh1bqjLW1UXGPIj2,16
7yK4DriG89VSF0BwatqZzY,36
59jHH3RyODRyVPCgpM106o,62
75fJUcJxgToihvGv92Gacl,54
4czC9q1QVwRqQ0BijFSmYh,55
1pMrW8jZyC18RNQfb00AoG,31
5AVDsyUbuVpVTflSxAB73C,63
0kDIirlQCy6YnmsK5pZ6PZ,58
2wj8ZDkP8uzZRY6Uh5W2HM,36
0ZRz0GAbbBuUQbY0KI8ALl,39
3HLBDDqBJsUuX7epJBWY2L,29
1SG6r7daFfpzPcU15luVqB,72
1A80HRxJMhn6YAxqRup4BQ,37
1d8UxGwY3mNwT8JJwjEwza,22
66isKwQejW39JXw62gmu8T,18
1cdxASY14bpbX32PV8KR2a,21
0yHOGjSWf4hDd9qV2WxNa1,16
3tNCC3x3rSivkbYszwQym9,21
4R9BnU4RNkGDgjUorQKJ2k,18
6cd4bYMKUYH6DL8BcykSau,21
0BtHsciM5qkTGyJ2cGszRk,19
0vtCy4K3CE3oPbINsA25Qa,21
2MlUcu4cRAyjCvuBrGdcKd,22
7bEr7VneqXklKMUEP0P7X6,22
03MFnTJVWIB5e0uCTnGnr7,20
62fMFW5ApAj4B8lXoRoXZU,18
7LEehgGg64Jc59WA6T8oaK,19
1YVh7CgPXqGNg9lDD9Wg1P,16
7cCvP9uiW1Wu3Z4V2VQGlg,19
2zvNrOXk8letDuim2sJpJj,18
73fCqopbRksj4hWtrMzqty,20
1yvQSQvFZCH3Lbnvw4bkJB,14
2nrNWYUZlBAeaBQk8AEzxz,19
6qcNdqGPi6Qi9Sgb74W05g,14
1oyn7JHy07z6OppTi3kOkk,14
59k81hcQtyMEnRMlnlAgHR,15
3MErTQxXAFbchpgdQIByJ9,18
658CdDgzlC3vMYyuho3Thl,17
324hSNQ1kybDOJIpCtmgki,14
7f26Y1idWh9huJkDhoglZW,15
53WkNeHhYcflvfQFZRpjT9,16
2p3N38THGUdXNWP6JGByX1,16
6IM8aVuZ7mEdHmE2Xtfi6A,16
4piY5IUWIkGgM0HxyIcUzq,14
5G44KuviE2G7vZVj1PxpkH,16
4U42DevZ5dP4oBPswypZ53,14
4ceZt0ptwiflIu7x6TBeLx,15
5CMX4V07TkkwupB4SNd3Ph,15
047RjxM3Q8zpZIQblbvRxc,17
7qzz3nKEBYarix1J5CdjZ0,16
2B9lf92JWH4LWmkFufhVu6,14
4ecbiEfPKhsWXYKrGhZ18H,18
2YLuyxNRfTNbvkNfihrtpv,16
5cPzd5Zptyi8rMEDzSwFLz,13
3cJ2rADG1IyiRyAUvxj5Aq,16
4U8w7ROx4ZBQ5E30qq5tlE,13
29JcbvLwr0FdyHyRme8nRt,15
5NMF5emWxHxUcivFDagVhE,16
4O58jN51aRkuHYWqoJDs1s,17
4ULVqqz1ENoK1JtrbcRoOm,14
4gRpmZ5dO3q08seSb4t5w2,14
2qigEhmxPsUt91eHT8KCTh,13
68vqsqbmDjcAjbING1Bhqp,13
6vZqCRNT1Xe8l1D95qlPzt,13
5wnMZz3N68SwPRNkcxKDFA,15
19o6a2c3nFc19WWmwzKLQg,14
02T6CSYiN1BwFVFGebLmkd,14
6gT6ZGqtaFWnFnuWTVx5us,14
2TOPwNUxyvF0xV1KSoma7A,15
6urF1gW7trLnj4JkxM8FbU,15
5Yq7Nx5q7kL5i2ScG45x60,13
72NBT91ol5GPRxaXDPBJiB,15
3CmHSDblX5AQ1Li9QeHkvp,13
31odRcgnwvGaIOiqTERaHQ,15
2h4QMolhE2puX7CYZyYOmn,13
5t1d0i6Mg3WJntVNbfIClG,13
01wj0VPdbwqic7Uzd89aPa,13
5HBV5AtynDJ2ou9yh058kn,15
6qQHdUx0lvtP4GTJsZvQ9f,21
6uUVmnIFtHZMNusIPNtOkw,17
3J06oZ2TNJUGuBF7q8YaDV,18
1CtW4q1G7gZbFdwi8IrOWz,16
1DLBjSdWXnX2ZQHP6zDWuC,16
15DBBKEzADEOn2Dld1HKO0,14
2Xes5wXwDOjm9DxZUmD6hu,17
2zgdBHyyjJXmFwQyCRgBlJ,15
7GdMttMgpx9jt3H4tm8vFF,15
3yynRpQewCVIoPQpyBEPq6,17
1QGYLOMM613eUMDcPOlRuG,19
7DqLoORz720BmBmXJazucJ,0
6V0z6kSiT9rL4xwPF7HD8k,19
406ls9i5Ygp6YZlBCTWZAn,19
1vN3OWX4SJTSJhyJH2Wx3l,18
7yYldN4ySGzCDo4cd62Qiz,17
2Xn9RATH8iAAbfipxhMMFK,17
4yf6wQc4ZV0SqqJLjWqmf8,20
6yyvJNrpOP4bZHRdMqK423,17
7mpZHc2sy9RAFYImUj2T2B,14
5H8khEjS7xs1YRQEmjLQWy,19
1sCFWpd0s45YlB3WLDX0D4,20
0cJ6ETTJTmuvgzE2ii2qgt,20
6AzpLrMw9YSwLpuKCuDyCZ,19
09TCc7C0viVPz8CisbSveR,16
3hxOnhD25gQj3giyWCMTEb,15
4gaiIr0XfXOqOBUrxxBlfH,17
5xLjBClF5iw43qwQMzBiXV,19
1QMAfFKLQKGAU5nnOhcmaX,19
3xqpBtEcrYE3jASb5hkoGV,22
1WUQptIPkfY3Yjf98jxigP,22
0K5O0AJkUN3sQlSCjgbFMO,22
3BQ4wO9bbGApuOp0LBwaIB,22
5bKWZghpJlqbGMPaVg7x8q,15
375ggZRMehD0WkBnvILLEe,14
1R6Agjr8NdXHLE6NhWGdYI,55
2hvRHQKgsj1NlxX1GyJBXN,62
7LUdqlJLUzbAIq9eXPbR3T,16
68PDydciw4W2e16wCbr9tv,48
38ec90xq2fKFMRJJahgnYX,66
3DsjHcLYMExprXJECT4QQP,64
32DZaPI86o57TZUZbh6587,54
414l3kk56P1gtMqrIG0zMf,46
20WcuVfTh0QFkIsJUncdON,66
0u5coU84PCSN4t8jZwYUAp,51
2Hi2PhbY6mrhxU1LIjhxxf,49
1q2yJEPlzwaJmDrXeof7z0,59
29hVeHD64920MFf2oO6TFB,49
7gZr2WnSA2tX1dKcilDhg7,59
6awRSUAy12aMn9C8Ll2uCr,3
353Zbiq1nYrsuYdUQ7RrxU,1
4GI5TTxNW5w0SYOEpOQWTG,1
0qF7Piw3F3mLJ1ni5Iw0bb,47
6RnkFd8Fqqgk1Uni8RgqCQ,72
076jREnPu9sinABTfdw9Xi,60
5QIKZWOHDPbGh5EpSqCXMG,65
3fvShxEPxOEV9E2XYwgnYy,1
4VvTumh88DI240WO9ej6OV,60
6wsCLvtcXGQZu38RluW2v6,53
4Ptzp31UszO8vPqoSKtr8U,52
0XvhJ9pxAXvV2B47JIZlEd,57
4c5rHzLbUDJZ2mOdr01ciM,37
1lQ8xan0c2tqtTmhjdvyqQ,0
3dhPpCQvw3kn7so6mkTbJ3,57
5gqxWPRRmKROZBniym54st,39
5HYgR8PZzcEozyYhdmJaWz,4
0E9ZjEAyAwOXZ7wJC0PD33,84
1YQUiAm3O4zbnbN4PtBJoo,2
1hcJnBEipKvSyL9QE4bcQ7,47
36Tmp9I5AArqBB179f0u3o,50
1MOGJQsVeaRcXY6heJz5UZ,57
6oxGueIQWk8hmYpStfgGww,52
0zG6VemmYlMhAK5MNvBeP7,0
4Q6ZUid2qqoxX3GTlBLCCP,55
5IvK9CQrbBUq9e3IuoKsZw,28
00kxmCrREn08uWfQnIx7Lv,1
57ZeEWgI2hKqb5jUgGRC6e,43
544hF1tZrLyqpKp7Y6tZdl,45
0hNf6AeBtoQKTyCdEMj4In,42
4gxBd6G8swrRoOeWPnNFie,39
7lKUzdh4CWWqMFxSLGT6FO,48
0J0xxPULus4YA9M4jRFFzz,0
1q5ADxdfJrpy8TfB8lfCxx,0
6AmhAYwQMKrZMZ5qTqxhli,5
61s7mTUEWMi9ReuqaUa3rW,41
38m1ijkLYvO1iqMLPx9gt7,36
3HPocb6fNCUSS0mmXpGGXn,0
047K8eroXGA9dAwk5ptLL6,40
5MISpOLjlHo6BO6sZD54hp,2
75gfBydZsjzwSAeMqvl0fH,28
3IVNVCvG7ZBo30FsSy75Pf,0
5ohL55vbPhN999ETafibnk,68
4DfF4g9549dBiqpk63lEO8,54
2qz03EgrjBdB5NQkEGYECN,30
5b3ZqLTbr10qHKD0n39Q3J,46
7JDt8I8Jkn5OuDq04BOSjm,33
7F9I648NBMfaTz1ChUXEls,56
0hR6TuU1AnS1BuJPOG406P,32
0QCvWS264OiKsBtq41KBWb,55
7zObdVhUdn1YIcSDchiSxD,41
2rzGN2eI7TsJe5xzx9sOb2,57
0l0bCXStLpDNSDkvCh3b0j,45
26IAeyelSfHJSS0COxyFDv,36
0GWXL34z59oY4HGH2tQiqN,37
3sjNC7nogOlUlMuD7MwMrs,32
7pCQiqR7jKiTNRIuwqglB1,62
4E18v8nVzQCeZBAGMZOtCI,54
3SP2QmuKxP0UcWkoHej04w,39
5WfJIIeRKbfaIUI5YUfRL0,55
0BrbtiNIvyPXhCmkHNnpHd,47
5fk4RgzDGqXlT03bGSyHGQ,49
0LZcjVJ2JYGn5HgU6YxmZf,1
18pFjD6zwF9OculQkB9YCW,47
1Hll48YIXfOmEpgK0uHyeU,45
5htHsZZUwj2XYPoCkQnIGh,59
0wv2GvOHnz1hov5LxHhFsT,48
2vIlgaERMLTF3UZcEyuOPg,41
3bmbNLqSJjGDRbbqlJUt4y,62
2QCgVpYBIenafMODBXlyy4,0
1OpGouXm5BlktosCVZNqOy,46
1nFHoftXiDCKaXCLzelFYv,38
1QdG3nKKTrNWlN9x9t1cH6,58
0pg0vTfzdsscT3agn1cvYE,54
23xGpqAFo0FniuBhdrSiZ2,33
1jK076EC22MATCnGVuyYm1,43
6PVSQQNEAZP0bHSiMAH2bB,25
5xSGWKadCR6lZu68cVkrLI,60
7HH0zeWX30ubH8IoqJVyFX,56
1ftEENXFLqdOT65iQbECup,0
3B9xcYBh5jiPDb4gwHwx6O,24
3GoYTwEBcxkJatB0Z9Gi4V,44
1uwAzLSe1a9KrtrMJOyE26,46
37FfCz1YODL6NAuWfxUzJh,58
6RnkFd8Fqqgk1Uni8RgqCQ,72
1dVbC0XoM4VxpDkrv1tcjf,44
1RES1p3VXofj02iOJ65ZaA,49
29C3wkt3HoxHtEalb0mUWP,34
1ov2kWVkqFTFEcpgRXnphS,47
7ENBXir2EaAuMnCZUQIDoL,63
14BmGOdWFMkxiyQ7f4s03L,38
2fxnEwR9xa48aknKlcpKyZ,45
6JXrAJ1u6R20f2k6TnNlQs,39
2Zrb6QwRYBF7EQmY44mbnl,53
5GZX9ZUelthrP6ONs88jLd,21
5b61rcrjF6JG7yq0RRaOLh,51
4IyVra117kbefOwCEkKPb2,31
7bRYtWzbXkyixU0Cjb142M,53
1b2V38zCkmm4ll7H1yDXN0,24
5AL3fjjh3Xb3mqW5jsbIwK,34
4CaXP6LI8yatFKRQONlVvX,42
3esL1FN6WGU16h9hZDH56M,38
2EDHz4tC3pZDkxAJln2sB3,37
6eMLm0Wya7iditEYwlsnXB,37
7pAC4ebO3MVIMAROkUrEyN,37
5mNsNuFKenXbCHHD0oLdQJ,45
4yIuLOXO8QKDbcvsFsOOHR,31
71MCTBfrjWOUJ23EkIf2fp,38
2qok2YhVi0CIQ8IGEMKrTt,38
1geovaCdfs5fSa4NNgFPVe,67
0hur9YKoUq3uwte8K30zlC,32
7hhALyPapWKKdgucZdtmFf,55
28KFGe308V6EglgtvWbRxp,34
5RsHNGJRuEpWPPt32d6Ewp,24
3gM00KjzFqb375IGk7FyWL,39
1diVtcOeyxDx0qufv3NviT,32
2cLVRFjk0uK31POTBwd4Fj,37
0uFuCtXx1RsSMQAudhXKMO,32
27ojforK8mWPN4hu0Rl73a,30
4C50zboUL8ogLyitIgosxZ,40
2fXtvX2qWh6CsUdKtaqddt,28
6RKLBRaj995vx8kf6CCLr5,24
6psI811W9U9nIPDPXIbBiD,42
4MHCyNkp7uXRu0jeRXom2g,26
7F6NUXWXERbJliGqcAxLIf,53
79XW8ctYhU4Wq0iOx3NGjG,43
6lQii0sW6wpLsCbfUWT7h0,26
1lr9t3lyJpUGqh2dDc9tHs,47
3HlB3FeLdjTfLW2T1Czaba,30
7sV8l9oBVkyNlHXgZQZg6a,57
4mwgVzuCQd203cx0JH8BYF,50
6Wmi08VTuMIAivClvxXyRK,53
7ANnnmkj7NgmfZbO2hbPAB,44
2JZ2yIiivk4kflVTaQyvWk,39
1akwEUtTqaHgv1fAc8lstd,48
0RIxqtWatl9vSYPO1igyS7,23
4cjYV0POMDpgX9m2nWcRUh,28
123wJHKSDK9wLRCB98xPgc,29
0SPaFhukfHJYlfUpAuILUN,32
6yxa2fz2J8cwCRcwqFPSjC,29
4cnlRbo7nxmpJOE43qPFFr,36
5xFzd0LdphrSIH0UIuWzdH,46
0bqz8PQRyKw8Uwi02NsV3q,38
1BBSTCSwN9HcMkdsAgIhyy,32
1ZF65jRYkGZhnfrRzjug4g,38
2CL7upMIx1IDagobGRGMPo,33
6h7MPC2hBJHJQuobsRXqwF,61
2kFbLL7YVjrxdy8lLKj4xA,27
3Wd2jkT8nPKeFXpMS5OegI,33
7jEA8VTB93amXoLpvoc8YT,32
7F5fy8py8jbzCLxPfIt7dF,40
2Hmxhwfyh0AzIGBjM7cynK,30
1rFud0KtBnZ1FqhumD3HMy,31
0CSD00WpFz5Q8XlYowNHwK,25
32TsyZP1DU5UxjfzGv1gkN,30
7k3jB9U5OwFtQvLTSP9Tak,33
76g4jzkpvb0uT03GVeM4lC,39
0Bk4P8WODpjxTzu4ry5PGQ,55
7DmhyegXAiu0yTy7nRI0yg,49
2DAc5uXMAUopuqqijk10z1,32
1N9fmqCVlPbJAVWStT00VE,20
6GtxQ89N2gGwzDNuLiWa8I,20
3HPCDaW6nSBunUKiTDNw4Q,31
2xoVdRTViE0knGXzOXCqlg,21
6x4uyBoYIimjL27Mc63spc,17
5bjSmlf4rwtGDFNOtjFhcy,15
6Mz1FkraaQkLuedZP7dxsf,38
0OuGYhQcaASbBYJzzXq1qb,36
0jEvKRshdkKMBbvgUcyv9b,19
6z7LM4N54IRNJfH9n2dmla,22
0IU79guOo0dUEwCCU0JjJz,18
18gYoEH84N0Bf72F47l1CO,17
7CmZyVcq6tZ12uDy2MTMCf,19
6LkDiOGD5ghHPFMx8V59Wk,16
4wi4qyWrgH4E4Z6hKrCrrw,17
3e5jM4j3eru6pCdme26ELa,17
1nig8uUMAEkefkthGHdMYD,19
1bIxusFu7lqrmi1UI71sBy,18
3i0kc7JRQjU25HP1CybBYU,17
5tnE17qEZgk3kpxesiUt22,17
6VFwpHDz0CSyFQxV3jsHra,18
5pyO2UF2kx1QDgtUianDzN,19
2Pqzf2KbYm8dpFNaDqJCsj,29
3QjCmtOcE0GoiExw1XXcjw,58
1qm9MfTAoEixNPSqshHqfV,48
5x8m2FqsKVAhzFZiP4n35y,30
5aYI1JeYCpsZI5pfpoDaD9,40
1dC342UiUrvyKBUsubsXQY,29
2ItO4ZVCtwEHuLL6ygajGM,62
0Qv5qTV99tE5tRo5Kqde4D,55
1IKkETDWIYawx8zgRaQwPL,61
02q7qbOYbE89NMFEtOklcc,66
0lTIMAG4gTMux3zh5RvMKZ,46
1Q4jb2UjtWUDUojHsB8mLY,65
076jREnPu9sinABTfdw9Xi,60
2JvUCeIrFWwe5klofjrTEU,20
7y11mfzYWqqcccZlIuLig8,25
2IW3SoNag2bH2SPb7exCDz,45
53ctqsJg0nAwVTuH2jHVZu,38
5AVHiCMW1E7ww3dLIFucRZ,25
34MwNe3VRFUVobPYJdHbtb,47
3Y4XaiFXlCYBj16qf2fUn3,34
2f3WDwXxejHffLD7UNS53B,35
6EZbZORN2AfvPbBqOCVwq9,38
6Yis2VwVcABCNVEutLgAf7,57
0WSjVLITbxV6kVXndziQDm,69
3m4vB0q02q4xvBenENEkLw,54
0Xz3DTcdZI01mjKfNZrsC1,66
0MVX5xKgWP77Qtvs72gKSG,23
7ojioEXLKrIQfXP2yucoi7,44
0yHOOuKhe57iSzS2TbxSKN,49
20Q0qLW27rm9Pq2pO1bwzK,58
77eYKxdR0CDNZPhvbHxdUf,57
5vWbWdmyqkLJaOm35phvI4,41
0beDebqQXOwcB9vVxHNXpp,21
0ZHWDL65IDN2sZQugFc6PV,20
3XWVTJyqhr9R8mblP0a1an,16
24fdXM8HLxcim9YwQIKrha,23
5KNL7fdDr1ouo3fg9WrnI7,28
5zkwxlMBoB54mVEfYDthpr,26
4244QYRT9LoYWgTcSyqn3j,20
2l61clqYFYb45B5Yr3nEvQ,35
0dBisL8wLIL89gyzOpHyYV,27
6XxSMvynG2H9yYpvErIFvf,21
1uzd0TxJ190w2TuRm2e5hP,15
1d8wPh7HwSZs4uDMQoeW8F,23
4Ekvue7dDSQAPmtSUGhrK7,19
5uSUD9mYTVAcxOr0y95Rk8,27
11HuR1B6pxxEckAvwQTpYc,19
4XzxkvIxyQEZjPNwvtSkO1,22
1YkfmOdaohhFJkCdA3Ix0r,16
09r8YtOvqWAEdpWcJGnzT1,20
2idwuN0c9fSVnOZi3o8xhj,15
1yF3umIz7AeXn2P1bBsg3z,16
75mj5Qjf4kYFqho3Dusaxe,21
5nieWhdPvbkmBTRJWJWzW4,19
79pRu1D778cu9IJ3MG4nVT,12
0eIy2FGcdMJDewVL96R9ha,11
13ayqVFnivJrkVRav7t8d3,16
5UzPKFSNzSDECyZp1L8h06,18
25nHhBVmDmNHWk4rfXhksM,18
3QGGitnEBeHBWA3ykgdMsf,17
7Grf3PB2BWVWsrhW47hwsK,11
5KWnJWNZWmXiCYwJnMZltp,22
1rV6NmBjgjhPX1nwy50SNo,13
41ksghOPftN3m8UBPiM8Eu,23
3Ef6Ea1wYDqA0TdBL0LZWE,11
7iM5QYDBQ6hC0CKUpNgkX9,22
7FGkn6n3yIVyqmx9LUDv7T,19
3PBZIkGHAUZXuJ7t6ewRyp,12
0ZFwhcWziYoDmbD7X1HprG,20
506dJMMkoPkz92gynWj0pJ,23
0Gc1AVYqYOR522Nvz68dsT,45
2RTDwuOYrdVrfest9QVLlP,43
6AE0G24YXnDyEgE4L0efpB,58
3Kl3b2oW6BIQ1yehBpGNi0,40
2NfGnOgsGCDj6nPWblgKEc,0
26UkElAazA0LQQs0auxh4x,34
60bhhX6Jxyldf26yuQKfnP,36
39JXKlaBNWl5WrXgjq7jBM,18
0zaaWhjBOtcxaTFvhL6znM,2
6nn6GW5dMrdx2wYRmHmfyL,31
135TYaJ0WsivC2Zk7MEX4Y,2
4NRyVCNxLelhs9ZqRzbjjp,0
30DsuDsNq26rCn30NNzoH6,26
12ZQdr6Ir1x6QByyPdJg9W,36
0lX98rC2JdfRwV9l27cac2,9
5AdIEMVaS9pZEE6is0mdqm,41
56xFEo61VO28nrT1MVPHoB,46
5ScnlX18hRpXLKDsjk0jt1,33
78HGVRo9dZj1KUyLi5RPQW,36
72hrPQygnPJ1z0iTzdTGjd,23
5HZQipw98poTN9zRpZIkQO,28
6So96i2czMaABVTpeClGc0,29
6jmTQwFzejCurofZDz7x9k,53
4GwXdVLueKZ8YhYjZmWtYh,56
25dl9vcAJ9F6D6K35I3Nbw,46
45j5Qj9Zv329jaT4qO22MQ,34
5M9jOReAKGZ2AttVefFjTY,66
2BF1X5nkYYSb0AUTRaGkDm,5
6F1kPSgdnlSzZRfskE9vaV,2
0uvFFLI3Z6zidLLUsHDVVk,50
6oheWhUHTYSegLGV9x3BMd,2
2bd7KLt028ssKE0K0WYWXl,4
5ZnzVZrSja6miEOxZIV8Q6,3
4X2G03Zzmt92UBwMaj5Qad,37
54fgYLd9UtdPZVjx548Ver,42
1xMLthTaWJieT9YGV1hyS5,36
5c7UATnb0XfIbyIHHfgIMb,0
0FN86CgJpiYHivPZ6ZlNm6,0
7aCZfs36tXkWVFItKHNGcE,0
6IXICze5FgtxDC4k8lXV1p,0
69zxj1EFDfAouZu9JDmQld,65
7yz7xxHAG4ChgrSeMvIXIo,5
4H63ey6mUOBfAu0KQ3qpYD,2
76Csg9kMXlVY4mjKtohf3e,0
1ghUWRA4BLzCVBpzJhbN0m,2
2ASx7GNCypmXa7IiKILPwh,25
7DcY0SUvSIcIjHeSGhTXDk,2
0vRvoOEUTabrQNmqUCD5Uw,0
56yBx8FsSMusloE6IiaLDR,0
62FheCbeT4N5PPKmFD1g4m,0
2X0q5QBDUzwLa7O7AwWBzQ,1
3NaPSOqHccC4WalcqvORT0,47
06dT0EYXrhRQV1MsvWhNGv,51
7dFikRPQuLFz4PdCw4ZvCy,51
7qfwcqfGOkQYtzjF4UzJHM,59
1CYAEcbhLAluTm47dIFFgZ,0
3xcMEY6lVtFCJ5kLf9mFNK,45
3TuVVHeIC7rxINHJBsOA7T,25
4s2rzq6ZpCfg5ODq0z79QG,58
09okoLt0vlZKhRVv6y8NVo,36
5vQIaNoKsT4xkG1j2KFBFs,49
3qercJ2Z0S5wz6p3rjrQog,1
3ActcmE8M7DpBHQiRFSx5G,1
3LRS7RDo5pDJ9OvfG0vTSC,0
5zwBmW0IbXpIA84cVHDGhe,11
4kPBncgyAQsrNozmB10ntb,23
1Pofof4ZYVI6GDM0IFGvBk,1
6FqH28raIkXVlcHDUvlEzA,3
2TcZ05FR0xQWZOaFWyRWUt,13
6jKf2iGv0L8M5EhLbK4Aqq,0
5RVE3ef6pf6bkLRFFv7cfs,22
64BbRFQBFPpSKhmCZ5w7K1,51
6z9TiMU1v1HCIepcbhvObg,0
1yInsvKbKrDHP59jQRhjKP,2
138r3KZpQTolaujmTBuqlY,46
6xt95LFkU8fAQr3CK4lpC9,44
6MFzvkEysiwDXYTa7MKUvJ,20
1AdfHX1DE79Q6walr15N7c,17
2qacsajvpSVl00advUfKk6,0
2F9zf32Q3DFz977NmSt58Y,1
1toz8k7rYIw4FS5jOSXxYH,2
5T3xR4qk2OuhwnAOruVtjb,0
0OMDKEBXtmcIyTcscdF8In,37
3FEIHrvozka55YwndaE2zt,0
6PkR25HfP4DNYIzN0riPOq,0
0WVr2fYd4YOitZgQHTDjUY,0
1ZoHuLxbQho7N5ioKA6Hx1,48
7qf3VKqcN2retPfpdMGHNu,30
1WVZ7YYgdEIhGNFRWD3ByJ,1
7ipioDTtamvmdNHwQDsOKc,1
78n4IgM3AXMcbKydAwSJsx,31
6r7FXNO57mlZCBY6PXcZZT,63
3HYBhApBLEAaWaAIbDJa3i,0
2LeF2hl1xpBpPyjvv52rPl,0
6xpCGpxVoE47e2nyAIAZFn,31
19ElL1YUfU0YGw6eh8mS1F,0
1bgTKf3PAKmxfS24pWXGEC,16
5iOtXGMVHXyLuPAOFFUfNC,22
6ulV6BN8zJe3t9JyvaEAsT,46
6P3QCCBOx9mMGCKr2RAZgc,18
0kKJa4YVYjAclqRO7J99xK,36
00vtorKibdqs6d1yZ9jR4Z,41
18KjYhghq6K3ZmfcewWDp6,68
7pOSphiQrRDVnoiXtFbRmH,38
3l3VfjJSzLBFdnN6lljP0R,37
12avIub7BD2xuMOhyvIr08,38
4Lmr9a3iJZcFpTDQxIORWw,37
58ctD8HaEUXJkdv7TTsmG8,52
4Tvw0lweq9l2JPQKFbpbBQ,76
6JieX6GcqcsXtaKK0OewXI,35
2QWgR1EmEBT15fkRW9DLB1,57
3timLnS1O72NzeRj22KrFd,45
4BBwIFMheBRBA0KO3iAfhh,51
5V3Yxw8MxluBjFnvxz6TM1,39
0NSHFVRsifouetxcWGANe0,21
4aXj0jtBCoVgzK0llKsgqy,44
3T1DGtJP0kEshTKUkUt3V0,39
3tGXyqBOXkjyo3Khr5oX6d,54
1pJ41kt60x9ddrOJJ7X450,34
5TkfpxFkwl8MU8WvsqkyxJ,44
0Gf8gr57EfMJk2O13HtnGb,1
01hobHgoxkvyVPr2oNPORv,0
1GPRHgVXzRfzoc44HEZZQI,38
1JHEBveDI5FWrRskRLzCUx,13
17dzcc3DPZOoW4mtq1r1Dr,3
70gUpEnhuX4OxklDsYewHY,49
0xiDZxhWDGSP6eUKdhs6jx,38
46A3OWCRJbZJkRtRRjH60k,1
1w1s6WpKGg4wyLRvyipczX,50
1rpwvGaKBRjbHna3HKWGPv,45
5ZjrQ1fDtFYE9ptSgMgF5d,34
6yokMuYTj4wBwOES009sz1,31
5v98VA4TXznJNrw0XRphIb,63
0XS2z0E0ox7F4JHYKKR4wK,64
3MckdkpumOZiX2efM3B266,50
6awLXIvXP7QzU4iTmhIQMD,42
4Jy66maS3S28nJcQcXbmb3,29
1UTXQrmAL4oladIwc1PWSh,61
5bcHlqZXPLNZu62cMbaCnU,48
2Edz4vZJqYFlHVm5hgX68N,31
1CGuP5K5NdgKYeCCKtKdGB,44
1dcaJ3vOelzh4xYAWiEFbQ,16
2fOE8Eesjf5Ld1LznCwv6S,9
7MwoGAOLI3MnEC7mGFOYcW,62
3YIcx96kZEpWDUrgVQPOkH,36
3PDWPFwYvEGlgcAgDP1ZCs,45
2ZQoWJMqk09UpAQt2Z712U,48
41RSRxdVqnSWlL9Glx95fG,62
0zKuAg0BwQjD7V0U6U96g0,40
6EXl6ZF6rXm6qCsKeizJ1b,13
7CHi4DtfK4heMlQaudCuHK,91
2BmSJT236U5CVuVrgLjBDJ,17
5BHQgu6s6GAN6Jgz7UmTJL,19
7G9gZnOXPqmOHRi05wszac,14
4QAUGy6k7c3IOAhgWz52r7,70
6bzv2B0L5zDctD2j8mZII5,40
0mV5JWhyUFANd9qpwLkM8d,69
0YC10NaIHTVyQmdB8uC0v5,34
4jp4Z02kzzg8gK0NmDGgml,78
3oJkJtQFOmpwSl9RuIXsA7,22
3N8end87tmNpJ0G1BtSugK,23
1vAtqYnyO6EP4D4m8tJET2,14
2mxuLYy8fkb90wBiH9E8qa,29
2rR9h4WY1scxaaDuVacT5k,30
5Uk8mepfcsRgKhH3MFA3u7,29
7JHdotEeGSIbtFuo4dVvsC,69
77BDJDKKWm11KXQh0Sv4Jf,60
3glpIWHHvA0MgWnzB0mXqX,49
7AONVEvccjm7r8hkFIfOuO,34
4mw8EFpRFtYBxLZ5Tso2kF,37
0wnYyajXGbkkbNLWDSVOj6,30
4cG3yeSTHN4FsrjQBnIUFB,28
6sxPpL5WehUjoxQ0o5hf6w,57
04ru45txpYrAEUE4wc8V33,12
4bTXlRMCRFwDAqt8QEZwQW,24
6mnwo0wXF8ZdY6ZmCptG5Z,47
1FoMWISq2KNqKappkrG5Yo,51
0NA3qmF7whDKExwYa6V7WD,54
5HCMxtjQaeLrNQOT5qRksq,56
4ut5G4rgB1ClpMTMfjoIuy,77
6BwClo5W3VvTzJv8bvZXDD,65
6VP3410weACXiPCVLKSkOb,66
6WkJ2OK163XXS2oARUC9JM,84
611dhtlcaJCE71pKHyNdqV,37
6KHlIvwh0yQQzte6NyTg3E,58
7ArKCOAvU9b4gPBdeIj9iV,62
54oBcNRInIMsbnmH48BKAG,44
02SYyUomra8IVpvSqNWR5s,33
1k4VwWZ6FFwYgp72Rq2PUK,52
6J7WMB5GII6pEOzy687jhO,66
1z1Hg7Vb0AhHDiEmnDE79l,70
6Rsml9T9ga6bMLOQFaIb0h,29
4raMIjIjMc8JohHth7l9lG,70
7wwPEzbeJOR8oIkIIRcY7D,39
1gQqdDjcGHtmSfPaKrBB7j,9
7CDRaqIaJYJoxa4tlhcihh,32
4Azb15zKz9Gz3BUMoTnyDI,15
33fQvV0TrknVsH71PxbbOQ,52
4DtAbMuUptQ5Arj17kkNVb,47
40UbcJWyWPqOWFvv4Dpvfc,62
5v1fID9mfbRvyYVM63rj3l,52
0Kvb0cKIssQg1t7c5KCw0k,39
1hvIHTTJfxidaT0OUCtcYa,46
4PclDQ2lYPmIuhj4G3swK1,57
2J7SwOy4hDMM13bckv87GD,46
77TREPmAx47En5ZuzieLCw,49
223eE5VXGwB822AeZppRKk,39
6BwN05qKw4Q8bNoq3rYuz7,69
1IdnTCh4GlzkjoceN6LVpQ,50
1fOO0aEPYnwIikMudNP2e2,53
3m0BCyPaS5BN5iQgtdPr0u,59
2mLHXfxxtPS4lAp5HirFyr,30
2xLBfyAOFlBiuzdIh97FqO,35
0bcmVfGI69duX7Vy5F8Kta,41
6dwVoXGSsQ1TTL5aw987pi,64
3vj7ZCPLdgM9T6obaVl2HK,60
4KxqlCJNjBNwsmgzLFy3Is,59
7a96fFFOb0rktcJJ1jG8AN,31
45GtpfaI7fg7mSZBQTNJss,57
1yCHawhY9WibtJ1XOJ16ET,47
4N1r70StM4WeymDNajIJQ6,22
1qtRzY8ZFUZE0gQPnsHFK2,33
3PVpKa7dXMPpm7sh0ETH7Z,42
5NrgTVSCaBpqJu3Tg7BU6v,23
0cZGbSrqRJ9BQF0wduo4qJ,58
5jmyckW7sSzXcGrP1AI1Zs,34
00Gu3RMpDW2vO9PjlMVFDL,42
1OPesDeQCt3Od0lXxIwmsH,33
0yTzy8hWBrN0rLlM7oUF7L,50
1rxFqPtriV25MxPFEv0hOa,39
726eK39u0CnsEGAcA3GYaF,52
4kKkUSAvAoea2fQxKUMphm,55
3UaStdVN7y9A6ktTmkFDTk,53
1xf12QFZ5fajR9zUs20f1f,31
2kLEHA4jUbmjpDWfSEOKv0,34
6K9mYu9CqFL6gdfzVFgVC2,32
2106G7MY2XnVyqij2bJVGH,59
34nVVG7Jm9pfvvumx9LFD4,47
116uqdetf6JQtnnlYsyBfa,42
3XfPeYzqFs37S6L8F6o7Su,22
18t0s1izyRlwXz4H888Sse,31
49tOSVId63sH6jZyyKnP61,43
0sfgF2kM3yrZbkLmAbjSo6,56
2cmXJOVYxxjOTfvVbc6FGb,36
3EKKIR8be1kfAAwaz1fzyS,60
2dFgoTT7OLH75PgeGenC8G,41
1jTKIuhvCHygnnY4QnUvyv,57
0BdAvd736NPBMWs6ayzQ3C,0
4OpPtBlAU2ayk7rS0SyxlM,55
124SKRPqmogaZQ1XR7eomR,46
5tEQAPqtgC8aCoZcyTDJoJ,47
76fqWMe0buqQoaNTIbLWmr,55
0vZCG0H9KhtU7K8MEUVAoV,59
4nrK0G6pOEuhMxn3hAaava,56
1RvvmMV9IFfIChCMvt6Rdq,0
1oWQ8tQnoJTXQsn1Il2uMX,2
5b609utxJvgrzLG4Emo26f,42
1rEE9uPXdjBNa35RNPtJb3,44
4O2gRMLAIQYHXe25wjeTFj,51
6GCJDM58eE02M06FJDLlYp,50
6juBxRmmMJRiX2NclfhDhI,0
6wwMooleU5O4bEKkA150CE,45
6XtFdeO2jvEYWZ7ixZ2zBN,44
3exfZvhswhrX31FZKj3N4v,36
2eAnGTLot2MF7rZspl8F3Q,0
0FNtBIL5lHcn7pLV7P6TGv,44
5hvoedbyY9mLFsaxxP5oi7,58
5nKI7U4XDUEQBX4vxUnGWh,41
2XifeT4RLQS1HaqdgiXzd7,0
77zUxseNKv2NpFHso8OE2E,40
6Bt2mVyRQXsO7FeXNq79zr,31
0r3ZNSbuCYjwRlPBMokCbW,0
45uSr9c0Y52412WaU2iyxn,31
5J8hacFS9jbJxxJPbAKrQ3,48
3HxT3kS0NXrqY4C7T0RnOD,31
2Ee4xp5gWMeLavEWHaXe8K,40
5O0N3ZAdaxGaM89UlkGQPB,35
0w339q5XFjT2dRjbxjaUSc,39
0kdVIAjTAkAFo7dYdciDU1,56
3gDopxEZzHHE5Vtri8UsSJ,44
5l3P6VVTsfWGvdH4xVSeHK,51
7cuRgdYlesmnGmVaZwhkda,51
1QxS9R90ukf9T6ukPTu6GC,45
3uLQs2moLebXGnWMHsxmZI,45
0B5GzF48NCJ4ltvBLpVcLi,29
2jXRWBXTj8psGCcXM7MuvR,0
1xEOoCGmv8rotFDo7n8GAg,5
1UPyhGntpIx9jGJ5UVtKVS,58
1pEJwQb342L0x1VAN9wLbJ,3
0oHO4SzupiDdp9OU1hu8AK,41
1Uh5eYzd3Xcco1XnR7CRZf,22
0NZqgkKllQXoFksQLBcEV9,24
2VFptJwvvCJ2B4iQRMi86v,19
05aq7DpG7w3DufVbtbeuz8,27
2LFlu4XDVjO8czYT2pdf3q,21
50Y2iaFeYkqsx5ni5PbfkU,25
6Hx9KYTINDIqXuykRkLTbq,23
0HnV5R4fBuNCoh6XDetQmj,55
6kDtkwN4D9SFo3Rmv2AvKV,27
1H5WimCdM8ipvWdPADYodN,18
2e3M6QB2Ci6TEzbgAHgOBi,28
4Ganul9T2XttkBRYZeZD8w,46
39OZa6fj9NAOQay6G7eWAD,0
0yAsHWv9x1S57wXe7v0QZZ,10
2q6ak3C7lXdsXj50FlPWNq,36
2uKZyaObtvCxXu2W0McZuE,35
3gEaSrF7vC2FhfAARGeCoK,37
1lnXv40bCk2bsc07rmHt1i,30
5yOQ7KQIHkSX4KDvHFIf9F,26
1bIKGbR82P2hDuLc4gE3vY,29
3dbIcvveDU2NdfDa4TNHOh,5
5UCWi63ktWEuhOCapRA7c2,23
1nfhQiGRb0Ii5oH5mS0kzr,10
41w8Ws1CjJUkEUgkDYa0kG,34
4t2TNNBH1AJE4Q2ameb0U1,26
13Ko59GLM46LGgWin54RYK,32
3DvI90KaMY2TPHaFYY4GWM,43
2TmoOuYeG3A6gXVfV9I8la,38
5cImOblhS97lw6MvbPupUu,52
385h9lN4b8sw2qmxpAvTAQ,42
6hKYssNCWuvSFN2L8xlIob,0
030ER2jrXIu5oD5R51v7in,38
7lTIrk4YNIy6fzb19xreIe,30
2OccinWNEPIEmZPkqnLPSR,1
0W6yJKJW8I04iDT6BsINaL,43
2PTGsNUxsxKSkgaCHQRjRA,37
6JYOQ9AM0byHsOvh6hezJl,38
1CT9ebtobcouQw7G9mZ9AV,53
6yk9ZnPd8GNH3IpjtEQ3aD,43
6NlrjHMKSdFxQ1hiMDfXhF,38
0vlZXy3h1sJgrLiMyzhQ1U,34
15tPd1IdPIwBhMn7UByEdV,5
6k69mC6rTHq7fgGHFnk5g3,1
58p19uCI7m6fyLrRozd06q,8
3TKpJrY9q49Mj1JOsM9zGL,85
2tnVG71enUj33Ic2nFN6kZ,94
1GfsNRRMT5Dg4DjEYpRa1h,30
4QeBWYbntFiYR5ixupOuFn,49
6cg7xTJ0KnJS59h5RHWZ6K,63
0EdgK7ASb4kfRkW8pVMN02,70
0rfFutR3Bjn6Ux4HHKOvz1,51
6a2CA3DWbpnd1zMnqMca68,8
7C1trmcQQ5n5RNy4l6ziCv,63
0bMbDctzMmTyK2j74j3nF3,85
5iDXwq88XnteAFT6Z8duPm,35
7pWK1kMgHy5lNNiIfuRbkP,83
4XBpczMYDeco0RR5MpJFWt,70
2TZ9kaTiLewawHZK7yylSC,60
6zyZGBI0mUgGGjYzeNf04L,38
2FymXX7f6OlDskukL6mjYD,57
53nM36dTMaZSsQ46TIMgbe,58
27zEfVnApfWASVE3ZGe6DM,43
3ZPaj6I2mWRq8pUZv1Peog,54
7qF4tAE0PF6XJFEor6jQni,40
7Le48y7wfWRq63dRAzVmWF,58
1qjDzdS3AKkTSCNsEp7mht,45
6tLnjekLODkxkRV4fWRv9z,36
1cGmFQQ2YtFFeRDZdDPvR8,57
35mMXfym6C9VOTUVrcKKZp,76
5a8oEMjQ3Fyt6WxNsdNryn,42
3VdMyADuRJPC7WGSNwlZNO,30
6rO7Ljvkmj4ESCIcGEsVdT,68
1dE08km59Ya16RCgPjq6ya,46
3XGOhHLl0GOSRT6JCRDbiQ,36
4owZgn8PCpafrhBzJD7wNj,43
4fjAzdzjWfavu7U7iUXpx6,58
4TuXnDhBMkwQEDUKuUjXTU,45
6siDDghVE7fxel5o7fE4OF,69
2a3dopgTF1q4rMVDJ1rwBU,66
733yOf6BYdGuFOgaedo9BK,66
24Yi9hE78yPEbZ4kxyoXAI,88
7sL7EmugTVz0IBnK1aJGOC,27
6tgknDU0VMbXILuWixFKKn,57
2wenGTypSYHXl1sN1pNC7X,70
4dIrGLTW8OJ0pJNLMJG2vJ,45
16P1PlyrHWjWKMHWQtDuDc,30
6oJ6le65B3SEqPwMRNXWjY,87
4tMb4xyEcIORgCNrhR0mIT,53
7GNzwHSSPfnIrlv5KuC5Pi,37
4esEsg9IxiTAGMBQLe9XOu,66
0C9w0WJdckpqR7w0yEWo2i,39
2GNQX05OJdvwDImwx1kSVk,16
7rz3mIyvlvgt2BfqLksxV2,52
2UdCIrsZR9bw96kcLAyAyh,63
1mzARUs2kMMxcKh1ome5aX,63
5GKnsJWmJ3UEkCLasSRZfU,15
7zWYZS3MmS4YcqkQ02VnZc,43
7f2zGbGUnghatkHLiOSoRf,46
2M9GeaCQXrV12J0wzBxIwi,66
42rreZiHsNiqxhuxfsJdXQ,29
3zysdGd91RB2oMEkSQVYno,52
56jG6y5DJmxo67X4qvWTDD,32
4xFj0BQycqb6lG8xoPrVuc,36
5HnAf2RIUvTmLfm75cVCQh,53
7lzZDO0lbY58NTtszwuu35,17
6Q0eXoO7Kdal8oYFnASqpJ,36
4CNSKwiJTxrYCtFIOqVXGw,54
1Rqs8djXPYWYSx24kc40Jc,34
6SGtcOsiv3ELUN1xNYTtPC,35
6pMab0QXnZ48yxPdjuWnFr,40
6Bd9BwwgAxo4xNHprpHTMw,46
61nvh9DyVQ5At1QkjPBE4r,52
1Dc58SLkx9befq6ajSUCrW,46
5MPyPukGFvGBieVn34HdiY,24
2kJ4lqN0EOVFdPDRcT3u3D,49
2N6UDXQuyWF6cf0DMUByj8,36
7At7pljkrkgjwy0utWu2xx,33
6ZrJHdMWYqk9SRz0dKqdny,47
2ZPowUSO18vW87JhJbzO4F,15
1ujHOEfEB9kfobbUHul0vx,46
0lUILcz1rv7jWT1DHV7k1c,50
1udMVCbq7CAvjUbp9LgkPy,45
2hQ6Q9eIPPhHxhInfYuIPO,32
2giazEQyvRYASDqKpOuZlU,52
6G0JFtQ2JZjs5FUitmPIPA,48
7rAqO3adGKe7dU8u8BRW06,42
79qnkEV1yHwepL9gXcHhnQ,21
3E0tluCJuUbRHHRSkqraqZ,33
3MhymzaFcj7bXVJzB0ZJb8,62
1ppOGANOzMT01Cxh9jx4hN,67
2jsn3BSceMAfXb8JGglkRE,31
5IHTBhC8thZdHu2J4YDlhR,44
0DhFYO9XTP3YfkNulfrTNm,30
7a4QNujYPbAReyFik0zK20,36
38d6HehLHsQoP09YJvMtJT,44
1YGLN0PqxzmWd0GnioPmfq,24
64ssaWsRB5o6F8eByUyPr6,28
0XQS5LplyQu8ACZUC2ugOw,23
0nnln4gC5PrS5cgb3BBG0U,30
4HGmG34rGeFn4BsJ2OjBMH,18
5Vl942khIH8hhWQRT6dBMn,21
4frCT4TY1fx4FdsXvVaXdn,33
0RBOI2ouh8uvSlIZllXCsj,40
2NeGckcWOqW0peZr4MepbM,20
26qPaLsgA8i0NR64kxyA89,38
6y2qnOerYccltqScD24oEd,44
5TSC8x1GZNEaqtwC8YsVWx,66
7N06jo3EnV792VFaG8vuW6,79
6QMAf9jRnc0w61og2W4Qzu,64
3apKzFhgotJwT7Ic3be1QN,47
7mlCjrg35a736O46QN8jGg,20
3RgOSHo7KYxgqzyTMktJHw,27
51nO9XptljAx7nzYYDFCXe,37
1QcUX0mGQSnbaP0iIVyfvR,29
79zshLLUoqncCBkd9YfVUE,77
407qFZsNWbOP8oy49i5pAM,28
4dG7oG2t22Qh5Wp772NP16,31
3rsowaFWaSYKcAu4gx4Tlj,22
0YU17F0BlVXvmx5ytsR43w,77
4yCo1eRj9ZWKcAcXxxztGS,51
2FGui0gGtnMeDPZLH1CRd4,20
2jmbv50W0P2GPIpu2Dc7h5,49
2zGKUEEEtmjWUPJ9ol45b8,50
5Fg9nHQt2MpRvT4IjsnoRR,39
12h53H54ygm7TASaXwPE1D,35
0K0cIlxVrlgGak2jxOYsaI,36
6oZC67hykNymha30UCm0PI,36
3WKkMEXMH6iLAqlI6QeJ6R,25
4ORCoevo6FNLfgG6bPTO24,22
5lFy4eLLPsaMYNKKbNSXVX,28
6nI85iVslnKMiqMwa195Yr,24
1zFwVbJzR6ftrl6soQYXDy,21
7zHrHnVSQwI95FGHewXDl8,62
1xNGSFxSsGY1uS0D0c4KxT,20
6gR8fB54ADmEIPsE4mNk1q,25
30IGUtAQWrJqr7rC4d3uS1,22
3AuvTRlw1TQulraCRTZnKc,18
5gNqUqsAloKP3PrbRIq2BO,31
6MerelTajS2Opd6TCkNcKf,21
57S2YRp4EHw7ERa9SVyjDW,27
3PNsc99BTuCeNplKcWkAlR,29
4jirEQHdBMt94FCiRFR4wh,34
4hK1r0ZE9MzbSvyZrDO2hP,28
7DB3CEV6Qv7ElYjBpsI7mg,32
0AVgswyxPhTPVKFrupJphk,29
5sFnHy3Dvnbu5tFTPDMAuH,32
0Dkiv21G8im9OXLJG34uV8,38
24gRD0yTcDs2DhAydE5qOG,40
0qYOMQlLDMf7mfkMga7Icq,23
72dCtkbMLcE5DvBQXsPxgR,18
6cDcmP5EqNNL4RZZXc9xzV,42
16pKgTQLPNSN54QhL2Cyf2,19
2V45e15vjLDG8FmQFaI6bf,18
2b6ctMfd2ewfU3yRAqkGuG,30
7jjweKNzcOpldFd1jPJjno,44
0GLOqWgT1gzKgLwhYl7h2A,23
4rhWnfTANoQHw60KUJofYf,40
37302iea1sv4gowSYX8h2n,24
3MZLSpFK8nNhkNDlJXwLEU,35
5vAdo5AknCrJtRNVWhn3gT,34
090ms18zjVKStTJbbzYRy9,38
5sYxtT5C8uAzGbplBcjLYB,62
6iYde5kza7y8wJF2Y0ELxY,44
4hszow3YBRAbGGA0WbbR6r,4
4xkOaSrkexMciUUogZKVTS,83
5hYr8yRbQLFE20oS7Mi3T2,60
49aRhw57RBNoj4uK3WbJLm,52
3U9yv46nVSn3PkLsVcNIcA,9
00QyLmjxaSEE8qIZQjBXBj,59
7s0lDK7y3XLmI7tcsRAbW0,68
0Bpkq4z0VfjkO7kUME8gks,2
546QTayX6j4GcZsfTRrVnL,51
6dQJI4hFolhMnZhSHxkuGc,42
2qIOlORAibicgvcVBv992k,0
17zF4zfyb78Cku56d11gkF,0
0RIHDrcRAXtUlnkvTYPW1a,62
439TlnnznSiBbQbgXiBqAd,67
4Yf5bqU3NK4kNOypcrLYwU,69
7sjwaBQ6M3aVigYfBjm1sL,65
31VM9uxtem39xmT0dfDiSU,47
1fLibtVj3MrNTwRZq5yUOs,65
722tgOgdIbNe3BEyLnejw4,75
2kJsHQMFO7jj2qX3QjPKP1,0
56yR4fVpQl4WX3ymR06Sb2,38
6mngcgYxKtliK5yaUeuZcF,15
1hUORz73sxehm0YzDtmmUm,15
1mYcQvtPBNqhFKMK36Ok0l,49
1klll7GJ9hNi07Bncgqtk9,17
5MSj3WwySmBv0G1YW9JzN8,43
1hgVBma59CCQrYbDj59OIB,21
4CWdxj4u0CfBxnLEeVfVTl,36
2vYw2a2nBV5KofjZcVSanR,16
70yPGzbTX6vrNtMJlHXJuL,41
50cUKzdbOK6tkLnGPrMVlx,14
26rpgVRCdMwOPCqV9GXR8l,29
6Ih5LSwTeKXrhKZ7bG72HF,25
1hAIxZNdHY4oIFgoo48o5n,24
2w5vP5RrzvkwN7XmWqtoh3,20
10PGbbqePbY2wkFqBnP1oz,10
30kHrb12B8Vo5QmRitYbZr,28
4cEVaFPvvKC1RNUykXXndb,40
3Q8vIPzcAUKc3SeQ5UZJiu,11
4KaBSkPRsCjPm5JRJcE8Pc,21
0m7RYdEaL7g5tQBiMlnC1q,9
4y2HJqSTmGtWtPsK4ITKjN,16
2copQv8qMnhA9g9s9HPkG1,7
1cPddt19NC4iXkIXnF7YMj,7
2HtC4lYfNxNcgYFy7KDqcu,9
5g0s5ZgYekBH1sHETOE7JQ,14
2uU48gEJZN8NLe9yOfFavY,18
0ui5nG3bRxEfd9jTODUZAK,36
5fcd5QN3WxsCIqaHpeORbG,11
5bmV95JexNdjuQtOej5T0z,30
4hxJFKmLLjPMqCtXOMgP4k,9
2XjO02pppiExUbCmHyd94m,12
1JVGANJS6vMS83WSHsTiNf,17
4mxfwvkiOj1U30Pkt0R2JH,18
1fTnq6WPOCnJtVEubmO8Ef,9
2vDpz207Odke0J0GZQ5ZUK,38
42ogJkWHXGwSDbr6FQvEE6,14
5MlV6T7v0Q2IyjuIz91XHO,9
0N8gSEgG35cBTf4OV5L7MQ,11
124zAWG7dEMRdA6v6SD0SG,49
3HqKxP5GlOD1AgjCIAdxzD,9
09qFtVeHa9LtuNcWVmA3NS,13
7ggOzeJFupffG6ksRT9rkn,10
3F7LKUuasfyLrNCS1thKq0,58
1Btf78PBD0kzGKAhL7vXTx,9
5nS6nisfuxh2JFBXrtZhVa,18
5jYLEAPRwuDwddqT9tkEuv,24
0IbQYF97U1zJakBsOE13aB,13
1ml3DHDWKMYaAjWy1NI5n2,58
6C6MLXm77V9VH0v27oJRak,54
1ReC9EnMiV32u9T2BDDZOs,0
2LTl57FB0Q8rf8OtuWpl1V,0
3EHC0gnBrhF1HeSitN2wmD,2
3puJ4f4wzYC79XboCfvPWo,3
0n3lXKNCF3Wvvcs7UY66Ae,42
0sZz2oGvYr06dU8n1ICoxE,0
4zQhv8XkDaFnd8NdouX2Gd,10
0sNu1RdkrTUg7qmyOZYLgw,3
6TQhkKtAYF0ThRLNJMQaVZ,13
4AkjmCWP2QODrZ6i7nvxxq,43
4aWw0xhWn9YI5qmmiZwSCG,28
7Jz1NLz3hMWWfcQ1M9M6PS,33
5jIUNFHkHc4QbfGiJ5qaxw,23
55Lv2Fl4UenWQuf2fW0C8Q,0
6ZM4JtlEM2xraDsOKT0olZ,0
3zwakDP44DQ77ZDUKU3l2A,40
2eInlKQuv2NarQXpaNmXbV,31
6zSZI2W8Jg8WCNqKma2tPL,0
5g6QMEXgFeqJpVbhs4Z7Az,0
21NjVoymnUtbrzBoHwIkkz,0
1w6rw61wFJLFGoELmsrTi3,0
7bKWpXmubyw8iJDUsMaRkr,0
7HwWzpUKDvjuWYeQ1Gy69E,0
21AdWM5ynn4KbyqJwglPTa,0
2Lv7vYpPx68ttqspWdMnvw,1
3i4SQvUfK8Un3YkraZwkNr,0
6SUP50TLDdNHA0hc2OjgpR,0
0mQbWiyheXPsD2ucaVSGj4,0
0q7Z447l6zGLWLW1DN29W8,0
4nbwCdtGPC4yZZzNpc2nFk,0
08pZnDQE6sWdAvTxTJ2dCO,9
3vToiuX2Xqi1iMIhsDJn2s,44
61swngFBghaxXM0YT7CDU1,27
4hhDqZgcSUOifI5c1kVOZD,0
7cSkOU3iJxyKqcmDIueU7U,0
0v0QP9W6P1WSVQjH4mTGgo,0
1hcwDzQWN5gU1FUIJL1tZY,0
2rep3dukoRQH9Qm7oFB6tV,0
0eHoJnbBBwhx4A1JFNcENC,0
3XeFCWwUkalXOxGxHYiPqM,6
4beLLMy4u2X6FwLIFakpit,0
2QaPV3T0kcuXFAu5V39Bu8,10
0ttPiazh17aXIo5NIckHES,3
3P7qStX3ECFOLfjrXuLzbc,4
3pmZoy6kJezyBs4vLxYeP4,31
7MabTMP5zJbTESC4N5YYUN,0
7errNtPb7GTDJlFVIYVFQi,0
7ffwUE5hNFgT08tQbemBkW,0
0fhZCjsLPbOFmyozqKk6Kh,26
5CnrGTmN6sIsXjrrQC1hUm,8
0TWaMNid2Vnp0bE1pppcnI,13
215GJ9Y7DkslTbF15hksbA,11
5G704aGDpvefJ6whgkmeR0,0
4rDSWpAyUne0R0ahxAVPl2,0
2wuYCALuiXCSt1qPqFIqzX,0
4NRSxDBD2pfZEKEkI1qC9L,0
3HeUmi9lWcYKqjnx03yYCw,30
7sMIAflSg7fGhuT0XD93If,0
5xLaNp9RlxTOhmpOZtvBdq,22
0K0WsAaCm3wQeAJcPkbm7q,0
0VYQK5I08homNvX8SRS37R,10
7ee1qcg8KKsAXm2dwyi6Ig,0
087zhxfoAGzPjlaGJz2CuR,29
43jJTO4MBgmaRybAaIHVA3,22
2V2yVAi1FuvHP7GIynmyOM,0
4eO9fpVqqswS43IVM8PYbb,19
1mEUuGPU7gCcIkwt5QDobg,0
1tJJv8JkpvtczyYkCnqlwA,0
35ZIuDjEBbhQlDCO6tnYzz,11
0qDOSuKfzm8dKrXAMVKe0J,41
6qdcVdo3mz4KUqEB5Vi9nn,0
26oVGThkGYJLmRyj1oio8K,4
2ErFf3uFRFwNEDBumZ4fAM,14
2uBNU3OcfKYTygWZLZHysZ,19
3D4fpxF53q5zVc5lwzBUff,27
3raI0x5bImdDHnwpsbZuo0,0
2Qg0QmSbP5AigkWcmvGR4W,24
2jBycJEWWfEldBWes79yDl,23
6jHR77hmT69znpjFIedsKX,0
7pFll2YRnO9roTRhEMRadx,17
6GNIcpcbeWxSH1TJgmGDl7,0
4CQAOUbUQnKtsnDroEDAHR,25
2tNq73Nsb0wjplJUcm5p1G,0
2T13fabFHPytple2z3Ekhj,1
2PF3H9np1IoKemTxqHnRBY,0
6PKZE1OS5HP1YnYtOPbyf2,0
7xqIIeU1f37bbwPkxpfglp,6
5IBRVy6HlOFsygZhnVUpQY,0
6a2HtT0P2ZbD2oY1ZJFrxS,0
0a9opaQvV5JPQZbgeO1HXj,0
6nXtt4G9RrKVzVZ8Hl1EH1,24
5uDGa3i2YBIWqJAB2MUtcx,36
50OhCsebXohKShtewXIDKq,0
2GayevJGiPkJrGvBtgTjI7,0
4rBjP3PrWdWEdFdTt33H9X,62
1XFHbzTikXks9CsMq4v8Q3,66
4q4kSKYYqNlSnFOmmVfuP9,13
7vSfNlUtDZx4hDtBxSfiDA,46
519wD9zbe3OZI6LYKq1zXS,39
3H7ihDc1dqLriiWXwsc2po,75
3ICrfL9FqmKuyEPTPvG1qm,38
3wSrPtJpnGaUC2hOmJy0BV,71
3378ECXVAbsjTMKiimsZp1,39
3vLrTViSGAa4uRG2ZHVL0J,45
13zjOXnLizxUVYpCuELDN6,43
2ONRkpOJ6X91GMXMthtT0M,69
1ta5nAuifIRfWhgxeCtff6,35
2FWbj6BQVuBwIYuQMdiQvQ,41
3mnRb7zMa365CYEpYOwYCz,52
3SJHOdE8dLHAW1cK0REIWS,40
4AkCyd9Nlbt8JprQq9V6o2,72
0qaWEvPkts34WF68r8Dzx9,86
2UwdHc4oh3ipa2sTkJMzPP,44
5TsDlEPb1glxYItHBSOSmu,39
6ane3gfoE6QFtOWSvQGAIH,36
36LQYp5FNsuT5voIO9bdfZ,61
0xxa9BQLqSRA8Il3HKG0s6,46
0RfznPLLDVSaJrdO0tVQJK,41
6fenHIxXuuzKB55wY4WCHP,82
2ciiC9r7QltAlOb8kKYwRd,46
2WXXvinO2ehBBLgw4vDiRe,63
2xKkJIhnmUsGfOPEAc5lIA,42
0HXaObOe6PYjtZNZCwkUtO,35
4AuTqX1uI9Cct2OXhAmXpq,39
40NKYSkaTC4F62QbIVJ8S6,63
6oVdBnv680tlVI6uI40nPQ,36
08s6gVAGNsmTOWDPfjpn6A,45
5E00xRhYsooyC3MBA2H848,72
25IQBivmtfzhosqdhuUFCq,36
5Fprsw03ytbj42dRKPXr7T,34
4lz6RqxvstVbrUGrnKCXY6,38
4w3InOZmItJiSlhnkr3lv6,67
6iW38RGqdDGOofmz2HeXLW,77
2JPRzi73qRt1kYSSwQHQUJ,51
5L4ZajxrtcwHfvhmw42cSb,36
4OI4viYLfwLgFa1lEXBHVA,59
264NgKAWb7Q9PwWXtvguaD,61
2qFE3bL7Hrumtqd1sz3y0T,34
470cDultSSCyXLGUUcKCLk,50
4tknhO5RmXIxnpoipMKBmG,71
3FfWLi2e80rgn2Q02OhcbR,54
16QlvcrfQPyRLfbxcXu0VG,69
1XR9TxhnaRRx9cgGoqf9En,56
3s97xFk32wvL8fqPR8n0IM,37
13EkrNFLx5ceqD6esLo2w6,31
6wic8Jj7oLRmj0Qe2nMgUj,47
2fQYA6cFN4ClfI4OmtpC98,56
4ZI0Q3fXmfCRQ4LBgx1woO,43
03Gu5zrOY4mCq0RSQNELM7,50
7bF6tCO3gFb8INrEDcjNT5,68
6g1VQsGGteeFbJm4IEn3N4,65
0s3RMQJCObJ60jDI9iOzjZ,29
08ty5lPyAfzcRjJcCoY5JS,53
35WEFAhw47XLju1gu40cjT,65
4r2VrD7qlxmCmRnAWE8nY2,38
4a9DD73M93HLGGhSHiIUL1,54
3t2wpXOjT12d41UkqUlfwo,39
4LechpU90lhz0c59csp24T,46
3pxIHepHwqAiSq0hLGjKSC,37
23PCLIt2YU2ycgnSzCxUEN,8
4V9mGYHZ8I3AmDc91Vr0gG,33
6FFGiEHSF7oAMAzhqWxKs7,37
1lr5prHQn7Q766Ix6eGRKK,67
448PQRAGjaaYQ5Vkt6hn8U,20
13RqhzrDhcTTxtiWjk83bf,11
2V65y3PX4DkRhy1djlxd9p,77
1T9cdWnVpimXjTafO8dAb1,25
4x1TI0SJk0qznDymqsfobz,33
0JhKJg5ejeQ8jq89UQtnw8,22
2kWB9IV8EHDOU9EjgxWFrF,57
58XL4UmErguprvN7oJQM03,36
4DQTdFaGep7IsnB4duY1xM,36
5viw7xR22mmAU8UjtX9duJ,34
7gmLcEPIL4wDUk8DykPBk6,33
6Lx2NpY8Y0hdeM7bpjrXsH,28
4evrNUU446ZyjGOAiU7WiB,20
0Vh90yDfWgrYRIGM7ZgWdO,20
6NPXOiZC0m16RVKKB20vDb,16
07LvBSDjZ9sDM5tAVriVA8,34
6RVjP7h1rNXhGjqHnVbChf,41
1ApZ8iVqHS7PzYQLnJSLxF,35
4ddsyeVgiigtQToGyn6hMJ,33
5tMECisT5YNddeDfSHx1Db,19
3WcrbwpejAhsJHMRJbcUYT,18
3PIZD7C258F5taiS9rw9lK,27
1GBr8Nix6GiaXLjtaqnysK,37
5bx1UhmDae1dxhc53dFAC1,34
6VEocDLxvL0ShEXPDXxTL0,35
0nmcU4jlq40t7XW5OIhemf,26
0oxXvoTbHgVsVSoP8B14lN,36
7rwWVAldgVU8CtPrxgwItZ,40
4iNdednHl0pO9QqfkGooGO,29
4yiqRnJ7YQYU9jwuMOx1iy,33
442h1HjaVgRlnU4M5DHisT,45
5lYMflzwl2te3KnOesm4Eu,27
6Qt3DdV3MSwPqiQ1OQmjWQ,26
3dNFoiUDX98H7wwG5Fv9hF,42
5AVQeLQPELHUS2oEtNdkXW,50
4j7zS5GLS1nl5TBu0CFISZ,42
5I5tbamHyzoMnwIiy9tttA,26
7CFuUWWgJoOClMODuL5JLc,42
1U9aZEIymTbw1xqLbcL0Kr,34
3oeG4oGINvYfo3oRqKxWfP,27
1dnRRpd7FdSsp9ajC3SQLP,22
0Eid13xQpSGVHV45yOtfIe,18
6ujdygRPDIOfPSDbhUwDIC,22
6qgRmiHOnLbkYC0ZNecLet,52
1XK84pQhL5ohZdSRabQshw,44
2SjVq7NWr2qDzy0wLKDWaj,35
3iYCFV7lEcTfSyu1hQwI9i,35
7dObpw7qk6ue3VR7rXknhu,15
4F2cxQVpTUiC7El2hYEU06,29
6Q5KlUpE9W367c8wtQyn8d,31
22f8SFdCOXQI2xRIVl7Y33,17
1f2uRatHMH71z4f7BHEYWq,13
1mwyZ0ujGAsSRImtDC7pac,13
0zX2UJ79RfxXLujX5zs2zl,15
0Q2wpj3vrY2oLiHamH2tDu,33
3rKvEszFkblVdDlUc3jlBk,29
4JxXwBcVpVGDAnY4tKcAFH,15
7nV3aBATIajtwj9FK5Gf9I,39
29RfVJ72SbWKI43XXVhJVS,34
5jkQQG5hAC8c7uW7n9MB3E,37
5qXvJfA5xo0j94gqHQ1GON,27
29GJzOuxFqzlyvf6NxoZGH,65
2FtlWywhPzJ9CUYsapUgbP,19
1Atp1LqhxQcYavU3JhUQ8a,9
07KQ3yYHQz6nfx05dLDMY6,37
13WXzcyDj16sjxHjgpcxMS,26
0DLCCaqVukwIVcB2VW3Lsk,4
1QR456HRYCI6gPlikrKrvH,59
0aGw2PXhdjiZdp94APcIfM,39
3z1XUJep7vJEyRVGZTgPRj,31
0katsiKnN2XXffwlIjaz4e,47
3fMZ7k579pNLK1Mx6YKFXB,18
1HTyaQunwA2CXIiQDp3rAC,26
2ZDOmcsZxEtwJ7cYeCoCkv,30
3C1AVDN7xgpRKJc1vNjJiQ,38
4k5H0ZkwUSoSCixjfLklzC,7
7DP3Y8QRSo7ID89shfUZgN,53
7gCqhYGpjVfk8IjoPlyX3r,26
1UfN9HVgr6KNoEwP0PKGoQ,46
7AjnljdL3ecxRkPVsvY68D,46
2shD8wlebq8fDg6ChqOPkC,59
1Av9i9TKlHFZ5xYL0nz6pp,37
5MrauZ2u7TRdyWcpdZYhI1,50
1ZPc5wZ3riWjtKVRCgHPOK,58
3DaoyF86S1TK1shhDkAQHu,30
7vBcaCwJwMgQ5ZttvfIpRU,9
2R2e5G7Wo7BIE3wX8HVtKw,18
2RI3G9dVQY38D6IUAX1MV0,35
6WkbpykevvQi312Lez5KXP,24
65lIGCfW59BxcEJnnIOCq3,55
0U0riQO28wPX0rrQJONAQi,39
4w5lF5jrVRKvwihojuDzU4,40
2h97U98Z3AgF7RjKtyW1c2,37
379MRJIfTs6DtjUXL6kjh4,36
48Zk4JAM2sKSHLAWqhuxXc,0
1HCw8XKtTgWWU3JlEUR0qQ,54
7t7oaaj2ZrMgA6evRFZoIh,38
3zf852pgVUpYqQD1FTLa69,41
71bHPfBGCQ6FmJeyvQAEKv,1
3MOECVkNshqHYTPt5DZcdN,68
5qD4cdCilhaI9p32SeXLW5,13
1sh6lL6cmlcwhqZKGiKBua,66
6dMHdkQmWuDuDltWjBLJBd,57
4gWyyOjrQnkJoZBWdFWsNJ,55
1stV66277oZEXpVilOxJu4,55
4TuNI3WEMyLQAKRMJmcQdA,62
1ahVFh0ViDZr8LvkEVlq3B,76
4U0wNvX09APPfe8TGIYHoO,41
1qZMPmpD1jDcOA7gZ6TCde,60
6N6BTxTwykM2YI06SeL1ap,65
0GDVj31c8AxWXjWFzVFu0d,57
46lFttIf5hnUZMGvjK0Wxo,74
65hRZOQkVjmBdusz1N7aOv,67
2etXE1dGLhdU9ykVxxYUd6,0
6qVXkG01rBYGfxIndGOQ3z,60
57yeWyaoeTt26p0dlEZukQ,64
6YUTL4dYpB9xZO5qExPf05,79
4b2tcjrG1qUkSdsqEFP2dB,71
4Zz6VnbuykOejSpGOahS4E,4
0mHHOQPGDgDWH5FQRjS9Ib,0
0bxIveXLEDuH8W9fQL9xap,34
5xL84TYVoMCJZc3ZIv50x4,3
6g1NlCpW7fgqDnWbCCDrHl,25
6WbADFqMvR8N5u0BvtsWQE,27
1XHREJkKDZCokAtGUAeH55,45
4FG9oGzevwKIskBXWhF3v3,29
5l2U8f2VuOCXYS501z4cOw,1
3vTbIcmsS0r8zg2QX4CtKu,44
5Du9saCXYuRkHcj3CA6Her,0
5h8G7skfcPe2Y8CC3CUoCz,0
5dbGrA2QIdjJZpILNzEa9R,46
4lqEFIB9YZl8BwR99L5H3b,61
46DNnFfSzlURooSV1BecAb,0
3YPlsrk0Voe8AOa1jyN891,61
0XG1n8UW24tmBGxu0B7E7E,1
1Sftcy34zmDZ36l23fXgLX,0
3kL30Pjp90WKuX89Fx5TOv,2
4omZPgQogondtYbp08FNAe,0
23L5CiUhw2jV1OIMwthR3S,80
20UdW4qyeOmKa9YaOcv9WX,49
0FjkcycxVB1Jd7mcdEDDWp,53
0GdOqU9mwoO4xLo9bVA5Yb,40
7ppPVLsLNfHDneQnzZmUFJ,41
6FyIvdHUFc1MAmPI2hUO2W,44
12mGwph2YzDIlChtq3EdXP,20
1JYqoqlqzUAAYJeOVlhKIC,1
4d0JSX5Niid4wPVXk3EVrt,2
7xLA7JuahNmSTYqPbL3A42,2
6mNMp0g3zkg1K7uBpn07zl,56
15W8qc8Ok22EJGNwEKhiw9,49
1vu8zEpTfoxLtpRFyRMEFn,56
4qrLxDw5yAryyyARvJl5pg,37
0mumE3Rt4JRUJhR7iiPuOH,18
0ycpLQhbAdpRXKBhrXEYm0,21
25WNjqy21XcwXujRMzf5I2,3
3jUOYDU2tmoo08WpeKi82f,0
6wBFBvGb0McH66mjLvMcyU,0
3DHjvvsfjRNeOFG4YIFJhd,0
69qjqHUZYRt04eZMLKyqoZ,0
4BLDq4lVYu48HQSNmFDxJa,31
0sxvPuybHVMwEvCSfbJDM6,55
0qaGri80rAPOcbJi4OyLQZ,0
06vSnlO8lrC5o69qz9fW9f,0
58T6Oz7D8EGQW2fmGpMg5y,0
4XB0xu7PoC5rj8YpHzvo3y,0
7DHX1Ng0V186U2idfFfjGi,54
3Tiw5CxZNBqTnZYg6rcPN4,20
43eEoYZerwCiHaZiMbE02d,0
5USYPC5SrbWbzZgkvscVuV,2
2SSFvQBwsxeazzo7z5l9gD,59
5ScMaEiUXf9BATTbDKNFq8,54
3XuNYjoieXvbj1ivyZCUjF,0
0i5AZhWp6DjoIbafmolfoB,33
5FsERguViYvDGLbOT2E9Pf,1
2OLBFXBmMc43M7H0YrHcL5,0
5rzKWUtELfq8ijj8xdzP8m,0
3FS2e59gXFXrcg7sN2mL5z,10
4hQglEZuHuuzBGmL6sslXN,39
2C1VKdeB8PemX6xJuiVMTF,33
1oy6EH41CdAido7rIuuFzY,4
3RtPRKo0UgtDgEOr0u5jy3,18
1EIvI6qgPxkWrniO11NBj9,0
38ItDFrQLT7gVDCgonZohb,14
5znFetnJFcs6NwKo67xlcK,1
6PMU1fJY4Gly94ZBrkOa89,0
1rHj1DDIycN7O9phZHK9TG,0
28t5vU4KYgFmoLL7x7r4gK,12
656peCkJJuXRcBDituSWck,0
2vFxXXen17GFW3JhmfrOTb,11
3i2YzgregUTKDAPVHz6rBM,0
4l3zoheoF9fswu2UBLDzbT,0
5lV4hvAUWjR9Ix83mBeNVs,6
1uvpBYqVWRYcVD4jWkFrp6,21
7syl3glhOJ9IGXIrWovwYq,1
5nBGSfHdmO6P1UwS3PthWW,9
6Rpz0SNYdbGpBQ6ZUEB3AD,37
3MKQkpRVkcGWiGo1HH5hz4,18
6eE5LWw0DpIbTOdKwDUoE8,9
5cv4xpnhCTthBPgViRIzen,0
7zSxnkB1eqbD1u71pH2PY8,51
7guegNxwAH0uZsQx7i69Iw,38
6F99SN9dlqtPJYBp283Num,20
45JkclsOFLcjJxhHeZ5SK3,0
4FxaRW9mYHzOmApbAPZXoH,27
4tlXeeablQsJSoIT4A86WK,0
0ERjEtEMo9INKMKRC67nUO,0
4WPeb1WaiC7Xvc9XkG3HBR,33
0N7f7kggZBesEYl80W7hiP,13
3u1JcWL1OcJNe6I5P93VyZ,49
6vlcFk6teCDHqUIsH2ey7W,0
5BfleIMgLlfeqG5yqKyHz0,1
0RouOgG8GMOuohgyeCxRFh,19
1ehAFCptpjm90OkQ9S6mAR,8
4YtMhT2Ko6FRwQoWcswYss,0
1C4TdehTs4VbqQXOlIs0js,38
08ke8Wp0DbDbYydgCLQf1h,31
2H98dHwAMJf0bgOgcocO9N,0
2DMBgcvj7IVzTxTNCSmgPo,3
3xIwnKhZxWxKcecqrfXBJj,0
6aGkKCZvKIew9X9N3avtNv,0
3UyZtf5BzjEYFJkIiIipoH,42
6I8gVxB8KT0XyYKnVyarys,49
4n7bEvIWiO1nCSJzOJgnK5,24
1Bs9jRUjt9ct4YBVNGOrNN,61
2Q4XD7mNQQY42PYaLVQTA9,33
3CrMRddVHitl60SPAku9Zt,44
6lR8HfcXsvVYpM4WLzmrNz,46
7qfZTBNZQqvg0hMamrAQB1,51
6IpK5q6d1MEG11USG1JSFf,40
1F9xcExF9W7m5BxTdlJLED,69
1cx4RNSqEUedib8RqetJ0C,47
4GuRZARP6cvOa09JVqYjiC,0
6cAoQBAwXnRaoz1OY0pFvW,35
6sde94pf5Ra5H4yqC5VbZ9,6
7sK7Xyp6OFrFfmnTe9t5Zt,17
6uN0j1LQuYgUEf7SPwSV6W,30
6UJA62VlS7ZaqLzFtu5wuI,40
15F6s4J6eZnI9eS2yWGzyz,34
1PfZtxTVlXOM3hblElxXPC,27
6nNrz3FVlnMRYpD4JeX6HR,44
7gq9Mo03Zr417T2C5sgR03,62
5V5s7nnLtYJ9Sn8LY90V4D,0
13Dei9casjzduvf4khrFkp,43
0EDfSAmfJj8xiTn5hP9UNP,29
4NRt7Eu5mkx77NUAR4TpkG,24
5JGW0KcKi7gJJEMSPfAZ3Y,9
15B7kFheVr038CVWanmOY2,10
29WxVgglSj9uj8VMcvz5se,13
7C97zVkSR26zYXVEsmZOJh,17
1209jg7ahq3yHgb1yJ4PtH,37
1nufXiTCTTAeJfO9hLHvO8,63
7wOYkGmt7CUOnq0aheyFzY,33
3Uop3symAjwE1isIxJyaOP,51
3pl77S4K310Nzio2pHU1qK,0
4wVIF46NDC4URwAPFwlVMp,32
7i8OCYUCt76BjxFPB6bYNY,37
31jPcDIXquz6Z5uf25gwhD,10
0CuH80ZIk4m2OckEJYZ8yY,1
4mrwnWBYoksj2BO4jthsb4,34
0SUXaiVu9lXtP7s5Febb7W,30
5PhjrszvK1n8AtI83fPWVg,5
6rsYw1N6aYJQkops4eFjNq,47
1iOmLEvypLACEMAuFd1kJb,43
3ibroeR6Dw9wsE8lPWJJG0,15
2nrKuDLvgJGmxqPySyKhT2,36
1eeb7X8NjETnaEQRJNGJ3A,33
2D5Fi0jgFCo2kWJ84wAxWb,57
7wicnY9jZDiR6GKXMU9lUX,40
2d0UsAbvuAiCyR4oV6fiOq,53
1H1t63Jv0nX7ayhnoLPIiB,48
4jJpQvBp06QjtcJsSCexQZ,63
3Kmcm8m9i6Be5LuWYgt47G,46
7jj0DeoBVMQrfdQrc9nTg5,12
68a6za8K8hOjUNLsH3LnLs,42
1JMYXWQ8pSkqTAYExkKPT8,32
5sKuVseU4s4Mlq3Qz72W4y,14
5nTVf9dJlysm1TAbuA47qe,12
1tTitAq9hN8pPiVRlejoBw,39
32iD965RO5haquFAlq5jhz,44
2Y6I8OVTgvz1Yuch4oQJcO,64
6aSYLx8FgM3JYo3K5Z3nSQ,14
3rY0y41FwSxFB4qPH2UgXx,32
4x5C2qVSwGVvBeS78FixQp,27
58hjBuGWj43LQ6WjN3ZQAK,66
2HI1I94dCrcEpRamm2W8IK,34
2KDQm7lTUjM1mpCncnp3ey,9
0SfCG1utWyG5qWZE0feV6S,58
4k7WEm5xueRULco1dE0HPX,0
40VX50kHlByBKYWSoa6I5B,14
0FTDvOs2mzgHAqL31PBXO5,2
2jTJ9q2tLYJnElfIkiPwPZ,24
3tuZ9smlgQx7uKaEwQmaA8,34
63ZtaTHM7Cu3JEca5xrWi3,59
13jht6Mw3wN0DubNCW3fbx,36
2gG6XzlJwwv2Sdf7TN7jmh,24
1LIdxF1HjOpbSWOrlVOP79,18
3BY170fzottkAIIIPxk798,36
6vkZlB6ENDJgiDuR88UlaU,58
0gbedKbKjiLj47RCTM94s5,10
6kRvtllePaPrrvftGsi9MS,21
7dnMvKs5b3uo9KX4kcjoOQ,30
6xb3sxgQFEyOZZpGMvyGPo,35
3Mong1BzxMKwTZ0SbfLdcQ,65
0C3JkwdOOsJipa8q9KLeE4,16
7lhmKq2lFR4PF3PFTQeLDg,12
6qj5IwiYLwiFfWLj191irx,56
0TgSQ4AWBShqMjYww6D8Yf,9
4GCFeGH4ZeFuQIFpbdSpiI,38
57G4O9hcMT15cCYgTEniYq,8
0KC7nffWHaoe469YBAwo3L,24
4uQzfUUpSPtP8378Qg5aTo,52
40TogYyqoENkImGSObxjyb,43
2CPqh63wRVscbceKcPxwvv,73
0PDUDa38GO8lMxLCRc4lL1,78
2ce5n5MpJQgvnAHtmfxS1C,49
0iBGgTRtJU8XEjdRL8ZFQi,43
3yXmslBa2eTtFI2tSXphR1,35
5rTkhUIFPbkqwb99ZA8PW3,26
2SvNvlHAEdfYELO3sCWcKP,34
0azC730Exh71aQlOt9Zj3y,79
4d0JSX5Niid4wPVXk3EVrt,2
6eJNHdd3fiCCp0PcAV7i6V,36
7JGqyqdzijtJeqVRhADFZd,2
4WLVepwyIveYwv7uJROc5p,47
7v71Aur70pf46NQIoSQii7,0
3Uz8ZcQdlOF2qE6q1rcVpw,3
08BHXdGEEXJ9ocN49nEEr4,21
6vJFOgEWgVKb4ol7DHW0Tj,2
5ZEM9j0jrFr5RdHEbl2MYV,56
3D7rcEEifDAaTdeUL7tbpv,50
1mG0wSudoIljGvU5KqVLj8,0
1K8NolvA0wD0zlON81qfc8,0
3VXpezslDycvp4shSrhuDo,13
5LKD8mEriZm3VPt0VmrGz1,20
3ohCpqcw0u2h4zV2ppzV0h,0
7bnqNC0CBeaD09RGUG3FBm,2
4e6c1FAcEv78rAuAQnjh20,0
0uc7vguphIRR98PfMjaQtq,13
64dkTKKNLwbjBuU4xnS2ei,60
0WEVf4RhIrcr3S3ULBrt0T,48
0gb1J5UrTpzaU1s3nupgCd,72
5tkxNImJO0gGcXmKepjaJG,39
1VM6fZXIo7cKftvZwmYRbr,0
7LEAJRQzeI6buHaqrIIcyE,20
09SsJ3591t1ZXM1lbdtki4,0
5m1NC5p6ZsxgpQU7M1pHmT,0
2ZyuwVvV6Z3XJaXIFbspeE,64
3AVnIi6HvEiHGlIj4c6ok2,10
6w2A10HCO5nhBCaNLk4aS2,47
3jVOB0YwkvVYo8jHmwupsR,33
7KPMoaXQRanQdxnITnAHaq,49
5ScMaEiUXf9BATTbDKNFq8,54
12MqM3S0fTvR6X4Jt1Xvn6,57
5Avr5FEmIcMyLPMIiNMEd8,39
2O9S5fAYQqHUBP4cG7NHst,0
7g4V1MvSEquPXPJ2zN2lbz,24
1i1fxkWeaMmKEB4T7zqbzK,81
1T5EJGONAnpiMikThDYNdH,23
16vfZDGVdF2mXCxH2zQ21g,29
0CObIjO1AMb1GUFbDg9u7h,1
2TK4UUeqjb5ZZAEAAxeXRc,0
02hAUjeZHXJSIIJdX4Esmb,38
4PvSXqDZXQYE9lKWaWz4lI,0
5f4kn58RoV6jodUeYGAjjF,37
5Vv4HaQCbjm7Ho7WyDTnPY,23
0ekRt9Sc1ukWhAlyEyksuU,0
5q9WdxTGGk7lXNJap6udJ0,0
2Ubw4Bs0yzYm4vtPTvtFwQ,1
2OkU57LVQoynnVyLE1LrPN,0
0cNRa6q0dPjckz3SoDGirO,33
6KAtHNic0deGhGNMaq9oMI,9
3NcO4jGK1Opb5ea0mYLpxb,59
1nO67wic65N413c11zKxM7,12
4b6LMzBlyRMnHI1q5j8Zp0,7
6a9MKm9Q03tVUjj0AeeqCx,40
2znzyzlAUc8Z1Ikq9aFOcx,64
68fnM4NfYWDxTKghRO0hhP,23
25p4sb84FOZduVbpGRsh9v,24
5ybydtBlJJL82AprlvN7Lg,2
2BZTUDdK3BhJvTbxoCHlJ6,0
7FbiZjZnuPnxuM9b5W5lmg,0
1fu2VjMQQlOGXcESeA8Yd5,14
3neBAEV5Tkp4BrKv85xysR,40
66GwxT8WGVBRLoKmXH8IfE,14
5ZdoETrAlitUnfV1xrbkPA,22
0yxWY5cPaPUpeAoqSIoWfq,53
2n5FdhSAJSnUhQypoNHQb9,34
3FAF2JIoBjKkdubOBVAbca,0
6P6YKVO2X5YOMhlyWpUOWu,1
5KgAWdLVNNc9yvTvv387a1,0
6rsQ3AtnyQKTQCcIN7NwjW,21
2Jh56ObNpv46PFBu95qqVj,18
0YLNrJWUbc9YpL8NVWhcrx,31
7jkDGDuuXVbGLDehfk6ivi,0
1fRNtrVNv6Aru1orVyUCAQ,0
5YHLELLguWAEGGg0xL31m3,0
0F4KUDXmPhAP71ULvS5RAZ,0
6Thw69oeS0M2N553QGRv8g,11
6wRmGNg0GbroG27dV3Z4q9,31
7emvGfWGGflq16VgrcRx3r,19
5RWMlD6s4i8fECJkDvdt7D,4
37KiqJuaMXQWWra2KKcrfX,15
3WbyTNOTi9pPSkJQzt3C12,0
25WNjqy21XcwXujRMzf5I2,3
4kCmfCnNjca59NowllKhzV,11
1VGlMYqPO1LHyclvfIMvWI,0
5dMDYyq1czyZ7FrEzMjARZ,24
6OZh916QF8XNunWaP97WEZ,22
6fuYLzr0XjwXurFbkDkRJm,0
3hbqfLW3FRFV5CQqdwNtoH,39
5xv5YlwHeveuhd31bT21cN,61
0EdgK7ASb4kfRkW8pVMN02,70
61ZM92T2zaXIVsqncThQzC,74
3oIVK7arAFuUOCGafPLxSC,68
0mV5JWhyUFANd9qpwLkM8d,69
7JTg1KbHm4FXeKL8vSmTqP,71
1UYSPfQcU2gJtZii4WRWjk,43
3TKpJrY9q49Mj1JOsM9zGL,85
2Aomjzc0qNjk4uc3JYGxgc,71
4vzxxbTJeTTTwP8VglZ8Xd,50
499kFE5yNFDRMrhKz96Vct,35
1hUmqRBZpseNjByPAEW6AJ,62
1XFHbzTikXks9CsMq4v8Q3,66
4xdNmYWQFo0ISB7jbTZzMh,55
35MKhw2YBKApmD7fAnPERC,77
3kRKPvypncJ8MpX2SHjvRd,46
0r7CVbZTWZgbTCYdfa2P31,67
22zxLxXlXrBIm7XaazHNrg,75
5HJZzHKWYf7jAKaJD0V2Il,40
4QLmoDYp0RQ3lTHbAVAuyZ,52
7CenyP1EBTBx8jZepNDCBl,47
1FG7QNYVJz1x50D8AzOVQt,69
6Jo51jZGD1GH6KG0zvDHek,54
79Vz5MNH7Qe4F7hPKT8tPz,75
5re7vx6PQkhtI75uJpzsqn,39
7N06jo3EnV792VFaG8vuW6,79
5scxjvcdozadBoRRN0UMaM,56
3akdYEmwE7ZoXEX4kivB7e,58
4BYwlYwqLtThvKdKmveJ6U,39
7pWK1kMgHy5lNNiIfuRbkP,83
7ENBXir2EaAuMnCZUQIDoL,63
6lvR6okoM2C4XvWciLt8fr,41
37fbh6vljxudB4j4y8yNWC,38
02itaCXOdC54J0ISjqqFAp,80
2KtOOW1DN1D0AJTkJmfq3M,61
3o7TK4inMYzJC3ZMJCWsRC,71
6oJ6le65B3SEqPwMRNXWjY,87
6NydsCI8SeWONQQURZ4NRW,45
1SG6r7daFfpzPcU15luVqB,72
0U6bQIAh6MCGo1xjbIIx2S,81
1ICPREUY4yMNeFEgbNh7D5,49
2DcZd7oFgctIJZG5pFncyD,52
6Awv1Nngm0jZbhklY07xSB,42
7CHi4DtfK4heMlQaudCuHK,91
6fenHIxXuuzKB55wY4WCHP,82
4fwo6czG5nvOQMzhOto1ya,80
4AkCyd9Nlbt8JprQq9V6o2,72
0pa5N8ZdLiRziA6n8cGU6p,36
30cW9fD87IgbYFl8o0lUze,74
40vCMTDaDwwpf7DyBlmgEj,67
3J7liEhbzugpvof2EjDlei,46
3XBlxEYza2r2GqIiQTbH07,33
78zlgKzdU5vp15sOlKaSnT,49
2SKvJYUnih2apztfzWBQUd,57
5X9aLsGQQ3TQLbrpyPhwci,45
1dVbC0XoM4VxpDkrv1tcjf,44
1L6HVFyDAf7MGPjHBibgQV,43
5XrcR72Zz11SKyHnwnemXY,42
4imJ7kX6dCFCBLnO8yQmd7,37
1IdnTCh4GlzkjoceN6LVpQ,50
1z1Hg7Vb0AhHDiEmnDE79l,70
2uqdZBQa9VrHQkuAaK8Syo,24
2r4mpuIYFgKsjeykJTQMqX,65
7Bjf96uNizpvXLvNyOJpst,54
5EECgBC0NjIaUd8ke9YYTo,55
16QhpULFOW9fE2yvXsJV6A,62
1oSLMJeccvgqel2kyhdd9j,34
7m9j9N42SLMCuALFwC6tD4,49
1EJgymgJHcjSOGSHcYaxvW,66
2fQYA6cFN4ClfI4OmtpC98,56
7fvUMiyapMsRRxr07cU8Ef,67
2M9GeaCQXrV12J0wzBxIwi,66
3iJeF2izF1QcpCgUc97BLl,67
6bfTktuowT5bIMe87Q5rmp,35
1IXGILkPm0tOCNeq00kCPa,67
1k08GK7ox8SDmEMvn81TwU,57
1sI9LpIHEEzQwSVnp8oyfD,10
7bF6tCO3gFb8INrEDcjNT5,68
6f807x0ima9a1j3VPbc7VN,66
3jwQwGVERUXo7eaAgL1xAo,66
6MYshGKhcheOSGquz6NKbC,54
3kgKVcBpBGuSeaEC0AZGlb,74
1IjuevPDJ8Sa97wFwQ5j4V,51
4Nu8sEejt46770gDUvFcrF,54
7otYg4mLHE3r3NriE0cJ9i,46
0ywzvARVqoxQOJpaswRe9E,50
5xBafmhrJzzMsd1dxErIbJ,66
0GfS3y8Jd7SHWd9R51s7Fo,69
2deqDqxjn8W7JQ0szZMRdk,2
0byab45cmZntz74RxcASrf,9
35zWpeXJ71mprm8V9GOHpV,38
5izJoFeYASIvsVNtMSHSpi,48
3TjLsDgL0bTbSQIF6M5Ki8,65
5W0vgRE9B23TZDj5B7pRUO,53
3LsNRAL1hRtl3gMTJz2NPN,49
4bw3ZyWA1ui0Adu285NWDl,66
5Q7h7R1D9q7gkB1FimDsCE,29
2EHVjRFRSsXQaHAsys74Us,63
6WK7h2WfMmnX7zOZnfzoYo,59
2JDe8jKdOcOcQm8oM4bavF,37
1QdG3nKKTrNWlN9x9t1cH6,58
22ps3KimZMRByWUdG6bLO8,33
4cS66S86D9Xu5L9QqVGGc2,39
4RgDgaohkG08f630ZT9QKc,67
7fGn1cjdKNcXtwnPoiiGsN,52
35RN4JojBYBasOZoKcao9D,23
1Ygm9KdH3wbzDekO8JgxcW,50
1xkLkSAOv1ALxKOHwZJRMn,46
2qdhIjNdEZfrEfUDHxxpjr,45
1AEBHsada30zIIiWnAvHb3,45
2vIzH4NfFGoJHA5rn1dFWT,57
5Ufch415w7XCoPmdguSeDS,41
4B3NahKokb7lLkvaLFZFzn,38
5Xt5iEbljmwJW51LMTQ6Nx,57
2CqnpBHeQGfgj8FDB7zuTv,51
4hJolpt4ZqzoZuET5l3rzV,41
52lFClZTgHPAhG8B7VXtFZ,24
5mYe838nbuBbPMIcrTNb5X,0
0LQmFbjbesF6XNwn427exG,18
3cNKEvmeeVjDoQwKM7Phvs,34
5As2NoLCvfghXEuTFAaRHA,47
2QClgxYcgxxDD7EqOe1c3X,31
4HMwwViGzjq4ljvJJmbejx,25
0Sn7DUulIMF23EW6n1l0Dx,37
722N7OOvzhtyUEimkeu91r,46
4OdiKU1qEwfrjo4wax0l3j,26
2vt2BP6sUL880eCECrheOm,44
2YX0K9fzoyqWpT5sgyzVXS,47
1CSk9lJFJt4OdcvOH5iK61,46
7vaonzgvTMr9D9U46V0HZT,0
59wQepOupWVsDGJuJ8DVOA,39
5MgBUUjbkQ27Kd9CbeZFLo,52
1IBoVcXHGZA4oVNRubqcLe,33
049NJ23pZOBKj9GNJUgd60,29
2UJsf72pBaXreDIdN5xVL1,29
799ZJmqIOCy589IzlTZ0Wy,59
6LIe9o2p1xfj72rx4NDY8k,48
7FKcbKrAi4uiXosKMNTjQI,6
1nSzCAvAvzJj5oIt7m90G0,59
7DEg5RLG8GOgt7NSrVAKKJ,27
5UoMSGagNyn3igQjs8JIcn,38
5eCUrSCDVOQ9iGf5igDuOI,35
27WOAkJrAYagnYj7Y2tsFw,45
1d33rv3YwKEoc7rtTVWCqt,39
2NpLHVuBP1wvryEbnecfbD,44
0BrhmLM6npAnM6Nce5oZGQ,0
2ZHSpSskzs566yYbUGegyX,42
5YtYYDkzPA8b11RbazpYND,22
76pD98ghY1Hl05aDXzuFmq,49
5AJgjETGRZMlONKiKzYCUy,46
1j1Mgxr0j24s9norehqVSw,0
6b8qSMG2W2h4lfUC4dkVOm,27
1DPrKU9EvePcDg7v4JLmGd,43
3NFvv5bC6HWtxUftIBm8Qd,50
1JEd9a0Eoj3Wg3jwGAKSPn,26
1UMkDtIWHTetifSaL8Ij4J,31
62TBVrY0lJkJLg9ZCWdrUg,33
73iA9tbFNvev9M8Q83Q93D,49
2LEBkdbw0xrvGDEJXaqsPa,38
560HsRF0APPouAtPLkkvlM,10
2grnKcEIRT8TPztjZDMJbh,38
6esyghesXQx99GiYex9zad,37
0u8G4v3ys9EM5zbdkRStOP,37
1NnvKWp2IlaMPVxfjZ8B9h,35
087jDrmvAvTnduKPgGEUWp,35
3fpvPauIXMlx1WKeLvHNh0,36
3upKMVrJE7lq34tSqWIPkJ,38
1UvAoUD4uGGxkVllRSQTx0,35
68LU6iCy4H9j83fge97fGI,33
1DFD5Fotzgn6yYXkYsKiGs,88
1cbrv9YOCoolOt1EGBLR2n,46
77rj41HJ2iSYuJYdcsucFq,53
6MUZSRiBO5mpq5qQkFgAgz,62
5nvTSFuZHCKiuV4WCwCuTd,51
5naYe7rLMZcLfO1DKg48MK,75
6AfvfheW6VzyV1MNyZ9XXd,44
1p1bI4uv0hxFmzfF57no5F,0
34lSXdfXd2Xt75hi3mrfnN,0
5kldIyD365H9iq8Cz1Jb5F,61
5YN0zHycJ0Yxz31A5QsVov,71
4ewreCanQVsPzCdRPsq05q,19
48GmVZwvkoVC5StfMLfNJE,24
1Rmxhk9QkgjJAPifwkA4uM,66
5mtUwUUSmXO2bHy0aRQ0nx,36
4LRezd065bAMvBlpwMAkx6,18
2gvgq9z1ChRgZUqGlAuptJ,58
6h7MPC2hBJHJQuobsRXqwF,61
45GtpfaI7fg7mSZBQTNJss,57
0nxYyX5PIHJqF4VSb4CIFV,73
1SNiXDwSilLujcYdvfqVpT,62
4ELZXslDwisREdaDZSjBVU,54
4Bl3vhxLgSmTxbHTFR7eyd,64
6osaMSJh9NguagEDQcZaKx,88
78XfOXpUShe7mFwhjBEd94,66
5e9lzDRWdQR6gGHjiTcg4M,60
4lDMA5DuVCCjGE5O7koap5,8
3AlYAIWuDs2bYLevsTlHVj,46
2Y3P9IFAeNGH9qTZDp9N6W,67
2gqzTQEn4g5ly0n5ScdMx0,61
2ItO4ZVCtwEHuLL6ygajGM,62
5NTDpRBKYzdsq2m77oNKyY,55
6dwVoXGSsQ1TTL5aw987pi,64
6BwN05qKw4Q8bNoq3rYuz7,69
5MhS1baQEdM4tTcK7DliM4,47
4CVOUJki8YUWol3jhLphgs,66
2xkrujtSjZz7EKAYGbIIzH,68
4EouOqmuTn64vk1CGhKL4G,46
2cFK03sObtI6AK3QKeOT5g,69
4tknhO5RmXIxnpoipMKBmG,71
6PqUdUGS4h5aGY7YyEGXr8,71
5ql2mP9FUhB3SgMzv2akuO,68
0XS2z0E0ox7F4JHYKKR4wK,64
2AUHVjR5lhg6GcztbGvRkc,60
0cge96qsW6ifXppeiiRIGd,61
34m69Q5xrI67xUM8MHFWeK,62
5oxq2hf8u0S8RVypWZgjLf,52
2ugjxfenU5AJMO5cozCuUv,59
2devxXJUTEIFmgt8cXaqmO,55
0M0FvSNRZmDz0Z769rewlI,70
592JiALLj5xL5Z6LuMmaOV,65
31NDAHPCyqEIPKd3kUV6yA,55
6ho0GyrWZN3mhi9zVRW7xi,79
0fbXFYtHPpq5fVNRGjxZrC,58
3F7LKUuasfyLrNCS1thKq0,58
37FfCz1YODL6NAuWfxUzJh,58
3GT2CBmJWIEdCpHiB31WYK,68
3utCCAlvSP0yRCrqq0Wrpp,52
34nVVG7Jm9pfvvumx9LFD4,47
37pmMCR4KBMXLTZ4uBrLTR,61
3rnBqIIoxOpQ0p9BeW3NT4,64
40UbcJWyWPqOWFvv4Dpvfc,62
0Bk4P8WODpjxTzu4ry5PGQ,55
7vFdDL6rEnsQ3FwKUMhVKY,37
5wHeoDyCMaMfM23u6anK8R,34
4mLyGdlONvb10DrN65wKFi,9
1ceJ4Yn3UAfdfbDpfcHCqV,13
7ciAxVP1LeifYZi7nlROTv,40
1WoYl4FAEAv4Sy0kTCRle4,42
6DrKAWEg6SURfkuOSc9cCe,43
3nWIwVWAwtGfpqN0PPM3wA,23
7gbYL4WYj0QgvILOQIMkSv,45
0dbNRVOII6bCmvfiae3KG1,33
7umKLymxjX0kau3kE4yjse,36
3cRgBxLFGQyjhUYXtx4NU2,37
1yZUIRNVfCMfdKs9h4i7Ij,31
7d40MrlRZ750AMf0J76uZT,35
1fnLlwkvCsfT6cF9TmWtAs,8
5p0TXXHvJgbvW3xpgZca5j,36
1BizaeYrg1YFBrbgi450AV,31
18i0gucDwb7GYpGUnk96TI,29
1RnOgWJEFnbWZk8Gv0I4FR,3
7lOCuVqblMUwmBrRWLhquh,23
2VX2NrHIPAFt53s8fWqqFO,21
1F66fk10aCVVRT5ZgJeV2z,18
1Ao9KNcdyVg81taLY2cM1g,16
56lQ266C4xeezqDDQGemuu,23
0EXmtbfi8yUctZdTYJgV0d,18
0nkzV4EV1Q4wBhWVQwE9JF,29
72nGzwUlz5ZweJraEQG00a,23
5FmVPVmYN6lKxQpxWf4wIA,24
6qAM8wwwLHsaDdgrmMce4c,24
5hbekNNRlRWmwouFSrDhwB,43
56pZmSRcXuX7Au1b8Df5yT,21
3uWeSkSVIAWrZPnVSaYSJS,44
0y22AwFyWFPmNHPTS4yILK,18
5CXF4x2kZI2ftIogOuhXYN,26
7eR2IK6cg5HMu4ESteXdyI,19
7rIsY7FvM3KPjjn8HVgj4N,40
1d2aoK9QGB4VPSSgG7UPrG,23
2KJqiS9F000M9oG7d1Fm47,20
3EawCmFx3UyZTi5DhSe3Lv,39
1mDLznlo64yN2E2Tu8peI1,40
4yUhACElYLP2cbCyuDuaEk,17
2FRmJ7myndFq7J8VEp4g4w,38
6sMmjtWC8NbGokD3kg24Z3,41
2DckNyN3sE3kaBLGwBFLuy,24
3BT5oU2l8UDLFgyOTUdKe4,38
0zLsDhTzpDXaAA6RE4Z1Pq,45
4ddsyeVgiigtQToGyn6hMJ,33
5YjxIJo5vd6BFfA36pNi09,37
5hJ1YFy36GgOrxCqZsGiQo,36
1F6zDv6KVmauP5xjpZvSO0,24
5YGhQpZhMBTJ4ROUns2MVB,44
0GzsAoBHWscgaKbK3paOJz,24
56D6CJK7PXw3kFpskScR20,30
1A3NNF2yrxEU6ZebtDXDH3,32
4j8SSKBLeMzXndNzTi734p,40
795UnF7drJFQvRvh8gMq0Z,49
0mnyLkvM10xOkiwg3v5AKd,37
237SYSC33Z7jhBlyAMjgEt,41
1EXWqKfam4FoZ5RpHHE96J,33
3ReUq0O9GCcgNkS9zLnvTX,38
1M2hRrYg3dyf6QTbjBX3vM,40
0Rf4kDl9Ei7XkllmaoKzgo,38
4Z8QnxDfNViSoahxWd5VVY,35
34VPpQSm2LWQRyJ9oFCusB,37
5m6XvmdzcWpUBRNYY4ZzrO,37
1Jp8otFaU2Bttfvn93dzWk,42
3Q8CDGN4LPZjuPIGGiGrnv,38
3dM9RpiKVE5E3GIIAtgDUH,49
0aJRKH7ZaHo1NFwRfNzwfp,41
1g7n1U75MqLW8dMsVDpIiP,41
4cdRrfARxl5gP4jeE6P6YN,33
20FvX4zk1zejYVhpWwo4Pd,26
1XOOvcjVLWbOxURESmKTv4,26
4a5D25KuAhGNd0eukchuph,43
4CaAr4uzoE0NsH6u0v0Ma6,44
3b1KV84R7dMZTKvEigwWjm,41
5liA2MK82OeOqSpcjLpkkn,40
3M9UJ8zpQJHPjmaAhaQH3G,48
1jlQ14qZcXrtPCpX2FMWwn,41
4rq0LPiVhznkmi4ajls5QA,1
3Av6RedySZK1Mj5VNb4Mmf,28
5PkdCO6W9NV59fvGqPpSjp,36
3mjxQEvWVaBsQZA1MvIFr9,36
3sYfPeEeRkZ2pKwzKXLzIe,45
6lAEHV5NklhN2EuRCvdKSa,52
2ZOnKSry3gTMljZ6e0sTE5,31
6pKjxtBn45NCbMdT01Le86,39
1n4WvznU9VbXQTIGdl9rBw,38
1s3DmLaz2fIukAwMwUWTQb,36
7dhGAjw1MVZRBHcktKo3Kd,34
4Qf6VZWLWC6EIKUyB8wSDF,25
5A5D6sO5PJUAClOnggOeHB,45
6lNaBQgHjNtrTmQK8nJGIp,39
4CiTRVXZJbQEybrPJgFwNC,41
7g7U6FdwzwULiuUnZlQ0dV,42
6d6dfnWmBDF6EhAxmZtvzR,24
5CMvVk1MF7IY6YTkVdwFOm,23
1fKarvU7O0NifM7FooSAYC,45
41vJQDsgl1wgyAB7rIZrdF,34
73EGkDqlDCqx57m3fpRBSw,32
3RB4fFGQ03Vt9SdgvtdSoc,32
62Q1gwEGDU9pbOhvmMVq0C,28
4GShmsD2tiQxWZhZ4AyBTZ,33
6wo37KVqFJhtuxPTpLCcfe,67
3NpjYny7ALGvXOEe4yqS6Z,30
7MUazB4rGIqFFIkjT95rCO,54
2IlbSdCg6QAVo5BpqpvJzx,0
6fYRgMy5JyRtCCupQK5j0E,51
2shD8wlebq8fDg6ChqOPkC,59
5gwLIRjGFf3hXuHoKEsWLg,65
7GvzyeeBMoDlC9OziuPMQQ,67
3VSNFbj9mhR5DXy7UXRkDZ,38
24Yi9hE78yPEbZ4kxyoXAI,88
382fuVEZi9acM1bYGp2Zbx,47
2ONRkpOJ6X91GMXMthtT0M,69
79zshLLUoqncCBkd9YfVUE,77
0VDazr5nn6zpfjyXR7ZWXd,58
78WUUxoUBoLKn2hgfPupWQ,53
6iW38RGqdDGOofmz2HeXLW,77
0qaWEvPkts34WF68r8Dzx9,86
16QlvcrfQPyRLfbxcXu0VG,69
1IiXinz5S6xFKsPj7OW6Em,53
1ppOGANOzMT01Cxh9jx4hN,67
0P5lXk4fg0682IgDyK7GFM,65
0LtKw37CYqXqsRF9pyDGGx,62
0lXQJKX1wPjFOwyLXAHj9z,33
0Qp1IH1EkRCNabfgzxNMUT,61
03m9WRVBzoxyTeKblvLvpR,62
5dwkH86siu5ssq03GzXZnw,40
5TR2ewQtnmctoiwBoPTCuM,40
4kyrRm0GmJbg16CEGEHXUK,51
0lz4rVOk2ovGAS5aWjaPTA,58
17nwt89Pq3pSwJMesCSqsv,48
1UYeBP5nafTM5uKcoKkNTN,50
7AHBjnDdrzVS1GcND9SrTq,44
6Cx2GmS5FEWsQru5jQGr40,24
5V6LQGcEwh65pULxet2v9u,56
7qwQ2UGJnixDow4kyz9PDe,60
1sviDBcAqVOxMXq4xITVEs,84
3IkLIde5nKEm06EklU9qzX,23
3HNs1UAn7OZQiby7DXTIYl,70
04wllvXvWOkZS5NugzeS8O,37
4QAUGy6k7c3IOAhgWz52r7,70
3z2wLXSa03K4UD6ytjraOJ,10
7MMV0p9GGiOaQaTvvjELC7,50
5XBgLpobYbg7odqJz2bmvl,45
3mruwwpKfG5NYmnEr6O5Dw,72
5Shjuje8PRcX7ueEVajrLH,63
2lhoNTM4ZkRuheQm4hNH2E,47
15zRvbhG0iYq5XS8rGcObO,54
4ESPuOrSsRcBISzcMlzmY5,75
5dS2dvXVPe7AR6UwBpnomW,72
1CW7tYkpJ95c7bQkRf6CcK,67
0kAqaILyqLeIYotgWr4FJz,21
41RSRxdVqnSWlL9Glx95fG,62
3wSrPtJpnGaUC2hOmJy0BV,71
6QMAf9jRnc0w61og2W4Qzu,64
4Clmg1g8n2yBYG13Z1oSdG,83
0s6kLU7LZehOlr5M9fSOPC,28
1Gx4ufVcxcGxMTBVGYoRpy,41
1OXfWI3FQMdsKKC6lkvzSx,9
4pSPMXaCjbaV3VSzZQYC7H,2
6Knv6wdA0luoMUuuoYi2i1,76
4rHZZAmHpZrA3iH5zx8frV,77
294vBlXfZYspeI29SXZaON,13
07jFllpAwipdNXstXHFtHk,55
1JXMGldyq6kP7gubarTwG1,45
5maiCdBRKITzSbx4mdyy8r,53
7rcZHRL3DrRtAy83R3nZVY,21
1nDOeWBfRKA5YNQ8bKWzMM,68
35gufW50WoHlkh67uYA3bc,48
7G8r6LUWl9JVvQjlFyg1gq,58
3QazdB2A3e0NcJpNtQmz20,47
5GO45r4u84nc3QvdoVw4YP,64
2iObjOsy2vpsariW4Y7hQg,67
7rBc6rDOew4pAoVczLwb3I,55
1RqAQdolASl7InSLH8dEbr,57
2foRfwGVxB9LTnsihcrWiu,24
2LBgsnOYRftYWaFio89LFZ,52
15qljmrsinxDSec3Y0Hql2,37
6AFzla9oPYEXdP8zf2GfdN,36
7KMWYoVzdxVqbWzDqfjw6P,52
25oNllhQ76kCG4qRQvrinP,46
0NARBuJGsvbPl2oVTba4ao,39
0dTAXSZZYf7YTKV1vtTlBz,56
2oJzaSnfdaF5NilLDgAvLd,38
7ayzgdcaf5bFwVvArPWZXJ,52
1izX2DJ0C4ULbe6ptR9Nz3,67
3cGdheolzl0cV1ZK1b69WU,41
370tV3MAVZY94y47VtGrGt,45
35J94eVz8fbCtIXvKZIhez,55
2hMZvkolouM4hvtNSQl4vO,42
6euZX0vXswBhBBgnYTpdg5,49
4x9sU0rsrZZynHpRebIxJs,45
7hi2T35u4em3FUtakLNb0V,43
53hVPJEU8QOtEkHekMVFNU,51
40CzF4QRkG1XAYonnuNeVp,65
6MeXp6CHAwZ3FhqgZ9XMha,46
7JgG9KxAl0uhCPOLSdQjlg,40
6aQOdVS4SLBoCk4ZDfFEPg,48
1DkdUiBSkgXCHBeR6YOt51,51
1xtQxaok9jKMRRmFM8WkKK,42
02jdttpwvUBvKdzHkoL644,48
5j1yOqWONR9T6l43AzJ6Es,81
1r9RygcEuErbQ5yN5jzlQc,44
6bc5RKT0IZyUnyfOaH4eNl,47
68bpWQhAVtSQL7ZAoucMRN,44
5zyYMUCo2rAQSIgu82wFY7,57
3Dl4yNr9PjXd0vtDgyy2st,47
40MV0X2yvmo1osmYAd4mwu,41
7HR7MpHKZpnmdC7CVEhePh,45
3T7ZHIgO30bKeASQppPtM6,52
5IR4eSVnuXPu8pJtQuzC5I,52
7wch5iJo4JFtmrRfPVUBr1,56
5PsMbxhgWpJMsouEfDTX6r,43
3oeBaOmuWeNPjCVpWPjUvg,49
1FvOiE8MGWB8MUCAPvro3h,50
4qjDMhpqlSQABkLD9lmAxi,7
697MjF1454XKvZmTuqkWmD,45
0nJW01T7XtvILxQgC5J7Wh,82
4k80K0b6KZ2QjAYkXON7q6,65
6zTfkjNNQKcGfjJa5cKTkq,45
6NWq3JOKCQ21Av7y2q5RFb,51
2tmOwjRr3ZzEPtwIgCoM0s,48
3cHyrEgdyYRjgJKSOiOtcS,76
0C4ejWmOTMv8vuYj85mf8m,72
0Mr2nNmm3OH8QAT5UGOLbA,37
7amhfTaV9f9u6gPRtD6kPT,1
3E5XrOtqMAs7p2wKhwgOjf,11
5HbCnVLXRyZVxnreOPgJCK,11
0874CiZj1X2vZf7TtYTTPC,35
7wqSzGeodspE3V6RBD5W8L,18
6x9tZAjVe9L20ofvvo9afH,43
2I8U4alHqlxAZN8Wpc9jf6,38
12VWzyPDBCc8fqeWCAfNwR,68
3UN6cIn3VIyg0z1LCuFSum,67
62bOmKYxYg7dhrC6gH9vFn,71
4QNpBfC0zvjKqPJcyqBy9W,79
0HFx7PLqzGxSfN59j3UHmR,49
0kUMtZVaYb7EETkBdrEXXA,51
3dXPYSI6qUKXKahgHbuN30,43
2etqFHUtEaLNXFWDpE9sRl,1
5PUvinSo4MNqW7vmomGRS7,53
6dqpkvBfHtnBbGErSKnTHU,47
4Zmgqg3VvsW5rVMsuO7Opz,1
4ngLDnC9X0ARJATJTXljdC,42
35HJeLRM1izdWhobeTOP7f,2
0U10zFw4GlBacOy9VDGfGL,71
7BdrLBm3atLHWnHcAdypbr,0
3SR72eMiFDPIxMJc4587yN,44
4VC5nFbYO4avKksJ9jN4pY,14
1caTqvWIUlkpY122g17GIm,46
1LmN9SSHISbtp9LoaR5ZVJ,72
2GblQ918RbkOs4Yo1Rpkcj,61
1nInOsHbtotAmEOQhtvnzP,73
1YiD079ne2nl9TEOrw43Gh,47
0XRsFxbUeG5w5RX5dDSNie,1
1qDrWA6lyx8cLECdZE7TV7,77
4ROTEqZbUtCkXdSJXh3ctr,37
1CZOrmHUUjeDP7N2B4Ba6S,26
4bFmYoDdKT3HqSroMmRbGV,53
3UfDcJGcGthaVIyBMvydQx,25
4ReKC7WcYUHpPtXLqC7u0F,0
04o1cc3SZKXhAGFugDUHMx,1
5rUJMReNdG8ppsTdBusoBO,31
2mQ7KmAI8gFLH3baaDXc6o,45
4OgmLJAMPDrT3Tc52iaw7Q,18
0Ew1kz7hJjOTpH5IAwLcSU,38
22SXyL6pUjwIvGWvgGjLov,56
63OshgWbxCtI1WHb5C0Txd,52
7vfWgVGiLgnGbInU5lvSQg,17
4mEPquRcjE0gTFoylj2b5v,54
1JI70l1lE5IF2tgJm5TnMD,59
4GMMwFXKjtBeTo8VwhkmEw,1
6kugAiBi0pt4KmV2ny636K,25
7wq03S8As2bkB6dSnXd63j,44
0ZdJ0MBlyrwvuLNtv3cbKM,32
1X4l0BRQfy7K3VkUATgwro,37
4z28iMiVbMlWYZhngR88vW,32
1GJLqaSf3YAHzHlnrFjeCS,0
4129VnB82LrGkZBDsrijKd,43
5F65SKdHWD9l4Nl4kgMcWG,38
1mzGywacjpeik00PVLBPpF,64
0pjMTISKHTJkogN1BPZxaC,48
18l9dai8PHPKp0MzR73toP,1
560bmVbJ73hE75bunZ8SNa,30
1qoHlIpgGxtmYsYdyiySiL,7
6roEbeXiBuGiZsGEGwmQmr,48
1KWrQXjHUvVUwjTypwDD2S,39
02DoXNeIVYvONhTk1fGQrz,52
1VynpqrTbP74RZVIFeKFcJ,0
6UYLBu0R2EIMPdGlT7bv28,0
3Ibuw6J8n0axsBfX8zMqSr,37
7mQKKSqxpQD11s4Tf0tIhK,31
5vDl10sh5HSvwVFenagOV1,0
59WgopKOlHZ5Bh3RDPMspq,0
6rmtT7Y8cH7NpvovoPiV6k,55
2fzly0v7ndY7NydVFBE2E0,39
6cd2WUJwbFgRz9gV8c93fu,0
73TU1voolT9RHWGLOHyM0J,46
7mc4No8g5eoAk7uuloLEgs,35
62luj74AgGkT6sKGqTckdU,22
5FRCYQCnVQaxGdbOyjMwGy,30
7aLWpKQuCPpoI6Or8WJnzd,0
4Sdp10fc5XgHxL1VaiMVYN,35
2TA9nZUGyYjR3Fd0CrPFot,5
06o6dZ9ekqfEvQNRePKoZg,47
3movM7HeDSPPURaOARtqhl,0
4jmfX9D0GoHnkSGDwPN7HB,0
1HR4WnFOfmKR0Xk5bT3vGM,0
3Ep0bUarDBGnWpLWkNiR8F,28
3cg2Hduob1KxRe4N56rhuc,36
1kLKGEKMyhY3jP8ka87NgD,0
0WchT001t5zRk7u9YYNzhQ,43
7Drho95MhTBx5JRbk7ykVs,0
2jaiM4hzyyQWZoLKrViTGf,0
7azHpw0rPAouWya981SjGY,29
4JAy3D5VimWbHJ7tBQEUQU,30
6c2nLvohQqC63ntHzvWtqL,2
6ednU64Ls0iVT97s2fbNB1,20
0Ye1olMyvB2rLjZ4vlYVWI,51
0PwPkm93L2dbWWmboTVwpq,2
014J7jX1wSv0manSdRnveo,9
6L778PA16SuyYvFhqnMndY,5
4fNDcRXLM39qJRgwVjtI3y,0
5oiCAaTXWuvRRKJwOfHev1,44
720IIHD0NvNfDURgWSB3rP,54
5sWevAyvYSRzGpIsdsRvJi,43
3Vt6a0rOyb4nGM7rBzgK2C,0
5H7CwzYZ60e7w69tX4ivQN,51
7ldlgbsVshuUnFWyimgBxn,40
6gXTlkZQjtNo5j3Kp86H4G,49
0gahmokctHhYjyR3ZUGr7L,49
2sp1QtoKfxJaSlsu8NOLTn,50
09yLdUZdymzX8iocIUxem5,0
1YXsDvZqz5dGdC1cngX0Nf,0
0pdeEwJuUMcBfmoeAMktcf,39
7GwoaOQk3fKpqf28Fl2ptZ,0
6CSoHvIEGzlS4hl8hzB9L7,35
0GGVNLSXv3uaN0GrXvDsOC,44
2wINoRCKEZtA4CuLLwP86J,2
5pOCxpmhVPYmJqny2LWsDT,44
0BLR0gzwIbPJlI5y2BUGYZ,1
62V2Wdw9YsFRXYy3SR4Gtp,1
1W7ZNYKcYjacT95mAVR6cS,25
5WOLZP8KrXiupBjG1SSN5U,38
28Wu2b54s7TPn0o8xSteeQ,0
6nBISCOZVQXAWdFIek2QXS,23
7wzEks2i4wsVNYKlzIU9LO,0
54CO2VulHs86lUBCnuuGZc,29
38Iwduov8CqeckUz1oKmyC,37
0jTFKCb21Yd4UMV5Xk9EUz,42
6nlXWOyoCPLXXWaklOyQcb,5
1KtU0WCq472KzqCXgMOxkS,63
5YncMl3WSmzvwkiIU2K8cl,48
0IeFn6mSeSiXvB2dGgpdEI,51
1Fg46JadAkJ9ugw7mSBUSN,38
5Xl8hwINbHKEYBHIU0WL1i,57
1rgnBhdG2JDFTbYkYRZAku,79
0nbXyq5TXYPCO7pr3N8S4I,98
5yY9lUy8nbvjM1Uyo1Uqoc,93
41L3O37CECZt3N7ziG2z7l,95
6p1FD2W6hWIDqbtcmKjzU8,30
7k4t7uLgtOxPwTpFmtJNTY,98
696DnlkuDOXcMAnKlTgXXK,99
0sf12qNH5qcw8qpgymFOqD,98
6WrI0LAC5M1Rw2MnX2ZvEg,97
1pv56nYCgJLR0qLdO5Ns54,48
4TnjEaWOeW0eKTKIEvJyCa,97
2b8fOow8UzyDFAE27YhOZM,98
21DA9SV7Men1ukbY7jR5G6,47
21jGcNKet2qwijlDFuPiPb,98
3ZCTVFBt2Brf31RLEnCkWJ,97
6IuFbYBWwzcJfOPRGrqjjH,29
7HMmFQsKsljwTw8bS7lu19,88
4YTyRXpZZH4dEuLfhekOFX,23
4l0Mvzj72xxOpRrp6h8nHi,85
6cy3ki60hLwimwIje7tALf,96
6v3KW9xbzN5yKLt9YKDYA2,88
2WsEw27UpTg43WQiVbVeYB,25
7qEHsqek33rTcFNT9PFqLf,94
3jjujdWJ72nww5eGnfs2E7,88
67m9uKyfr9QRg9ORMRN80R,24
3yOlyBJuViE2YSGn3nVE1K,94
1LCG7BBh96DUUV6MuQhFad,57
2Fxmhks0bxGSBdJ92vM42m,95
48K6PkRH2xYoQ4UHDf0Tjm,23
3ClBKQkKoaUQ6UOhe2xlJK,87
7aiClxsDWFRQ0Kzk5KI5ku,94
7yle4EK9gfIin6lQsAjCL9,52
3v0PmSksPZEx6VfkJCuvAY,21
6Ozh9Ok6h4Oi1wUSLtBseN,93
362CZbgsmoebwBM77B3a0N,47
5DxXgozhkPLgrbKFY91w0c,93
7sQKy5vlPQllr0k9IjYJv3,90
34o7op5h46HN2bbqnm0dCh,26
2usxQITOSDqvkYiI0oIwao,86
2gMXnyrvIjhVBUZwvLZDMP,83
0805juC23Tu4an79SGgLjM,25
2tnVG71enUj33Ic2nFN6kZ,94
0jzaoYXonBKCpq4Q9jFelP,50
6UelLqGlWMcVH1E5c4H7lY,86
7wBYgcmeStDfjTWcN19ERz,27
3VyjsVV24RmBIbWJAeUJNu,92
1iSqfoUFnQwV0QW1EfUit8,90
3VEpvUAoN9UBaN2NZ6JW29,14
3eekarcy7kvN4yt5ZFzltW,94
0hVXuCcriWRGvwMV1r5Yn9,84
6E14SIHDOSBQhdg9cRtrRz,18
6Gg1gjgKi2AK4e0qzsR7sd,92
6mAN61JH0dzyZpWslS11jy,92
44evOHkEKmJ5VofpPo0ta9,39
2Ec33AVlkTTq8BHFgBTdQs,91
653aI5kYEj97kuAKj9nY4N,39
0RiRZpuVRbi7oqRdSMwhQY,87
2ksOAxtIxY8yElEWw8RhgK,93
5FMjWAi9pDmZcfnVpBZpDL,45
6LcauUZjF1eXQrgqMUecHX,91
57vxBYXtHMk6H1aD29V7PU,93
1wixeGVawKbkXC2pnF5rK7,26
3QzAOrNlsabgbMwlZt7TAY,90
5stPVcRqb4qixbafP9e8lt,91
1CHLf03EayLPbAaF922Hvs,19
6U0FIYXCQ3TGrk4tFpLrEA,88
3Dv1eDb0MEgF93GpLXlucZ,88
6YCpiKFtSIIxbuB80QoY1W,42
70eFcWOvlMObDhURTqT4Fv,85
6b2RcmUt1g9N9mQ3CbjX2Y,91
5oXStHQf9eqsc05fioz1tE,38
285pBltuF7vW8TeWk8hdRR,92
7h0d2h0fUmzbs7zeFigJPn,89
3zI697olBhdYULrm2m93br,14
4vUmTMuQqjdnvlZmAH61Qk,91
4ncDAlyP3gmCWefTlj27zp,14
2ibt9PNFlYHSFmdZgu9R8u,27
3FGiFUJRRp5RGikVrs6kig,73
2grAr8pWMuLWn8ZYEE9wDV,73
66qZvBrVbGInPDWOF4OHNd,28
0ycFQvBTfuo1LCdG0HhszL,67
4k3uABcX9iaGlt5pRJhumi,78
5Of2gF7CEUd0krACByCeap,26
1PZG9IBZMCY6HdK2v8kSYo,67
3syzTZ5e8XhloHPecsOoDq,47
1Ia95g66IhlAJ3qVI4qI8W,66
1ToprX3cpBiXoAe5eNSk74,83
6XfSe248nbFmBQJerqaJTq,45
2Mfv5HaqnI18Q9JRv9hqnn,70
4yJiXq86uM56uIfIZgE440,68
7hJmJGSut55cp4jISbAUiV,29
7vgv8KZBSo0TPzyIWG9yzV,80
1e9oZCCiX42nJl0AcqriVo,90
5Bh9yn7uP4ktkFhE7QCBMC,30
7tN0ceaX3JAz6aVtyXn9mn,77
62z2Su8BBGvR50aOvdjPzW,70
5sK3o66yupTNIK6gWgzGjf,79
44pS6uiJC5PX5hTamjd3ly,47
4HUZBG98TYbxSR9V1V2DWS,76
29caulxU0jxucdVIyhSJTc,78
5F8ffc8KWKNawllr5WsW0r,84
6WkJ2OK163XXS2oARUC9JM,84
3dTmgecC7MCMbteWjf8Ls7,69
6X0XdIcgwfVa9orJnDMQB0,75
302I7g0l3jmAbzFu9WBCmu,77
0LxRuDnvG0MROplG3uZMNN,65
3tv697PZNnaQN0Mn2zGhS5,84
7yfVmOVRrstIgkNPz45tAJ,65
7sYAS4CpbV90oSemgaEQat,79
6ZWkf3FDQQmyeel23ECpIP,78
2EjGS0YJPaf3C4TCmJddGL,50
0rIAC4PXANcKmitJfoqmVm,83
5Xhqh4lwJPtMUTsdBztN1a,79
2JVbZEpewmqNlSzmXJTx2E,69
3MkdA6vwF0ifRl86yzTlJW,79
4HaIgFi5SmByxgennUgU3Y,54
5n8Y78Pl5q8lqS7sJP61qw,78
7LzouaWGFCy4tkXDOOnEyM,87
4ygXJj7Mpn9y8nxhDRufaY,65
42krrhUrCSKVBNm2tkHY5N,36
7F6f0GrWlOG0kVtdiCXCaU,56
4k20Ie47EcWtS4wMBn8w8S,80
14WsidKNckjSyoa18e0xnp,67
64UvHDm99aHsf3eSJdNpuB,65
1dKYlw6v9wofuqb7EXSvPn,67
3UYiU57SMiAS5LqolhHJw1,76
7BlBVFwvbWvcwNcUarQmjk,88
7sqnI7oQSdaA12yXYKmjZR,62
1T7j4KQjGJpqIcFMtOpmx6,55
6BfpjrOHrbe7K1z9uDI2yG,63
3lweyqK9BKJOY1pCKTEpnU,62
1PRIEst0d88KOuhFndRp9d,53
65i9Mc7h1CG7ssI1OhMPcT,73
7Ac3BmqTQoLdAt7HtZyfgN,63
75exSBqGJwoLRjgwN5YREO,62
2x8TNY9KwNvD19gVGs4WOP,73
76gCEZkHTzU8lY3aY6mFRM,69
36P6ptTyxOggYgR2aoZiAl,70
6FqQemgEHZi5v1pswknfHs,61
6u7jPi22kF8CTQ3rb9DHE7,40
5pddmkNwatcLOEqDqj7xEp,73
51Fjme0JiitpyXKuyQiCDo,91
6nxtCTnwxoRIAzbIrXGlT5,60
2kOmW169C7UV4SZDN9u0YO,78
7offICpl9kla5kC61uUAs9,61
3kySOLOrkLeOPvu3HXEgVz,74
3SVRfC0uq01bI5jGCLkQjC,67
49pu85144Xir6PgWjeyJhG,75
1owErGXMkNVCgCmCjI1vRL,77
2KyXyTrp3kp1Fsg7B1osYD,78
01wavOnjFBNgdMWBFYIAP4,73
5MMrkwK6AgNAsgHVdC7daZ,70
3geRc8gbDYPkpfebdUm4MI,47
17rF54WvGGqPVxDheq8PP8,71
6UnYL2ZUw8Vg40RRmFrrcI,65
3ZkTtSBN1wcSw35F8GDRmr,63
60glrFrvqFW5RmNNecsnaa,69
4C24fGqRUrz3TyVt4uku2Y,69
4v6SAnzwEr7s2m0gFQnJFJ,60
1EPtKqJUVJki9jVyIr2ZpU,67
6mX7ERpt8gb2BjWtqXkz9p,65
1AfNdxHdE4OLcnQUyC6j3i,74
4gDvg62vG96w0qJaF6wzcd,78
7ghI7Ocugk2XTdRe6uxDyS,68
2lm3Ric7MeBk8hLfsiVokr,72
2WJdzFwnx0weS4sekT175s,59
6NgwHmEgfQVIYQBq8QcWMi,73
46D0hYb1B7qiU33VtXt21W,78
2plLJpUcYPFrl1sW2pMG63,74
4pnlRYoaaGu24SuC3et5Pv,73
4Gy6pnhY9GGE3nqD3d0CmU,66
1psCVg04oOY36IqUVyRfhO,66
78m3BiWZ2dLGzElYwrIfFD,59
5099x34vBakWpGkHourFxP,85
1uryupl9hqVZYurJwH4G9k,82
40nPimvmG05WYS7983bawZ,73
78kar2tZk7655xZMibzXO3,71
0BVRi6cizWdDrLRmKI0qsw,67
6wDzwmywQ2X8O0FN1IQGol,67
1wWewVITrqZzlbrHnZzqm2,59
0R4dwzW253KTxchGryT1H6,69
5lYKob6hewwt3dcy5kWMfF,70
2qG5sZ7Si6sdK74qLxedYM,87
4mtHXZBOBMrZSI6jp3X9WJ,60
7kgFYF30RC9j1M6koVB422,56
68poZGRClFTzLdeRz9X0M2,13
7pSXU2BrcwQt5mbRPKEO4k,70
0ZHK2kaWTvSCRWkLflRFgF,68
76A0QqpRJQwn3NCqqlNlqi,60
4Da1U4No5kamKMoJ82RGan,54
5iwz1NiezX7WWjnCgY5TH4,86
2wrJq5XKLnmhRXHIAf9xBa,91
1HfMVBKM75vxSfsQ5VefZ5,93
7FGq80cy8juXBCD2nrqdWU,79
51MMC5DogGZAnHil5HQAXg,49
2oqt2Uq0KUEfsBOdfyNXnT,20
1ZPWWSwCkxKfqdp4H0RFCo,71
6vBdBCoOhKHiYDDOcorfNo,51
20I6sIOMTCkB6w7ryavxtO,76
0DiDStADDVh3SvAsoJAFMk,86
27rdGxbavYJeBphck5MZAF,79
619bJQ9uDi8dnXzLebFI7y,64
79JBjIq90BrQ8Ws0pUhlzD,77
14sOS5L36385FJ3OL8hew4,81
3zrYNl1aMdFrQkcOjKVr5u,57
2RJsc3MxI6vPPnzHM0eGBo,34
1HpzOCZbNWzxvvXfSGtSrX,74
6y68QK2SwC38YxsbxHrA8I,57
7GAaTpSoTWUTbP2Yxlt4Hd,73
3IdCZelObiTA5RJfQpmaRG,6
7qiZfU4dY1lWllzX7mPBI3,86
6kPJZM97LwdG9QIsT7khp6,80
2uNPQ3hwOueVe35oXHNEOx,62
3bidbhpOYeV4knp8AIu8Xn,83
5b88tNINg4Q4nrRbrCXUmg,54
57VJiw4jxW8RrtftV2ps8w,43
6tS3XVuOyu10897O3ae7bi,71
1bM50INir8voAkVoKuvEUI,72
7ef4DlsgrMEH11cDZd32M6,85
1QnvpPFP4Q3FHbDchqWiWy,68
15JINEqzVMv3SvJTAXAKED,82
0SiywuOBRcynK0uKGWdCnn,78
6habFhsOp2NvshLv26DqMb,79
2CEgGE6aESpnmtfiZwYlbV,77
62yJjFtgkhUrXktIoSjgP2,78
7ElF5zxOwYP4qVSWVvse3W,71
1qjJwDrg6kKsyCCMOazeG1,53
0TK2YIli7K1leLovkQiNik,93
6DCZcSspjsKoFjzjrWoCdn,86
1zxTt2e9Aj0DCwosx0EtGO,35
36ux3YuUsGTWPT8fXclS45,65
2V65y3PX4DkRhy1djlxd9p,77
3HVWdVOQ0ZA45FuZGSfvns,90
04so2YoeEkrKTfmgoYRmvw,42
4KSmubn6vL6nOxrKIz4L0Y,52
1G3Y77JFQADDEPnL6aaHfb,36
4lLtanYk6tkMvooU0tWzG8,75
3ydfhgIZIc2j39NLIhpJpq,64
6aLFwfpymvVRHd4CVI1Hrk,24
1r299qCKBLgUS9XJ9m1kEx,61
1gv4xPanImH17bKZ9rOveR,76
5YPMEOJ58kfl56VHxTgwx3,66
5rgy6ghBq1eRApCkeUdJXf,75
1XGmzt0PVuFgQYYnV2It7A,78
3oSJcVgX24PnrxdsRrf1mi,55
6qn9YLKt13AGvpq9jfO8py,75
2EBCVPNAG46nbgs6jXPGvv,73
0LNXVezPVx0n1dSyTFKpor,28
1NpW5kyvO4XrNJ3rnfcNy3,76
1CmUZGtH29Kx36C1Hleqlz,68
50kpGaPAhYJ3sGmk6vplg0,83
1mKXFLRA179hdOWQBwUk9e,80
6F5c58TMEs1byxUstkzVeM,77
5jrdCoLpJSvHHorevXBATy,77
3U4isOIWM3VvDubwSI3y7a,85
2tpWsVSb9UEmDRxAl1zhX1,80
5l3CML2OnzfNs5RfVgbcLt,67
5kqIPrATaCc2LqxVWzQGbk,79
6RtPijgfPKROxEzTHNRiDp,78
5sAtmnbTB77xXgqb2UHhxC,36
34gCuhDGsG4bRPIf9bb02f,83
6b3b7lILUJqXcp6w9wNQSm,68
2JzZzZUQj3Qff7wapcbKjc,80
0vbtURX4qv1l7besfwmnD8,78
1u8c2t2Cy7UBoG4ArRcF5g,78
2BgEsaKNfHUdlh97KmvFyo,83
0pwsArxxOsBcdixah8dWbX,47
7vFoFDWqTX0mHzLfrF1Cfy,76
09CtPGIpYB4BrO8qb1RGsF,81
5dKY8snzCZK7k4rqfmGfoc,38
1zi7xx7UVEFkmKfv06H8x0,83
72TFWvU3wUYdUuxejTTIzt,77
3CRDbSIZ4r5MsZ0YwxuEkn,83
5XBIgIRzyOqVMihgqgK8JQ,23
6wyr4ReB05D9sJB1Rsmcqo,76
4LCOHlJqbILfOrYvAdgJbs,0
3F1mueW8iouZUgjmawhVhe,2
5AQzdkHmlUJil4V82QmnBP,38
0M98PvIvx7vZ8LDpzMw1hB,72
3gA2OJK56lx5z7riHwq3HL,0
0JMok6kVfl3Cfy2kuz3Mg6,2
7jctPW5gAlj07A69fzS8m1,63
5p1PL2Gz532ziKatpyjSNh,49
2ySKRXKN58cbIlY1cxd80y,0
0BTAWeXFNhgAYixu5YGtE8,0
7MirWQBco3ZiuwvcdYaNSe,4
1pLh3xuAaDMyux3laCEqaq,0
3ROFgxvjni5xjdOLUSTLlq,3
0eeeyCAGnGZInPtpkdYiPa,71
0De99H6O0aCS9EA9c3LS0Y,0
2r5oD7twaQTsv5KoRS6v16,60
40jmkXCLbN4rJ3lJZP36vS,34
5yVnJq7vmGnvQdOXC7CdUG,0
4zDsgkTLNv6j3kQ0asJfrF,39
5jNuiCt5KUR808pHv7JRnN,0
7KP2vFrG0EZA34Z6CRJklp,0
0Zb4u1riI2E30ay5pVYAUW,0
5RraLIzcFELGf3Bip8t9Q0,0
7yfWlI1aBfyiaIMTpFuIX2,0
16CZ8UWwlJ6Grj3HjOW1Xx,39
2oO9xKPU8vkd02W3yOhv5v,50
0EPNX66SAKHx2wKS9txaof,34
55M6WlPDc8WID9UcmWjbYM,54
5bvGVgllIIJwcy2YstlGU1,42
7MHMTBev70bl00AlZfMMgR,44
5XJEdVQ5jl3C3dFsV7kCTZ,52
00vHOSgvVfyLzhlTZIJo1m,49
3tOpyEZYazChaOs0Djnr1k,0
1HVjqP22I8rGY1gyEqrEuy,53
6c74JALtmtDUlCbn9fUJYZ,49
3z7WmSgmSDTFH1WwL18yyS,0
1kznDMHz1kpzk7sMYIkrQ5,45
4QYhSCxutLSRDvOwI003D3,0
43y2u5KxBknQ9lQ2ILT1Eo,43
1b2DXzL03cToFUhTwHX9lB,37
6AV7hLSw5cIMTI47BxKRm6,42
3cs3lGvmdiksYhEn8nnslm,39
5Yjq7QuAgVJpsOR66m2YMm,32
6i2LVrx7eE2gSrvf4LOCEn,30
7JvnTM155wIxjTyVc8kFlI,30
0ZtRAKwEaEzbApyv7vZRFd,35
57ma8uG5b7nvK1ZjiZXH0f,29
37Gq1KAg6bV3KAp32xOoFL,30
2CVgm1sNonfLSbW3zkgcvv,0
2Tj1rwzPOkyS6tmGK5InfO,0
0745pNOxmaa0hAdq5xvrMT,40
3TBKXtDKPVlL9dN6Am297J,53
1XKqmq1elUrfRKvnhfD3jD,40
3k3j3rMaE8Z5UHqhva45rl,28
3UILi4d1uxhm3Brl0x1sXI,18
0Ud2tQFEcl1h0s0B9IzZA6,22
2Wb7cfgUCj3C95H5vCrsGg,38
3YUGHKquCjECjge6L3oMSc,18
7whzl1qu4qJS7WowJSQjCB,19
4n7jnSxVLd8QioibtTDBDq,83
5QkVPG2Hf3MmAarireF6lh,61
34PIHSOOTBoj1LAaYGHOcF,31
7nHmJXlyr4AIotI84ZnVFP,32
2uZvZlMK9LPw4gpqdjRN7L,48
2zRFPRWcIBBlTvvn34sj2o,44
2h2EuUoAfsU9dWzHqYIN0p,29
4El0uhACah17ysgOWAXhrG,0
0NiKOMbSMEJI20NmJlYy14,0
09yhMTRqQ1I1dniu3PoIQi,67
3n6f0eBOjEqOdcPVSl0ixs,28
68YNMgfu6MuCkdwLeiMR5g,45
66aARQw7C7lLT0YSqGs4mT,29
6tZ4PbOk9Qgw6LmOYBP7qK,34
4iI23lv1PWM4FzL5bQ5oUh,22
5a4nh2oropkkl4j2qKgSzq,34
4mEILaBM7bKZqKAun5tABu,69
2OSsMwCiZPC44tJ4OPVSZF,52
4m63ZA9od3vICn0AOEG5qo,60
5Pn3Qhu1z6OEPQVYbzgO1E,32
70niTFWmTQ0EFpKkqJKyZ4,17
5irqG4XOzMFGzG5ZnXFAZP,25
3Zh8DQM9VMQC3hIEvHmQTM,0
25HWrN7rPVMy7r7JlYZvsC,44
1ObZ6sMWPeI56b74WaULRk,1
3UEfOvhtrnpw57gDbSixri,29
0K0vnXPkSrZfO0xpT91jub,48
4PKYreZMGwx0Sphd8eSdVl,14
7hnsQzlqEfgo65WRttm3ZF,3
5TnqiR1A6QSKWW4YL8Z3Yb,34
793L9VYMEBkbA6pzT53usi,30
2Cbf7VrpLaC0zSN2EHIX5E,0
0XMeekgnEZDoieio8IysUS,51
7DjSCDnrPVN0lLejJYhJIU,36
0UBDke5y1kqTgTkgmyHiwj,0
6Nt8JXqD73iPp1tJLJduaQ,55
7udrvvb03mLcfQtVy3oxP2,25
38AiFxseK9i9ND2VawQdZR,27
0vyMjZiCTHUw6p2Jst8QSI,0
5M9SmAeRC3Maagednv0lnt,20
2yXDcLTZea27RXtQ7KZiBv,24
2jt1zmAB5VEY9TLNNiXLKW,49
1Sl3njkhhz8nrSPZroDQ82,66
7mcI6Gpufrz5PF94xUVDeC,46
2sxkZzVmVYdyMaVghmyxn3,18
6DwjhuRO96OPqSwd4UXpmD,19
2CkNxPDokO8Rp83H504VUJ,41
125fu86ET6qNRcnQvNKbqZ,31
4AimtqU9MO2HnMro20AK2j,0
5uRjHOMFT16RS1f8ZNlkzm,35
0X108Ku9IS4s8f4IndB9c6,18
7258lBUFSE45SJmxoJmfYk,27
0VVI9NrUp2dN6rL78r4Ov1,28
0iWYUegJm3Ty16VEp69HLs,40
2OJ4ICFObsG4qQ1yICrCUZ,8
2NAesqWULyWKuBJuCiH8ER,25
2pnExxp7mYVSgx8L1ARBSa,31
0VokwYpSt9gAX1GFxMbqxH,9
0PUWNk7gooEAHUMW5V6e39,50
3EiLWVLc7X8KrId1XPm9R3,0
2ea8kp4WKy1GdqHoYaz9Nu,34
6jA8HL9i4QGzsj6fjoxp8Y,74
5h1ujfTQFhPyfdb39bOd27,36
7hQU6NBqo3cpIH0SHjDrQS,22
7MB3TlGuV2oDvmkZyK7NDW,29
18Qiyxgv9e1MFMmXfBIJZo,0
1vMPOXedoeZCtHzBB2Vart,7
1Aer4G9rkyM8FxcgUq5TTt,28
43A4rmHek6Gc4QQygbOYhH,34
4IhZN36ncIl66lToIQbqMI,27
1TsUuL2SqH3BP0t7PKhkjr,24
3Qu4Myn9UbtAEnTmBGbHPa,16
21dE2qk8jtqdUyML6hXwrB,30
6TezkLQU09IcSp6LLjvIpU,30
3D17aeOQFwjADe88LjNjJ0,23
5xARsmYzBFk5onyIWoAIMH,26
5qEK1dvlPMpOYZTBFPGGPV,50
6OsDagqIzRrpRHwAUkeVy2,0
5l5IJdcDFbI943jIp2k2ZG,41
1ru4aAQK7UN0wK2JEjWMsm,31
2ktB9a97Jo4Quf7qLSOMNF,41
6jq6rcOikCZAmjliAgAmfT,68
6W8TXRdNeC8QkiOrR3oW4J,0
020mPSviVz90DTlyfxofDJ,1
3gqVjhFpPMjbZBLNJ7nhj3,32
49vh4qZFYU6VnuqyKduUmo,37
17sEmOaBjf4bjo6Zn7Rryk,27
2Hh9mUcHvBF4OEMEKB2pgw,40
6ZbiaHwI9x7CIxYGOEmXxd,52
1Hpe55FfvUHQF9rAT9iXB5,36
0pwYLVXVknPSGUQb39cePC,72
273dCMFseLcVsoSWx59IoE,62
2fZQIJew3nkNe99s2PKzul,73
190jyVPHYjAqEaOGmMzdyk,72
7wZUrN8oemZfsEd1CGkbXE,77
2iXBZ32Fz5VDCLeE0JIdX5,70
7GJClzimvMSghjcrKxuf1M,76
2L6orAlH8tBhiFTumIfMyF,68
4VrWlk8IQxevMvERoX08iC,79
7BKLCZ1jbUBVqRi2FVlTVw,85
6LoQHIo74tOzQ8EsLEkhgF,69
1c7ksvu2hPfVcMqQeHebkg,54
34oB5r0lcN3fYWCs2uA1k5,70
6TwfdLbaxTKzQi3AgsZNzx,58
3icobpUUcKEbt2zQUqRpvM,33
4cdgQp78RyRzI04Bmw8o44,45
7Kt59L2ZZGtOnIhvMwzG6f,60
27SdWb2rFzO6GWiYDBTD9j,77
10GJQkjRJcZhGTLagFOC62,76
2vwlzO0Qp8kfEtzTsCXfyE,76
0Qh38w01QRXK6KHIv0e3hb,76
6kwAbEjseqBob48jCus7Sz,72
0ZMd5tkIxm8XkFEwWn5Ftv,51
50RJdoxw8iajGNtHQe6QeS,56
3KwwE4sgCzMaKWq6QBebmX,72
6N6KzOcDjKwgCOx6Ijzz3D,29
6YUTL4dYpB9xZO5qExPf05,79
4kbj5MwxO1bq9wjT5g9HaA,32
1HNkqx9Ahdgi1Ixy2xkKkL,84
6ILsOdeN5cv3M0tp0ootWF,51
5RIVoVdkDLEygELLCniZFr,68
6ukMqDxnOPOgoHdak7Kyp3,70
4boQG2JUmRWIDOoC3coBBl,29
05zCWOpwIUf6JY06gSL6uz,62
3NFuE3uDOr6QUw9UZ9HzKo,59
2KMJ5CoxY4ECG9TZyNWmpv,59
4gbVRS8gloEluzf0GzDOFc,76
2bL2gyO6kBdLkNSkxXNh6x,75
4tnnfGGLBYWwotE4Q8H5jf,46
0tBbt8CrmxbjRP0pueQkyU,82
63OtmHACoP4tm1aho2vWGe,25
4B0JvthVoAAuygILe3n4Bs,78
7iNIg7XDEaYECfWD5dJ9Va,76
2E0fhpXbNfksy2mdjm57bf,67
1pwo8l3Ko7idwaz4LVUEC4,76
4JIo8RztBbELr2gWJ5OGK6,77
6oG7bmUn7ws0qYEJ0eEbeG,68
3KZcrZ36LW9RnChK1iIkth,71
3bC1ahPIYt1btJzSSEyyrF,76
26rdOwwjC2UnweK3xeS58u,68
2S5LNtRVRPbXk01yRQ14sZ,68
0b8A8xIApWnAtevIiPpQnR,45
2Z8WuEywRWYTKe1NybPQEW,81
6i0V12jOa3mr6uu4WYhUBr,81
3cU2wBxuV6nFiuf6PJZNlC,71
6gj08XDlv9Duc2fPOxUmVD,67
0lHAMNU8RGiIObScrsRgmP,66
1A8j067qyiNwQnZT0bzUpZ,78
23L5CiUhw2jV1OIMwthR3S,80
3QGsuHI8jO1Rx4JWLUh9jd,83
7JJmb5XwzOO8jgpou264Ml,82
1vvNmPOiUuyCbgWmtc6yfm,77
0lYBSQXN6rCTvUZvg9S0lU,81
1cOyWWUr3oXJIxY0AjJEx9,67
6nxQdXa1uAL0rY72wPZu89,67
4fwbGKNExPtPHbor1TBSY4,72
2ACOWPLUe4A4KuQ5ioD2od,70
4esOae7i4rqTbAu9o5Pxco,75
6IwKcFdiRQZOWeYNhUiWIv,79
4LIu4EcvRwvvtHJSgwVagi,37
6brl7bwOHmGFkNw3MBqssT,77
41Fflg7qHiVOD6dEPvsCzO,74
1CS7Sd1u5tWkstBhpssyjP,76
7vS3Y0IKjde7Xg85LWIEdP,74
0wwPcA6wtMf6HUMpIRdeP7,77
19cL3SOKpwnwoKkII7U3Wh,63
5xTtaWoae3wi06K5WfVUUH,68
5sOch9Cf4uxcMtwFzMtNqQ,71
4B3RmT3cGvh8By3WY9pbIx,66
5XMkENs3GfeRza8MfVAhjK,68
6b8Be6ljOzmkOmFslEb23P,78
2GyA33q5rti5IxkMQemRDH,72
14hJ5tc1VCFMWhVn9axRTC,71
5jsw9uXEGuKyJzs0boZ1bT,74
7ciLq0Cip0yxiz6KANrOUq,70
6SkoBaMd0lzoQjID5aV2d9,63
1xhBXHxqnrbFvAzCNc8ZD2,40
2RqtfcLB7iOZj0zYB8Auhu,65
3ehS7brEPi3Pc8yitrFdbG,43
0prNGof3XqfTvNDxHonvdK,73
4v0134PgBTGsFJiGcV4eJk,62
1LeItUMezKA1HdCHxYICed,66
4G3IXyVRxSx5lLhUvv3fu3,58
0Vc3nfRMdvY5iX6AHVWSMN,61
7ykMO4py7Nvrgf2vUHBkzr,55
0p0ljM6RxgpGt7wthGqBZa,65
0JhKJg5ejeQ8jq89UQtnw8,22
0utR47mwVxzobWJqPIgEl2,9
5Sey3HgGa6KB46mlOyCClZ,56
2zMXH5k5NZy1Nw460bLvRh,58
7nwGvxqSrgAuty1tlPGCFz,57
3F1TIgyzrfdU4dF8c4C75U,55
3xQjivjUZ4KnUslduTEYKC,55
2BVUOGciUUUqOPSLtHwLGp,63
4ogFKRgF6CWAmMWcstMU08,55
6wb61u8ayuanWSHZzle5od,61
2U0pVx4m1Kdm1Gsjjm6iq8,58
3nbnyZb8F60d9vHLm8RX9N,50
3zU9rdflI65tK4dkkNSp77,73
1wfZdPy5FRWsdWaAEOG0Ml,62
15BlympuVSfZFROojEMY2M,64
6BDLcvvtyJD2vnXRDi1IjQ,62
69Lq3BWssbLhf4QDRtFY51,55
22S5BO6h7JIOjg2Uw88l8e,54
0q7oMII7kWTj1ZSX6GT6LU,63
2uF9MllYoEuXzUnMudZG4c,0
0Ev562zA4pmUsBqjxsxxdx,74
2ISSQPb9LHHiV6ng2NXosL,70
0Kk8NWt2aj8OXeYONMzxrk,58
3UP54oSRjnikM8mBHmCJhE,3
6y67LQI1ClG9nJlvpEuqUt,0
5ZzjNL4J31lqU853Un7T3f,58
7uqXoZoKZKjuRdNphOQOgU,57
3b71h4RqnMZ4d7UmTOwA0m,50
3OaunNUlXXs5e2PXtNAzzG,73
5ZahQIsfOhgRoLS2UpUN7J,57
4QVS8YCpK71R4FsxSMCjhP,70
1DxEbPu9z1SVGh7dXMuzS9,52
0n30h31bEKiIHXXzPbkdqy,57
447yWcDPg1ddgcHBLGpJC0,13
3IDxECslyQnrA8IFZOgk79,32
67rvuV6oRGppOyXZk9OUrs,39
5jgLKm76IBxXHICEKK4wLQ,40
7kjvRqp04GGWo7TYhChjpJ,12
22POpFdpHAwCQLvgVuCS6R,17
1b3oogM5orKL8ZHrVGybRm,22
1AcoISuZA2tq5uFOwRA7yu,57
038k4V2bjaAQsfpYV7V9WP,37
0wGxHftiB6j0SDzrFkF2G7,17
4rIAqwhHGfWChQvQGYwEfR,59
3Iee2uf8UXOrOupQzfs1z5,11
2wm6DCnWcWwfsIl0LvWYZ8,61
7eurOgoz8MJB50prrw3Sv5,48
41BmSpGurS32HCl6O2UBKU,33
3WgHKpcZfkAFzhrhuMTUgX,23
6UDrfHEnUWI3O03sacM3KO,57
3qlLSRfudjIMj9GyBcv1lV,50
7pCOQEjSzfBAswhwEusLh1,46
1JUlWXa4Qn77rZL1otnhdR,6
2kRfv79CtGRYgkdCRiWNO3,33
5FAK7GY5W3PUBPLkJ6R2wq,46
6wU8XNHA98WAzNiLqiQiru,43
4aimS7UJHeBfF0eJDhIGBH,44
5iPnsVuITetx7KctVo7RW9,1
65n4DkUhKUO4tECIabKwy1,61
4DHRbvvQyC3mBa3Y0JNl4n,58
6tv43DiBgTHgC0dtID2MXW,46
3vv9phIu6Y1vX3jcqaGz5Z,73
3HKiR4t12GW18bnPUVhx5l,59
6UiDiFJUGEDzkGpZBL8IYq,58
4ajF5UznaEpfHFXv64AQ7T,44
0VGrgE7GbWaINRnh1bR4k9,8
1Aw0wPIW70GsV9KoD8m7Ps,43
4e1V6XqJ0GbagtTaI6ytUS,2
7egj375ez0KtF3bYCfAHdZ,65
6ghGfGpipODLLDyzcolTGW,36
3qhfXNcG8fGZdyNhiBpeDD,39
4OCvd4ila7Zp0tEsFWs2hP,45
6E1OJ2yc8uxlwDDNHC1LVx,47
7wNWHfyUjn96VkmI63XTDf,42
44oL4Cwc1jkTxLH5kwHe1a,54
7iYMW4Ww40RAbfeccmzMQa,53
7JWVoYwmKrFWpHaXCCcyiH,50
55BmcYqf7OCjepGCKfmJRo,6
4Gcv5SsxnQWpmOnUI19EJk,76
2rOfnCrbxZpMvENtx8LqY9,44
7MFahU9vl5TWlei936k7n6,57
39glqzRVRAy4vq3PqeTGb8,62
3rwdcyPQ37SSsf1loOpux9,50
74sgVh6hniNlOaAJmzrOKp,37
05CwHjIk71RXVU40boRMnR,39
5uGCoNepb3NfYHzdVDXQtC,62
3VHNuIXr0uRzVFsw6kNFPW,52
1Ocq0NTmglaMcxIGarSSLY,2
60jkNKC1ALVYGyPTrhGWul,42
1FY81Z8My4fvyfwVlLcZ9a,23
6n8wMpVpde4iJXAue6VHEL,35
2nkG1q8Iix1HChLYtJFrex,25
1KamYvfe3xmvhmXicpkTsS,21
5lhHhePD9IWBj4Pp0LjL2F,26
2MFVal6TrCwl4RH98I2M8n,24
0gJXqAhCNSx8TmE51tnG0M,38
0NinugNJlqxWVLohmBpHvV,29
41EyCpjvtietoAXwg56Zjc,29
2RZAEHKnwWecwUk8qVuYiM,34
4E4LASqbJ6ikLFgfHIQmJx,32
1IdKuB3Pnj3HOViSIZHTzs,30
4D9jZOZpWjPTSQLCsKBEwE,35
2Ph3aZhN44fMzXxmeW4aBw,27
4DXMM2jLdMb2y0ihcbPebe,38
1FsdEo2ji5wjI1OqvQ3xAE,35
105uuUkkh85a9G6OZQzvHE,36
69l0Dyhy2pprXgZ5YX4rAf,31
3UsqZkuHiBXIUl46GsZiCD,31
1vnfbz35mnFizpSuVnYoDG,34
10eTLaBl3MPqKzgm90ZfrU,25
29MOOOmMRPeWyPwKQFoF5t,78
1hximnciSVhlyATFo9i5N0,33
6O4ZuMSOh6JVuyCIycaQB3,25
6tBvw9TfPXY7sIcgg3EZWE,42
5jkuludTnPLOfvcN5PATWJ,39
6c6p7nfzKTiBTfmnWaKzu0,26
7snVrPreizmWgxK2lXAioC,30
06Nd516Lt4T9Y9LIfGeLux,12
6v4EZKfl4gAm85Dw1BuUIg,21
3sQfB3qhgsSTCdh55ai8zj,35
7pr168TcvrcajZoKC0qxi7,20
05spZGjDdUaVc3QAv4ilY8,0
3IU7kPq7nceGAePo1hY2Ta,0
7j984GrN3brJOMNzXmffg7,0
5C9hWBMKXj2WN2j674bmHJ,0
2ruLk85iMXVqD06ccKvefd,39
139kead5qSlyH0iZfsY4lI,0
5I9P0RYdL5AVATzHSW2Mjw,0
1wjzFQodRWrPcQ0AnYnvQ9,83
63PJJreKefgW6oIDXkXgiS,33
4TWAV0boWqxniFSWjfXA7Z,47
1mpD5Q8IM32I4bF6eCpU74,87
22OkYzlU46O7PF5Kw4YfKF,54
4TWweFic7KA6u4yrm92guH,29
77yhWjXlpQzmbId8mnZpsZ,32
3lhmj5XfT5poIR5ozhiDmH,53
1qcyw35R6PiMBYfSSK7gDm,4
5tqDJzxqgbYKBiGlHDvun5,30
5lNuqFVMca4vPupY10cH0J,67
0aAVBcORefVNADGxgqh8XM,47
1dNIEtp7AY3oDAKCGg2XkH,76
2ULg8Cw0Ckn5JDGUkCNXko,49
6QprbmHDb3yVNVTwlmaTkS,36
1oUb2nyyq0IWVj1nsuft0H,52
47zREtxQZ3cHHIZwUQnuuN,3
12mGwph2YzDIlChtq3EdXP,20
1x5sYLZiu9r5E43kMlt9f8,78
3WtCu35qpzGCLIGa8pczdu,59
4qABfS1RaGVXdBhj2BQyhO,57
60wwxj6Dd9NJlirf84wr2c,74
2QtJA4gbwe1AcanB2p21aP,61
77TT8Xvx637TpzV8kKGkUw,66
1HfPcQ3c2HyGeID3u1lmCa,53
2QD4C6RRHgRNRAyrfnoeAo,58
07nH4ifBxUB4lZcsf44Brn,75
7MmG8p0F9N3C4AXdK6o6Eb,74
4J7CKHCF3mdL4diUsmW8lq,72
05SBRd4fXgn8FX7bf8BCAE,69
0385HqYimoTQaHZP17KwG1,12
24LS4lQShWyixJ0ZrJXfJ5,71
0xMd5bcWTbyXS7wPrBtZA6,65
44906V2WC6k59u06A8CO9D,47
5wldXGLEOoRXxMWJ8rIUWE,17
7d370xeaJldl9wZ6QnL3zs,0
1lCfZOuD64LR9J1woSivou,19
3D6FxHXduqSEY5uBfEPuSD,45
4UIAJ1WnUvAPPdkzq2rn1i,58
0bmB3nzQuHBfI6nM4SETVu,43
05dL7chWJaVjMJnGO1YCKk,53
0rCuRc07y6l1kPYj0JSRg5,45
6hJSH3jS9jG6khVclppBJw,52
62N2JSA0jHmSH7Va9t7hIf,65
0SWR0r19WhdCRFzkxBlYJW,38
4B2kkxg3wKSTZw5JPaUtzQ,71
5AsC2kPe77WqeeKNVWxrI0,0
2UXfcIiYWyIvKBlHyNQlsD,42
4YK48OgaAKpBEaRS7ZhCuf,1
6TCk1yecQRDU5sXG3vjTYj,51
1JDfWFKXGxMjStMXfMRkto,0
4Uem7GbHwFucQQUS2f01dU,27
1etygKJ8H3NdhX2SljkNpi,0
7blHz7paIX6m7WGcsC1gQ0,20
4TNWgANrFMzz9qfPlBNopm,35
1nas007nDbzLwDGwvMdz79,52
7olq1ySJU0pSghGyBj5yTK,33
5mOVGtU5mxgZWfdo8FyxMf,37
5NmENli4oodYuWrI0vSGK4,65
4m44w58OgkMpRrFaw6f4QJ,18
7j3HTSCtsbMGDUBwiAP7pw,0
2KKtVbiUduFBMSRDjijMWz,0
6vit6hVkFt5cf3eWTG2oDC,0
2TsMgZTaacXikcOAEezzyk,2
3qO8p5ccCElEk2MMAI0u4J,2
5qsKdwDWbhNTygUO4mGpix,4
0jPU39bL0SrCmYc1RwbFkX,44
6gpcs5eMhJwax4mIfKDYQk,74
4nP6jRqPZjFGDfBZpwxwh2,45
6BaCraQ9xeLYg4Sb9TBT2X,66
3f9DeMtU3Sifmf5dqs2Ava,51
2UPXQ1UumX1qBh8COMbo6K,46
3ebXMykcMXOcLeJ9xZ17XH,81
526JRJ6gBGXWPCc4iZgEGp,27
0gE8dn0iFfXoSLLakAPDKZ,22
3mha0HzD52axbosG3H4Xsm,4
2nHYDKaWCLNGYMPF0mNLCr,44
52yOf7Ls1u5AO3cFIzQ58m,8
3Wiq7pU64CJDhq7W44TYft,23
0UdTBg2IUhP5GK8N2xN67O,36
4oHmgneU9dwYoqg0SJSOCf,2
0ByMNEPAPpOR5H69DVrTNy,76
5aSpdEubSdMnRNevctb55H,14
5knuzwU65gJK7IF5yJsuaW,77
6q9hemM78FDsDJ2CHxpV5N,31
6Z8R6UsFuGXGtiIxiD8ISb,77
0KKkJNfGyhkQ5aFogxQAPU,82
7j56HrjR9cGzvekvZY3Faz,64
14eqkkICgX9BTqL8qykxJ7,0
6BLOGv41SktD5DjhCcqwah,0
1mPPo1eG1joz3HX0Ecw9LL,2
3rfhI32Il2hVRKDkuGeeen,64
6p2l8mki7sBTvF89R3tcBj,50
51NBMjiv4t1nUiLC9Bim3G,58
7sG2bWi2eDtvX9vX8yC1Gn,59
7zsXy7vlHdItvUSH8EwQss,69
40MkEbKzuSW9ET6HBngqnK,8
4vS8VaBwJJV5Ry7UFIQuoo,10
2meEiZKWkiN28gITzFwQo5,79
1brwdYwjltrJo7WHpIvbYt,20
6UcTHiP25meOD9ox8Rspgx,10
5t5e19EoXJGGt3l6XNnRgx,0
16zC5e1Sgl1FjEw0zPfG92,0
2bKhIGdMdcqCqQ2ZhSv5nE,8
6LbrOTiIwGukPe7qpbC30l,0
2egKQvoHiCJyHXn8lRlsrl,58
1e8g8Zypak1hTK8l12olYd,58
7t8qTDoVozTk6Sn9CMLttT,0
2HJQcyUpmUuvzS5vBAICIc,62
1mSlftOO1dlDRXAyOE0Sbd,13
7vRriwrloYVaoAe3a9wJHe,81
72xvRETEsd5hS1RfduciRi,9
6WhzFzROw3aq3rPWjgYlxr,61
38510fWvtOkrFjg2EDkJtT,3
6WLS56xiRrXjSm9RSdL3zD,14
4tRLfSHpbjlIjV97RPWr9Y,7
1Hk0QRlUFCHYG6zIvUh0Xd,65
1V3BpCUSyBt9PDZ309652A,50
68pL3hokJXKJ1vJSaEhKr7,52
28vduaXm4uHj01C4Ey7ebe,43
1MtUq6Wp1eQ8PC6BbPCj8P,73
4QPDhJZOme7hpreUuOSLWE,45
6NsxPxFzZ18TKBcTgxX3dh,49
6GTxdh4FiA8XyCLFK1vvgG,50
69bDRy5MeWQl1lNeEJQIBE,56
56urRCfhQX5H3tfGt6q3uU,53
2cs9NbGdcutSqoy0SEmyuY,45
1CpCIb8zybdjskLQRL6rEC,53
1PtL0YQRtq3qxDGUSwZPJ5,68
7FrQfROirwZQH9YPskADJA,0
7B1Dl3tXqySkB8OPEwVvSu,63
4qqArAiTPueDxIp7cf87h7,71
0OwX5aROoW1Iip8FV51Efg,65
1almCHdsfikRPfVB9VrEdT,79
1Te8WIfLudxjHTr66BL0JK,64
7xrA11O07xo57Bbg6p4hck,63
6s3GEN8wK0OMzzzZbXj0fu,71
0qRZ9ydGdzeVk3S01pLGoJ,3
3LGxef3inmn5jMLGDz9lqw,60
1sfmIZRBmY5yq5wRQs987T,47
4Z1t1aMRif8ES212kTN8H2,61
6yrOS1fhNjS9QjhoixoLTl,35
6str6hBCPSjfhSIS4qscDJ,12
2IY7eOUDjw2ArKYxKa2jXc,7
2rizacJSyD9S1IQUxUxnsK,70
3XIIOCu6B8PuGq5j61asEM,14
3cNjgVBKTJ1SvKhunrCdVy,76
7evPpWWu01Klxi0KlPxR17,18
0AKejOKlGdiB53QpwAeenO,11
7BdnIXtVhA3cmaGNQtM52o,18
2H4PYDafEuMvHqbkErc0vE,37
4uz1dfMq6nXBputSKnAqRG,35
56cswAa9WdFBsjsTyPBAKA,6
1Vr0QupON4oPqAc2yqnfjF,0
5pqUc0SPA1EmhdOyD9Ou45,51
61lDxV5pn2UdumqMpdxCKG,58
0B8B8cVRFIG1yznoQe7c9s,53
3qaYuV5XZAwiOvGE91HhwS,48
5EITjsahjBbV3FjLOPzsfz,42
3JgVSANe9EurifYohsq0MP,0
66Aow5bwWqa9ND3rFilJ6I,39
1sfSPlgRbo15MaQXCkCPgA,44
1sZnQFDHBNr3BRa89NnKo9,0
5wQRNkb7OhzJoT1P0OZ4Rw,56
1cG0umU5TKStygKsPFZ9pY,65
0JWeXAsgB7Bz9I87hmGpB9,41
3RxPTqpDtIeLBKqInzYjSe,2
1FUViuNSldssMIawrOXF2i,62
3dzZcaOz9vzSjAL0tyOQbv,16
74Ru27B7Jx8mBt5MGvGLLv,5
31t0ATifZW5CW3XP2QUsUW,4
0HLpIMwRnkDSn55nAhscB9,45
2sApUgcQQL2m0quuYgq0ec,0
0NXbteSHrnUtx0WJjjWpR9,1
15vzANxN8G9wWfwAJLLMCg,75
0FOPDqF7FBZwHITfKHMvLK,47
5uCax9HTNlzGybIStD3vDh,85
0ooWMXBBZF8GHMyZZKOX7S,10
0SujigeT7cxuxBfhN3eOcp,10
5wbrX8xNwkrNdXf6lBWvP0,61
2Lv7vYpPx68ttqspWdMnvw,1
7qcoZzfJ7HGOuR6fwTbZND,41
6w2A10HCO5nhBCaNLk4aS2,47
3BC5s3KuoL1lhtllHkY4lV,1
11xsm79HwpWV1C1lMXoVo9,38
6PtXobrqImYfnpIxNsJApa,64
67awxiNHNyjMXhVgsHuIrs,72
5MBhTcvskTrgb6OmLLrOqE,13
766RKRQ1ZJjmdBQ9y54HKj,5
6oFd2c2UiVfFBTIJiFVfz6,0
3bT5PDBhVj4ifU11zQvGP2,5
6eDw3SaYkrJQdU4OTUWNOf,0
5QKPi7unCLHGLv6gJ0c6Vi,0
4oJlQHvcgGMcnPdEsDVqNq,34
6bCabEQbWmxuyZQLHn8iiZ,0
4TUuAXGt8SFNcl7ves2nPe,28
0hGSr4bb26syMkhIiPGNNe,0
4sKxpfxfS5AdVczPBtv4QX,47
037yW9RzsLze4OmBYmcH4G,16
4J82lONPEFQ0P9rnkUahI3,0
2x6hopxvQkOzZTBdEMyUO2,40
4GNCf7mGb5NmZPx4NbHO9h,1
0WeF2Avp91o78EiEfxHPrw,1
6q7HUVZZ5BDt2YBPM0s6Qn,0
5VHkkdAWbO8QKMKHnFNotP,0
1toz8k7rYIw4FS5jOSXxYH,2
5nKnfKcH9r2Wt33RhRWXhr,0
5GbOxaenurzwIml9abdh7Y,12
3rBDty01BRxfQ0C3LjLN3X,0
2717O30PeUJbOVX7N0AaDJ,0
48G3g0cNjZZLwRTTcBbc1u,1
7lxunsaDjpbHFvVs9Db0O7,30
60ujaCxju6Qndk01pIQ2Pk,0
4pWfWlnxmtUHVnzuqTTyP7,0
23gEWg886oyEWphJOhplT1,0
1oX0fJip3Pg8n38740vcKs,0
4oJnPMMBftqQRjWFqwvblo,32
3ietiUYcpAjD0burVmHBri,0
1NZMIqv8Rxp66PGFV6i2fb,0
4y8XhpQ7YqFLyz2o7c7r7X,36
2tBtdRjNw2YYIEzj6VtQhq,1
3ZGqWjcy9D1ZqxBOdOhH7x,0
6e7Xpk8Ot6EECTUNkPgxkN,9
22isxqWRKLhywRJYM6B0Wr,0
2wMW456QogoilDyApEEAky,0
0LgXyRIho1cJ8dfbWNIEtx,0
6FqH28raIkXVlcHDUvlEzA,3
2hWIE3vQu8Zc63zWaFiWRG,1
6qCyotuZh3DSf1IraRIECq,0
5H4SOkZ3ELKnBKY1XMzVst,0
0LN4wlhICj5qBXKaM960jQ,0
56I2Mg0Q0O7L5EUmYBGCW6,0
1gOxFgeDG2xUKFfCnHnl37,0
2Y3eAKHXWZy5r88VEhIkL5,0
5KPMBOvLbP4eMRPHKv3pP0,0
1RhK8kEjB5lUYARdK7truS,0
1LBUjhIG1SN6Jssf2HgxME,0
7GVSFPQOFTvj9x96Vnq8Yu,13
5RCQsNJYVvCZRt5ggzkjkY,23
3EBe4cSkKqjkv3AEAmjyaF,28
5LIx8Ml1BggykfpwwkOgbC,0
4GqvWKAq6uKAcivJGnNAhR,41
0twZvYPeZTFTEaCopQoqId,0
5Nm5zhah5fEFJ5FatphfP5,0
1QC7vpmKZW0Nb3I16f9jND,42
0vJ9I27nDA6PofOm83NH3s,7
7dhkH0CecrXlGgoNHagTvV,21
0GaBMjNGzWVARb3fReN6dx,0
0BDH10wUP5k1Pwzw8GjbvB,0
4655ITqZ6CKFqnLI9d5iyS,12
4MX33MuK1h15xjfSpXU4tj,0
0By6lqHxAy8aKnbcmRqkBU,0
6nlCPdygwRryI79rUbWx4m,42
06qKEP3ITnVPmH2ZW1zYvn,0
2zgy1SnyfzoyyG7De9zT19,13
7HsBPZz9DNjSoknVFsOwAh,48
4GWfs4aOX9NG4msG9OA5er,0
13ihPYxYfIt4Oe3crs4jqu,20
2cECvldC3qtMue7yH9BxGO,0
7Go01FM0sfNRmNs7uJka4b,0
2thYAVfPCmf4QxN7R69rPu,39
7qBj3Uyq1viGgNVHMwY00D,0
1Xcww2gldd5hN6WvGBsbFT,38
14KtEyr1OCJnaYzWIpRHSA,0
0qDOSuKfzm8dKrXAMVKe0J,41
6KUyWWP7El9TZqzrDwdO9s,20
0gEZssZrAI2zNLcg3u8i5Q,0
6Omn4mz6wbBlz66hNdK3gz,0
2zouWv67gStVJqRzXxaYcZ,0
6rimoR5kuMbnJBYQZyoEeY,0
18g2NMnK8Eb8PUIRUWtltU,7
1yDgazw4dqONK0SdaRmCea,5
2N2Mp4HjnYcmrZ2YqrKedy,45
2r4ryc4r1Y6pMgdBJmG2Wk,40
5zBfEZ36QRKjkU0eqNuM8d,4
5wQeCrJTJxGZnILnyCBHjI,54
280ZN1ZklTE91imtyQwMBa,0
5fp6j7TdmXpmKM6QEDL6ZA,0
1CuBioSnK1CMLeKDmNpoix,0
3ujstzIS9rVc7HlCg0Xwmo,22
1IDgkox263J3wzZOew2ZFR,7
2EjN9jtgovwI8XSYnhoVmf,36
5aTltn3BjxXqxoVfchFLlO,2
1rP7ICGrYCqWYwB7SnblXd,13
2HLMVKzZY1R7elt9aiBmbu,6
5O6ZKhH3DdUtDNrElPHJN6,21
5ZhKq6KBzL1nUNRmdBJdNV,11
0r80urp7Px6kt2oK14lqgh,15
7FbKvU4PI0hodrETCtlRYO,6
0E0Dy8WQLtRD2RBnQHI2ND,13
65Cf9WzO1Uu5jpW92sfAPS,6
2LG8qfrWc1UeViqnGMKnkJ,0
1HGpnAIot58B4mNtfn0arH,5
0DiWol3AO6WpXZgp0goxAV,74
5o9DZHMGopB2DoSSMTNzQR,47
0z91ZBaC2NvaSOUiIkTupQ,0
54hoWgqeSIk05I79dIPUie,43
5PffvGLh1Wubwf8p4TuPRF,23
4XJHOf2cpjKYnORLdVEjVV,8
1PJaIi4b7JV4QhBy6Obqoy,24
7gVbn4hZgfmrdYaQdOHG3J,3
2vtKU8jxY2EGtd0LrX6bFN,4
1OLNYVZejaOmBJ7ykGnyoG,2
13GAmxYQL8IZMXX8nw6iqP,0
6F54dFod662xOewRyGMuSO,36
2cb9ziFhGYziK7kUR05yMd,4
4lSr9z8OgPLtjJiV2XTgPX,0
1iUuoBWwid5J0DFT4mm2va,27
78RiwNYLfXrqrRdcZI2yPW,0
6jLP8cNg1H7gcy9hn96ZoH,0
5foOyxcGmVKHpPfeOfm9oi,49
5FDn1oWUD5BXL2HCfmCk2F,51
5iQYHpbIv6YABOjTWhs7Zj,24
6sJnrJ60TRri1N9cADnFZy,2
7JlawqjLYtEVVN5SMtJHlU,6
0x0tb8cZvOrJLeTr2GSH1T,5
29Y1EuVknd2d5OjfWgZdHb,39
7uQWtaM6QwPLVTnw2xEXhw,34
4kJsFdyo6y8l1UR5mDMmjN,13
4KtzrgVnGCIOW0S1Lo2mwD,0
6BitZqwsfaxVhoq3LE0vMt,0
4NqKcty3OxYF0S3VXFvbas,4
6ON6ADVu2qwIvUh20sQFps,32
2yWyFT6bW1Rd9cjVvYi4v8,61
4ao36tgMZ2rYHF9w1i9H04,1
275g02peaJ0xX3KtwFUjtW,14
2ueKL2MWoyfg1FnBpHOfbH,47
1jetVXpygCcFXFPKQX0tjA,31
6SJTWpNsVGMcMq7pUwnrvX,15
2zrb5bR877mDlviTWuZZxz,1
6T1GMVEgOkhgVx036WUZyi,0
22M8SqgMTYaDQWV0TeW6Ab,4
2Qd1iViAA4do31s4PzGtYM,7
6v5DKIzAVBVcxvb7BFGGcj,4
7d6c9PjkpsKnLOGPkeeBFU,32
2fTIXzs0M0rqWQpDwl6Hjc,8
44C8CdnMBb5ECdDIPYoTbI,35
5NVzwvGcvbQglXLuO2rVVZ,4
7eue8baVHpPWYisSEcxOv4,8
0Q9VZEgOsyuwBcv3MS4w2J,22
7tMZIvAhnbNzVhzYLAy0QN,32
6IiQkccLYo0RppB9Lv0qiH,7
6VJ8OvHkzRNLP9x1YHBiSw,20
7m6W3WDAi4LqqdHCirBhAm,35
2aAlGJc0REgny9znAOaBsF,44
2jpgqiEmobcvpljK63hthc,18
3vpO4Ew5QGUaLGLZE7kNNd,6
49ZgQp6Ew3jADFvaMrDbHL,12
49rr7j8CCRq5ntOSTScupk,33
1TcNWttaet1eKCwl2p6Qae,38
29Rdysued3nwLlQwmg9R46,39
2bGQA7mDO7mSrBT16zRsHs,29
4oS2Gik6Vo9csv7teQsPoG,49
7c77I2dDkI9CbpPemkBNzO,31
2yAVzRiEQooPEJ9SYx11L3,73
6vcCSOpoIysG2Q90s1gJbe,19
6GGvZbOQmlNTTEQCF7eNXD,33
0F8GTZnlYDOJ8MFoWYfGNA,1
2rHDreGzB2CNwHSA75WRdA,0
2cfdaedLSXAvHRhM4xlU1A,16
59NBXgEzsssLPR4vLRlr6T,8
2NC8pux3FB1tw3n3mv8GZI,0
5prhnDp2J8AYdZd53LFqpP,0
1QzATPy7dwY70jh3WQgp9K,5
7oBVbNiiS1LLWyAKNwlxuj,39
1754ciUra3WO68lTphiTT5,13
0pcFsOq2tH5K0NmbSINzet,51
3DqiRg6o1Sow9aC4zi7Pl1,27
5yENAHspYuILhevCbYhGQ5,0
6aLnbAu5SzXkeIIU0ABMRJ,35
4YYuYs9rwHcjBDQrnUutjQ,1
07fqt6Bl6OLCJ8QiSmkNMC,0
0NakmIDFGJyS1iAXmlVDcJ,15
7rJQiXkPp3sqKV41oK08e1,0
0LQp6qJmYxqjd7qkMQDnqC,52
4E3xcXqrCfywoL2GQ0aayE,29
3XIMC4cHU7Iu4BR5aBU0Oa,29
6IMEaU2ZqaFP3DK4qr2Ial,50
7Ib1fj8HnRmi9WRBpDK6ie,43
4TMSmt6090LcXzcxoEAZV6,30
5RrhrF2WdWsFexwj7LXHvr,49
12wyGF0d1ohSLtJ0wF5Sjy,45
7ezZTiC8Ykmgugu52qxfOR,13
6bxHq66ka9XINFSpEYCkde,49
7xZiL9HRMHGsQgqeQ7dPxw,36
6wCcODFVqZ17uGIJnLf1f6,30
0UyuOPt9naiKaXsO2n7j6h,1
4jKSx7uL18SAO4O432BrTp,60
4JYGpUQlzcO8nWtMGfwtkA,32
4r4aCjakzJQuLo8jejmHV8,44
7Le48y7wfWRq63dRAzVmWF,58
6rO7Ljvkmj4ESCIcGEsVdT,68
2g2oTAYblTL3Mxfttwz8WZ,28
6Q7tMRu8cJT1YnBCK6xXBo,51
4zkd33S3lelpqt1lyMD8u8,45
0n7Qqb6srcdrfJcaI69vkp,57
2P4wRFA7ftewX1JdN3On2K,55
7k42DvyuLTo8FIG7pa2n1U,40
6XFwyjiiZwqaMVgK2Ass6i,37
1HHxzXIdk5XJrG8TJHEWq5,51
1QUrLquMWqiLAyvwZasyE5,26
4BtiijJvd3nza8ccIStW7D,25
4h8utjAIt7zY1VoxbC7TZI,30
5IXVY6zjlwu8PgcKc4vQvW,23
0LcN82PW3JQLCnyEQWAFs5,40
0bJDMivi2n8cfFHyafRmwb,47
2UsRV8KFvHaDFUJtzQADAu,51
5bWLHSTjzpoRT3LitHEpRU,42
7dRoKrWenRRyhCbSicZwoA,50
4M2Be8CcaY7AdaHYRHno4n,37
6Mmfn16y9FPXhjvneVFE9e,48
1ztOeR0UMNFGj6B6b1sAi4,50
2FMPIU8FdP9kCi5kUCSGnE,46
7rmlHxhHHRQhcIVQgbhuUG,47
7fOSf0ZuZ2XYSXpJcihCZd,39
4df4Nz2trKZfmCtSh2X0KO,53
5qd8e0wxo519K15X2oSmHA,26
79rl05zujFSHHZHD4fKy94,18
0qkWj1yloF3ux5HcgFyQIn,43
2aSMpkN4J6kzgGki14qqmx,38
5kUxWpe43DVTzXW7HiXnre,36
7oyo0Z3NA7fyu79gxXLjtx,40
4esEsg9IxiTAGMBQLe9XOu,66
4qqgGuWpaRy3JN5IC5Jkgi,39
4sWPAwIvUbUgv2CRJn5rGQ,27
2g18NV13Q39dKqfu3yNF5X,11
5jMwi2T2UP57hMPXSsuK4j,1
1L5VP9PWCU5dRzl1bvlFkJ,60
6npqc1zQ9PeUMRiQ8apx15,31
3WKolcmqOziNUdcAnoHCLC,22
1Uf0F7ia0EguZsHhK6PHoY,10
5sfXJ86Ltiw0IGoNIkiEZa,44
0R2wsoAKYVUVOxJrc1jQCN,33
0VfUUuAT8TbTRKbRmlxMMo,50
65baihUWfSYzRLHsu3ckyN,20
3OiEY2VLzrTyCoU8q2SQpe,13
2gtiPRRrYyeHrkuvDnDIR5,48
6BVZyHVBeNkPaLF2e7G0c1,2
2hkZW3Vo9qhkJ0NNYjWtnE,18
03Rpzge4Uc1lGZ3mrcZfPr,8
3dmMyqDdULDoKFTgEqQ9QC,51
7oEKbx2bH88Mkcurwo0pfR,35
0D1ZKHo1jI0gzOWZGhlyv3,8
2SibYBeKjhlW7gv5Aqx0Nm,44
6MLvUL2dYphJTwgiBvuJ1J,56
5xYUKr79Z9SYRVdOkI1UAO,38
1FXlhqcYaiw6KuUYtXdtAi,56
0lgHrv9qcVhwII3aW9aMZJ,58
7HQXmaJZclCLRlB2pCcUB5,28
2PHQr9JMiepZ1GRh4wWxpg,40
2LcQebtolx6SwZS4zeHWWt,53
3INXpDccsydV1k0n9z6NcM,21
0zXXIn5E5lGEK9fMWiJi4r,18
2rNUCjocmu9sBCI4Ab9vOP,40
5W9kEBSWZjqfl41flVvWwl,32
5F9MTKbl71pDkHVpbyXjwK,44
35KNVXfDELwHrfv1GCgcRl,10
7rAQZ0mdeXZWnYIHK9ApKh,35
4nAN5NfNT2eLgmsAa0Xm6w,37
1zSvtJuLilEf5923MMNQoH,34
6TR0FGw4zhlGbQALN065AI,69
0aeWKYzI9M0mho8ayox81x,28
0CEIJwqzXmmWNKDV8NFw60,39
4cJXV6VDNDfDsMIbgGR6x1,1
7Fr0eqmSwAscOmzDCJ3yAF,40
29tIhq8ByVaG5GVlnS4XRL,58
3AuwQgYPWGbwIODrflufbF,32
3oHVwd7algLocPL4SY62MO,21
1aosXPBgRredZfKkuaIg6V,35
3haIVEYCzkPb5pwTzbEFDE,40
3MkuFR7t25mu7Iscp6GGiV,67
77JurUHSxj6ielBGs2DKvx,10
4dHuU8wSvtek4sxRGoDLpf,5
4YmxakmVsl3YtvNFrB9ih3,46
2GnVUTHqvJp9GmttayGUqM,33
2wQ411UQL2MRsdAgPRUstT,63
2lYTJK94hb0fd1LQtb6Dhk,68
6ZgNHo2VF3Nv3gBqn131xJ,13
55DWZ04d9zY2N7Nr9xyzt0,0
41lGFu6MDXGoLWSfEWwEEW,50
3IsCTVfdFpZyKNkH6mFGlf,22
72VWeN4sOkXy6ctgm1pSKV,36
34lSXdfXd2Xt75hi3mrfnN,0
4DHRbvvQyC3mBa3Y0JNl4n,58
07F7zczrjCccG67nrFl3ai,0
3xozZw4YNCv777ONrbdHsy,2
4e1V6XqJ0GbagtTaI6ytUS,2
798z16wkkz6CNMCPhOdBpe,14
37gOHEKsQsdAsHU78lsniu,47
6kXFm8Qbb2B3eLjzUIIc2m,23
5tjOwSihWiylLoe7HC0z6f,41
5gHVwl34709JVv9gEwwlYT,40
0tgbSxoFjZ20MjfoKwWevV,70
6RnkFd8Fqqgk1Uni8RgqCQ,72
5dNz40RCuzyisn5KJSYMWz,18
6c10v48tyOC1d2Cz9TqOJr,18
6ojB2hju8xzz37udneSLh4,18
6fD9YOaHc5Wt4a5X5KYNXF,41
5ETRYg14nPQtgoNrjvW4eY,38
0KsB4TwgATg88aXCMBoO3Y,65
2VV0eDxSkOhjZFrGsgT0Ip,49
5vsRm2aCBl5T2qdpvwtrf6,58
4keoy2fqgwGnbWlm3ZVZFa,80
0UMLejbZXf7YVgnfxURvVr,66
6W84IrImCzWb6DISg7sI5j,56
4CKkgaaGV8t0s39wM1HEg0,47
5JCZ1e1ahbCkzwX62BbsY7,2
2kLf4myxQME1Nd0voeKZri,57
0p0ljM6RxgpGt7wthGqBZa,65
4st7YJoFrdiQPKMZZ4Nv1l,23
1s82u8aaERDyKAyt2vyhQr,47
7iT98FhZ7BAE8xdCxBlw55,51
0jPU39bL0SrCmYc1RwbFkX,44
54vsmEMKau5ZkZay3MsIJk,53
2CPqh63wRVscbceKcPxwvv,73
2sApUgcQQL2m0quuYgq0ec,0
4NX8PJipAbrVIP8QKm7SCG,0
744SNiN62VsaMyjb3yVABh,0
0ez8HT7qqmwMd9wY7PUAuW,34
63rp9mfpShJ5mQZGhkcJAT,25
3ARti7OUxxxhvruAhrw0Pd,1
11BHx1QpCJVGKLQZiRB7xk,35
2jsAHZGakfDRa8vNcpTNg7,25
3gz9yz2nmD3vpxWRYqZJ2B,13
1XnihEe69BExqJwlKxQBU6,24
0jV2HSzU144aRkPJ198PpC,32
0nNQREPJzN9tn9rJumDOHt,33
7mSzGfqRC1GI8fTpRkhnwz,19
7J9kqM3KFem6P3uSsyitIZ,47
1e9Tp6Zul9XKLTGiLoGY5D,15
3KdBtE7WxM0MgubmuS6VkV,8
52H18LsAjtvRnfYJDZhw2c,17
5Yo9g1Yae7jwZm0OrPptdR,0
4GJAd1nBylAEbw1dZDVzEQ,51
4Df6RCPoJkH3YotB6Tu6vy,42
4f93Mp50HQQDGdfCc1xIri,0
4BKlUinuIllRwKce1DAY0P,56
35IvqtoxYL3H9qB3hSQUES,14
1lHfoSaHIh9dLpFAFCppoO,22
2OALaHcDdKkjYEpAr0Qzab,56
7p0nLpkKaAeebJ1SIP46HM,43
7E7GcJmN5pQTYBitvxkNVX,1
3X3gW2FslwjwOEFaFnXNS6,43
2ExlSdTZznOqrhS7tkUQxA,25
60wwxj6Dd9NJlirf84wr2c,74
7M1T8Akk55VC3aKPWXqRKH,28
09IStsImFySgyp0pIQdqAc,84
6KZXoZkBuLQbyCylfKdZoF,30
7nKXTcZnqvXPHJBbHQv3nI,28
4eVTihvGuiAKIaTgAQGSrh,59
7tXmBBgT63vF4Y30Aq8PrO,30
3qaYuV5XZAwiOvGE91HhwS,48
2O82Jrg4VZUMt2X2aLn9It,45
2mCF8L0brIs88eH6Kf2h9p,68
2c7tRaTDPhcnbmjV98hAdR,34
2QVWfRV6tHKgK0RoWaIrcK,28
7oV8KkpD0AhguT71yGhudj,30
7pnZkR6kXtw6pux5e6BU3Y,0
1eEcczoYRdCqV6uNwyuBi2,0
4l7VZQZ8ycQFqMPFTTsLgv,0
1x5sYLZiu9r5E43kMlt9f8,78
3qyeNnFY67zX6VmmIbzPsL,56
0dA2Mk56wEzDgegdC6R17g,17
1iKAqAjcu5PXGK9opAfPFZ,30
51NBMjiv4t1nUiLC9Bim3G,58
4BO8XzGRfQ7ztVuNqPmXld,13
3BHTzGmsJK5Ii4Mpot1E5q,19
6vPJvkEuWZPcv58NnQ3dBR,56
0OFmQibAX7T4XrrMcnuwTL,0
1cUpEm1QZCGX5f6ef48Ypg,32
5CpldGjMdG317QwFCJFkH9,0
1Ew3CCat8okts5yG4I5LpA,40
5JKU2tXiG3yvJtefNwe7ZQ,58
2FFqH70q48dTnd5W3sGaXH,30
5hvXP3n724pq9Cx0FR3AAY,0
4naD3Z46JeARWoMA2Sj2Gc,0
5BAsu5rqza00870P0jerpU,0
6lheVNyIjiezy9IgLfWqq6,9
2hZfSXDhitRcQcFtfRDF8g,35
7cJrKnY92wNRHUoxPXbJch,0
6Ql2zottUCdssQReAE24E4,0
1qnouylcPAW3rtxGlVrGzi,0
1dgXdQLDzRujGDkGsxSY1I,0
4ws8N7TXATp8OcLvSVKwxz,0
73hvFhdJiZNtjftb70pe3n,0
3KIYGBcEJbDP9gfUqPK14i,25
6eHdpP7niG0wzF21ZpFFFD,0
3yZAuRxvWRQHl79e7Vc6Vw,0
50VJbcihiDPUOOg7mGbbH4,0
1VPWWa0fSUk8AZGYtEm9ht,0
4F6P9kNwtx25mqH1NJqfYY,6
09Esxq6Hmjdw9ppzwaM7eK,8
1xdX1w6KGFO9loueFixYVB,0
2IZtwLNkaDOTV2nHpaj9MZ,0
4ozIyPaX6GTHPinyqlL3Lh,45
6XtOpnP7gitKdibHXylwsC,0
0xZ7C5VZhuXUYz5NWQ8tuL,0
0AhRPDuVwHkLAACbPXidb3,6
7cp218nv8texlR1np8sdSo,0
74eDdfWtlPPhjsRstBXUBc,39
6FK30xkkZbphGrDKfjeYNo,0
4AYsLrH5JLzVh7VuaQDTWt,0
3zKJTDUeyoXw629NyVqHsb,0
51oDtZTbpNhJbeyeIrI0ke,0
1D00XtwJIPy2k4Lj6Mfraj,0
3iaKwZaluM9WgqykqM9P9a,27
05hHF3hPdWPl3GnGdzsqMd,0
4YFDRs9uRdbFayOnIHBvXs,0
6mCR84oWk19XCfGTCL9Wee,30
7zBn162i52sKTHfL6KNYCP,0
4JwOG0JBh7HEJIlZb9OXSn,0
5nHJ7nKaaOJfckQo2CZABL,0
2MPxWQdCMjdZheBI4ytaW6,0
57eBUbZExwLfwmPtpWcaGY,0
753Iu3NzP9gFKxcsHbm3aj,29
528BT7OzZBbiO6ShfVy8Wr,0
0sIHrC7EVkuACId9vtmk0Y,0
39bI5C5wV8bgdCFKD2v8kc,0
4Q2lYQYg4qGsDtuuiUY3Bq,0
10Ti4UfalVKxWTYNGl9coi,3
08Erw82oA0xZUnSMOxNvN7,33
5mW2TMTLAlnTqY2uIwHrC9,0
4IWLawtdMznqdOnbOR9cWW,39
6E1yur0bYgdtglwppq67WN,0
7uUGrpHqKhVrAddGEuxqhR,0
7ksPvLY8VTHjUy0DCbJpTO,0
42tSvpy2XA7dWoHy5Ayd2z,17
5moQ2JNpgLALsYDdqqLL1M,0
2jI7aQIz5QmbJtzvDiHP2j,21
2gM6K0OQQF4YG6b3fNfga5,0
1utgvgH6EILo3yRCYvtO6q,0
059seYDUmCUfv4KsB5Jc6H,35
44SY0lrgMUDjPf9ltY7XW5,13
1Uwifcxnhi8eyYBYV6wQh4,0
3r7kx6SylBJsVrvTZ2qXuT,22
05jSQ5KtllbYQThxoijInP,19
1m6vqjte0RjzFwOMou7CNs,35
2G2yZspUEByEgiGCAAW3ue,0
4gjrsP1Tmrqh1IiHhMXQm5,0
1nHvUtf7NJBH1WzChz2PkP,4
4FRBAscoGnKAMa9Ttf9LCp,0
1CUYpY3GpRNkKnn3cEQ2nK,39
4IZ3MnAnB0tGUlPEfpMCVd,0
6z4fzsy24FYfWiROOBgPGi,11
6El4guLHqCd3PG9X9yJRSz,28
2t5MXbc4x6anzAzq0XmtBN,0
5uQk4fZO52goTrjVTvX8F3,37
7wnjdaPLgg6DJ2WVCW2CYb,0
6T88yq0DaaC1ctDsHw620y,39
2brkLaFwHvbnYqM0VnK06t,0
5awjE8FeoXoR9aMcJZijcR,0
3LKQp6MaJiwH7MvbXXyw1C,0
08uJ2Bg5TLDLHTDB6aoK2d,0
6xlIXf33A98QyIE0cOskrG,0
6SmOzKRl3SXZ9t0NdNgaRz,0
6CYmEmEfJ2cqVaNRNu5ADX,15
2PF3H9np1IoKemTxqHnRBY,0
7gX8GB0EA0urB0wtkzkZAY,20
3NkjZjZJLoiH03E70qs8xe,0
02mJtllR8CoskckLlrirNV,14
0CJzVKPtJaeOt76jO3PpbZ,0
6SUP50TLDdNHA0hc2OjgpR,0
0v0QP9W6P1WSVQjH4mTGgo,0
3Wb4T8OJg4obJNBMUYgfPm,2
1R3nV5v3sJNir18oAs9Lz3,19
7mQNkwgbn2ynZkqddrL6Av,0
1c6WvcGhLnOCjxFNOvQ2k6,0
2l6OSPrtmrcXMLdBbzD6JG,32
3vfaGivcodZ2Uan3wSr0Jd,14
0KAqzG4LpLy3u6Uz8kf4GN,0
1hc9od6jS3KsR66n6T9vKo,0
21AXeVnZaOIIZjxTssAcAx,17
16QhpULFOW9fE2yvXsJV6A,62
22zxLxXlXrBIm7XaazHNrg,75
3wSrPtJpnGaUC2hOmJy0BV,71
4rPNlXjFSkaZF1tnjdV04C,48
04ahbsJ3AfLwTOXeIimwdH,18
4Sp0jLZN8MgPnoGDufJS7N,63
6dwVoXGSsQ1TTL5aw987pi,64
7CTFHf1K6ZuzHANR7g1xk7,50
0uvUzG3kHn48Jqx6o0eUdb,31
3VHCuPFZ9JA1kopIlNLDdz,37
18KjYhghq6K3ZmfcewWDp6,68
44O59bdcfD8ukbIbvFeHne,41
58ctD8HaEUXJkdv7TTsmG8,52
4ut5G4rgB1ClpMTMfjoIuy,77
02q7qbOYbE89NMFEtOklcc,66
0dowxVQPIR50MS1lqLE0om,27
7rSnhSbdCeyZh8WaIJTt64,44
5gyAm7BgB0d0I4RPK1zcn2,51
7J7D2Ezp32LxlYuNTZX48n,40
0tp6mwUt99QnfY95T30Lqj,63
1dssHOp3HpaK9o5c0CL7xU,3
4yfIBuEnkdmZNUpMICBlsv,38
0kdVIAjTAkAFo7dYdciDU1,56
61veBHF4sj0pKNpXeHF1ah,49
0Pu2P5Jp0kSA95eqZ3jkb8,36
6EmewKNvq0nc7ZHCyjRKmb,0
6fdcnObJjnKGeT8JIdjLbg,38
185KiwRpwjqe52jyaRUBFn,58
2yAOaUhMCX7irO3N1ygHs4,44
06lUC60bYItTvFWGuEKyvt,50
6EJMN1wW6ciSAB57yRLErU,34
5EwwwdsQfKI8ZnFG93j5Zu,62
5e45GhSF18JYoLpaq2F48h,69
5oAgI7Pzg6vxuKrfapg3Pi,59
6Un7ZG5lDClgNoNNapCoDX,47
2XTmGOFMklOUffBmovTUjo,40
665AK0ovB11McZRwfa852G,49
4zE92C6JrkBvtK1aj8SOfW,25
3LewMbGqmR4IYtifSNxbGz,50
3AUW7mAGx1BICBWqsuFgh4,58
0SvTKEBT6vWVqQuEAd1A6w,46
36TYb3C2kMVeyy32ooHMse,38
5K3NDUPkLe46b5DRMt2RNJ,47
5dJw4bL9BziBStitvelyAS,0
20hsdn8oITBsuWNLhzr5eh,60
389MC596K4IN35zaHAyuYz,51
5KaXfDGZLSX4GQqrVbP9BS,37
3ghuZcBkziLf0HU8TktqM4,32
3dqGLyXoP2Bo32eU6Rd8SQ,41
5SkdlJ2J6jc5M0tYlcG4vf,44
55y30bh2ZUtzOXjWLxn7XT,59
5eAGda6EwIwCJp2i2S3UeS,42
3JUxU3KohteqkLk9BOpQ1c,50
2xBld9v8saAQRZGXIO8Y1q,24
4KX39APEOO2EgiZFkcJOfR,49
6rMwYjoFvxKiaEH4If8ZpZ,45
5xFZiW98mwT5S3mh8O9BUt,47
3s2eG9xSDGyd705tT0hD43,0
0JGxsfTrLhkhGCJKdLvyuL,35
07zLmWhKSWvJ6ZRdv5L9kE,12
74O9npfj7FDvH0quYbBeQ3,33
0soq8hqqNs71XDX86pqgEr,37
1m1b7GOZ2dh3UMI9NHkIei,28
7goEhBKmIg0mrJSJUTkiag,24
6LUOMjoORvAkdhBYvESO46,67
2jmbv50W0P2GPIpu2Dc7h5,49
30VTJiTxEheAaHW4jayPW3,24
5qGm4fh5w7VLeAry2SSHqG,20
6x7r0lpyqxBKGq8J7LFMeu,52
1uWqDjZATn502optPrBt4S,2
0rCuRc07y6l1kPYj0JSRg5,45
3AIhMz45wSABZwDlncsG0N,4
0FxomHtkPOtomL1BQWsy3b,12
0t6NrHyr4HSXZRM1sKQnx2,17
4zqdwKxXUQm2NR2HeJEydf,9
25ZBQm6D2CPdc36Ftlz69r,26
4YxbqoVD8uMYOJbxlNfRlS,6
2xhEvRpCNWVHylbbH9Zwnm,8
6Vn1LjyhzU7mXOtTYzBKkQ,6
7AtvZVWQPO2AWHKEZnTqYO,24
2kg9AijbBp9HrXjlxByPT3,9
0HT6YGHjXKNvnTjGGtur3j,53
1UtuByJ5cPWGMPBH0oCZF1,34
0Dxyq4az0B1fUbQWFs8Fct,5
3qLNrqE1uED102WDOqAIhl,25
6cui4tNWQlw7ydqyrk89pc,1
4Sdp10fc5XgHxL1VaiMVYN,35
64HH8QusEYZYm3wZEplgn9,24
7d925XvWGIlD2o5Oa08vri,14
753pbo7JqZJ7Ahh7JuhEvC,8
4Rd3IGR94ZgUENKYyXhdcz,0
4fjOfG50zDutoKWLZBzKGs,9
6bE08OlUNi3c4HTwr4Ho38,6
3xmHwSfXvnqd74HjQHtMoz,6
09gFwNPx8KlrXXDTbVXGtt,22
1hl2Nq6SaJnAlQNTPESgzj,16
4WT6km9Pid9gZGGV6MOF49,20
5zZvgHSIf6mroLuK5eOrQB,17
0Nh1u8Gd6lVz3BE0Odg4sV,13
2midpwMVV7r9XQj3K7Vu7X,14
78yFjzVN3cgw6ivBSz3Ij3,15
7oVZQdqBAuahoHZHfbEf6u,36
0TO6WzsGeyBsSZhHv9PemG,49
45PzJFqYNWpJVmd57pbEJO,39
6mliwuV9vyGVBv2LnDdMsT,55
714OF8bTAhS6TlN1Kq7tjU,38
62Q3VmZXvsy09Dgc91IY1F,0
04krZOd9RFz1XyqJvfkNBz,0
2M9LXjZXDA2rxedIjl2AaM,30
6b4A9H1olYuc6J9p9mM1pJ,40
273poy5BHtv5YFedkWIqwj,53
0U7sbXtHiRvvJPIv3xvDpt,41
1omHCWuWEH9TV0SmZiiLev,44
0oR9XRneKUIefSfy5y0IJ8,41
1vg19ggPSDALJKVdzvEvl3,0
79wzG8yL80XD3nMgfdnNRs,0
3FzaEeKNDpK5jXcejhGRP8,34
7k6phfGndOSCfL4TZRtLft,48
1mHdnrcPMlhwFqMrsS9Kbx,46
3Ipgo2twyvBySMwsTzunlH,61
5zs6OH39oYJCwNEFSCkhRg,14
5yaGDSfEvvmmLl4yJBIRa6,49
1kMbnpk6ep86gPJu3YDYyF,32
0khEl3BL0he8e37UgfXHql,0
0fBzgsaU1cDoS5dFI34dSB,42
2LDNyat9mjdt72l2sBL49e,0
5esTnUp3cLgKsU2Etci2Ao,42
04C8gJkGXkp1A8ZzQiOoBi,32
4qGZllhHMvoUKzYieScTvv,22
0qsQZDAZIGsbGmYEMfhTSC,47
1np1H7mh6iUZhdBhkh3QIo,53
5gC2aJwuSzGe3IJVlk9r2O,53
0QHgoeTQNQmyA1bNoUhZD3,46
2zZetesGCUQ1vlr0lNDxct,41
4rS4K30qVDExdjeU4feF4c,56
16edYoyGWlfItCbNWd6zOB,24
02DbLFxhUqFz4QoM1Qxll9,43
4YlTYB5nNlLfv3PVoCeYYO,23
2MTSo2SGQ0oVKgPu99x3Df,46
0BfQLCJzAXxvKsMDcinyDv,0
11n9WYjhFVNwzfHtyTBZ8m,36
4lteGaLzU5veJOe6wnOvz4,50
6RewYu2hTmEuiSRSGUTPH5,0
7uIKTNMTtL1Ssmt4NpJTjk,32
1Mh02QTsvMPfQAZ2dTIIiO,0
7Hqk2UdLJjeOAf0x35HnNl,8
2pTwZJrSQK3IwmLRrXulY1,9
1wPuzroWKHgRcilvHUZNen,51
0xWRZHmgpe4iGNnxV96xZj,31
3WbscWz4aaobZf7rt3ap2L,0
1zaigPe4NB94tc4CRshK46,2
0hldD2VlgyUsxGBUGnxclQ,9
1Ox9dKyAqagCJlyoTJyrmv,31
52sIqimcMnHk9aZdjkBkRO,23
16DbWJjXzgIW1NPgy8hHqO,24
6TjOUHBzLfcjFOEJWNGhJ1,0
1YXZUxazSjL6ylJR5Fft7h,22
4mT5I3PjPcZXgA0P7SaxI6,39
1u6p4l8ts3RvSUI3M1IN35,8
2mCLc4lZjbpcpXgNBrC5lY,41
4ncFRft2xEs4kanULQjaOz,52
3uzebsHzwFBBYTd2qFPRh9,3
3nFJbZCHP4d9vduKjJLdBL,69
1N2EDBNjUe6PK3VtTAKj2N,0
0qJDy1QsmmnZt343XTzxQd,52
6iQ3CY4T3RvkQnN3N3t343,27
5gpM9XBFoo69D2gWi461z7,0
0UdsdpIbsXmUR71z91YinG,19
0C1yeFcOgpf3CazL5DhTQt,21
29KhwCm9aTWFZzAClsbOSF,37
5CMzNnyno6YwqjqYGpyVGH,37
26m6wCMQ244fhbHGr6ihDc,35
4cJxvVC1pp010FJM1v4ssx,32
7JcNSQXmd242QV2GYKeMQ4,38
2d6qTH3HKGwn75lpRtaEA1,5
4egymkz3Sz1R4kPVAaW5on,36
4L60ULqvJpqFReaNwmq8F0,48
2aNOkWge7L1IubHjS9dkgL,29
2bflwesbh5cKt0d9CxXPO7,29
0h9xxCoXw2LkdJG9pR79RN,48
4KUjFjNDceEqIkab8CwADY,48
2jx9VNmPInE1d2m2T9eotT,52
0M2dqeUpxBGm8vujMTMhMV,48
22rdYlfxsz8QFXDIoA61Uu,10
4uVrL4P0nnH8QcRAQaCndD,18
1vpnRm7d5gJqCjSnrgTiT2,24
3i62KHZyroYxfwNXWVbQfh,0
26kBtkZT0CAFLn7J0mLkNa,33
2QuSUJTRJMzWssW9nXPGcf,31
2f63FfjixxnXfQhEZJcrOr,45
041RKnQpbVpDuSRtg231un,34
3xOusUj1kekqnSTDbvML9a,0
71gTkwpgxUPXuiWRSxSuSi,15
6USokOqYd8YPJcRRsQblkK,37
4KFfMzAAxzkpcf3YnKFLqA,32
55vTzLqSKvqLh7jiQKYnW5,27
2OaI1UeaumL98DIrjHgFhE,13
6ho0GyrWZN3mhi9zVRW7xi,79
7uKjjI2a4Ia8nHKzgdya1y,53
01auWCuHXubb8KPZ0IXF4S,37
0gAzbmv09r6JwHUKWl1xkz,56
6Sj9HYcxzo9fbCc7HcxbIS,35
7M2t0mMSjLJSweu8BwrY2R,38
40yIp7jGQGOgbfrnGO5D59,42
26sHC8M6jrhNjlCDz01eAZ,37
7aTZfgVUaPb16KzMn2Xfxi,16
5RM6SOuQJePOl5C8ebF8X9,22
18PergoIrGmRyeYxnaXJN2,79
2D5Fi0jgFCo2kWJ84wAxWb,57
3Q7kjtIFCyZX0X9Dwk4gTQ,57
4WgM2becr135oJ7DfVNaCd,59
41RSRxdVqnSWlL9Glx95fG,62
4tnwr1Z0YTGCT8PohX0pKg,46
2EZkYoVDEfPEcjRBkZJc2Z,44
4J6x16eeV9RvCglUuTLFZ1,39
3u18DwDsN8r88M3Tf0McAc,23
08ZcJN45zSSzemGG6FirCv,40
3Lafcv0e7seIvJ3tNUxBzd,29
7lPYeA9mG7nsokze71Da2L,25
6eIacmhkE82vZlMDnGS7aP,65
1CT9ebtobcouQw7G9mZ9AV,53
2suFmuGiImluGE4yuFms6Z,41
4soJPaN3etpZC72tHZztw3,50
4nrK0G6pOEuhMxn3hAaava,56
124SKRPqmogaZQ1XR7eomR,46
0yHOOuKhe57iSzS2TbxSKN,49
5HJqLDDjgdhON8LL9U3Oa3,52
0NgvcpMVBHVq47GehFT5IX,47
46rZgRYU1H5Xnv0n75OGis,60
3UBzGFV2X3AuNbbhUrsqJS,49
5wlscxWc7OyrsE22xToo1N,59
5QO36B9kCFQdxKRRjkIrQD,21
2bsyecmZCgdlsCZ3sWVZ99,49
73vEP9D6XDrPnPdsMIoN0Z,0
6PKZE1OS5HP1YnYtOPbyf2,0
4cEi62EpOgyLX5N3ewGOjG,41
7aYZjL07UcAHU47UHUQ46T,42
0t8IykpcRcBmJj5Qvgfj7w,44
5J8hacFS9jbJxxJPbAKrQ3,48
15Y8RmICSiuyC1wsfatiFg,34
1npLDMtVJBrFMG4aH6vMwp,37
2XtxcDeJKfsW5J2gSOAVb9,42
7KQLl5FPTjF4gY6AMzOFjA,17
0RlRoQwro0aIKMJct9TKTW,62
3i9Tr3Vp2gjT8EsVKGt1N3,49
3qPXWPkEZgUhUgPifbE99z,68
6BwN05qKw4Q8bNoq3rYuz7,69
4D5uw4lzpyBIwA54NmjFND,59
4d3UnYs8dRDDd93MVaoj74,60
1HNw0UDRME6a7Mo19R2hsq,52
4BlAlQdKjigrkeHhkRHmK8,49
2CvJWExr9lCM9XZwtIVgh3,46
4M7SrIipGsy5pg9tSuoCuy,31
3LmiKN6q3OwFD3sV8rhkk2,49
1ZpJxEtDosmTlR7smB6ZDF,52
1UPyhGntpIx9jGJ5UVtKVS,58
5CRL9eOFtC2wV1LhVllrqP,41
70mkLFWSI7m32pryOXcjsl,0
4SmUpgxG3F2hCEMYlmCrZC,30
4qYRcXSffrqdspYQqt7LnA,13
4Z1PxG6UTqVhsc6SzjBip7,29
5DLOUyuh807yGlUPgUhj0c,17
0gvEwZgcMsCWmF00dZZCjw,0
1l6toHbpPoJr2RdnDkBn97,14
6A02xVNlSFtKqKxHWILye1,0
3cc0xXhN0KMcBQaUzGEEOv,28
7wI7vVQd34lK21uuHLIzog,0
0zAJB1e7CSOcYyFuF1Ey8O,0
3tDRu7QhSQ2tV2fjK3UCXx,43
5jyUBKpmaH670zrXrE0wmO,64
5Sey3HgGa6KB46mlOyCClZ,56
2V65y3PX4DkRhy1djlxd9p,77
4hhDqZgcSUOifI5c1kVOZD,0
2tW2Kn1IGFFVfRVnQE2UaQ,61
5L2l7mI8J1USMzhsmdjat9,69
5xZD3yLZ31r1z0GcdKfsyr,44
23WgvD1nf7ZW4ehljudfbi,40
1wjnBlO0JevbBAUlOBlwxg,41
1Y4oU6y3FTu2mO8EPu7FgA,49
4s2DV3XsCXMN09Wx0E8kCU,26
7LGrlydlwonTN6iz8x5ASe,27
45j5Qj9Zv329jaT4qO22MQ,34
5v54ZQ0glzbB9XUPTaX0cj,50
7jcpgrFEPvZLEBswLpiSLn,38
5ng9duWuWbHlwviFSh5Vqx,55
6dfXwa0dI1sBm4CIePuOYM,58
1sh6lL6cmlcwhqZKGiKBua,66
5CYJB5Md92kvcrZ4lJDALY,58
5Z1x5bcY08XnoUxRJKAHZv,37
2hr7myxuDCoXsKyVfh4ue0,55
2HUrnrn2N9XQvbvnDh5jPU,4
2o1F0b0NCGabe7BbLNqe5J,39
5Uo7AAr2d1CNZlaKgVUT3i,42
3qZkpG7RW81clweFyefCe2,1
3rwdcyPQ37SSsf1loOpux9,50
4c7j8yZNruvUHxO3tFC3cZ,18
5pVk15sR3OgIeKBKqG9jWw,48
2ToIksTPpJ4csKPEOdUEyM,60
0OvK0gHZfgJnIP1zopELq0,0
1R6SFQVLcAe3Og6NA83fGR,0
4YfyFFQT3C2DmJAO8bZPRy,41
0WZVGXO8FYpK8v1IDxlOyE,51
16SsiQFVS2ZyxqqF5OB7m8,32
1M9VOufdrCQS1SrsfbjznO,33
6q3xjpQ2c3EwTdk5WvToyA,0
5JKxXqoAkUSKKy61IVT4Re,20
3zwakDP44DQ77ZDUKU3l2A,40
4XyxWlF0vdNR4mhAugHSvm,0
39OZa6fj9NAOQay6G7eWAD,0
302EKDbJHAXl7qQYugIlwB,0
5kj0QS2Eh0c4MKMvfBDij2,0
51a1wa8wjHt2fr5dhUbRQI,30
2ASx7GNCypmXa7IiKILPwh,25
19Y4ZNlzPqgmWyF4qK3BSq,0
7sCIdsYQ8Nxoj6TjB1Eb7P,0
64VzxgaIpjB52YUtsF9St7,55
4jEB3KAsjmNSQGQmQk4Ii8,45
7hiWfpJWJI2OK5YY6Balyb,1
7aYOtQBTlk1ahqTp8o8QYj,0
0VffaI2jwQknRrxpECYHsF,65
6VojEZ0JFIHeKqjtQL5kjR,2
69mlHIPayAZVzC32RaVty5,42
1A8IL2dEbiyPqhwZsCaVrD,0
2QtJA4gbwe1AcanB2p21aP,61
1dFkD1JfRMzwO6hwUsE8aS,62
4dSUq6XjY2Z7X3IdyR0Aig,0
5ZFVacinyPxz19eK2vTodL,47
1JsbFVFHNIi7kAhlpxDLhV,0
5nk6b8nlvEZIZETghQf8MQ,0
6R1GlQpaj56FmXF0VgdLxs,1
4RX1akxesJEFSvStbMQnop,25
47hDIt4YJZ0v01TgKsaXaE,34
0p4uX3ggGB11wUbOFz4WY5,41
2vdVPrisNiFpq59zuur2my,33
6UEJtAnGHnK5tVhoPHD6tU,51
59mrqUmhpmcfUns8BKkV30,55
72yrTOnehmi3S82axqhEkF,27
4owHUY35pdaxpH6UeqGjJ3,0
3B0YejTqwvGvUPrD0MAngl,0
4nbwCdtGPC4yZZzNpc2nFk,0
3YFAjMbTAyOvrnzmsGK8Zq,40
54ZPmGE1uOG9IYoUBSRSp7,61
3bUbOOpXfkdDlXg5iPGdJC,45
3AGLOhr2OxxIrke1eIh1PN,35
3BCHalsHVhqiOxLH7ZXIrs,34
4X2G03Zzmt92UBwMaj5Qad,37
7v71Aur70pf46NQIoSQii7,0
7LzahanKFAWdfrqKEjiUli,31
2c8RzaJ9VOLQfIzAT0JDVj,0
6BDTqdiitPRU8C23zThBV0,0
4SiVkNBA2tSNoqJF3NCrBw,0
7qDz6mBwymAFci5Fqe10oA,16
6CNscPXOoE9fln0ShewnaB,3
7wlaVywCcTcSu4ERPIvWiB,33
4tbcI10LRvbqHR8Lbl2oEh,5
08j39t4KwPnn0Ak7Axd1bV,0
0ZLMVZ5rMD4S7xV8ny6dfg,7
2mIt95EAvFcZrDk0g4bA5b,0
7nuPjNAEL3qcEUcZre7rJF,47
32a2n4NPXhH3OI06VPLwTA,24
77150VeZyBgJ4tpkiXglQ8,26
5WZlcp0VzfkcD5E8qAwPFD,4
7aTSCoasyZtoTFUPgG5SOC,0
1wdqv5VdrES0w8Xl4bNFrS,18
5WZspTYSdaHNf0SBeVFIZ6,0
2FkMblDPYXfRedlZPQVtda,0
6ZkhOGgTomIDYExfQGf6ia,3
7tNZ7fwqMXv2e00V5f0H6v,8
2RMDuVUNeFKB98siFzFTNz,0
3wfTRSJ8auYo57lP4WBPsg,5
4dIkHV4q9I6t5l8rgzmxto,18
4ESkY4RODeLVho9uaIwOYa,5
2yR1PWuxh7kmuSPF8wKftn,0
10hzmHJ08ua88sPy5RIxiL,7
30dRw8QaJTShIq4QwACoEq,6
7vx7HOQC2qn5L7Qj4NXSmd,2
4obG9Fz6AECFXQb12MeMRz,0
4j6BcyceyKxf8cDKvzd7N7,17
2z5n0r84oDdnwTZ76tCC1B,0
4u4RwdaxuHLx35GUTR0YXv,0
6OOXd45IhCNpmbwH3qxMva,1
1seF5FpRtNXsmNxlEDDxuN,54
5ucfLeGN737G44fY41Io6L,4
6yDszaG98JDXGnl9y5371s,6
4QOwMzmKevNWtm4Svas2qq,23
4sabZStEJHsz88F2PLQYfz,40
1u5UFtCeZ0qMimqCTMgTDI,17
1AjMPcCozc1lWAkgnT2Vot,6
0vCgSsENZSvWEQpXefVdnM,0
75Mdxidet9XgTS9KDZxLOV,24
527BJf6rzamNYjWkpcDexu,0
0aCHrytmso2Y8tVrrFB4Kz,0
03luBoYUGOMJJvAhhjeGfy,0
6pMYDy4Ll1zjOfPnCPJS8s,5
1GjbFTI8ygyaChrfkKM7Qm,0
6rg36Oftq44sszWXRdwcEG,0
3UbNvj9yITK9YIRaTXpNaz,1
0Sg60WmleB9HyC9lIi1O0X,23
0RXu2YMEMLQPhtP1tbsj5W,1
4UO8h4KK8vBp57QYyzMLsa,0
7ED3uOQG04MNMzhEHca0Hc,0
36wyqgGcoaBYC4Lx16Yjtn,0
1zTNFyV3WDRv4v80fP9lWq,0
4vpH2O7cO1JuAASGpmgXJj,0
5BtDhaG1ggRGBPvKi9eVUz,1
0LlegggXrmrZ0zOtJvdb5Q,0
7Bea7OKjGuL9SUEmuZZbDQ,1
3aHltFw086oJL8ZShJdYak,0
5a6kWsBE18KAJGG3gF2nUU,41
2XRF2r3fUoqMZxGfY9XvbL,16
7prH5ApalzmfFJTvXDbvK8,27
02yLzMazdCqRGUDcW1cbxC,21
4DKYJTdI17SlxPiwq22DHv,0
6YS7VCWyWMzIXsYAniwsnF,0
64qR1c346RgygCkO5Eua4k,6
42iJJMoL4z1GASlLmC3eYJ,0
1yV7pm9O3dsM4WvSJnnMcQ,0
3hM1VFXNCbxGOwW5I2MDVv,0
0WmhLJDwhTcK2L3eLubhfy,4
0aiTOExNSb5MPyhPKBBTzb,0
2cDx8lvceogN0Gs8epmRLD,31
3EaMErOuOXE1YZ4xyTW4cp,11
0oKP5nVFcxxFO6wfj4JMvU,0
67ipsEiJjlqk8H2eybkl83,0
6gZg7qAorMjHKyrOmrLzaB,0
0FkJJ4aMZjv2e5bA0e92cv,0
20feEQvRVHKzBfH9FflFoR,4
6DWieHiQjeX4k3OtDDuSxg,0
3vhVkadU3ZY7shjlzRaL8V,0
28O4PwkH8bzARStxeL4pxL,5
39I1EJfi3wODazQm8evBLY,0
295S7gwCYDOein2KCaylCL,0
2m9FaaFeLhjsWChEMDSczD,31
3ZyXzwhXnbrExc5e7QFCBi,0
2UZg72arY3xFECBXjfHqRI,0
4kHwYiQ6nDHgEBRSEdKLzH,0
0adV20LcO8lHO8BOn0TYlR,0
5PXYxcgAbE8cNX7SbQIPw4,0
4uPGRSEYtAeKgdRQtveMnP,0
50NZkFTd5kUVSZMK9BZuMw,14
5T8xgQOJG0Np9Py7HKD5vx,0
5uEdRMxRDaWOA4ZWMOEKM1,0
2gtEGntMPE9byfiTa2pRpr,0
1HzTvjlL2z1ok5QzfDvPrp,0
0eq2B9lsa8hhyYLzxPOnLl,12
2WeikUUAqpBK928IX5hZBu,0
3Un5EZBO3kkLaFwwEYOm1M,0
0qYvQq3RCHgdJ4XrezSsxs,0
37YWwmlRl1GonSwjRuOiEq,52
6kGN5iQE2LjfYMcMbQKNJ7,3
08Y6dmhngVoaN2TNECHuDZ,41
1BmdqDrBU5eohtRwHBls6C,56
2zCW30TJznvDp6tBhAAIHC,24
2lh9soK7hK8t2tEZbOLtV7,6
3HFR7F0YZ3OW6PCpkfglIt,17
1UdrrivJs5pW7WqKbUlDgl,39
5ceSSr7aalKMDmrqJKJw5a,9
5wH0WgmowRwJOhVUZE9miS,13
1kwc2OfoPmmUMntO9aCT4N,33
6AdxDoU5PNTWRmtWLu0ShI,11
3TiXrt5ui8TDJ36ENbZM3P,5
0Ax7dxc1Moc2DXsBhtntOu,22
18GRAKN6GCfB5PBOrEdxjb,0
6EUzZEmeWh8U2074VRu1mp,21
3Rx0EJrqN0EDoy20YVxQfv,0
23viwliRcltCLEi5bffwRJ,13
2WFOLhpZmDGhl1xmwIIZrJ,38
7CTyBvcRHWso8oUcvyNkLt,54
52jHZXtW03EI5qCv3NKg1E,0
6x1tIXwIYbgfK8IyGIGHJn,0
3ZTA6cOCUQl1m5yIKmpIES,0
0eXU92qkEfIWu4SQOILFU3,0
0AGh7lxZOWUhLL0FqrXHjX,0
7kQh2gBStbgIwGbEqidYEC,24
1q10vaIw9wvV9wG4ffze0e,0
04hFLMBiGOrTeuZBVnCGhh,0
2Ftt3n4Xd2ey462C1Uueco,0
0MxYuLXaIl6x66O3grztvG,0
1ErxYgPmGTqXdjMBGj9JXh,0
42Lxl8eyX63jhXXQvhDRXX,0
401W6rIXDVWAzAK5rKILf7,0
6tsVz2hHJD9S8Z1Z3hr1b8,28
2KrJDONq4Hq1JKlmvQe22H,0
3lVW4iUtV7XxZXAER3Z3Ry,0
1tEDlKg1Rmv9sE6z1XR6Vy,31
6Qp0IqPJEgQt3fKjaCRq1w,0
3hgFwotX5fCegIUb49jQem,0
4w2QwW8cP8Wtod76dFg6QA,1
5u4gHi1Uj5nerTGExzadrJ,0
6ScGFNxhQPaVuvlzjSQrd1,0
20aVBPxjn2KhxUOa8ux8dv,18
1JDZxqyqcJTN9iAXJ836iP,20
2iwptWnvaDXd7RIOsSu6DG,0
1UGHrL3vGAEOKdx7I6LWUq,0
085JBuPwP0YbPgc2t6Lscc,40
2PLRrQ8oASLJIxw2mwOvh6,0
2KMXGcEw6Ub853iURlha9f,0
4r0q8fMOqR3Y3pUptDTsnT,26
1PmU8dWoCrO7JUS4nNzRO9,21
6i6kwBVJtYHWzb2AoNIb8u,32
4U85CdKbJSdYJL0nfnO0Ll,27
2woaV6TipRu2NDgmiH4JT5,0
1gffhRjfnqS15GSMuMbtqP,0
1NHEUZMpoReYeWLOICMQyl,23
7cDOKBOHmq3mcEQvMydiVG,9
3hfDl12AHis9jgRi5wMqFo,0
3E5I51qj8g7aG5e7oIccpi,1
5n3MFr79a5R7BtwsMfq1dE,22
2DRk66DsTtDrUsCEOmvQaq,49
1ne0g8iUXfFdxNx55Onxz2,0
1e06p7H8vV3pitwURVdipU,38
7hldl207cyjCsldUi3rKtn,18
7gg0ogHVW2s7JKZoAOSGWB,0
2TK4XCafmUR9NI0AOCAflo,43
1GNILHmZkkjTUDXuDDKw24,0
2ex8jWyy3ewSdlytVPdjhk,0
568GG86cXayfMexiTj4TVI,15
02PiwfcW4LuKxhDi3JfH01,42
53AJtyJDf0TPSOwupbmUBU,36
1s9ygcnJtsMHOT9K0nPJcT,11
4CMvnniv6XApDc7a4q58AR,25
1RTvfARVlo7MdZln3xDamz,18
2h9Kg1G7OgwCAXXXQJTgNG,0
390nm0YPbjdHpc4W1IuVxv,6
7zOCMKp74Lq7ZSNn0FeWpL,14
3YkDAJzJOJYhxDS4gmbCTt,23
1I8BspBUrchyg86PnoLlmZ,5
7wWVVqKUGRZPqUzGjWAp5h,38
5NiuxHp2iXSwj0iaQU7TpH,31
3ihK0bdxDfJmsxLHmK74kR,35
38hXTl0Gf7pXePh6yzl0hB,26
6slWXdM88rTAjUzHWTtQ2c,15
5LkDB9lIuOGXVTk05JTHpN,39
4XIHYtBd68k2PnZ6Xgk2Aq,32
5EzhXp477P8SWez7P6fLyK,26
7xVnQFDt085yNhv5XIO6vJ,24
29001B0WDgcbUjEdoVc882,9
3Gbo1FC1a8NRiDytBcoixe,4
3GQoCeZqEjRwyXwwNe1IxK,24
5kB9qdehfPGdFOJ6LQJJ3J,8
5yp5m9bCJoUANiUmArFBXh,6
0genv3YPSq1hsZhB2Xw9f3,33
0PyTZ0SfwhOTyVqmOqbh6D,28
7oeNKpblHShAKi4l6vqfac,0
2MaU0zb75fuPS5DVKd0jqh,27
08RUjzuMD6J0d6Ds41kqDm,0
4PclDQ2lYPmIuhj4G3swK1,57
1qjJwDrg6kKsyCCMOazeG1,53
7sYAS4CpbV90oSemgaEQat,79
3LowDc4brXEfZaUTBXLMnK,42
29GJzOuxFqzlyvf6NxoZGH,65
155bMlpaiWnF75uLrE4XMG,56
30cW9fD87IgbYFl8o0lUze,74
2GXOmuU3kApsq2TWqOU5Bm,65
33fQvV0TrknVsH71PxbbOQ,52
5TSC8x1GZNEaqtwC8YsVWx,66
37FfCz1YODL6NAuWfxUzJh,58
2zoNNEAyPK2OGDfajardlY,76
7zHrHnVSQwI95FGHewXDl8,62
7GIX1WStJ3Ca9wmlTajYFz,50
4SlCYFaUQ8GRuwdpgniaGF,55
2Y3P9IFAeNGH9qTZDp9N6W,67
36C0Gw2RmYWy5aEpMPaQ0e,61
3YRCgAw6nq0qcPpGOb3FZk,48
0OpfRbSog1yotyMpFVX6K9,29
1lEtudJvZNiibWzXc5m4mh,46
4kyrRm0GmJbg16CEGEHXUK,51
45Zx6DyqGKKmvfxfzRUtKl,63
00Gu3RMpDW2vO9PjlMVFDL,42
2Nyg5XSFpb221DZzgNZrJP,45
6h7MPC2hBJHJQuobsRXqwF,61
5vckEy9NZ6kirDU4UX4bVl,57
1IoA7fqXfbjndYJTdrQLZn,61
0Qp1IH1EkRCNabfgzxNMUT,61
1DKpx64P3UmTwJt6gsAPcr,37
0CNObSo2AxRZS47CGz755m,45
0Ni4MKSGgvn0IGdnF4upti,55
736yu2jFYlDQne9qmRmKEL,30
3jBCTvWRsLVgzryMaPJKhw,35
68QO86hdhtkxPy17bEKnT0,22
27NMijOsYBVeU4RTQoCfE4,27
7o9JaNnV1J9EdTPmWdrXbf,45
5gGr2RvBtngp6dFgshVbl2,50
30WA089D8w9er3HlfpBOyk,57
3hwl1Cum23MWL62FykUifP,45
58hjBuGWj43LQ6WjN3ZQAK,66
40VX50kHlByBKYWSoa6I5B,14
72XViAl7vmQCa8liuVZjtg,43
07AIGejOb0kM3S7mMHi7pm,44
1xckSK2WNEi1PiHo2EQsUh,48
1c4I73mPr8y6jSmvhfvuZG,6
0FExsZBvtolbgULSsgS9PT,43
7BpYNI9XnablrLe83A1UEM,57
4QE7rcOeNErdz87pgSZ823,56
1UTXQrmAL4oladIwc1PWSh,61
1iOmLEvypLACEMAuFd1kJb,43
6xPqAPvg2wCGyZVh0eT59I,46
3T1DGtJP0kEshTKUkUt3V0,39
2xbRwcylUnX881qaqf5ZZJ,68
6I8gVxB8KT0XyYKnVyarys,49
0cge96qsW6ifXppeiiRIGd,61
1cx4RNSqEUedib8RqetJ0C,47
5ql2mP9FUhB3SgMzv2akuO,68
60QoePs4iQCs2aCZm96ew2,5
4NCNS1hUY29Iy2o7qKpGBG,35
0thLaeBSY189MLfmHTIy35,0
0D9z6DQ7UBnp7sPv3y3cgV,51
3HY5ONrRlIXv74EiVRZsfA,0
0H3NcINi4I8Cd87FO5OUtq,38
4PQg6FbToTzRnN9pgxf9B9,3
7qZOnik9K8Mv987ccBjwwj,70
2YbACStJhKuOkNVC1P1Fbu,35
1stV66277oZEXpVilOxJu4,55
0M0FvSNRZmDz0Z769rewlI,70
5HVwqVhlNlSB03xEaotQIv,30
4gPw3HZ18KN0UOniw4UEm3,0
0fPa0oRK8DsQDvcLijT3Tr,51
1RvDsjCBDTES3lPiEGNNMY,60
6EXl6ZF6rXm6qCsKeizJ1b,13
5Gi8lLH3edcexP99srU1Nl,56
38ec90xq2fKFMRJJahgnYX,66
3On0xk67ckVLs1qEpTF8mY,62
7HLURuk2BoDmrMb7C2y58y,41
0mxjKriHsdi8zKiBTWIOrT,46
5iFCdVNg0X6ElfYAsd7RiE,65
55Tom2dk5sMx1UTJPiTUbX,62
223EftuwZfEBE6v2TnMrOl,53
7deNOgcnSseExDbh0rKbeZ,49
1IKkETDWIYawx8zgRaQwPL,61
2ce4J8eyrjLRCQlmEx7qRL,53
3zECQWhwAEydeK9jUTPamo,72
09pW7wXspkEkd8gjE93prk,51
6t3p46iojKrsOln9fazd23,52
4S4ALVSVFI64Hr5UWuU6Gk,0
2mRfXNIIxzNfj8X5syN6HM,46
7IWTIkiWGWNQyYfOLdMrGD,68
4IMyXN5fxdQib60dcLBwza,51
2eGjOUaoGtr0BwD9Uw6sCl,28
5KynMaqeCsWwdDSZC2wKBr,14
1ciGnQtZdjgcTdQXly2h0j,31
6JL4CTixFj9Dfb5Uu29fzr,50
7wxeGWvf8HNuUeK4k06mOr,57
6G7zxqKAXgLtjQS7FZeCxI,62
0lzLnZvdNTQATH88ySWAsV,39
1dVbC0XoM4VxpDkrv1tcjf,44
58D6VqvfGiVvPkNQstmdUj,18
627xNKrkXJw0L3JKUpJMb1,23
53CNDHcrOI23OATSulqwJz,32
3j3IkPaaXSA9PBH5cOifBr,52
4PshELHcjnTZQ2lBscyz8Q,29
0hur9YKoUq3uwte8K30zlC,32
4OX6I7otVz7ANxPh6uCG9B,4
1RES1p3VXofj02iOJ65ZaA,49
2Zrb6QwRYBF7EQmY44mbnl,53
2Oeole5pAKtYMlnYRjfFEE,34
3tY1n1adJXpLfmbaatXgxR,4
1b2V38zCkmm4ll7H1yDXN0,24
2EDHz4tC3pZDkxAJln2sB3,37
0fjjBq3yZ16Z441IL5o2oX,7
5GZX9ZUelthrP6ONs88jLd,21
0tJe4R0XWgBgRTvK6QzEbI,42
60rm5quLJ5mwjJXjAHKB9c,37
2du5gCpnDxNp8DZwvbVixv,28
3QUvdcJW4rQlONh5wJdjJ9,24
0B8tteaC3h0B5EkeA4BAWN,42
5o8yGG79KJmYU9b0plQpuV,41
14BmGOdWFMkxiyQ7f4s03L,38
4Rerys3ORouNFth0SnLk93,47
6Jnj2k2gSJyttJeJO4YNYR,37
2E7O8F8P1i9WpbwVImSje8,36
6JXrAJ1u6R20f2k6TnNlQs,39
6mxVX85uHiirpiJBlPpsuf,31
5AL3fjjh3Xb3mqW5jsbIwK,34
077sDUgBHgJyIrdaFUSsnF,21
4CaXP6LI8yatFKRQONlVvX,42
2vWwX9cUWIdd0UssgQbPjB,24
0C3Y9kst8c4UmLzomWeTTw,40
0SxLNLd6cdkvmFNBp5h3DH,49
4FQLFV3WSz87vAtUY3Slgm,24
3pJYak30qZb4XpyqARrHuM,49
4IyVra117kbefOwCEkKPb2,31
1bSO9nzT5h55OrJO7BbHL2,38
7ENBXir2EaAuMnCZUQIDoL,63
4WlBtGJRZgJjWikusfISrj,59
2mUmIojqLpULQ4FoCsKngI,25
4UIUaKFABiomFavFdKOwMb,58
6eMLm0Wya7iditEYwlsnXB,37
3vELhVhupyK4gK9EJ9FYkB,37
5T5faJAod1bFzvZuVPHm5V,6
5hw37TaGIYgzoojkxo16yz,43
3VzTYgGGaFVgCtQiUEcLcR,36
1cGmFQQ2YtFFeRDZdDPvR8,57
2giazEQyvRYASDqKpOuZlU,52
7kBwtHbEDO6EoQZDX6OG0m,27
4z4Jk3Gh6PrHAuQP9gqnqH,40
0EEQfPYM2j5D9P0AespIu1,50
4A4lEbSTkiEt0wEF4NTyhQ,15
4s3apmZwNTzkVG2zmzsIxj,35
3esL1FN6WGU16h9hZDH56M,38
0UyHekA1GIqvybbrb35tnR,25
1euEMWtuw87OGTPcHkqjAK,55
7HxbtxmdOIM0mttc9sBLzI,33
71MCTBfrjWOUJ23EkIf2fp,38
0UWTfRjliDN9O3TY2FpLsU,26
7oCEakH5WvsPLIwS5eFXJE,46
4sEXK3U9mnEPNzj2MFQWGw,36
3mdq3ctJFihIdMWRxPwKyA,39
2qok2YhVi0CIQ8IGEMKrTt,38
2IE1IjysAJ8KVvxFA9Xti5,43
2ll2DFDKBbjxZ3YFSWemMn,38
1Mwkihf9RgewFpE15q3Xsa,44
65WiipZHHs9UEG0xsqXiTq,31
3dJyButNBDfrP4gTKqRQHj,25
38S8QaVo3RlmLU7cgfNT7B,0
6RZ8S59cqOUqrs2B2lUP8e,0
5deDWZeDHWfYk9xaq9ynh4,50
1SqHHN5Mqy13gHbDGjTaU7,48
7FJP35tUJ2121EJsFpU1Gh,7
2OHm2DXoXyzbpdUPjvU52p,36
2z7jgiPYYpJN2jkwcFzg3F,0
3lJGbK6EnrCQ1MDKUSQ8Xt,37
47KiaK2bCRWRpnJu8KuQQn,37
3l7Yohww7OK3rZ8cqRVm7f,0
34NNeV9jfgNgaALgUr0u9V,6
0QHnxQsdunrlmduVLPQCNy,45
1uL4Nj0JRsIt0EibpO4Zx1,0
5Cz9OSlx0QqH0U2GZy245C,32
5YHmAO5OSZqyvs0X9O3hEK,0
1xHryy1j3leJS0gZrDPzbC,35
7vhOZ7D4z03Y0tYkxFAG15,1
7q80FRFj4EZITbHS51m1OG,0
659GvtusWLsVpexFw4Jc3E,19
6rK8YLvFotZ78rb9m6MeqE,1
5M9jOReAKGZ2AttVefFjTY,66
1JE8jVRbEMG8ANRnc5of4f,38
5PwCuqzezD4a7mfxMNwk86,5
4MgHuBKdGuS4QUTb7HvPRG,1
0FigU3fBZd8gtBYR3XUx5e,40
51N3PusY92uUZr75v9JrCo,1
4xRxj8myDxZb85dMeCQGWV,44
2vNakF5RMvfDqZ8Xsqb5Hi,0
6YwLgicpvVuMt1eE2OldwQ,70
2BF1X5nkYYSb0AUTRaGkDm,5
3oQ24bk8nOlDorA3tcrz3a,0
2M3DRhgXDevH33FvVptcAQ,32
4M5m5Wud1IFsxTCL9yK0Qo,0
4bwzssgMDOz3nfxkpSqTj8,36
6WQLkih8nE0JdUCEyLaGnQ,6
1f2KFoYjUw5CxWxzFKqjEh,0
5qM61pJDpUnVDjrSOkaouT,0
1jMGBAamZucPmJYHmriGP5,47
1sesMhxAfFULBsdoX4DZar,32
2k34QJPGUuhzHA6p6eATLY,22
2bNrvWD9d5Zn9tS8XvcaMk,9
3wDdU9Cu6o5jv4PQT1NKab,0
19RevBdb9MKUaBIvxSbGd4,7
3HMB8EGoXJFYG9uFKTlpaK,0
0h1UKhueXm1YFLpQjzwv0E,1
7IvHLBFvLKLvgp9ayEGxGl,0
1mCbwXkHJ3baG5VR9cY4TP,0
3bXptsvAsA4gLaaRKMHsr0,48
3lZejaU61HRQquCWD3skAF,24
7F3XiVyHhM6xKiKjHDnBN8,0
5bw3ANysdLNdRl8wZfunVp,18
58T6Oz7D8EGQW2fmGpMg5y,0
1aiH3mHJ2lEMp9Zbb95pQy,35
04pjfS3YIK6gXjxi1zHeZa,10
0LigJnwiA8OXeDp5qEDlTc,1
0gv9o9mPK1JQeZd3eMFdTa,48
7iEFN1AkZ4ovr0f6iY1dzf,30
2RBq5Dl68WQXwWNpP77FQY,38
6F1kPSgdnlSzZRfskE9vaV,2
5g6QMEXgFeqJpVbhs4Z7Az,0
3fRLC1A5JiWESTBaPULjrM,31
6ICtjZyqSTXxAMIu9QN63h,42
0BSMXj51hoSOvlEVN9cEBG,19
6c0i4gSQ0Ia5VBPRhTH6CG,23
0gb1J5UrTpzaU1s3nupgCd,72
7wZorJD5loL9ceLJ67sg6S,4
1zYEiDj8G6uM9hGlXIzPBT,0
6teNGJXM3cwa3saa4rOQjJ,35
1xEOoCGmv8rotFDo7n8GAg,5
40AYRnDKhhrH4JZO4KS9Dj,7
6TjQVyjF5U92oHez0ZOfoy,15
4KvPvz7bxMRqWeoIMFLSs3,37
0jgh0AwFawsaiuTOiWDzfS,0
2aOlxywgl4nCD4Xh2mLWM7,55
6ii7kTrjostB8G21X9S6P0,1
5TMj0yDrljJSgrYETNNQe0,0
1o4XQ7tYJrDxgEpJufbOI8,3
2tV2dapyrHKjxEMCo617SK,0
1Gzv0cMy3xm7sgN5gd7WkU,11
06EYeMQY1wmjHfMr3mDT0M,20
3sz8Gn0fOmXmyXOaPSWBJ9,1
0GclHr7syAMExjnGx4iulK,39
6HUeSTt2RaKYIiJrnjzaCd,4
3AsUkHdWdQWjT2FgEe8nzY,18
5E9QTD8vk09mHUgpj8MCIt,36
0FNtBIL5lHcn7pLV7P6TGv,44
4J7CKHCF3mdL4diUsmW8lq,72
7B109wzCWzXI5LFvjXWie1,43
1VBhtwJ9r2YXh9v8pYVLcX,26
5ia8zI79tPw0cCScLvdqlT,0
10qPhu2ekexZziM2uztYL4,0
3DrpjC4kNA6grBq0xQxo0O,41
2howvzFOQExWLRPIi5TAcn,37
5kC6r4q71XMzsuLAYesseb,39
214tNSr4epshNjQ6W2PTLg,51
56fwHfJaBpaauvFJrnwk2L,4
5h8kYK5Mk1bWWqEGbmooXq,26
48n92l7OnLEURhalUBtsl7,55
1bcmUeuwk0M56omq9jwVph,0
0qTw7kEFpNdECY7jRCg54v,3
3tG9UOEUNKChTsgxw92P1q,0
5BfleIMgLlfeqG5yqKyHz0,1
2MlcK8OgC5IpQz3l093YSR,11
3SyV3b5lqDmXpuhY9Sk5Na,0
6Q1yOFqLNtw5vCDwzEW9QK,25
4abUFnHLBPsJBsZbUcqnM9,0
5adsxIYZbvEY35mgziLrAI,3
1JI1aWSSzl56FP4dxAsB4M,32
02xvKMRd0aPdpBuAegubmu,0
39qhip6s8ha3ed1jRsQV83,0
2pv6ex8xA9n3hxS9kpjllz,0
2TKhGsXRS9TCealgpov1jA,15
0DkF3I1KiN9wcsNw927f7i,41
0U4rKU7s96KCaV4IPYXhZR,0
1jf4zm3rN0CtpHED3g8umw,30
0gWnYmIWu9DgEo6Ga8f55L,1
4pWrCoHjlEnxoji68pcLwx,0
2A84tPyVzgEzRseHmxIBSt,22
4DIdJkGctTM9v5tM4oit4I,0
4osxePfXPhLLm1wlKs79Nw,29
3ITHcxjUq3Yjwbw5k3aITO,20
6mQyfwQNWhZ4gjlbctR5yk,0
3woj0u3RCvpDlvHLuUhoWr,21
4x0cvchv700bFYi04xWOBM,28
0hv6ku4431kPrjbpBBspw3,5
2pBXrE9QrM1p6gsTHYAJ0l,36
0XdC2dBoSx4eWLI1EsZKSx,28
19m9hCeDe1XXB4NLtUrctp,33
0DRi5kNH72KpXeMtODcyzg,20
1iWRXnyOl3e4ceElhtfvMw,29
07QhYDCvAIdgI7kvTlJDmP,0
0363w3IUcO4cJMsAFLpfLY,0
3Q0kEYK8JiW5T3cMAPGkLX,0
4eUMbFJ6l8UogwBENovA4v,45
5ITn6PS4RODpPjl75qMG1w,46
5o84LEb5HomrkUXZPrQJJH,16
1oEgqFagcGV8LiIkA69FzD,1
7mOmdEZknZV7MntDV8CsmV,0
44LE4kc6cRdF2WErMZwqho,0
76Hg3cHgtpIXBKxkKVpV8w,26
53ROeduQXgL4UgemVlOSKY,0
2nAOuVJJnEybnWXDInqHNQ,0
2V8hOzH3gpk4LMq9uzmP11,29
1VWSVt3Q0nGbq2EHe2zJYJ,0
1KcqsSiBUEuOfbUfKoEAe1,7
03bF2V5oDkhYDrMY6m7ZLB,25
073fF1emyPimAvWLWbHSpY,0
5El7gaStnnjFyaGKCoYLDV,0
7qfwcqfGOkQYtzjF4UzJHM,59
7ADbma50v1csIQh2BLRBB4,30
4cvT5uUYf5nUw89ZsWQDKF,16
5sNRVofGC9O0CJ7xwY2Nhj,12
4rEo5xKsqQnWZgwyyqVKx7,0
5r5fT6jiJ967oxQ0qne9Hs,17
44zgYsGJnQU0WBcnB0xTP4,0
7hfOe922SDFchmKfNPjle8,23
7yklZhCvqV4mWhaWv89hEO,39
6zlOUIqcU6juXFww9UNpJK,5
3m3OwRXheUtBRKmcVNUsFo,2
1nelcMvCBAtZnqXVrnNRfx,0
52NDiMzHuel7dLzcUqcmJd,0
1z4ZdqOuR8kZ1Jal0liDI8,1
1O840vvSstAc1wE6UJyCpY,0
6gLyXTMoAlpP78leL1rK8r,15
1IIYOuxT9djbArUWP1yE1a,13
2vwSLlS9YDk1rlbkbImV55,0
7aA3CTUcPispigxyP9IfmC,0
2GHNZvjA57wLRl4FVk0MhS,0
4YadTW1sjIjzBjSgbLosqf,19
5XmZRv1A4Xxuo4xGCu06TX,0
0KxJEnQCG2hiHDTRcD70Sp,28
3vVmMB8vMoBT0fSOMLFnML,27
4dzGb1o0RHNzE3omFM6PE1,0
5jR3S5U8KlA2zpEL3JEHeI,27
5TI17jAZKsveeYm36bxqK5,18
5eaH3RdmqBfaSQl3NSBywF,2
6PTgK9WsthhdyYB1gynwZw,18
60TXjTTQ259QPWp05OaUT7,6
4NbiNrxg4CJkrNoLVPK9G3,21
0QRtHMmmxjbO9TZhH3xZXB,0
3Kuu5vASpXK8oRsxOvau6P,71
4kdUKo9pBPB7a0agGRpPxa,34
5l6NORdsKfgnrS9r2GLtTC,10
6TgLQJ87xq6adrAU6HzaTW,16
3qhfXNcG8fGZdyNhiBpeDD,39
5we20HGQuDFTnpmOtawm96,46
53hNIcq8OLj9OUNvQ4ulFM,60
7EHCt2jdVwHp557sfMPosf,59
4p6f1OTeGSJZwva6HrhQka,48
0c8W8aqdrtM67F3JVIt593,47
6gryRHxijWXqeRxchge5mP,49
2rY8KKXTr9XOMn0IdpBBXm,52
02rbSCTm2smTIZ6d8im2NP,60
0xARbGHzPT1o5t1sFlmyO2,50
1pfgsjmxVZhoZpeDx6POKv,77
4Tvw0lweq9l2JPQKFbpbBQ,76
03cHvWSHWQ6zRNFMes0OdZ,40
3mcHiEuXRSUOH5eHToudmf,28
16MCjtjOSAnWAAAmQWHP9u,48
4iI23lv1PWM4FzL5bQ5oUh,22
0XS2z0E0ox7F4JHYKKR4wK,64
5Mq7ntOR1DsoLiBzunBqHp,0
3OXayQUy48DyW1ORUVPpoN,38
7AkLPOwjju8taQCJCaIUts,63
1Ezrl79QX3LqBk9v3qIdCl,41
2G9GW71xBmdMxu3jJhnsx8,37
3ydQm9YPQIbmU3nA0FYdjB,50
64HZT0nzA6APXOQ6QONAcn,43
1KsWS1hACIVyT3PeluqkAt,52
6ZvLKwgPKlyZtDPkTWjPI7,70
7IMGshuSNOXHgmboboPpIH,59
5CXmbqFE0mRXOYXgEze8q3,61
3OqotgIbr6T2z37np0Lekw,59
2vMeBPjULSBy2kY2f9ocAj,6
1nufXiTCTTAeJfO9hLHvO8,63
2UkF0EWfh0T90ScJzGqnD1,64
1D3tgMuJxzaZJMJs8yFVYJ,56
0XBpFhAb7DokSAhDvCBNY4,28
2tj2FgND5n87iwEanu3Dgz,37
0CALOqrkXAE7WB2nyIATLk,63
5pHzIjrVsV1GG3E1G0fsWU,67
4OmDYC629aN4NCQvNcds0F,48
6179WQbZYf2WXoVne3mN6d,52
7hpLakYYXNIKX4BGOLlq8R,13
1s2Jslxb8YB2ebugfbD631,1
4WWa4Po5YCEN23DbFzML6M,47
6IpK5q6d1MEG11USG1JSFf,40
7Ipab56QLTyTR54rzQCJLr,58
1F9xcExF9W7m5BxTdlJLED,69
668NhiA8niPV6w0K1W5WaE,40
3ViJYmiobUr5ozBHHcpzbF,19
1FlIzyCvRFQUE4pc7PiaIo,60
5itOtNx0WxtJmi1TQ3RuRd,83
2gWQzeOzv9zDob2zeo5b1G,48
6DZXAEPQgwEHiyqG2QlsaY,49
4ByNgxRB6LdIdNcN594U4Q,35
3JL4kpklmz9j3B3NtjCZ2f,48
20gJD9mjmNzzN5XJDkvmx9,61
0eqJ0Ok26iVYMV5K7m521l,48
5fzyM6jVif4SRcXpdX6mAJ,44
5tjpOTsbVVbqWRQuymGnuy,51
0hK0PTJdd4Jx6Ryl4t8jTi,4
73nYqSz1U08iCWfdnG65KV,19
3T2ibiKCatzkbTnn3hOyyQ,57
3Eemi4XR3hqNP4JnIV35Ca,59
3CoDXg77Rae8RnbAwdoZGj,23
1Bs9jRUjt9ct4YBVNGOrNN,61
3YNZMYYdzaza8D2xd2ITFo,42
7iX7BLRvcGapruG497Ifok,25
1ZLrDPgR7mvuTco3rQK8Pk,77
4GNpppEamtcqG6QkxfI9f9,48
48y5EhZ4SFAgvbKObVDAkq,50
5puKxbSkahwtI2XJR1xZgr,41
421u5fmNyPTDlNLVexADzR,42
2GaCZk6EZBMv2H54GbUUMm,7
3c3jHaaXfXrG9U9gPVbvVf,40
7y7fPt0Tbv7IW4NLjrIpG4,58
2AfuxEVaFCXkA3lcVpldLi,27
0lks2Kt9veMOFEAPN0fsqN,78
47knrBbYhqtrggWYSkU6h1,56
2eTvRNPaHrW4lRuFaPiVSp,45
5WzGODvJyAvXhMlWLtjuAZ,47
4IX1kKhFaxBhefHmTNfsKl,15
3YMYDQC1hXJGKn84zik5ih,36
1RP57IhDU2nBu8x2mjqFQi,46
5izNXaLW3Hs1gOpKjPiKXU,20
474FoNvLOHk9ZTAs1Vd3Qu,43
48Z0RW61tZ8O4jNG6jbGr4,20
13opctvyVx5lDygtSuEk5j,0
1admxCJQrEkYxmjhI0JNmc,23
05520pV0mf7miCgs08FB2f,34
5vhtS62N7gbH3JPLoD3CoE,27
7s2cyPaTwekqLO8taEjm3Y,23
1a0AwW12F6WA801CHA7zSD,43
3gicyfiEVMGONgzygpWjNT,73
1VLzca7LUFQxYAgEVlGeUa,54
33qlBuVjeSlvQ4KNzvG9ai,59
3CuE0SXDnJJbEsIt4Xijsn,63
2vfiK6HFMl34UzBxq4NNSK,58
5wHeoDyCMaMfM23u6anK8R,34
2ndGRiIuKMco4lBjGasFIm,48
5lNRxj20YUieZmOz0JuK0m,55
7thOGpKaWpPotq2U37UItx,56
2W1knj3iRxpbcC2A5kstO2,32
2KtOOW1DN1D0AJTkJmfq3M,61
1sAeeixUOmFYXr5KyrUHkk,25
37pmMCR4KBMXLTZ4uBrLTR,61
29kl2eX6jqxcYrnIGCWdVK,47
1ZpyIjwjGyW6Pt5NrQ0f1w,57
7yEM9hYRsw9R3pJB5W0gxb,63
2N7Qm7YdgvWlg8ZoxLkOND,57
6b1RNvAcJjQH73eZO4BLAB,69
7lCGnFM1DoRZ2QE3rN1Cbz,53
6wfjoWlHmqcMIVOCWZsO2P,52
2vDpz207Odke0J0GZQ5ZUK,38
6fsth2hSW6LxzY7kbWV9Hj,48
6VhUSZi0GZQ3k1k6NsL021,34
2UM5jlU2iLXDEAtzIfa1m0,53
5wHwJ5dblqSjmtbzxWMDdk,19
2YvcZ3xSlSLFEuDLybGzDb,58
1cN45YtJost0rjvbseomXj,50
1ahVFh0ViDZr8LvkEVlq3B,76
2dbLCOrqUtJz4mBS9pBtlj,28
0B5GzF48NCJ4ltvBLpVcLi,29
2eN2ujxIAg5P0t2jkLs75P,34
45GtpfaI7fg7mSZBQTNJss,57
45cOIUfSBmCvDBofEFO4e7,22
7qbTB6m4Wn7CUIM6LzVMYm,16
3EuU1VWTQsxlXttEFvif0C,43
0W6yJKJW8I04iDT6BsINaL,43
7JMUHcnjYWMGez9qWsgoQc,30
4TuCQk6OCGV7QBoLCvPPMP,37
735f5J0cA4VqAyxmsARit0,53
2Fgo49RzWsVWKcwAksPWq8,41
0F2BxpbxH8Yc3pLub48hrb,65
6cmB6yRCh5EEUYBzcMBuBo,0
4fK2NU9UyQJV74ZGiSVYsr,67
2ItO4ZVCtwEHuLL6ygajGM,62
6rsYw1N6aYJQkops4eFjNq,47
7ADRwGz1ZXJxxNw95c9QmY,24
5UHrKSQhNs96msAx8LPVwS,52
1SL46UcYU8sNRc2l8LnmLj,27
6lBQ0SMCrJ7zy1LSCuXqwV,57
0F6USh8W26YVt1TqnTllsg,35
0sfbunyd3a7IFoWwEt8dsk,49
4KStl2JWlATZdJo8tq0jha,2
0SfCG1utWyG5qWZE0feV6S,58
3TSZpRzSEKL1dFfpd1JDoF,51
18OpvvtLEpuzr0JnJKZn7n,6
7DP18u679fMurjsUxuxMHu,57
7u04ap1LQoHVJ5N1zs8CRE,52
0KxuPS6MrXG6bDoExnIWeP,3
1iaLcGW8ffLMPFSLSGn0Zs,63
27YP211Rr8RezhiFVDLFI8,59
7gq9Mo03Zr417T2C5sgR03,62
4qIF5fVTqtk3zPJsTYzdoY,4
44WZ7uXkOKHqzlpLtI6aXK,29
2JZ2yIiivk4kflVTaQyvWk,39
66bK3z2IYq1kbTCJfbAEV7,55
2fLWmdXAsuSqP47r6o4XWq,6
55W0OK839Xyi1UUAZHu4xf,35
1r1AGkq5U0pBBcL9WUqkAh,21
3cwProa7pzzqTGYPYp5Efc,45
7jvrBivTkVKjaoH25guz6n,50
0GnSNtOfVCCQ5Wx9rzlWYV,47
6aQ2Xtx7z1p2VM9w26yCZq,51
7cVaJvsIIcgzSdH204p2CX,54
5OSFQAg6m5fZ5yz8lsFZ8J,19
1dDDVfAfms7M6VLLKmubaJ,63
1SlmnBIvGymszbbmeLYLvV,50
2upg54yj5PG52W5igIxspp,7
03L9G5TQGdhASEknspRIZQ,50
2kXMblGQJeCftyyKE9GVse,20
2OdLrcZ1zPHH9AlTHSw08X,8
6SpzsmwOzr3oSCSF294IiM,42
7IeToAFdsweLo2N5PyCJJC,7
2htGDZY4JRHZ7O9KMY9U7p,4
5XIFByQ50iYfQF1gstwnwt,13
6WGOAPBw5aYU1bnWffylQ1,12
7Be0ZZbeOUQfG2b6pLyQUV,23
56bwNSNRgEJ3yqGTxCwOHW,17
3r8WRUAGgr8EWwPGZTS2mS,2
4akREaR0fzZso8pHluNH8B,32
4fn37OnnjJJyPtyfao9mrG,33
7mBJbhptDV7z8KhPvsAoIN,2
2x9tFmRL8IN13vdd94vAuJ,29
0R10qG8DbUzP9f5QUOeXZj,5
2InL0GVfxSzTR93NyOuylt,15
0TEuJon0LyQptF3BXZrUeM,0
4L3n3wyBeslJGbqrNJ6JGI,15
3DIcXYEOAfgnJlGPGsYA34,1
4wmw8hgxfQcRJhFnTD8OGd,38
3RdJqP0CsZ35JZ6Fb8AYQI,25
52m0EtbKTIDjtEoGD4D88Z,15
6uKkKnfsRbmkVJdp93otsb,8
2czCTyScAg2eKy7Z6b5lDb,32
5LmQOpIkFAqhmSnbNurlT7,0
3mUaK4YprB5ZybyQm8fIjC,34
1hOGLXBL8HYD6ht08f15C5,9
5bBpofQENvGjfSqaDW1pPv,28
5UsfWcP6SThHlZ4oAgx7ge,52
0Ujdl5Aq2yWfaPGkN4It0N,0
4OuOFCgWF6yOVp4YDblxZe,38
5ypMnVLjhF2W3uEyGRh1Hj,0
3u4LCfOL7cux9Kt9YgDVXh,6
4CAfToI7igIFFmCzP8JxGl,4
3Z9c2ZPX73VO5wnbqbrz3j,18
0W4J30SIgmumL6msGMmra7,0
2IavT15tYiFl0WCHMJ8HUM,8
7GXeN4Kb8jOE4L7UNJym4Y,42
4hNpem2dzBgLGIaTydy0IE,13
4YvETidb5UQMsMRj2PCv56,24
1T67ADy3jpjwzB3lr5DNWS,2
0eGikLYSqzZm9irKomYrvU,37
3cQyLVeKUrCbNAYgwltd9X,34
3m78RKfiRjLsCVKvLuozix,34
0OVsfZj2JEiAYRmGOdJqnV,40
1RcHWZtoC3OuoF4bbHvTIJ,11
0Dxpx152ZrnjJds8MRZwnu,34
5zOjF3zyGCUkkFab5u0Xhn,3
208ue7CjSH9oGfsgA5AN06,15
3VIv7cwhrxDjwP7K34Peav,53
63IwltIKqdHUo7flqIoueC,48
7gGyryh46FgjCQgxG1fdUr,31
5eBj4lBOU7yeOTAi92VNk8,39
3deJ2HX9oLvUUZH0CEiKKd,13
6W9pAiVOxjJAqy1GcZ2N9w,20
0cp2XLX31L5CGEZDlD6tzJ,22
572GZR0RxFrZjpPXokLvXW,2
79UzFFBn4dFovvqh9bKanm,50
4wZ7ZLN0dtrNHs7S4yF5Lv,49
2r9ZmBqjkFqUolzZecWxDH,14
7LYNPr0TUrvYb1Tik5dnx8,19
1ZDsgX9YdeuFQ7hXflEuxp,15
6vBhadlx5nakGCwDENfCPw,14
0JRAhR0f4RyCVIyLOXa8Qn,36
4hWa3yGHOmjJ2pCWFkJsOY,5
3aPQD29x0lLozN9aDtpdnl,16
5mZwBDbaUUbtDrQ8QQePNt,16
4OLXKt8Xnqv3cyx5kTUi48,20
5pjHE9nvzhRZKsIK2yMzhj,14
7jTEQrKXaazC3CGQ4gI6xN,0
4TtxmfeohehULwapPlFTFt,0
4W5DfWLMQ6HE4nfUUDpiln,7
3hGzVKubZBIx0na8FYRBVY,38
11JeU7NFabWpBkfj5C9h8o,1
6lTxUkFSQfGodETUF2TwsC,14
1yOY12LfkzG9lHFlac2tub,37
5eTfWLWbdxT5lQTqzrxPbD,8
6w101FuwUOcarmoEnSHU0Q,5
6g6kytbKycDE4APQf70qJv,16
6nMcYSIgEHl2yYKzJL6oOA,0
5cUSEjsaftKWFy84nieB5G,0
3hufTfiut1kwcJthiMB7Wo,20
3IjPFAxYVyHgXhS5hG1eP5,3
5xBNEo5Js6oKqNH40UK2QW,26
2QBMxByChhXHhlzFLz58Ys,21
3FPrZmSXn1UCUe43SKfD33,8
2CA8b0deLhUNarunFuQSAA,41
1yMG008wSCUFil9EkD4gb3,31
6Zhi2PsqtsgeOF9eLV3Kyu,3
42bbEt24K8jGthUWogzIYU,5
4w765MV0uUcdxoGGPP2S51,29
6ySAkz3R1jotVu3sVWL9gy,45
0RRf9mjsGknc7ttUnRGcNN,0
3fUmyxoRIRuCZLvDfEvayY,50
3MhymzaFcj7bXVJzB0ZJb8,62
3IOvs8528ie9laMQO4PLPD,48
3yLNmodRNL5N6zv1WZsYWt,45
3bHMaCVB1B2QE3fEdZtPf5,12
4pzNmzUIdCYYeO41p83lcO,20
3o18CwzxqZA4MdwFefxa9e,34
4KaBSkPRsCjPm5JRJcE8Pc,21
02MOUhZhy3fJIhS7Lsa9T8,22
1PdEfRDhQ0QNYjsK59tzRa,8
7kyAt9yOEaDNdjooDcqH7s,44
6JSE5UEjzwm0YgTIi4onh2,28
3JM0gMpEWNDAM41LKVlcjI,50
41Tq8pTGLb9em66b7nzbw8,26
5ODuuZcxTylUVQMAouDfin,18
2nriNWbiYgZdld4LmzRArS,38
5AkfmoNoWinVjylKXPzmwV,22
0r5GhNQJ3p91DNVmUSrPVx,45
6lMNMaq2OaE7UIQiBevauB,56
1JVGANJS6vMS83WSHsTiNf,17
1qtRzY8ZFUZE0gQPnsHFK2,33
0hwzVvjK8e8haBOa9NWBfP,16
6fDcuibeZfxiIx6B4J49Ob,24
4LTvcJ6F1pdMVmVNR44mi1,36
17ssUlNujrxR8EJ1NzFJyV,21
66rEgkLMTnQNlH5wSrrIpW,34
4W39Tu6p5tOlcVnZAGudtM,34
7lAgvyKAwZycYsa6rsCw4p,28
1OUyhEwoJiByXl4Dgjtkux,28
0bcmVfGI69duX7Vy5F8Kta,41
1sPZvHLeyXyla6WHUAuF4C,32
0BXpGF6fx25lpl985KlJMD,13
3Y4XaiFXlCYBj16qf2fUn3,34
2UJQmwF0yShE7pHcjSzX4X,58
4918TwZfPrxk8vKhuaqIiq,63
70yPGzbTX6vrNtMJlHXJuL,41
6AfvfheW6VzyV1MNyZ9XXd,44
2bEjR5R9lkfBBOXlCOR45h,48
0aMs9TzfoK8n8nRxatnNkQ,43
1lT8uIO3GSuVdchXg0nuvj,25
6LNAf850QNFEThYE1gptdK,38
1JEwN9kxIBSw1DCQVVXzuT,39
55dTpNSiKqfv2WyVsn4YFF,34
4irzcL9aMykhZQacLqdR3b,35
116uqdetf6JQtnnlYsyBfa,42
3UaStdVN7y9A6ktTmkFDTk,53
3xmJo7JydhDml7GAS9YTcN,64
2UXd7o203nuQXQiZRbYCQp,46
5Uj0VnayJKOuP9GmmDPNOx,65
4gsmKBuKH7VtrJMvWIXcVa,52
0KmJ45CPuHMQpNMY42xDUl,57
1rxFqPtriV25MxPFEv0hOa,39
3e7xi9jYEMLA0gtW3BFQ89,19
0YMLzI4xQalfPFnOa6L7cd,27
4UAFXVMDfxnAQhoeWq4EXB,22
40Rm4Sb8MRNDX9TP5t16ig,30
6XJFODHgcXnDw4E0gV2UnF,30
1l2CgNscOXzgIGaPMl5vUB,17
1dConnNaFCvFquonGqWCs0,28
4JlwKFHsi0UXCKhTRbPaNY,6
5qIzTkMpgEFfvkDdr9zJzg,54
1xkYYQmULZ6bjPyud9C3DD,40
4JztLBZ0akJEYoc93RYmFE,17
2wKFW79tW7jtg7Ck1z7Wkc,18
1iSDUrzhWu3Sq51zbwyO4d,36
7ev4W0KmVCkY44MHlw9Nu2,6
34vUTgWAkkYbs5WjA9uuXe,31
4VOBKFxkbOU3rV0IsAWpqe,45
6ifIqBnnAthTV7PfhZftJq,17
7DXXu7OsYGe6Ulq2eoIYzC,55
5MPiqRXQrJnG7h0bZGgcce,29
00qD738Xl0NABc3G45x1Bk,47
2HPnCgzEGXghc3o1Puaofb,33
11eZcwcvI7xWKVIRwopBpB,36
5BOCqugSKgOkLBpzrGIkBz,1
7mTEz9ySH66MzPW0Hf1czc,26
02jMxwINWxL7DJGU5Z8pDK,2
0g1PeFbTUlMVnFTTlMSRCQ,27
37gl0hLcFHMVKCLe9gn36a,42
3d9JucRI60arArgQXqtfjJ,5
352zfYbDFG8sxkmOAhVeuj,15
1YDJ2f1JuKzYWZpRYiBYHu,44
2B8eAzF1rlTOLynq5zgXsG,42
4QRZirU4s1f30iDHzuKncj,50
6PUIzlqotEmPuBfjbwYWOB,73
1KtD0xaLAikgIt5tPbteZQ,67
6NdkzOSCLzmyV9Qc4DKhJ2,56
6ZnVDTG0j7uod6iEwf5nF8,35
2NwDFXgDujx1ipYaKsyXn5,19
0SKDPFbwzzai7lBD5gwSns,24
7E9xmo9abD2odYLbiCRmOU,0
4aBDS6611oBs5LBiVMuQmh,45
4HzI9Nb85FESn9V4cVn6iL,34
1h7LBCgfnSUEe7qXRbwMIp,39
5NARCwodmWYJk1o9S7BLYs,1
4T77iXUxETQmjyxMkuCSTr,44
3yM0SFHZEkQ56nVEWYQGee,43
1hEFUwIQJBjPl0BFm6I1c2,20
0aZ4vyAeoDqsP0zNEECrx6,0
1jvT3CCQpyysWB1JcqZwSi,41
1NtVWYw9QDr30Ei0phACni,23
454ZIylnCq09ONjQE4EJ6a,13
3Yzcwfm3sEQaaa3ENFC18h,23
7c62jZO67cCV5MpVBgUd8A,0
6oP02i1hRc3Qp9bd36Ya3Z,2
5AT7E0WMXXuFefofpgAZgC,0
3qC3qmZNDXu62hc8YbhWsy,7
6SLqAWFmEBEyjU4QIuEIsc,28
4yLOB87ABVGslKVNRq3qPl,24
1mzGywacjpeik00PVLBPpF,64
0mi5cf02qavhOSAXiF8LwH,6
6GVtybBya8EzI4rC9P7FQM,18
7b71WsDLb8gG0cSyDTFAEW,29
5hxQjeuA2LfTtJ4WiJ0Ec9,0
5cxVSooSqpQ1IbVcC1nNT4,42
7b1PjPllWjaa0gz8gQq62j,12
331dTBEyQyaELx3zSS2BID,29
1VMTt3gjqQVQfSS4oEaPRH,0
6Ilj7C4daCLIoT7swUqfSU,30
1nas007nDbzLwDGwvMdz79,52
3xIzx3ODHMCgITGU9CfOTK,21
2QR08Otsqnpo8dTv2ekNAk,0
7zXzWCVuz7whIuYZyEAlxt,0
1D61Uu7CQTMieF7Yhmt5dw,0
65hRZOQkVjmBdusz1N7aOv,67
5SMYN4lHZduUD8SQ0TEHj2,0
5yl2YyDgcpERTZoZHD9Etl,0
4yQpMgnJSWXdjrZr8B8XZz,39
3Gwq0zKnMWluOEPKh93BeC,51
7vUvwzUlzQMyV4iGUgqvoT,1
2KlZexJjJPuNWcN5uAG1GU,1
4tQMd2go7qhp914CTHKdql,27
7fzNBlEWWRQIJrUZ1KaEwH,44
1Ca2ELRlvACAeI7xz9c9jR,52
5QcSDOm6mcvFDl7KBT1fHv,54
7i51Ls4iZD9NcmPhVpIoKJ,12
0ZAPuWOQiiY0nGbLPlozT8,0
353JGhRW6ahVU3DpCxOjqW,11
73ExUbskoIkjU0llIwsSzu,5
5sYzg83Vy4IW4TfE9jwk8g,0
7eVZbb7YlUopOeuiyRcJ7Z,1
6h9xi8i9zVOXk5FqGqcBNH,39
5dpKnqLjEbInIS8aEvInpQ,27
2OgOeXUb4bIXE4vGDVDaRO,33
3tBHQJmuE0BOKR7l4Anap5,1
3H585qZxWJVpCIcvc0XhEP,10
4BwaVpGVeCBh8qeQ1hk2my,16
3fgNmvYq0QU5aFHDUMa4cm,0
00UpV14MDfk4CvrMbFvqji,0
0coMLoVcagZPGF5zxc5RF8,28
3zKST4nk4QJE77oLjUZ0Ng,20
2EpS5TgdngSISM63rhBsnK,47
1EavLSmwRWtmkKEmlCfFzT,47
0aBDrRTgDCwWbcOnEIp7DJ,27
7bxnKAamR3snQ1VGLuVfC1,42
5Aevni09Em4575077nkWHz,20
7ImMqPP3Q1yfUHvsdn7wEo,14
2m69mhnfQ1Oq6lGtXuYhgX,15
29zWqhca3zt5NsckZqDf6c,27
